ID,GroundTruth_Microstructure1,Extracted_Microstructure1
109,1: Omega_phase  Structure: N/A  Lattice constants:N/A  Size:d: 35.0±22.3 nm  t: 1.6±0.7 nm  T: 102±3.1 nm  Morphology:N/A  Distribution:n: 4.6±0.6×10−6 nm−3  f v: 0.71±0.09%  Interface:N/A,1: Omega_phase  Structure: N/A  Lattice constants:N/A  Size:d: 35.0±22.3 nm  t: 1.6±0.7 nm  T: 102±3.1 nm  Morphology:N/A  Distribution:n: 4.6±0.6×10−6 nm−3  f v: 0.71±0.09%  Interface:N/A    
110,  1:  Omega_phase Structure: N/A Lattice constants: N/A Size: d:33.4±19.5 nm  t:1.5±0.6 nm  T:129±3.9 nm Morphology: N/A Distribution: n:5.5±0.5×10−6 nm−3  f v:0.72±0.07% Interface: N/A Others: N/A,  1:  Omega_phase Structure: N/A Lattice constants: N/A Size: d:33.4±19.5 nm  t:1.5±0.6 nm  T:129±3.9 nm Morphology: N/A Distribution: n:5.5±0.5×10−6 nm−3 Interface: N/A Others: f v:0.72±0.07% 
111,  1:  Omega_phase Structure: N/A Lattice constants: N/A Size: d:19.7±10.2/nm  t:1.0±0.4/nm  T:137±4.1/nm Morphology: N/A Distribution: n:3.1±0.1×10−5/nm−3  f v:0.94±0.05/% Interface: N/A Others: N/A,  1:  Omega_phase Structure: N/A Lattice constants: N/A Size: t:1.0±0.4/nm  T:137±4.1/nm Morphology: N/A Distribution: n:3.1±0.1×10−5/nm−3  f v:0.94±0.05/% Interface: N/A Others: d:19.7±10.2/nm 
226,,
227,,
228,,
229,,
253,   ,   
254,  N/A Performance:N/A ,  N/A Performance:N/A
255,  1:  Matrix/β-Ti Structure: N/A Lattice constants: N/A Size: N/A Morphology: bi-lamella structure with secondary α laths Distribution: N/A Interface: N/A Others: N/A,  1:  Matrix/β-Ti Structure: N/A Lattice constants: N/A Size: N/A Morphology: bi-lamella structure with secondary α laths Distribution: N/A Interface: N/A Others: N/A    Average Grain size: N/A  Grain shape: Finer lamellar structure   Others: N/A
256,  1:  Matrix Structure: N/A Lattice constants: N/A Size: N/A Morphology: Fine α + β lamellar structure Distribution: N/A Interface: N/A Others: N/A,    Others: N/A
257,    Others: N/A,  1:  β Structure: N/A Lattice constants: N/A Size: nanosized Morphology: N/A Distribution: dispersed on α laths and α-phase grain boundaries Interface: N/A Others: N/A    Average Grain size: nanosized  Grain shape: N/A   Others: N/A
267,N/A,N/A.
268,, 
269,, 
270,, 
271, ,   
272,N/A,N/A.
273,State:complete local metallic bonding Fracture mode:N/A Parameters:fracture morphology: flatter-face ,State:complete local metallic bonding Fracture mode:N/A Parameters:fracture morphology: flatter-face 
274,N/A,N/A.
388,  1: Kind: Low-Angle Proportion: 0.630   2: Kind: High-Angle Proportion: 0.141   3: Kind: Medium High-Angle Proportion: 0.230      Average Grain size: 51/μm  Grain shape: N/A   Others: grain_aspect_ratio: 0.29,  1: Kind: Low-Angle Proportion: 0.630   2: Kind: High-Angle Proportion: 0.141   3: Kind: Medium High-Angle Proportion: 0.230      Average Grain size: 51/μm  Grain shape: N/A   
389,  1: Kind: Low-Angle Proportion: 0.502   2: Kind: High-Angle Proportion: 0.170   3: Kind: Medium-High Angle Proportion: 0.328      Average Grain size: 43/μm  Grain shape: N/A   Others: grain aspect ratio: 0.30,  1: Kind: Low-Angle Proportion: 0.502   2: Kind: High-Angle Proportion: 0.170   3: Kind: Medium-High Angle Proportion: 0.328      Average Grain size: 43/μm  Grain shape: N/A      Carbide Size: before creep: 0.35/μm after creep: 0.57/μm   
390,  1: Kind: Low-Angle Proportion: 0.031   2: Kind: High-Angle Proportion: 0.102   3: Kind: Medium High-Angle Proportion: 0.867      Average Grain size: 46/μm  Grain shape: N/A   Others: grain aspect ratio: 0.95,  1: Kind: Low-Angle Proportion: 0.031   2: Kind: High-Angle Proportion: 0.102   3: Kind: Medium High-Angle Proportion: 0.867      Average Grain size: 46/μm  Grain shape: N/A       
391,  1: Kind: Low-Angle Proportion: 0.572   2: Kind: High-Angle Proportion: 0.170   3: Kind: Medium-High-Angle Proportion: 0.258      Average Grain size: 46/μm  Grain shape: N/A   Others: Grain aspect ratio: 0.32,  1: Kind: Low-Angle Proportion: 0.572   2: Kind: High-Angle Proportion: 0.170   3: Kind: Medium-High-Angle Proportion: 0.258      Average Grain size: 46/μm  Grain shape: N/A   
392,  1: Kind:Low-Angle  Proportion:0.526  2: Kind:High-Angle  Proportion:0.150  3: Kind:Medium-High-Angle  Proportion:0.325     Average Grain size: 38/μm  Grain shape: N/A   Others: Grain aspect ratio: 0.31,  1: Kind:Low-Angle  Proportion:0.526  2: Kind:High-Angle  Proportion:0.150  3: Kind:Medium-High-Angle  Proportion:0.325     Average Grain size: 38/μm  Grain shape: N/A      Carbide Size: Before Creep: 0.45/μm After Creep: 1.5/μm   
393, 1:  Kind: Low-Angle  Proportion: 0.018 2:  Kind: High-Angle  Proportion: 0.078 3:  Kind: Medium-High Angle  Proportion: 0.904   Average Grain size: 46/μm Grain shape: N/A Others:  Grain aspect ratio: 0.97,1:  Kind: Low-Angle  Proportion: 0.018 2:  Kind: High-Angle  Proportion: 0.078 3:  Kind: Medium-High Angle  Proportion: 0.904   Average Grain size: 46/μm Grain shape: N/A   Carbide Size:  Before Creep: 0.27/μm  After Creep: 1.16/μm 
428,N/A,N/A.
429,N/A,N/A.
430,N/A,N/A N/A N/A N/A N/A N/A N/A N/A N/A N/A N/A N/A
431,N/A,N/A.
701,N/A,N/A.
702,N/A,N/A.
703,N/A,N/A.
704,N/A,N/A.
705,N/A,N/A.
706,N/A,N/A.
707,N/A,N/A.
708,N/A,N/A.
857,Average Grain size:N/A Grain shape:Coarse fcc dendrites     1:  M23C6 carbides Structure: N/A Lattice constants: N/A Size: N/A Morphology: N/A Distribution: N/A Interface: N/A Others: N/A,Average Grain size:N/A Grain shape:Coarse fcc dendrites     1:  M23C6 carbides Structure: N/A Lattice constants: N/A Size: N/A Morphology: N/A Distribution: N/A Interface: N/A Others: N/A     Chromium in interdendritic regions  Parameters: N/A  
858,  1:  M23C6 carbides Structure: N/A Lattice constants: N/A Size: N/A Morphology: Lamellar-type Distribution: on stacking faults  at grain boundary zones Interface: N/A Others: N/A   2:  γ-fcc Carbides Structure: fcc Lattice constants: N/A Size: N/A Morphology: Lamellar-type Distribution: at grain boundary zones Interface: N/A Others: N/A,  1:  M23C6 carbides Structure: N/A Lattice constants: N/A Size: N/A Morphology: Lamellar-type Distribution: on stacking faults  at grain boundary zones Interface: N/A Others: N/A   2:  γ-fcc Carbides Structure: fcc Lattice constants: N/A Size: N/A Morphology: Lamellar-type Distribution: at grain boundary zones Interface: N/A Others: N/A 
859, ,   
860,  1:  Matrix Structure: fcc → hcp Lattice constants: N/A Size: N/A Morphology: N/A Distribution: N/A Interface: N/A Others: N/A   2:  M23C6 carbides Structure: N/A Lattice constants: N/A Size: N/A Morphology: Lamellar-type Distribution: N/A Interface: N/A Others: Area Fraction: Maximum observed   3:  σ phase Structure: N/A Lattice constants: N/A Size: N/A Morphology: N/A Distribution: N/A Interface: N/A Others: N/A,  1:  Matrix Structure: fcc → hcp Lattice constants: N/A Size: N/A Morphology: N/A Distribution: N/A Interface: N/A Others: N/A   2:  M23C6 carbides Structure: N/A Lattice constants: N/A Size: N/A Morphology: Lamellar-type Distribution: N/A Interface: N/A Others: Area Fraction: Maximum observed   3:  σ phase Structure: N/A Lattice constants: N/A Size: N/A Morphology: N/A Distribution: N/A Interface: N/A Others: N/A    1:  Precipitation Free Zone Width: N/A Others: N/A 
861,      1:  Matrix Structure: N/A Lattice constants: N/A Size: N/A Morphology: Large carbides Distribution: Within grain boundaries Interface: N/A Others: N/A,      1:  Matrix Structure: N/A Lattice constants: N/A Size: N/A Morphology: Large carbides Distribution: Within grain boundaries Interface: N/A Others: N/A 
1154, Thickness: Thicker Cu6Sn5 layer at shorter aging time  almost equal thickness at longer aging time compared to Cu3Sn layer , Thickness: Thicker Cu6Sn5 layer at shorter aging time  almost equal thickness at longer aging time compared to Cu3Sn layer 
1155,,
1156,,
1157,,
1158,,
1159,,
1255,N/A,N/A.
1256,N/A,N/A.
1257,N/A,N/A.
1258,N/A,N/A.
1259,N/A,N/A.
1260,N/A,N/A.
1261,Others: N/A,N/A.
1262,Others: N/A,N/A.
1263,N/A,N/A.
1264,Others: N/A,N/A.
1265,N/A,N/A.
1266,N/A,N/A.
1267,N/A,N/A.
1268,N/A,N/A.
1269,N/A,N/A.
1270,  Average Grain size: 30/μm  Grain shape: N/A   Others: grain boundary characteristics: Uniform,  Average Grain size: 30/μm  Grain shape: N/A   Others: grain boundary characteristics: Uniform   
1271,  Average Grain size: <20/μm  Grain shape: N/A   Others: N/A   ,  Average Grain size: <20/μm  Grain shape: N/A   Others: N/A   
1272,  Average Grain size: <10/μm  Grain shape: N/A   Others: N/A    ,  Average Grain size: <10/μm  Grain shape: N/A   Others: N/A    
1694,   Others:   Others:   Others: N/A,  Others:   Others:   Others: N/A Others: N/A
1695, 1:   SmCo5  Structure: hP6/6  Lattice constants: N/A  Size: N/A  Morphology: N/A  Distribution: N/A  Interface: N/A   Others: Proportion: 1.2±1.2/wt.% 2:   h-Sm2Co17  Structure: hP38/1  Lattice constants: N/A  Size: N/A  Morphology: N/A  Distribution: N/A  Interface: N/A   Others: Proportion: 84.5±8.1/wt.% 3:   rh-Sm2Co17  Structure: hR19/1  Lattice constants: N/A  Size: N/A  Morphology: N/A  Distribution: N/A  Interface: N/A   Others: Proportion: 14.3±10.1/wt.%,1:   SmCo5  Structure: hP6  Lattice constants: N/A  Size: N/A  Morphology: N/A  Distribution: N/A  Interface: N/A   Others: Proportion: 1.2±1.2/wt.% 2:   h-Sm2Co17  Structure: hP38  Lattice constants: N/A  Size: N/A  Morphology: N/A  Distribution: N/A  Interface: N/A   Others: Proportion: 84.5±8.1/wt.% 3:   rh-Sm2Co17  Structure: hR19  Lattice constants: N/A  Size: N/A  Morphology: N/A  Distribution: N/A  Interface: N/A   Others: Proportion: 14.3±10.1/wt.%  Others: N/A
1696, 1:   SmCo5  Structure: hP6/6  Lattice constants: N/A  Size: N/A  Morphology: N/A  Distribution: 9.8±2.5/wt.%  Interface: N/A   Others: N/A 2:   h-Sm2Co17  Structure: hP38/1  Lattice constants: N/A  Size: N/A  Morphology: N/A  Distribution: 22.1±3.3/wt.%  Interface: N/A   Others: N/A 3:   rh-Sm2Co17  Structure: hR19/1  Lattice constants: N/A  Size: N/A  Morphology: N/A  Distribution: 66.8±4.1/wt.%  Interface: N/A   Others: N/A 4:   Co23Zr6  Structure: cF116/2  Lattice constants: N/A  Size: N/A  Morphology: N/A  Distribution: 1.4±1.4/wt.%  Interface: N/A   Others: N/A,1:   SmCo5  Structure: hP6/6  Lattice constants: N/A  Size: N/A  Morphology: N/A  Distribution: 9.8±2.5/wt.%  Interface: N/A   Others: N/A 2:   h-Sm2Co17  Structure: hP38/1  Lattice constants: N/A  Size: N/A  Morphology: N/A  Distribution: 22.1±3.3/wt.%  Interface: N/A   Others: N/A 3:   rh-Sm2Co17  Structure: hR19/1  Lattice constants: N/A  Size: N/A  Morphology: N/A  Distribution: 66.8±4.1/wt.%  Interface: N/A   Others: N/A 4:   Co23Zr6  Structure: cF116/2  Lattice constants: N/A  Size: N/A  Morphology: N/A  Distribution: 1.4±1.4/wt.%  Interface: N/A   Others: N/A  Characteristic: N/A 
1697,  1:  SmCo5 Structure: hP6/6 Lattice constants: N/A Size: N/A Morphology: N/A Distribution: N/A Interface: N/A Others: Proportion: 6.6±1.2/wt.%   2:  h-Sm2Co17 Structure: hP38/1 Lattice constants: N/A Size: N/A Morphology: N/A Distribution: N/A Interface: N/A Others: Proportion: 11.6±2.2/wt.%   3:  rh-Sm2Co17 Structure: hR19/1 Lattice constants: N/A Size: N/A Morphology: N/A Distribution: N/A Interface: N/A Others: Proportion: 79.9±2.0/wt.%   4:  Co23Zr6 Structure: cF116/2 Lattice constants: N/A Size: N/A Morphology: N/A Distribution: N/A Interface: N/A Others: Proportion: 1.8±1.1/wt.%,  1:  SmCo5 Structure: hP6 Lattice constants: N/A Size: N/A Morphology: N/A Distribution: N/A Interface: N/A Others: Proportion: 6.6±1.2/wt.%   2:  h-Sm2Co17 Structure: hP38 Lattice constants: N/A Size: N/A Morphology: N/A Distribution: N/A Interface: N/A Others: Proportion: 11.6±2.2/wt.%   3:  rh-Sm2Co17 Structure: hR19 Lattice constants: N/A Size: N/A Morphology: N/A Distribution: N/A Interface: N/A Others: Proportion: 79.9±2.0/wt.%   4:  Co23Zr6 Structure: cF116 Lattice constants: N/A Size: N/A Morphology: N/A Distribution: N/A Interface: N/A Others: Proportion: 1.8±1.1/wt.%    Characteristic: N/A  
1698,1: SmCo5  Structure: hP6/6  Lattice constants:N/A  Size:N/A)  Morphology:N/A  Distribution:15.9±3.1/wt.%  Interface:N/A     2: Sm2Co17  Structure: hR19/1  Lattice constants:N/A  Size:N/A)  Morphology:N/A  Distribution:80.9±3.4/wt.%  Interface:N/A     3: Co23Zr6  Structure: cF116/2  Lattice constants:N/A  Size:N/A)  Morphology:N/A  Distribution:3.2±1.5/wt.%  Interface:N/A,1: SmCo5  Structure: hP6/6  Lattice constants:N/A  Size:N/A)  Morphology:N/A  Distribution:15.9±3.1/wt.%  Interface:N/A     2: Sm2Co17  Structure: hR19/1  Lattice constants:N/A  Size:N/A)  Morphology:N/A  Distribution:80.9±3.4/wt.%  Interface:N/A     3: Co23Zr6  Structure: cF116/2  Lattice constants:N/A  Size:N/A)  Morphology:N/A  Distribution:3.2±1.5/wt.%  Interface:N/A    
1699,  1:  SmCo5 Structure: hP6/6 Lattice constants: N/A Size: N/A Morphology: N/A Distribution: N/A Interface: N/A Others: Proportion: 13.6±2.7/wt.%   2:  Sm2Co17 Structure: hR19/1 Lattice constants: N/A Size: N/A Morphology: N/A Distribution: N/A Interface: N/A Others: Proportion: 84.2±2.9/wt.%   3:  Co23Zr6 Structure: cF116/2 Lattice constants: N/A Size: N/A Morphology: N/A Distribution: N/A Interface: N/A Others: Proportion: 2.2±1.2/wt.%,  1:  SmCo5 Structure: hP6 Lattice constants: N/A Size: N/A Morphology: N/A Distribution: N/A Interface: N/A Others: Proportion: 13.6±2.7/wt.%   2:  Sm2Co17 Structure: hR19 Lattice constants: N/A Size: N/A Morphology: N/A Distribution: N/A Interface: N/A Others: Proportion: 84.2±2.9/wt.%   3:  Co23Zr6 Structure: cF116 Lattice constants: N/A Size: N/A Morphology: N/A Distribution: N/A Interface: N/A Others: Proportion: 2.2±1.2/wt.%    Characteristic: N/A  
1923,N/A,N/A.
1924,N/A,N/A.
1925,,
2009,N/A,N/A.
2010,N/A,N/A.
2011,N/A,N/A.
2012,N/A,N/A.
2013,N/A,N/A.
2014,N/A,N/A.
2015,N/A,N/A.
2194, Average Grain size: 12.44/nm Grain shape: N/A Others: N/A,Average Grain size: 12.44 nm Grain shape: N/A 
2195, Average Grain size: 12.44/nm Grain shape: N/A Others: N/A,Average Grain size:12.24/nm Grain shape:N/A 
2196, Average Grain size: 11.23/nm Grain shape: N/A Others: N/A,Average Grain size: 11.23/nm Grain shape: N/A 
2197, Average Grain size: 9.94 nm Grain shape: N/A Others: N/A,Average Grain size: 9.94 nm Grain shape: N/A 
2198, Average Grain size: 7.96/nm Grain shape: N/A Others: N/A,Average Grain size: 7.96/nm Grain shape: N/A 
2642,  Average Grain size: >100/μm  Grain shape: N/A   Others: N/A   1:  MgSi2 Structure: N/A Lattice constants: N/A Size: 0.3/mm Morphology: N/A Distribution: N/A Interface: N/A Others: N/A   2:  Al2O3 Structure: N/A Lattice constants: N/A Size: 0.3/mm Morphology: N/A Distribution: N/A Interface: N/A Others: N/A   3:  Mg5Al8 Structure: N/A Lattice constants: N/A Size: 0.3/mm Morphology: N/A Distribution: N/A Interface: N/A Others: N/A,  Average Grain size: >100/μm  Grain shape: N/A   Others: N/A   1:  MgSi2 Structure: N/A Lattice constants: N/A Size: 0.3/mm Morphology: N/A Distribution: N/A Interface: N/A Others: N/A   2:  Al2O3 Structure: N/A Lattice constants: N/A Size: N/A Morphology: N/A Distribution: N/A Interface: N/A Others: N/A   3:  Mg5Al8 Structure: N/A Lattice constants: N/A Size: N/A Morphology: N/A Distribution: N/A Interface: N/A Others: N/A 
2643,  Average Grain size: >100/μm  Grain shape: N/A   Others: N/A   1:  MgSi2 Structure: N/A Lattice constants: N/A Size: 0.3/mm Morphology: N/A Distribution: N/A Interface: N/A Others: N/A   2:  Al2O3 Structure: N/A Lattice constants: N/A Size: 0.3/mm Morphology: N/A Distribution: N/A Interface: N/A Others: N/A   3:  Mg5Al8 Structure: N/A Lattice constants: N/A Size: 0.3/mm Morphology: N/A Distribution: N/A Interface: N/A Others: N/A,  Average Grain size: >100/μm  Grain shape: N/A   Others: N/A   1:  MgSi2 Structure: N/A Lattice constants: N/A Size: 0.3/mm Morphology: N/A Distribution: N/A Interface: N/A Others: N/A   2:  Al2O3 Structure: N/A Lattice constants: N/A Size: 0.3/mm Morphology: N/A Distribution: N/A Interface: N/A Others: N/A   3:  Mg5Al8 Structure: N/A Lattice constants: N/A Size: 0.3/mm Morphology: N/A Distribution: N/A Interface: N/A Others: N/A 
2644,  Average Grain size: >100/μm  Grain shape: N/A   Others: N/A   1:  MgSi2 Structure: N/A Lattice constants: N/A Size: 0.3/mm Morphology: N/A Distribution: N/A Interface: N/A Others: N/A   2:  Al2O3 Structure: N/A Lattice constants: N/A Size: 0.3/mm Morphology: N/A Distribution: N/A Interface: N/A Others: N/A   3:  Mg5Al8 Structure: N/A Lattice constants: N/A Size: 0.3/mm Morphology: N/A Distribution: N/A Interface: N/A Others: N/A,  Average Grain size: >100/μm  Grain shape: N/A   Others: N/A   1:  MgSi2 Structure: N/A Lattice constants: N/A Size: N/A Morphology: N/A Distribution: N/A Interface: N/A Others: N/A   2:  Al2O3 Structure: N/A Lattice constants: N/A Size: N/A Morphology: N/A Distribution: N/A Interface: N/A Others: N/A   3:  Mg5Al8 Structure: N/A Lattice constants: N/A Size: N/A Morphology: N/A Distribution: N/A Interface: N/A Others: N/A 
2674,1: Matrix  Structure: FCC  Lattice constants:(111): 0.2075/nm  (200): 0.1803/nm  (220): 0.1271/nm  (311): 0.1085/nm  a: 0.3598/nm  Error: 6 x 10−4/nm  Size:N/A  Morphology:N/A Distribution:N/A  Interface:N/A    ,1: Matrix  Structure: FCC  Lattice constants:(111): 0.2075/nm  (200): 0.1803/nm  (220): 0.1271/nm  (311): 0.1085/nm  a: 0.3598/nm  Error: 6 x 10−4/nm  Size:N/A  Morphology:N/A Distribution:N/A  Interface:N/A    
2675,  1:  Matrix Structure: FCC Lattice constants: (111): 0.2074/nm (200): 0.1799/nm (220): 0.1271/nm (311): 0.1086/nm a: 0.3597/nm Error: 4 x 10−4/nm Size: N/A Morphology: N/A Distribution: N/A Interface: N/A Others: N/A,  1:  Matrix Structure: FCC Lattice constants: (111): 0.2074/nm (200): 0.1799/nm (220): 0.1271/nm (311): 0.1086/nm a: 0.3597/nm Error: 4 x 10−4/nm Size: N/A Morphology: N/A Distribution: N/A Interface: N/A Others: N/A 
2676, 1:Matrix Structure: FCC Lattice constants:(111): 0.2069/nm  (200): 0.1797/nm  (220): 0.1271/nm  (311): 0.1083/nm  a: 0.3591/nm  Error: 5 x 10−4/nm Size:N/A) Morphology:N/A Distribution:N/A Interface:N/A   , 1:Matrix Structure: FCC Lattice constants:(111): 0.2069/nm  (200): 0.1797/nm  (220): 0.1271/nm  (311): 0.1083/nm  a: 0.3591/nm  Error: 5 x 10−4/nm Size:N/A) Morphology:N/A Distribution:N/A Interface:N/A   
2677,  1:  Matrix Structure: FCC Lattice constants: (111): 0.2066/nm (200): 0.1796/nm (220): 0.1266/nm (311): 0.1081/nm a: 0.3583/nm Error: 6 x 10−4/nm Size: N/A Morphology: N/A Distribution: N/A Interface: N/A Others: N/A,  1:  Matrix Structure: FCC Lattice constants: (111): 0.2066/nm (200): 0.1796/nm (220): 0.1266/nm (311): 0.1081/nm a: 0.3583/nm Error: 6 x 10−4/nm Size: N/A Morphology: N/A Distribution: N/A Interface: N/A Others: N/A 
2678,  1:  Matrix Structure: FCC Lattice constants: (111): 0.2075/nm (200): 0.1807/nm (220): 0.1272/nm (311): 0.1084/nm a: 0.3601/nm Error: 9 x 10−4/nm Size: N/A Morphology: N/A Distribution: N/A Interface: N/A Others: N/A,  1:  Matrix Structure: FCC Lattice constants: (111): 0.2075/nm (200): 0.1807/nm (220): 0.1272/nm (311): 0.1084/nm a: 0.3601/nm Error: 9 x 10−4/nm Size: N/A Morphology: N/A Distribution: N/A Interface: N/A Others: N/A 
2679,  1:  Matrix Structure: FCC Lattice constants: 111: 0.2076/nm 200: 0.1803/nm 220: 0.1271/nm 311: 0.1086/nm a: 0.3599/nm Error: 5 x 10−4/nm Size: N/A Morphology: N/A Distribution: N/A Interface: N/A Others: N/A,  1:  Matrix Structure: FCC Lattice constants: 111: 0.2076/nm 200: 0.1803/nm 220: 0.1271/nm 311: 0.1086/nm a: 0.3599/nm Error: 5 x 10−4/nm Size: N/A Morphology: N/A Distribution: N/A Interface: N/A Others: N/A 
2680,  1:  Matrix Structure: FCC Lattice constants: (111): 0.2076/nm (200): 0.1800/nm (220): 0.1273/nm (311): 0.1087/nm a: 0.3600/nm Error: 3 x 10−4/nm Size: N/A Morphology: N/A Distribution: N/A Interface: N/A Others: N/A,  1:  Matrix Structure: FCC Lattice constants: (111): 0.2076/nm (200): 0.1800/nm (220): 0.1273/nm (311): 0.1087/nm a: 0.3600/nm Error: 3 x 10−4/nm Size: N/A Morphology: N/A Distribution: N/A Interface: N/A Others: N/A 
2681,,
2682,  1:  Matrix Structure: FCC Lattice constants: (111): 0.2076/nm (200): 0.1805/nm (220): 0.1271/nm (311): 0.1085/nm a: 0.3600/nm Error: 6 x 10−4/nm Size: N/A Morphology: N/A Distribution: N/A Interface: N/A Others: N/A,  1:  Matrix Structure: FCC Lattice constants: (111): 0.2076/nm (200): 0.1805/nm (220): 0.1271/nm (311): 0.1085/nm a: 0.3600/nm Error: 6 x 10−4/nm Size: N/A Morphology: N/A Distribution: N/A Interface: N/A Others: N/A 
3546, State:N/A Fracture mode:ductile Parameters:N/A , State:N/A Fracture mode:ductile Parameters:N/A 
3547, State:N/A Fracture mode:ductile Parameters:N/A , State:N/A Fracture mode:ductile Parameters:N/A 
3548, State:N/A Fracture mode:brittle Parameters:N/A , State:N/A Fracture mode:brittle Parameters:N/A 
3549, State:N/A Fracture mode:ductile Parameters:N/A , State:N/A Fracture mode:ductile Parameters:N/A 
3550, State:N/A Fracture mode:ductile Parameters:N/A , State:N/A Fracture mode:ductile Parameters:N/A 
3551, State:N/A Fracture mode:brittle Parameters:N/A , State:N/A Fracture mode:brittle Parameters:N/A 
3552, State:N/A Fracture mode:ductile Parameters:N/A , State:N/A Fracture mode:ductile Parameters:N/A 
3553, State:N/A Fracture mode:ductile Parameters:N/A , State:N/A Fracture mode:ductile Parameters:N/A 
3554, State:N/A Fracture mode:brittle Parameters:N/A , State:N/A Fracture mode:brittle Parameters:N/A 
3555, State:N/A Fracture mode:ductile Parameters:N/A , State:N/A Fracture mode:ductile Parameters:N/A 
3556, State:N/A Fracture mode:ductile Parameters:N/A , State:N/A Fracture mode:ductile Parameters:N/A 
3557, State:N/A Fracture mode:brittle Parameters:N/A , State:N/A Fracture mode:brittle Parameters:N/A 
3558, State:N/A Fracture mode:ductile Parameters:N/A , State:N/A Fracture mode:ductile Parameters:N/A 
3559, State:N/A Fracture mode:ductile Parameters:N/A , State:N/A Fracture mode:ductile Parameters:N/A 
3560, State:N/A Fracture mode:brittle Parameters:N/A , State:N/A Fracture mode:brittle Parameters:N/A 
3743,Average Grain size:N/A Grain shape:N/A ,Average Grain size:N/A Grain shape:N/A 
3744,Average Grain size:N/A Grain shape:N/A ,Average Grain size:N/A Grain shape:N/A 
4368,  1:  α-Mg Structure: N/A Lattice constants: N/A Size: N/A Morphology: N/A Distribution: N/A Interface: N/A Others: N/A   2:  β-Mg17Al12 Structure: N/A Lattice constants: N/A Size: N/A Morphology: N/A Distribution: N/A Interface: N/A Others: N/A   3:  Al11La3 Structure: N/A Lattice constants: N/A Size: N/A Morphology: N/A Distribution: N/A Interface: N/A Others: N/A,  1:  α-Mg Structure: N/A Lattice constants: N/A Size: N/A Morphology: N/A Distribution: N/A Interface: N/A Others: N/A   2:  β-Mg17Al12 Structure: N/A Lattice constants: N/A Size: N/A Morphology: N/A Distribution: N/A Interface: N/A Others: N/A   3:  Al11La3 Structure: N/A Lattice constants: N/A Size: N/A Morphology: N/A Distribution: N/A Interface: N/A Others: N/A 
4369,  1:  α-Mg Structure: N/A Lattice constants: N/A Size: N/A Morphology: N/A Distribution: N/A Interface: N/A Others: N/A   2:  β-Mg17Al12 Structure: N/A Lattice constants: N/A Size: N/A Morphology: N/A Distribution: N/A Interface: N/A Others: N/A   3:  Al11La3 Structure: N/A Lattice constants: N/A Size: N/A Morphology: N/A Distribution: N/A Interface: N/A Others: N/A,  1:  α-Mg Structure: N/A Lattice constants: N/A Size: N/A Morphology: N/A Distribution: N/A Interface: N/A Others: N/A   2:  β-Mg17Al12 Structure: N/A Lattice constants: N/A Size: N/A Morphology: N/A Distribution: N/A Interface: N/A Others: N/A   3:  Al11La3 Structure: N/A Lattice constants: N/A Size: N/A Morphology: N/A Distribution: N/A Interface: N/A Others: N/A    Average Grain size: 1.58/μm  Grain shape: N/A   Others: N/A
4370,  1:  α-Mg Structure: N/A Lattice constants: N/A Size: N/A Morphology: N/A Distribution: N/A Interface: N/A Others: N/A   2:  β-Mg17Al12 Structure: N/A Lattice constants: N/A Size: N/A Morphology: N/A Distribution: N/A Interface: N/A Others: N/A   3:  Al11La3 Structure: N/A Lattice constants: N/A Size: N/A Morphology: N/A Distribution: N/A Interface: N/A Others: N/A,  1:  α-Mg Structure: N/A Lattice constants: N/A Size: N/A Morphology: N/A Distribution: N/A Interface: N/A Others: N/A   2:  β-Mg17Al12 Structure: N/A Lattice constants: N/A Size: N/A Morphology: N/A Distribution: N/A Interface: N/A Others: N/A   3:  Al11La3 Structure: N/A Lattice constants: N/A Size: N/A Morphology: N/A Distribution: N/A Interface: N/A Others: N/A 
4371,1: β-Mg17Al12  Structure: N/A  Lattice constants:N/A  Size:N/A  Morphology:Short rod-like  Distribution:Discontinuous  Interface:N/A    2: Al11La3  Structure: N/A  Lattice constants:N/A  Size:N/A  Morphology:N/A  Distribution:N/A  Interface:N/A    ,1: β-Mg17Al12  Structure: N/A  Lattice constants:N/A  Size:N/A  Morphology:Short rod-like  Distribution:Discontinuous  Interface:N/A    2: Al11La3  Structure: N/A  Lattice constants:N/A  Size:N/A  Morphology:N/A  Distribution:N/A  Interface:N/A    
4372,1: β-Mg17Al12  Structure: N/A  Lattice constants:N/A  Size:N/A  Morphology:Short rod-like  Distribution:Discontinuous  Interface:N/A    2: Al11La3  Structure: N/A  Lattice constants:N/A  Size:N/A  Morphology:N/A  Distribution:N/A  Interface:N/A    ,1: β-Mg17Al12  Structure: N/A  Lattice constants:N/A  Size:N/A  Morphology:Short rod-like  Distribution:Discontinuous  Interface:N/A    2: Al11La3  Structure: N/A  Lattice constants:N/A  Size:N/A  Morphology:N/A  Distribution:N/A  Interface:N/A    
4373,1: β-Mg17Al12  Structure: N/A  Lattice constants:N/A  Size:N/A  Morphology:Short rod-like  Distribution:Discontinuous  Interface:N/A    2: Al11La3  Structure: N/A  Lattice constants:N/A  Size:N/A  Morphology:N/A  Distribution:N/A  Interface:N/A    ,1:   β-Mg17Al12  Structure: N/A  Lattice constants: N/A  Size: N/A  Morphology: Reduced  Distribution: N/A  Interface: N/A   Others: N/A 2:   Al11La3  Structure: N/A  Lattice constants: N/A  Size: N/A  Morphology: N/A  Distribution: N/A  Interface: N/A   Others: N/A 3:   Mg17Al12  Structure: N/A  Lattice constants: N/A  Size: N/A  Morphology: Short rod-like  Distribution: Discontinuous  Interface: N/A   Others: N/A
4374,1: Al11La3  Structure: N/A  Lattice constants:N/A Size:N/A  Morphology:N/A Distribution:N/A  Interface:N/A     2: Mg17Al12  Structure: N/A  Lattice constants:N/A Size:N/A  Morphology:Short rod-like Distribution:discontinuous  Interface:N/A    ,1: Al11La3  Structure: N/A  Lattice constants:N/A Size:N/A  Morphology:N/A Distribution:N/A  Interface:N/A     2: Mg17Al12  Structure: N/A  Lattice constants:N/A Size:N/A  Morphology:Short rod-like Distribution:discontinuous  Interface:N/A    
4889,  1:  Ni4W Structure: N/A Lattice constants: N/A Size: N/A Morphology: N/A Distribution: N/A Interface: N/A,  1:  Ni4W Structure: N/A Lattice constants: N/A Size: N/A Morphology: N/A Distribution: N/A Interface: N/A     Density: 1.31×10^15/m^-2  Structure: N/A  Distribution: N/A   Others: N/A   1: Kind: High-Angle Proportion: N/A   2: Kind: Low-Angle Proportion: N/A   
4890, 1:Ni4W Structure: N/A Lattice constants:N/A Size:N/A Morphology:N/A Distribution:N/A Interface:N/A, 1:Ni4W Structure: N/A Lattice constants:N/A Size:N/A Morphology:N/A Distribution:N/A Interface:N/A     Density:1.94×10^14/m^-2  Structure:N/A  Distribution:N/A       1:Kind:High-Angle Proportion:N/A  
4891, 1:Ni4W Structure: N/A Lattice constants:N/A  Size:N/A Morphology:N/A  Distribution:N/A Interface:N/A, 1:Ni4W Structure: N/A Lattice constants:N/A  Size:N/A Morphology:N/A  Distribution:N/A Interface:N/A    Density:9.7×10^14/m^-2 Structure:N/A Distribution:N/A    1:Kind:High LAGBs Proportion:N/A 
4892,  1:  Ni4W Structure: N/A Lattice constants: N/A Size: N/A Morphology: N/A Distribution: N/A Interface: N/A Others: Volume Fraction: 31.4/%,  1:  Ni4W Structure: N/A Lattice constants: N/A Size: N/A Morphology: N/A Distribution: N/A Interface: N/A Others: Volume Fraction: 31.4/%    Density: 3.93×10^14/m^-2  Structure: N/A  Distribution: N/A   Others: N/A   1: Kind: High-Angle Proportion: N/A   
4909,N/A,N/A.
4911,N/A,N/A.
5046,  1:  Matrix Structure: FCC Lattice constants: N/A Size: N/A Morphology: N/A Distribution: N/A Interface: N/A Others: N/A   2:  sigma phase Structure: Cubic Lattice constants: N/A Size: 1/μm Morphology: N/A Distribution: N/A Interface: N/A Others: N/A   3:  mu phase Structure: Rhombohedral Lattice constants: N/A Size: N/A Morphology: N/A Distribution: Between FCC and sigma phases Interface: N/A Others: Mo content: 19.53%,  1:  Matrix Structure: FCC Lattice constants: N/A Size: N/A Morphology: N/A Distribution: N/A Interface: N/A Others: N/A   2:  sigma phase Structure: Cubic Lattice constants: N/A Size: 1/μm Morphology: N/A Distribution: N/A Interface: N/A Others: Mo content: 15.37%   3:  mu phase Structure: Rhombohedral Lattice constants: N/A Size: N/A Morphology: N/A Distribution: Between FCC and sigma phases Interface: N/A Others: Mo content: 19.53% 
5047,  1:  Matrix Structure: FCC Lattice constants: N/A Size: 4/μm Morphology: Columnar Distribution: N/A Interface: N/A Others: N/A   2:  sigma phase Structure: N/A Lattice constants: N/A Size: N/A Morphology: N/A Distribution: N/A Interface: N/A Others: N/A   3:  mu phase Structure: N/A Lattice constants: N/A Size: 0.5/μm Morphology: N/A Distribution: In sigma phase Interface: N/A Others: N/A,  1:  Matrix Structure: FCC Lattice constants: N/A Size: 4/μm Morphology: Columnar Distribution: N/A Interface: N/A Others: N/A   2:  sigma phase Structure: N/A Lattice constants: N/A Size: N/A Morphology: N/A Distribution: N/A Interface: N/A Others: N/A   3:  mu phase Structure: N/A Lattice constants: N/A Size: 0.5/μm Morphology: N/A Distribution: In sigma phase Interface: N/A Others: N/A 
5048,  1:  Matrix Structure: FCC Lattice constants: N/A Size: N/A Morphology: needle Distribution: N/A Interface: N/A Others: N/A   2:  sigma phase Structure: N/A Lattice constants: N/A Size: N/A Morphology: N/A Distribution: N/A Interface: N/A Others: N/A   3:  mu phase Structure: N/A Lattice constants: N/A Size: 0.2-0.5/μm Morphology: spherical Distribution: N/A Interface: N/A Others: N/A,  1:  Matrix Structure: FCC Lattice constants: N/A Size: N/A Morphology: needle Distribution: N/A Interface: N/A Others: N/A   2:  sigma phase Structure: N/A Lattice constants: N/A Size: N/A Morphology: N/A Distribution: N/A Interface: N/A Others: N/A   3:  mu phase Structure: N/A Lattice constants: N/A Size: 0.2-0.5/μm Morphology: spherical Distribution: N/A Interface: N/A Others: N/A 
5049, 1:   Matrix  Structure: Diamond  Lattice constants: N/A  Size: 3/μm  Morphology: N/A  Distribution: N/A  Interface: N/A   Others: N/A 2:   sigma phase  Structure: N/A  Lattice constants: N/A  Size: 0.3/μm  Morphology: Fine block structure  Distribution: N/A  Interface: N/A   Others: N/A 3:   mu phase  Structure: N/A  Lattice constants: N/A  Size: 0.3/μm  Morphology: N/A  Distribution: Uniform  Interface: N/A   Others: N/A,1:   Matrix  Structure: Diamond  Lattice constants: N/A  Size: 3/μm  Morphology: N/A  Distribution: N/A  Interface: N/A   Others: N/A 2:   sigma phase  Structure: N/A  Lattice constants: N/A  Size: 0.3/μm  Morphology: Fine block structure  Distribution: N/A  Interface: N/A   Others: N/A 3:   mu phase  Structure: N/A  Lattice constants: N/A  Size: 0.3/μm  Morphology: N/A  Distribution: Uniform  Interface: N/A   Others: N/A
5050,  1:  Matrix Structure: FCC Lattice constants: N/A Size: N/A Morphology: needle sigma phase Distribution: N/A Interface: N/A Others: N/A   2:  sigma phase Structure: N/A Lattice constants: N/A Size: 0.3/μm Morphology: N/A Distribution: N/A Interface: N/A Others: N/A   3:  mu phase Structure: N/A Lattice constants: N/A Size: length:2/μm Morphology: from needle to long strip Distribution: N/A Interface: N/A Others: N/A,  1:  Matrix Structure: FCC Lattice constants: N/A Size: N/A Morphology: needle sigma phase Distribution: N/A Interface: N/A Others: N/A   2:  sigma phase Structure: N/A Lattice constants: N/A Size: 0.3/μm Morphology: N/A Distribution: N/A Interface: N/A Others: N/A   3:  mu phase Structure: N/A Lattice constants: N/A Size: length:2/μm Morphology: from needle to long strip Distribution: N/A Interface: N/A Others: N/A 
5051, 1:Matrix Structure: FCC Lattice constants:N/A Size:N/A Morphology:N/A Distribution:N/A Interface:N/A     2:sigma phase Structure: N/A Lattice constants:N/A Size:N/A Morphology:N/A Distribution:located at the junction of mu phase Interface:N/A     3:mu phase Structure: N/A Lattice constants:N/A Size:N/A Morphology:long strip Distribution:replacement of sigma phase in interdendritic region Interface:N/A   , 1:Matrix Structure: FCC Lattice constants:N/A Size:N/A Morphology:N/A Distribution:N/A Interface:N/A     2:sigma phase Structure: N/A Lattice constants:N/A Size:N/A Morphology:N/A Distribution:located at the junction of mu phase Interface:N/A     3:mu phase Structure: N/A Lattice constants:N/A Size:N/A Morphology:long strip Distribution:replacement of sigma phase in interdendritic region Interface:N/A   
5114,Average Grain size:N/A Grain shape:Epitaxial ,Average Grain size:N/A Grain shape:Epitaxial 
5115,Average Grain size:N/A Grain shape:Epitaxial ,Average Grain size:N/A Grain shape:Epitaxial 
5116,Average Grain size:N/A Grain shape:Epitaxial  ,Average Grain size:N/A Grain shape:Epitaxial  
5117,Average Grain size:N/A Grain shape:Epitaxial ,Average Grain size:N/A Grain shape:N/A 
6122,, 
6123, Characteristic: ditch microstructure Others: N/A,Characteristic: ditch microstructure Others: N/A
6184,N/A,N/A.
6185,N/A,N/A.
6186,N/A,N/A.
6187,N/A,N/A.
6188,N/A,N/A.
6189,N/A,N/A.
6190,N/A,N/A.
6191,N/A,N/A.
6953,  1:  α-Mg matrix Structure: N/A Lattice constants: N/A Size: N/A Morphology: N/A Distribution: N/A Interface: N/A Others: N/A   2:  β-Mg17Al12 Structure: N/A Lattice constants: N/A Size: N/A Morphology: reticular Distribution: coarse reticular Interface: N/A Others: N/A,  1:  β-Mg17Al12 Structure: N/A Lattice constants: N/A Size: N/A Morphology: Reticular Distribution: Coarse reticular distributed in α-Mg matrix Interface: N/A Others: N/A    Characteristic: primary phase  
6954,  1:  α-Mg matrix Structure: N/A Lattice constants: N/A Size: N/A Morphology: N/A Distribution: N/A Interface: N/A Others: N/A   2:  β-Mg17Al12 Structure: N/A Lattice constants: N/A Size: fine and discontinuous Morphology: fine and reduced Distribution:  fine and reduced Interface: N/A Others: N/A   3:  Al-Nd compounds Structure: N/A Lattice constants: N/A Size: N/A Morphology: N/A Distribution: N/A Interface: N/A Others: N/A,  1:  β-Mg17Al12 Structure: N/A Lattice constants: N/A Size: N/A Morphology: fine and discontinuous Distribution: reduced Interface: N/A Others: N/A   2:  Al-Nd compounds Structure: N/A Lattice constants: N/A Size: N/A Morphology: N/A Distribution: N/A Interface: N/A Others: N/A    Primary Phase: α-Mg matrix  
6955,  1:  α-Mg matrix Structure: N/A Lattice constants: N/A Size: N/A Morphology: N/A Distribution: N/A Interface: N/A Others: N/A   2:  Al-Nd compounds Structure: N/A Lattice constants: N/A Size: increased Morphology: N/A Distribution: N/A Interface: N/A Others: N/A,  1:  α-Mg Structure: N/A Lattice constants: N/A Size: N/A Morphology: N/A Distribution: N/A Interface: N/A Others: N/A   2:  Al-Nd compounds Structure: N/A Lattice constants: N/A Size: N/A Morphology: N/A Distribution: N/A Interface: N/A Others: N/A    Average Grain size: increased  Grain shape: N/A   Others: N/A
9346,  Average Grain size: 90/μm (IGC)  75/μm (EBSD)  Grain shape: Equiaxed   Others: N/A   1: Kind: Low-Angle Proportion: N/A      1:  Q-phase Structure: N/A Lattice constants: N/A Size: N/A Morphology: Continuous Distribution: at grain boundaries Interface: N/A Others: N/A   2:  β″-phase Structure: N/A Lattice constants: N/A Size: N/A Morphology: nano-scaled Distribution: in matrix Interface: N/A Others: N/A   3:  Q′-phase Structure: N/A Lattice constants: N/A Size: N/A Morphology: nano-scaled Distribution: in matrix Interface: N/A Others: N/A,  Average Grain size: 90/μm (IGC)  75/μm (EBSD)  Grain shape: Equiaxed   Others: N/A   1: Kind: Low-Angle Proportion: N/A      1:  Q-phase Structure: N/A Lattice constants: N/A Size: N/A Morphology: Continuous Distribution: at grain boundaries Interface: N/A Others: N/A   2:  β″-phase Structure: N/A Lattice constants: N/A Size: N/A Morphology: nano-scaled Distribution: in matrix Interface: N/A Others: N/A   3:  Q′-phase Structure: N/A Lattice constants: N/A Size: N/A Morphology: nano-scaled Distribution: in matrix Interface: N/A Others: N/A    1:  PFZ Width: About 100/nm Others: N/A 
9347,  Average Grain size: 40/μm  Grain shape: Elongated transversely   Others: Aspect ratio: 4,  Average Grain size: 40/μm  Grain shape: Elongated transversely      1: Kind: High-Angle Proportion: N/A      Density: N/A  Structure: cells  Distribution: N/A   Others: N/A
9348,,
9349,N/A,N/A.
9350,,
9379,  1:  Matrix Structure: FCC Lattice constants: N/A Size: N/A Morphology: N/A Distribution: N/A Interface: N/A Others: N/A,  1:  Matrix Structure: FCC Lattice constants: N/A Size: N/A Morphology: N/A Distribution: N/A Interface: N/A Others: N/A 
9906,  Average Grain size: 12/μm  Grain shape: N/A   Others: N/A   Characteristic: refined martensitic-bainitic in tempered condition,  Average Grain size: 12/μm  Grain shape: N/A   Others: N/A   Characteristic: refined martensitic-bainitic in tempered condition  
9907,  1: Kind: Low-Angle Proportion: N/A   2: Kind: High-Angle Proportion: 86.4/%,  1: Kind: Low-Angle Proportion: N/A   2: Kind: High-Angle Proportion: 86.4/%     Average Grain size: >100/μm  Grain shape: N/A   Others: N/A   Characteristic: N/A  
9908,  Average Grain size: >100/μm  Grain shape: N/A   Others: N/A   1: Kind: Low-Angle Proportion: N/A   2: Kind: High-Angle Proportion: 83.6/%      Characteristic: N/A,  Average Grain size: >100/μm  Grain shape: N/A   Others: N/A   1: Kind: Low-Angle Proportion: 512/mm/mm2   2: Kind: High-Angle Proportion: 3082/mm/mm2      Characteristic: coarsened martensitic-bainitic  
9909,  Average Grain size: 11/μm  Grain shape: N/A   Others: N/A   1: Kind: High-Angle Proportion: 67.6/%      Characteristic: ferritic-bainitic,  Average Grain size: 11/μm  Grain shape: N/A   Others: N/A   1: Kind: High-Angle Proportion: 67.6/%      Characteristic: ferritic-bainitic  
9910,  Average Grain size: ~100/μm  Grain shape: N/A   Others: N/A   1: Kind: High-Angle Proportion: 84.4/%      Characteristic: lath bainite,  Average Grain size: 100/μm  Grain shape: N/A   Others: N/A   1: Kind: High-Angle Proportion: 84.4/%      Characteristic: lath bainite  
9911,  Average Grain size: ~100/μm  Grain shape: N/A   Others: N/A   Characteristic: lath bainite/martensite     1: Kind: High-Angle Proportion: 82.5/% ,  Average Grain size: 100/μm  Grain shape: N/A   Others: N/A   Characteristic: lath bainite/martensite     1: Kind: High-Angle Proportion: 82.5/%   
10061,N/A,N/A.
10062,N/A,N/A.
10063,N/A,N/A.
10064,N/A,N/A.
10065,N/A,N/A.
10066,N/A,N/A.
10067,N/A,N/A.
10188,N/A,N/A.
10189,N/A,N/A.
10190,N/A,N/A.
12429,   ,     
12430, ,   
12431,  Parameters: cluster_formula: [(Sn0.5Mo0.5)–(Zr13.0Ti1.0)]Nb1.0 integer_x: 1 ,  Parameters: cluster_formula: [(Sn0.5Mo0.5)–(Zr13.0Ti1.0)]Nb1.0 integer_x: 1   
12432, ,     
12433, ,   
12434, Characteristic:  Others: cluster_formula: [Al1.0-Ti14](Cr2.0V2.3) integer_x: 4,
12435, ,     
12436,   ,     
12437,   ,     
12438,   ,     
12439,   ,  Parameters: cluster_formula: [Mo1.0–U14]Mo2.9 integer_x: 3 ΔH_with_solvent: Zr: -3 Pu: 1 Mo: 2 Nb: 4   
12830, 1:   γ-matrix  Structure: N/A  Lattice constants: N/A  Size: N/A  Morphology: N/A  Distribution: N/A  Interface: N/A   Others: N/A 2:   β-Mn  Structure: N/A  Lattice constants: N/A  Size: N/A  Morphology: N/A  Distribution: grown into γ-matrix  Interface: N/A   Others: N/A 3:   α-precipitates  Structure: N/A  Lattice constants: N/A  Size: small-sized  Morphology: N/A  Distribution: at grain/phase boundaries of β-Mn  Interface: N/A   Others: N/A,1:   γ-matrix  Structure: N/A  Lattice constants: N/A  Size: N/A  Morphology: N/A  Distribution: N/A  Interface: N/A   Others: N/A 2:   β-Mn  Structure: N/A  Lattice constants: N/A  Size: N/A  Morphology: N/A  Distribution: grown into γ-matrix  Interface: N/A   Others: N/A 3:   α-precipitates  Structure: N/A  Lattice constants: N/A  Size: small-sized  Morphology: N/A  Distribution: at grain/phase boundaries of β-Mn  Interface: N/A   Others: N/A
12831,  1:  γ-matrix Structure: N/A Lattice constants: N/A Size: N/A Morphology: N/A Distribution: N/A Interface: N/A Others: N/A   2:  β-Mn Structure: N/A Lattice constants: N/A Size: N/A Morphology: N/A Distribution: α-precipitates inside β-Mn grains Interface: N/A Others: N/A   3:  α-precipitates Structure: N/A Lattice constants: N/A Size: N/A Morphology: N/A Distribution: Inside β-Mn grains Interface: N/A Others: N/A,  1:  γ-matrix Structure: N/A Lattice constants: N/A Size: N/A Morphology: N/A Distribution: N/A Interface: N/A Others: N/A   2:  β-Mn Structure: N/A Lattice constants: N/A Size: N/A Morphology: N/A Distribution: α-precipitates inside β-Mn grains Interface: N/A Others: N/A   3:  α-precipitates Structure: N/A Lattice constants: N/A Size: N/A Morphology: N/A Distribution: Inside β-Mn grains Interface: N/A Others: N/A 
12832,  1:  γ-matrix Structure: N/A Lattice constants: N/A Size: N/A Morphology: N/A Distribution: N/A Interface: N/A Others: N/A   2:  β-Mn Structure: N/A Lattice constants: N/A Size: N/A Morphology: N/A Distribution: α-precipitates inside β-Mn grains Interface: N/A Others: N/A   3:  α-precipitates Structure: N/A Lattice constants: N/A Size: N/A Morphology: N/A Distribution: Inside β-Mn grains Interface: N/A Others: N/A,1: γ-matrix  Structure: N/A  Lattice constants:N/A  Size:N/A  Morphology:N/A  Distribution:N/A  Interface:N/A     2: β-Mn  Structure: N/A  Lattice constants:N/A  Size:N/A  Morphology:N/A  Distribution:N/A  Interface:N/A     3: α-precipitates  Structure: N/A  Lattice constants:N/A  Size:N/A  Morphology:N/A  Distribution:inside β-Mn grains  Interface:N/A    
12833,  1:  γ-matrix Structure: N/A Lattice constants: N/A Size: N/A Morphology: N/A Distribution: N/A Interface: N/A Others: N/A   2:  β-Mn Structure: N/A Lattice constants: N/A Size: N/A Morphology: N/A Distribution: α-precipitates inside β-Mn grains Interface: N/A Others: N/A   3:  α-precipitates Structure: N/A Lattice constants: N/A Size: N/A Morphology: N/A Distribution: Inside β-Mn grains Interface: N/A Others: N/A,  1:  Matrix Structure: N/A Lattice constants: N/A Size: N/A Morphology: N/A Distribution: N/A Interface: N/A Others: N/A   2:  β-Mn Structure: N/A Lattice constants: N/A Size: N/A Morphology: N/A Distribution: N/A Interface: N/A Others: N/A   3:  α-precipitates Structure: N/A Lattice constants: N/A Size: N/A Morphology: N/A Distribution: inside β-Mn grains Interface: N/A Others: N/A 
13377,N/A,N/A.
13378,N/A,N/A.
13379,N/A,N/A.
13380,N/A,N/A.
13381,N/A,N/A.
13382,N/A,N/A.
13383,N/A,N/A.
13563, ,   
13823,,
13824,,Average Grain size:23/μm Grain shape:N/A  
13825,    1:  Si particles Structure: fibrous Lattice constants: N/A Size: fine Morphology: eutectic Distribution: N/A Interface: N/A Others: N/A,    1:  Si particles Structure: fibrous Lattice constants: N/A Size: fine Morphology: eutectic Distribution: N/A Interface: N/A Others: N/A
13826,    1:  Si particles Structure: fibrous Lattice constants: N/A Size: fine Morphology: eutectic Distribution: N/A Interface: N/A Others: N/A,    1:  Si particles Structure: fibrous Lattice constants: N/A Size: fine Morphology: eutectic Distribution: N/A Interface: N/A Others: N/A
13843,  1:  GP-I (Zn Mg) Structure: N/A Lattice constants: N/A Size: N/A Morphology: N/A Distribution: 12100/μm−3 Interface: N/A Others: N/A   2:  β'-Mg2Si Structure: N/A Lattice constants: N/A Size: 0.58/µm Morphology: N/A Distribution: 1700/μm−3 Interface: N/A Others: N/A,  1:  GP-I (Zn Mg) Structure: N/A Lattice constants: N/A Size: N/A Morphology: N/A Distribution: 12100/μm−3 Interface: N/A Others: N/A   2:  β'-Mg2Si Structure: N/A Lattice constants: N/A Size: 0.58/µm Morphology: N/A Distribution: 1700/μm−3 Interface: N/A Others: N/A 
13844,  1:  GP-I (Zn Mg) Structure: N/A Lattice constants: N/A Size: N/A Morphology: N/A Distribution: 23600/μm−3 Interface: N/A Others: N/A   2:  β'-Mg2Si Structure: N/A Lattice constants: N/A Size: 0.68/µm Morphology: N/A Distribution: 1770/μm−3 Interface: N/A Others: N/A,  1:  GP-I (Zn Mg) Structure: N/A Lattice constants: N/A Size: N/A Morphology: N/A Distribution: 23600/μm−3 Interface: N/A Others: N/A   2:  β'-Mg2Si Structure: N/A Lattice constants: N/A Size: 0.68/µm Morphology: N/A Distribution: 1770/μm−3 Interface: N/A Others: N/A 
13845,  1:  GP-II (Zn Mg) Structure: N/A Lattice constants: N/A Size: N/A Morphology: N/A Distribution: 30200/μm−3 Interface: N/A Others: N/A   2:  β'-Mg2Si Structure: N/A Lattice constants: N/A Size: 0.68/µm Morphology: N/A Distribution: 1640/μm−3 Interface: N/A Others: N/A,  1:  GP-II (Zn Mg) Structure: N/A Lattice constants: N/A Size: N/A Morphology: N/A Distribution: 30200/μm−3 Interface: N/A Others: N/A   2:  β'-Mg2Si Structure: N/A Lattice constants: N/A Size: 0.68/µm Morphology: N/A Distribution: 1640/μm−3 Interface: N/A Others: N/A 
13846,  1:  GP-II Structure: N/A Lattice constants: N/A Size: N/A Morphology: N/A Distribution: 30300/μm−3 Interface: N/A Others: N/A   2:  β'-Mg2Si Structure: N/A Lattice constants: N/A Size: 0.76/µm Morphology: N/A Distribution: 1150/μm−3 Interface: N/A Others: N/A,  1:  GP-II Structure: N/A Lattice constants: N/A Size: N/A Morphology: N/A Distribution: 30300/μm−3 Interface: N/A Others: N/A   2:  β'-Mg2Si Structure: N/A Lattice constants: N/A Size: 0.76/µm Morphology: N/A Distribution: 1150/μm−3 Interface: N/A Others: N/A 
13847,  1:  GP-II Structure: N/A Lattice constants: N/A Size: N/A Morphology: N/A Distribution: 43400/μm−3 Interface: N/A Others: N/A   2:  η'-Zn2Mg Structure: N/A Lattice constants: N/A Size: N/A Morphology: N/A Distribution: 1870/μm−3 Interface: N/A Others: N/A   3:  β'-Mg2Si Structure: N/A Lattice constants: N/A Size: 1.05/µm Morphology: N/A Distribution: 1100/μm−3 Interface: N/A Others: N/A,  1:  GP-II Structure: N/A Lattice constants: N/A Size: N/A Morphology: N/A Distribution: 43400/μm−3 Interface: N/A Others: N/A   2:  η'-Zn2Mg Structure: N/A Lattice constants: N/A Size: N/A Morphology: N/A Distribution: 1870/μm−3 Interface: N/A Others: N/A   3:  β'-Mg2Si Structure: N/A Lattice constants: N/A Size: Average diameter: 1.05/µm Morphology: N/A Distribution: 1100/μm−3 Interface: N/A Others: N/A 
13848,  1:  η'-Zn2Mg Structure: N/A Lattice constants: N/A Size: N/A Morphology: N/A Distribution: 34200/μm−3 Interface: N/A Others: N/A   2:  β'-Mg2Si Structure: N/A Lattice constants: N/A Size: 0.98/µm Morphology: N/A Distribution: 920/μm−3 Interface: N/A Others: N/A,  1:  η'-Zn2Mg Structure: N/A Lattice constants: N/A Size: N/A Morphology: N/A Distribution: 34200/μm−3 Interface: N/A Others: N/A   2:  β'-Mg2Si Structure: N/A Lattice constants: N/A Size: Average particle diameter: 0.98/µm Morphology: N/A Distribution: 920/μm−3 Interface: N/A Others: N/A 
13888,1: θ'  Structure: N/A  Lattice constants:N/A  Size:thickness: 3.40±1.4/nm  length: 31±12.6/nm  Morphology:N/A  Distribution:3.8×1021/m−3  Interface:N/A    ,1: θ'  Structure: N/A  Lattice constants:N/A  Size:thickness: 3.40±1.4 nm  length: 31±12.6 nm  Morphology:N/A  Distribution:number density: 3.8×1021/m−3  Interface:N/A    
13889,1: θ'  Structure: N/A  Lattice constants:N/A  Size:Thickness: 3.51±1.2 nm  Length: 40±14.5 nm  Morphology:N/A  Distribution:2.30×1021/m−3  Interface:N/A,1: θ'  Structure: N/A  Lattice constants:N/A  Size:Thickness: 3.51±1.2 nm  Length: 40±14.5 nm  Morphology:N/A  Distribution:Number density: 2.30×1021/m−3  Interface:N/A    
13890,  1:  Matrix Structure: N/A Lattice constants: N/A Size: Thickness: 3.48±1.3 nm  Length: 35±13.2 nm Morphology: N/A Distribution: 3.05×1021/m−3 Interface: N/A Others: N/A,  1:  Matrix Structure: N/A Lattice constants: N/A Size: Thickness: 3.48±1.3 nm  Length: 35±13.2 nm Morphology: N/A Distribution: Number density: 3.05×1021/m−3 Interface: N/A Others: N/A 
13891,1: θ'  Structure: N/A  Lattice constants:N/A  Size:thickness: 3.34±1.0/nm  length: 35±14.0/nm)  Morphology:N/A  Distribution:3.8×1021/m−3  Interface:N/A,1: θ'  Structure: N/A  Lattice constants:N/A  Size:thickness: 3.34±1.0 nm  length: 35±14.0 nm)  Morphology:N/A  Distribution:number density: 5.5×1021/m−3  Interface:N/A    
13892,  1:  θ' Structure: N/A Lattice constants: N/A Size: Thickness: 3.34±1.0 nm  Length: 35±14.0 nm Morphology: N/A Distribution: 5.5×1021/m−3 Interface: N/A Others: N/A,  1:  θ' Structure: N/A Lattice constants: N/A Size: Thickness: 3.34±1.0 nm  Length: 35±14.0 nm Morphology: N/A Distribution: Number density: 5.5×1021/m−3 Interface: N/A Others: N/A 
13893,  1:  θ' Structure: N/A Lattice constants: N/A Size: thickness: 3.23±1.2/nm  length: 33.4±10.0/nm Morphology: N/A Distribution: 5.65×1021/m−3 Interface: N/A Others: N/A,1: θ'  Structure: N/A  Lattice constants:N/A  Size:Thickness: 3.23±1.2 nm  Length: 33.4±10.0 nm  Morphology:N/A  Distribution:Number density: 5.65×1021/m−3  Interface:N/A    
14247,  1:  Matrix Structure: FCC Lattice constants: N/A Size: N/A Morphology: N/A Distribution: N/A Interface: N/A Others: N/A,  1:  Matrix Structure: FCC Lattice constants: N/A Size: N/A Morphology: N/A Distribution: N/A Interface: N/A Others: N/A     Average Grain size: 60.34/μm  Grain shape: N/A   Others: N/A
14248,  1:  Matrix Structure: FCC Lattice constants: N/A Size: N/A Morphology: N/A Distribution: N/A Interface: N/A Others: N/A,  1:  Matrix Structure: FCC Lattice constants: N/A Size: N/A Morphology: N/A Distribution: N/A Interface: N/A Others: N/A     Average Grain size: 62.59/μm  Grain shape: N/A   Others: N/A
14249,  1:  Matrix Structure: FCC Lattice constants: N/A Size: N/A Morphology: N/A Distribution: N/A Interface: N/A Others: N/A,  1:  Matrix Structure: FCC Lattice constants: N/A Size: N/A Morphology: N/A Distribution: N/A Interface: N/A Others: N/A     Average Grain size: 63.78/μm  Grain shape: N/A   Others: N/A
14250,  1:  Matrix Structure: FCC Lattice constants: N/A Size: N/A Morphology: N/A Distribution: N/A Interface: N/A Others: N/A,  1:  Matrix Structure: FCC Lattice constants: N/A Size: N/A Morphology: N/A Distribution: N/A Interface: N/A Others: N/A     Average Grain size: 60.15/μm  Grain shape: N/A   Others: N/A
14789, 1:   TiC  Structure: N/A  Lattice constants: N/A  Size: N/A  Morphology: N/A  Distribution: N/A  Interface: N/A   Others: N/A 2:   γ'  Structure: N/A  Lattice constants: N/A  Size: N/A  Morphology: N/A  Distribution: N/A  Interface: N/A   Others: N/A,1:   TiC  Structure: N/A  Lattice constants: N/A  Size: N/A  Morphology: N/A  Distribution: N/A  Interface: N/A   Others: N/A 2:   γ'  Structure: N/A  Lattice constants: N/A  Size: N/A  Morphology: N/A  Distribution: N/A  Interface: N/A   Others: N/A
14790,1: TiC  Structure: N/A  Lattice constants:N/A  Size:N/A  Morphology:N/A  Distribution:N/A  Interface:N/A     2: Cr23C6  Structure: N/A  Lattice constants:N/A  Size:N/A  Morphology:N/A  Distribution:N/A  Interface:N/A     3: γ'  Structure: N/A  Lattice constants:N/A  Size:N/A  Morphology:N/A  Distribution:N/A  Interface:N/A    ,1: TiC  Structure: N/A  Lattice constants:N/A  Size:N/A  Morphology:N/A  Distribution:N/A  Interface:N/A     2: Cr23C6  Structure: N/A  Lattice constants:N/A  Size:N/A  Morphology:N/A  Distribution:N/A  Interface:N/A     3: γ'  Structure: N/A  Lattice constants:N/A  Size:N/A  Morphology:N/A  Distribution:N/A  Interface:N/A    
14791,  1:  TiC Structure: N/A Lattice constants: N/A Size: N/A Morphology: N/A Distribution: N/A Interface: N/A Others: N/A   2:  Cr23C6 Structure: N/A Lattice constants: N/A Size: N/A Morphology: N/A Distribution: N/A Interface: N/A Others: N/A   3:  γ' Structure: N/A Lattice constants: N/A Size: N/A Morphology: N/A Distribution: N/A Interface: N/A Others: N/A,  1:  TiC Structure: N/A Lattice constants: N/A Size: N/A Morphology: N/A Distribution: N/A Interface: N/A Others: N/A   2:  Cr23C6 Structure: N/A Lattice constants: N/A Size: N/A Morphology: N/A Distribution: N/A Interface: N/A Others: N/A   3:  γ' Structure: N/A Lattice constants: N/A Size: N/A Morphology: N/A Distribution: N/A Interface: N/A Others: N/A 
14792, 1:   TiC  Structure: N/A  Lattice constants: N/A  Size: N/A  Morphology: N/A  Distribution: N/A  Interface: N/A   Others: N/A 2:   Cr23C6  Structure: N/A  Lattice constants: N/A  Size: N/A  Morphology: N/A  Distribution: N/A  Interface: N/A   Others: N/A 3:   γ'  Structure: N/A  Lattice constants: N/A  Size: N/A  Morphology: N/A  Distribution: N/A  Interface: N/A   Others: N/A,1:   TiC  Structure: N/A  Lattice constants: N/A  Size: N/A  Morphology: N/A  Distribution: N/A  Interface: N/A   Others: N/A 2:   Cr23C6  Structure: N/A  Lattice constants: N/A  Size: N/A  Morphology: N/A  Distribution: N/A  Interface: N/A   Others: N/A 3:   γ'  Structure: N/A  Lattice constants: N/A  Size: N/A  Morphology: N/A  Distribution: N/A  Interface: N/A   Others: N/A
14793,1: TiC  Structure:N/A  Lattice constants:N/A  Size:N/A  Morphology:N/A  Distribution:N/A  Interface:N/A     2: Cr23C6  Structure:N/A  Lattice constants:N/A  Size:N/A  Morphology:N/A  Distribution:N/A  Interface:N/A     3: γ'  Structure:N/A  Lattice constants:N/A  Size:N/A  Morphology:N/A  Distribution:N/A  Interface:N/A    ,1: TiC  Structure:N/A  Lattice constants:N/A  Size:N/A  Morphology:N/A  Distribution:N/A  Interface:N/A     2: Cr23C6  Structure:N/A  Lattice constants:N/A  Size:N/A  Morphology:N/A  Distribution:N/A  Interface:N/A     3: γ'  Structure:N/A  Lattice constants:N/A  Size:N/A  Morphology:N/A  Distribution:N/A  Interface:N/A    
14800, 1:   α-phase  Structure: N/A  Lattice constants: N/A  Size: N/A  Morphology: N/A  Distribution: N/A  Interface: N/A   Others: N/A 2:   γ-phase  Structure: N/A  Lattice constants: N/A  Size: N/A  Morphology: N/A  Distribution: N/A  Interface: N/A   Others: N/A,1:   α-phase  Structure: N/A  Lattice constants: N/A  Size: N/A  Morphology: N/A  Distribution: N/A  Interface: N/A   Others: N/A 2:   γ-phase  Structure: N/A  Lattice constants: N/A  Size: N/A  Morphology: N/A  Distribution: N/A  Interface: N/A   Others: N/A
14801,1: α-phase  Structure:N/A  Lattice constants:N/A  Size:N/A  Morphology:N/A  Distribution:N/A  Interface:N/A     2: γ-phase  Structure:N/A  Lattice constants:N/A  Size:N/A  Morphology:N/A  Distribution:N/A  Interface:N/A     3: NiY3  Structure:N/A  Lattice constants:N/A  Size:N/A  Morphology:N/A  Distribution:N/A  Interface:N/A    ,1: α-phase  Structure:N/A  Lattice constants:N/A  Size:N/A  Morphology:N/A  Distribution:N/A  Interface:N/A     2: γ-phase  Structure:N/A  Lattice constants:N/A  Size:N/A  Morphology:N/A  Distribution:N/A  Interface:N/A     3: NiY3  Structure:N/A  Lattice constants:N/A  Size:N/A  Morphology:N/A  Distribution:N/A  Interface:N/A    
14802,1: α-phase  Structure:N/A  Lattice constants:N/A  Size:N/A  Morphology:N/A  Distribution:N/A  Interface:N/A     2: γ-phase  Structure:N/A  Lattice constants:N/A  Size:N/A  Morphology:N/A  Distribution:N/A  Interface:N/A     3: NiY3  Structure:N/A  Lattice constants:N/A  Size:N/A  Morphology:N/A  Distribution:N/A  Interface:N/A    ,1: α-phase  Structure:N/A  Lattice constants:N/A  Size:N/A  Morphology:N/A  Distribution:N/A  Interface:N/A     2: γ-phase  Structure:N/A  Lattice constants:N/A  Size:N/A  Morphology:N/A  Distribution:N/A  Interface:N/A     3: NiY3  Structure:N/A  Lattice constants:N/A  Size:N/A  Morphology:N/A  Distribution:N/A  Interface:N/A    
14803,1: α-phase  Structure:N/A  Lattice constants:N/A  Size:N/A  Morphology:N/A  Distribution:N/A  Interface:N/A     2: γ-phase  Structure:N/A  Lattice constants:N/A  Size:N/A  Morphology:N/A  Distribution:N/A  Interface:N/A     3: NiY3  Structure:N/A  Lattice constants:N/A  Size:N/A  Morphology:N/A  Distribution:N/A  Interface:N/A    ,1: α-phase  Structure:N/A  Lattice constants:N/A  Size:N/A  Morphology:N/A  Distribution:N/A  Interface:N/A     2: γ-phase  Structure:N/A  Lattice constants:N/A  Size:N/A  Morphology:N/A  Distribution:N/A  Interface:N/A     3: NiY3  Structure:N/A  Lattice constants:N/A  Size:N/A  Morphology:N/A  Distribution:N/A  Interface:N/A    
14804,  Average Grain size: Decreased  Grain shape: N/A   Others: N/A   1:  α-phase Structure: N/A Lattice constants: N/A Size: N/A Morphology: N/A Distribution: N/A Interface: N/A Others: N/A   2:  γ-phase Structure: N/A Lattice constants: N/A Size: N/A Morphology: N/A Distribution: N/A Interface: N/A Others: N/A   3:  NiY3 Structure: N/A Lattice constants: N/A Size: N/A Morphology: N/A Distribution: N/A Interface: N/A Others: N/A,  Average Grain size: Decreased  Grain shape: N/A   Others: N/A   1:  α-phase Structure: N/A Lattice constants: N/A Size: N/A Morphology: N/A Distribution: N/A Interface: N/A Others: N/A   2:  γ-phase Structure: N/A Lattice constants: N/A Size: N/A Morphology: N/A Distribution: N/A Interface: N/A Others: N/A   3:  NiY3 Structure: N/A Lattice constants: N/A Size: N/A Morphology: N/A Distribution: N/A Interface: N/A Others: N/A 
14812, T-phase area fraction: 28/% T-network size: 12.59/μm Cell-like structure size: 0.32/μm ,T-phase area fraction: 28/% T-network size: 12.59/μm Cell-like structure size: 0.32/μm 
14813, ,
14814, ,
14815, ,
15036,N/A,N/A.
15037,,
15038,,
15053,1: WC particulates  Structure:N/A  Lattice constants:N/A  Size:N/A  Morphology:fine  Distribution:Uniform distributed in Al matrix  Interface:N/A    ,  1:  WC particulates Structure: N/A Lattice constants: N/A Size: N/A Morphology: fine Distribution: uniform distributed in Al matrix Interface: N/A Others: hardness: N/A 
15054,1: WC particulates  Structure:N/A  Lattice constants:N/A  Size:N/A  Morphology:fine  Distribution:Uniform distributed in Al matrix  Interface:N/A    ,1: WC  Structure:N/A  Lattice constants:N/A  Size:N/A  Morphology:fine particulates  Distribution:Uniform distributed in Al matrix  Interface:N/A    
15055,1: WC particulates  Structure:N/A  Lattice constants:N/A  Size:N/A  Morphology:fine  Distribution:Uniform distributed in Al matrix  Interface:N/A    ,1: WC  Structure: N/A  Lattice constants:N/A  Size:N/A  Morphology:N/A  Distribution:Uniform distributed in Al matrix  Interface:N/A   
15056,, 
15057,, 
15058, , 
15218,N/A,N/A.
15219,N/A,N/A.
15220,N/A,N/A.
15221,N/A,N/A.
15222,N/A,N/A.
15270, ,
15271, ,
15272,     1:  S phase Structure: N/A Lattice constants: N/A Size: N/A Morphology: N/A Distribution: Precipitated at grain boundaries Interface: N/A Others: N/A   2:  θ phase Structure: N/A Lattice constants: N/A Size: N/A Morphology: N/A Distribution: Precipitated at grain boundaries Interface: N/A Others: N/A,    1:  S phase Structure: N/A Lattice constants: N/A Size: N/A Morphology: N/A Distribution: Precipitated at grain boundaries Interface: N/A Others: N/A   2:  θ phase Structure: N/A Lattice constants: N/A Size: N/A Morphology: N/A Distribution: Precipitated at grain boundaries Interface: N/A Others: N/A 
15390,  1:  Matrix Structure: N/A Lattice constants: N/A Size: N/A Morphology: N/A Distribution: N/A Interface: N/A Others: N/A   2:  γ-phase Mg17Al12 Structure: N/A Lattice constants: N/A Size: N/A Morphology: massive Distribution: fine precipitates near the grain boundary Interface: N/A Others: N/A   3:  Mg17(Al Zn)12 Structure: N/A Lattice constants: N/A Size: N/A Morphology: N/A Distribution: N/A Interface: N/A Others: N/A,  1:  Matrix Structure: N/A Lattice constants: N/A Size: N/A Morphology: N/A Distribution: N/A Interface: N/A Others: N/A   2:  γ-phase Mg17Al12 Structure: N/A Lattice constants: N/A Size: N/A Morphology: massive Distribution: fine precipitates near the grain boundary Interface: N/A Others: N/A   3:  Mg17(Al Zn)12 Structure: N/A Lattice constants: N/A Size: N/A Morphology: N/A Distribution: N/A Interface: N/A Others: N/A    Characteristic: precipitates: fine precipitates near the grain boundary  
15391,  1:  Matrix Structure: N/A Lattice constants: N/A Size: grain magnification Morphology: N/A Distribution: N/A Interface: N/A Others: N/A,  1:  Matrix Structure: N/A Lattice constants: N/A Size: grain magnification Morphology: N/A Distribution: N/A Interface: N/A Others: N/A 
15392,  1:  Matrix Structure: similar to B1 Lattice constants: N/A Size: further grain magnification Morphology: N/A Distribution: N/A Interface: N/A Others: N/A,  1:  Matrix Structure: similar to B1 Lattice constants: N/A Size: further grain magnification Morphology: N/A Distribution: N/A Interface: N/A Others: N/A 
15393,  1:  Matrix Structure: similar to B1 and B2 Lattice constants: N/A Size: N/A Morphology: N/A Distribution: new precipitates near grain boundary Interface: N/A Others: N/A,  1:  Matrix Structure: similar to B1 and B2 Lattice constants: N/A Size: N/A Morphology: N/A Distribution: new precipitates near grain boundary Interface: N/A Others: N/A 
15394,  1:  γ Structure: N/A Lattice constants: N/A Size: fine Morphology: N/A Distribution: Near grain boundary Interface: N/A Others: N/A,  1:  γ Structure: N/A Lattice constants: N/A Size: fine Morphology: N/A Distribution: Near grain boundary Interface: N/A Others: N/A 
15395, ,
15474,N/A,N/A.
15475,N/A,N/A.
15476,N/A,N/A.
15477,N/A,N/A.
15478,N/A,N/A.
15485,N/A,N/A.
15486,N/A,N/A.
15487,1: η precipitates  Structure:N/A  Lattice constants:N/A  Size:coarser  Morphology:N/A  Distribution:more sparsely distributed  Interface:N/A      State:N/A Fracture mode:mainly intergranular with some microvoid coalescence Parameters:N/A ,1: η precipitates  Structure:N/A  Lattice constants:N/A  Size:coarser  Morphology:N/A  Distribution:more sparsely distributed  Interface:N/A      State:N/A Fracture mode:mainly intergranular with some microvoid coalescence Parameters:N/A 
15705,N/A,N/A.
15706,N/A,N/A.
16209, Pearlite_Percentage: 15.62±0.75/% Grain_Refinement: Fine grained Martensite/Austenite_Islands: Present Others: N/A,Pearlite_Percentage: 15.62±0.75/% Grain_Refinement: Fine grained Martensite/Austenite_Islands: Present 
16210,  Pearlite_Percentage: 12.22±0.47/%  Grain_Refinement: Fine grained  Martensite/Austenite_Islands: Present  Others: N/A,  Pearlite_Percentage: 12.22±0.47/%  Grain_Refinement: Fine grained  Martensite/Austenite_Islands: Present  
16211, Pearlite_Percentage: 3.91±0.21/% Martensite/Austenite_Islands: Present ,Pearlite_Percentage: 3.91±0.21/% Martensite/Austenite_Islands: Present 
16212, ,
16642,  Average Grain size: 19.7/μm  Grain shape: N/A   Others: N/A   Characteristic: Coarse grains  uneven distribution     1:  Fe2Nb-type Laves phase Structure: N/A Lattice constants: N/A Size: Increased content and size Morphology: N/A Distribution: N/A Interface: N/A Others: N/A,  Average Grain size: 19.7/μm  Grain shape: N/A   Others: N/A   Characteristic: Coarse grains  uneven distribution     1:  Fe2Nb-type Laves phase Structure: N/A Lattice constants: N/A Size: Increased content and size Morphology: N/A Distribution: N/A Interface: N/A Others: N/A 
19226,  1:  α-fine Structure: N/A Lattice constants: N/A Size: width: 0.12±0.02/μm  length: 1.95±0.67/μm Morphology: N/A Distribution: N/A Interface: N/A Others: N/A   2:  α-laths Structure: N/A Lattice constants: N/A Size: width: 2.54±0.37/μm  length: 12.04±4.31/μm Morphology: N/A Distribution: N/A Interface: N/A Others: volume fraction: 54.8±2/%,  1:  α-fine Structure: N/A Lattice constants: N/A Size: width: 0.12±0.02/μm  length: 1.95±0.67/μm Morphology: N/A Distribution: N/A Interface: N/A Others: N/A   2:  α-laths Structure: N/A Lattice constants: N/A Size: width: 2.54±0.37/μm  length: 12.04±4.31/μm Morphology: N/A Distribution: N/A Interface: N/A Others: volume fraction: 54.8±2/% 
19227,  1:  αfine Structure: N/A Lattice constants: N/A Size: width: 0.17±0.03/μm  length: 2.08±0.34/μm Morphology: N/A Distribution: N/A Interface: N/A Others: N/A   2:  αlaths Structure: N/A Lattice constants: N/A Size: width: 2.01±0.44/μm  length: 14.67±2.03/μm Morphology: N/A Distribution: N/A Interface: N/A Others: volume fraction: 53.0±4/%, 1:  αfine Structure: N/A Lattice constants: N/A Size: width: 0.17±0.03/μm  length: 2.08±0.34/μm Morphology: N/A Distribution: N/A Interface: N/A Others: N/A   2:  αlaths Structure: N/A Lattice constants: N/A Size: width: 2.01±0.44/μm  length: 14.67±2.03/μm Morphology: N/A Distribution: N/A Interface: N/A Others: volume fraction: 53.0±4/% 
19228,  1:  αfine Structure: N/A Lattice constants: N/A Size: width: 0.19±0.08/μm  length: 2.14±0.59/μm Morphology: N/A Distribution: N/A Interface: N/A Others: N/A   2:  αlaths Structure: N/A Lattice constants: N/A Size: width: 1.88±0.39/μm  length: 14.54±3.72/μm Morphology: N/A Distribution: N/A Interface: N/A Others: N/A,  1:  Matrix Structure: N/A Lattice constants: N/A Size: width: 0.19±0.08/μm  length: 2.14±0.59/μm Morphology: N/A Distribution: N/A Interface: N/A Others: N/A   2:  Matrix Structure: N/A Lattice constants: N/A Size: width: 1.88±0.39/μm  length: 14.54±3.72/μm Morphology: N/A Distribution: N/A Interface: N/A Others: N/A    Characteristic: N/A  
19294,composition:anatase and rutile titania  Ni2O3  ,composition:anatase and rutile titania  Ni2O3  
22491,N/A,N/A.
22493,N/A,N/A.
22494,N/A,N/A.
22496,N/A,N/A.
24466,  Average Grain size: 45/µm  Grain shape: N/A   Others: N/A   1:  Mg24(Gd  Y)5 Structure: N/A Lattice constants: N/A Size: N/A Morphology: Cuboid-shaped Distribution: N/A Interface: N/A Others: N/A,  Average Grain size: 45/µm  Grain shape: N/A   Others: N/A   1:  Mg24(Gd  Y)5 Structure: N/A Lattice constants: N/A Size: N/A Morphology: Cuboid-shaped Distribution: N/A Interface: N/A Others: N/A 
24467,  1:  N/A Structure: N/A Lattice constants: N/A Size: 0.3–2/µm Morphology: Cuboid-shaped Distribution: N/A Interface: N/A Others: N/A,  1:  Matrix Structure: N/A Lattice constants: N/A Size: 0.3–2/µm Morphology: Cuboid-shaped Distribution: N/A Interface: N/A Others: N/A 
24468,  1:  N/A Structure: N/A Lattice constants: N/A Size: N/A Morphology: Cuboid-shaped Distribution: Increased amount during solution treatment Interface: N/A Others: N/A,  1:  N/A Structure: N/A Lattice constants: N/A Size: N/A Morphology: Cuboid-shaped Distribution: Increased amount during solution treatment Interface: N/A Others: N/A 
24469,Average Grain size:54/µm Grain shape:N/A ,Average Grain size:54/µm Grain shape:N/A 
25843,  Average Grain size: Smaller than DA  Grain shape: Equiaxed   Others: N/A   1:  α-Al  Fe element Structure: N/A Lattice constants: N/A Size: Reduced number and size Morphology: N/A Distribution: Evenly distributed  continuous point-like at grain boundary Interface: N/A Others: N/A,  Average Grain size: Smaller than DA  Grain shape: Equiaxed   Others: N/A   1:  α-Al Structure: N/A Lattice constants: N/A Size: Reduced number and size Morphology: N/A Distribution: Evenly distributed  continuous point-like at grain boundary Interface: N/A Others: N/A   2:  Fe element Structure: N/A Lattice constants: N/A Size: N/A Morphology: N/A Distribution: N/A Interface: N/A Others: N/A 
25844,  Average Grain size: Larger than T6  Grain shape: Equiaxed   Others: N/A   1:  α-Al Structure: N/A Lattice constants: N/A Size: Reduced number and size Morphology: N/A Distribution: Evenly distributed  continuous point-like at grain boundary Interface: N/A Others: N/A,  Average Grain size: Larger than T6  Grain shape: Equiaxed   Others: N/A   1:  α-Al Structure: N/A Lattice constants: N/A Size: Reduced number and size Morphology: N/A Distribution: Evenly distributed  discontinuous at grain boundary Interface: N/A Others: N/A 
26825,Average Grain size:13±5/μm Grain shape:N/A  ,Average Grain size:13±5/μm Grain shape:N/A  
26826,Average Grain size:17±3/μm Grain shape:N/A  ,Average Grain size:17±3/μm Grain shape:N/A  
26827,Average Grain size:14±4/μm Grain shape:N/A  ,Average Grain size:14±4/μm Grain shape:N/A  
26828,Average Grain size:11±3/μm Grain shape:N/A  ,Average Grain size:11±3/μm Grain shape:N/A  
29211,N/A,N/A.
29212,N/A,  Others: N/A   
29213,  Average Grain size: Largest among samples  Grain shape: N/A   Others: N/A,  Average Grain size: Largest among samples  Grain shape: N/A   Others: N/A
29214,  Average Grain size: Smallest among samples  Grain shape: N/A   Others: N/A,  Average Grain size: Smallest among samples  Grain shape: N/A   Others: N/A
29215,N/A,N/A.
29716,N/A,N/A.
29717,N/A,N/A.
29718,N/A,N/A.
29719,,N/A.
29720,,N/A.
29721,N/A,N/A.
29722,N/A,N/A.
29804,Average Grain size:20/μm Grain shape:N/A ,Average Grain size:20/μm Grain shape:N/A 
29805,  Average Grain size: 20/μm  Grain shape: N/A   Others: N/A,  Average Grain size: 20/μm  Grain shape: N/A   Others: N/A
29806,Average Grain size:25/μm Grain shape:N/A ,Average Grain size:25/μm Grain shape:N/A 
29807,Average Grain size:7/μm Grain shape:N/A ,Average Grain size:7/μm Grain shape:N/A 
29808,  Average Grain size: 40/μm  Grain shape: N/A   Others: N/A,  Average Grain size: 40/μm  Grain shape: N/A   Others: N/A
29809,Average Grain size:25/μm Grain shape:N/A ,Average Grain size:25/μm Grain shape:N/A 
29810,Average Grain size:100/μm Grain shape:N/A ,Average Grain size:100/μm Grain shape:N/A 
29811,Average Grain size:25/μm Grain shape:N/A ,Average Grain size:25/μm Grain shape:N/A 
30101,1:Si and/or Mg clusters Structure: N/A Lattice constants:N/A  Size:ultrafine Morphology:Spherical  Distribution:N/A Interface:N/A ,1:Si and/or Mg clusters Structure: N/A Lattice constants:N/A  Size:ultrafine Morphology:Spherical  Distribution:N/A Interface:N/A 
30102,  1:  β″ particles Structure: coherent Lattice constants: N/A Size: N/A Morphology: needle-shaped Distribution: N/A Interface: N/A Others: N/A,  1:  β″ particles Structure: coherent Lattice constants: N/A Size: N/A Morphology: needle-shaped Distribution: N/A Interface: N/A Others: N/A    1:  GP zones Width: N/A Others: N/A 
30103,  1:  β″ Structure: Network of hard  non-shearable coherent Lattice constants: N/A Size: N/A Morphology: needles Distribution: N/A Interface: N/A Others: N/A,  1:  β″ Structure: Network of hard  non-shearable coherent Lattice constants: N/A Size: N/A Morphology: needles Distribution: N/A Interface: N/A Others: N/A 
30104,  1:  precipitates Structure: N/A Lattice constants: N/A Size: N/A Morphology: N/A Distribution: N/A Interface: N/A Others: N/A,  1:  precipitates Structure: N/A Lattice constants: N/A Size: N/A Morphology: N/A Distribution: N/A Interface: N/A Others: N/A 
30148,,
30149,,
30150,,
30151,,
30152,,
30153, Layered Structure:    Others: N/A,Layered Structure:    Others: N/A
30329,  1:  Al3Ti  C-TiO  M-TiO  Al4C3  MgO  TiO2 Structure: brookite  anatase  and rutile Lattice constants: N/A Size: 90-150/nm Morphology: spherical Distribution: N/A Interface: N/A Others: N/A,  1:  Al3Ti  C-TiO  M-TiO  Al4C3  MgO  TiO2 Structure: brookite  anatase  and rutile Lattice constants: N/A Size: 90-150/nm Morphology: spherical Distribution: N/A Interface: N/A Others: N/A    Average Grain size: 0.49±0.18/μm  Grain shape: N/A   Others: N/A
30330,  1:  Al3Ti  C-TiO  M-TiO  Al4C3  MgO  TiO2 Structure: brookite  anatase  and rutile Lattice constants: N/A Size: 90-150/nm Morphology: spherical Distribution: N/A Interface: N/A Others: N/A,  1:  Al3Ti  C-TiO  M-TiO  Al4C3  MgO  TiO2 Structure: brookite  anatase  and rutile Lattice constants: N/A Size: 90-150/nm Morphology: spherical Distribution: N/A Interface: N/A Others: N/A    Average Grain size: 0.49±0.18/μm  Grain shape: N/A   Others: N/A
30378,  Others: N/A   ,  Others: N/A   
30379,N/A,N/A.
30380,N/A,N/A.
30381,N/A,N/A.
30382,N/A,N/A.
30383,N/A,N/A.
30384,N/A,N/A.
30385,N/A,N/A.
30386,N/A,N/A.
30387,N/A,N/A.
30400, 1:   γinit  Structure: N/A  Lattice constants: N/A  Size: N/A  Morphology: N/A  Distribution: 60%  Interface: N/A   Others: N/A 2:   γdepl  Structure: N/A  Lattice constants: N/A  Size: N/A  Morphology: N/A  Distribution: 20%  Interface: N/A   Others: N/A 3:   κ phase  Structure: N/A  Lattice constants: N/A  Size: N/A  Morphology: N/A  Distribution: 20%  Interface: N/A   Others: N/A,1:   γinit  Structure: N/A  Lattice constants: N/A  Size: N/A  Morphology: N/A  Distribution: 60%  Interface: N/A   Others: N/A 2:   γdepl  Structure: N/A  Lattice constants: N/A  Size: N/A  Morphology: N/A  Distribution: 20%  Interface: N/A   Others: N/A 3:   κ phase  Structure: N/A  Lattice constants: N/A  Size: N/A  Morphology: N/A  Distribution: 20%  Interface: N/A   Others: N/A
30401, 1:   γinit  Structure: N/A  Lattice constants: N/A  Size: N/A  Morphology: N/A  Distribution: 40%  Interface: N/A   Others: N/A 2:   γdepl  Structure: N/A  Lattice constants: N/A  Size: N/A  Morphology: N/A  Distribution: 25%  Interface: N/A   Others: N/A 3:   κ phase  Structure: N/A  Lattice constants: N/A  Size: N/A  Morphology: N/A  Distribution: 35%  Interface: N/A   Others: N/A,1:   γinit  Structure: N/A  Lattice constants: N/A  Size: N/A  Morphology: N/A  Distribution: 40%  Interface: N/A   Others: N/A 2:   γdepl  Structure: N/A  Lattice constants: N/A  Size: N/A  Morphology: N/A  Distribution: 25%  Interface: N/A   Others: N/A 3:   κ phase  Structure: N/A  Lattice constants: N/A  Size: N/A  Morphology: N/A  Distribution: 35%  Interface: N/A   Others: N/A
30402,1:γ phase Structure:Austenitic Lattice constants:N/A Size:N/A Morphology:N/A Distribution:N/A Interface:N/A  2:κ phase particles Structure:N/A Lattice constants:N/A Size:2-3 nm Morphology:N/A Distribution:N/A Interface:N/A,1:γ phase Structure:Austenitic Lattice constants:N/A Size:N/A Morphology:N/A Distribution:N/A Interface:N/A  2:κ phase particles Structure:N/A Lattice constants:N/A Size:2-3 nm Morphology:N/A Distribution:N/A Interface:N/A 
30403,N/A,N/A.
30404,N/A,N/A.
30405,N/A,N/A.
30674,N/A,N/A.
30676,N/A,N/A.
30878,N/A,N/A.
30879,N/A,N/A.
30885, , 
30886, , 
31099, 1:   alpha(Al)  Structure: N/A  Lattice constants: N/A  Size: N/A  Morphology: N/A  Distribution: N/A  Interface: N/A   Others: N/A 2:   Si  Structure: N/A  Lattice constants: N/A  Size: N/A  Morphology: N/A  Distribution: N/A  Interface: N/A   Others: N/A 3:   theta-CuAl2  Structure: N/A  Lattice constants: N/A  Size: N/A  Morphology: N/A  Distribution: N/A  Interface: N/A   Others: N/A 4:   beta-Mg2Si  Structure: N/A  Lattice constants: N/A  Size: N/A  Morphology: N/A  Distribution: N/A  Interface: N/A   Others: N/A 5:   Q-Al5Mg8Cu2Si6  Structure: N/A  Lattice constants: N/A  Size: N/A  Morphology: N/A  Distribution: N/A  Interface: N/A   Others: N/A 6:   pi-Al8Mg3FeSi6  Structure: N/A  Lattice constants: N/A  Size: N/A  Morphology: N/A  Distribution: N/A  Interface: N/A   Others: N/A,1:   alpha(Al)  Structure: N/A  Lattice constants: N/A  Size: N/A  Morphology: N/A  Distribution: N/A  Interface: N/A   Others: N/A 2:   Si  Structure: N/A  Lattice constants: N/A  Size: N/A  Morphology: N/A  Distribution: N/A  Interface: N/A   Others: N/A 3:   theta-CuAl2  Structure: N/A  Lattice constants: N/A  Size: N/A  Morphology: N/A  Distribution: N/A  Interface: N/A   Others: N/A 4:   beta-Mg2Si  Structure: N/A  Lattice constants: N/A  Size: N/A  Morphology: N/A  Distribution: N/A  Interface: N/A   Others: N/A 5:   Q-Al5Mg8Cu2Si6  Structure: N/A  Lattice constants: N/A  Size: N/A  Morphology: N/A  Distribution: N/A  Interface: N/A   Others: N/A 6:   pi-Al8Mg3FeSi6  Structure: N/A  Lattice constants: N/A  Size: N/A  Morphology: N/A  Distribution: N/A  Interface: N/A   Others: N/A
31100,1: Si particles  theta-CuAl2  beta-Mg2Si precipitates  Structure: N/A  Lattice constants:N/A  Size:finer  Morphology:Si particles: eutectic    theta-CuAl2: finer  Distribution:N/A  Interface:N/A    2: beta-Mg2Si  Structure: N/A  Lattice constants:N/A  Size:finer  Morphology:Chinese script morphology  Distribution:N/A  Interface:N/A     ,1: Si particles  theta-CuAl2  beta-Mg2Si precipitates  Structure: N/A  Lattice constants:N/A  Size:finer  Morphology:Si particles: eutectic    theta-CuAl2: finer  Distribution:N/A  Interface:N/A    2: beta-Mg2Si  Structure: N/A  Lattice constants:N/A  Size:finer  Morphology:Chinese script morphology  Distribution:N/A  Interface:N/A     
31249,N/A,N/A.
31250,N/A,N/A.
31251,N/A,N/A.
31252,N/A,N/A.
31253,N/A,N/A.
31327,N/A,N/A.
31328,N/A,N/A.
31329,N/A,N/A.
31330,N/A,N/A.
31331,N/A,N/A.
31332,N/A,N/A.
31333,N/A,N/A.
31334,N/A,N/A.
31365,  1:  γ′ [Ni3(Nb  Al  Ti)]  Ni2(Cr  Mo) Structure: N/A Lattice constants: N/A Size: N/A Morphology: N/A Distribution: Intra-granular precipitation Interface: N/A Others: N/A   2:  Ni2(Cr  Mo) Structure: N/A Lattice constants: N/A Size: N/A Morphology: N/A Distribution: N/A Interface: N/A Others: N/A,  1:  γ′ [Ni3(Nb  Al  Ti)]  Ni2(Cr  Mo) Structure: N/A Lattice constants: N/A Size: N/A Morphology: N/A Distribution: Intra-granular precipitation Interface: N/A Others: N/A   2:  Ni2(Cr  Mo) Structure: N/A Lattice constants: N/A Size: N/A Morphology: N/A Distribution: N/A Interface: N/A Others: N/A    1: Kind: N/A Proportion: N/A  
31366,  1:  γ′ and Ni2(Cr  Mo) phases Structure: N/A Lattice constants: N/A Size: N/A Morphology: N/A Distribution: N/A Interface: N/A Others: N/A   2:  δ Structure: N/A Lattice constants: N/A Size: N/A Morphology: N/A Distribution: N/A Interface: N/A Others: N/A,  1:  γ′ and Ni2(Cr  Mo) phases Structure: N/A Lattice constants: N/A Size: N/A Morphology: N/A Distribution: N/A Interface: N/A Others: N/A   2:  δ Structure: N/A Lattice constants: N/A Size: N/A Morphology: N/A Distribution: N/A Interface: N/A Others: N/A 
31367,  1:  intermetallic γ′  Ni2(Cr  Mo) phases Structure: N/A Lattice constants: N/A Size: N/A Morphology: N/A Distribution: N/A Interface: N/A Others: N/A   2:  Secondary carbides Structure: N/A Lattice constants: N/A Size: N/A Morphology: N/A Distribution: N/A Interface: N/A Others: N/A,  1:  intermetallic γ′  Ni2(Cr  Mo) phases Structure: N/A Lattice constants: N/A Size: N/A Morphology: N/A Distribution: N/A Interface: N/A Others: N/A   2:  Secondary carbides Structure: N/A Lattice constants: N/A Size: N/A Morphology: N/A Distribution: N/A Interface: N/A Others: N/A 
31368,  1:  Ni2(Cr  Mo) phase Structure: N/A Lattice constants: N/A Size: N/A Morphology: N/A Distribution: N/A Interface: N/A Others: N/A   2:  γ′ precipitates Structure: N/A Lattice constants: N/A Size: N/A Morphology: N/A Distribution: N/A Interface: N/A Others: N/A,  1:  Ni2(Cr  Mo) phase Structure: N/A Lattice constants: N/A Size: N/A Morphology: N/A Distribution: N/A Interface: N/A Others: N/A   2:  γ′ precipitates Structure: N/A Lattice constants: N/A Size: N/A Morphology: N/A Distribution: N/A Interface: N/A Others: N/A 
31369,  1:  γ′ and Ni2(Cr  Mo) phases Structure: N/A Lattice constants: N/A Size: N/A Morphology: N/A Distribution: N/A Interface: N/A Others: N/A   2:  δ phase Structure: N/A Lattice constants: N/A Size: N/A Morphology: N/A Distribution: N/A Interface: N/A Others: N/A,  1:  γ′ and Ni2(Cr  Mo) phases Structure: N/A Lattice constants: N/A Size: N/A Morphology: N/A Distribution: N/A Interface: N/A Others: N/A   2:  δ phase Structure: N/A Lattice constants: N/A Size: N/A Morphology: N/A Distribution: N/A Interface: N/A Others: N/A 
31594,,
31595,,
31596,,
31597,1:alpha_double_prime Structure: N/A Lattice constants:N/A  Size:N/A Morphology:N/A  Distribution:N/A Interface:N/A  ,1:alpha_double_prime Structure: N/A Lattice constants:N/A  Size:N/A Morphology:N/A  Distribution:N/A Interface:N/A  
31598,  1:  omega phase Structure: N/A Lattice constants: N/A Size: N/A Morphology: N/A Distribution: N/A Interface: N/A Others: N/A,  1:  omega phase Structure: N/A Lattice constants: N/A Size: N/A Morphology: N/A Distribution: N/A Interface: N/A Others: N/A 
31599,  1:  B2 phase Structure: Single-phase  nanocrystals Lattice constants: N/A Size: 1-50/nm Morphology: N/A Distribution: N/A Interface: N/A Others: surface layer thickness: up to 10/μm,  1:  B2 phase Structure: Single-phase  nanocrystals Lattice constants: N/A Size: 1-50/nm Morphology: N/A Distribution: N/A Interface: N/A Others: surface layer thickness: up to 10/μm 
31600, , 
31601, , 
31602,  Characteristic: nanostructured alloys,  Characteristic: nanostructured alloys  
31603,N/A,N/A.
31604,N/A,N/A.
31605,N/A,N/A.
31692, , 
31693, ,
31694, ,
31704, , 
31705, Others: N/A,Others: N/A
31706, , 
31789,N/A,N/A.
31790,  1:  α phase Structure: N/A Lattice constants: N/A Size: width 60±6/nm  length/300±20 nm Morphology: N/A Distribution: N/A Interface: N/A Others: N/A,  1:  α phase Structure: N/A Lattice constants: N/A Size: width 60±6 nm  length 300±20 nm Morphology: N/A Distribution: N/A Interface: N/A Others: N/A 
31791,  1:  α phase Structure: N/A Lattice constants: N/A Size: width 50±11/nm  length 250±17/nm, 
31792,N/A,N/A.
31793,  1:  α phase Structure: N/A Lattice constants: N/A Size: width 40±7/nm  length 270±18/nm,  1:  Matrix Structure: N/A Lattice constants: N/A Size: width 40±7 nm  length 270±18 nm Morphology: N/A Distribution: N/A Interface: N/A Others: N/A 
31794,  1:  α phase Structure: N/A Lattice constants: N/A Size: width 40±7/nm  length 170±15/nm Morphology: Spherical Distribution: N/A Interface: N/A,  1:  α phase Structure: N/A Lattice constants: N/A Size: width 40±7/nm  length 170±15/nm Morphology: Spherical Distribution: N/A Interface: N/A  
31851,N/A,N/A.
31852,N/A,N/A.
31853,N/A,N/A.
31854,N/A,N/A.
31855,N/A,N/A.
31856,N/A,N/A.
31857,N/A,N/A.
31858,N/A,N/A.
31859,N/A,N/A.
31860,, 
31942,  1: Average Grain size: equiaxed: 5–12 µm  columnar width: 30–60 µm  columnar height: 150–200 µm Grain shape: Equiaxed  Columnar Others: N/A   2: Average Grain size: equiaxed: 40–55 µm  columnar width: 30–70 µm  columnar height: 100–150 µm Grain shape: Equiaxed  Columnar Others: N/A   3: Average Grain size: equiaxed: 60–150 µm Grain shape: Equiaxed Others: N/A   4: Average Grain size: equiaxed: 90–180 µm Grain shape: Equiaxed Others: N/A,  1: Average Grain size: equiaxed: 5–12 µm  columnar width: 30–60 µm  columnar height: 150–200 µm Grain shape: Equiaxed  Columnar Others: N/A   2: Average Grain size: equiaxed: 40–55 µm  columnar width: 30–70 µm  columnar height: 100–150 µm Grain shape: Equiaxed  Columnar Others: N/A   3: Average Grain size: equiaxed: 60–150 µm Grain shape: Equiaxed Others: N/A   4: Average Grain size: equiaxed: 90–180 µm Grain shape: Equiaxed Others: N/A 
31943,  1: Average Grain size: Equiaxed: 6–14 µm Columnar Width: 40–100 µm Columnar Height: 200–400 µm Grain shape: Mixed Others: N/A   2: Average Grain size: Equiaxed: 60–70 µm Columnar Width: 50–120 µm Columnar Height: 160–300 µm Grain shape: Mixed Others: N/A   3: Average Grain size: Equiaxed: 50–90 µm Columnar Width: 30–55 µm Columnar Height: 130–240 µm Grain shape: Mixed Others: N/A   4: Average Grain size: Equiaxed: 80–170 µm Columnar Width: 30–100 µm Columnar Height: 90–150 µm Grain shape: Mixed Others: N/A,  1: Average Grain size: Equiaxed: 6–14 µm Columnar Width: 40–100 µm Columnar Height: 200–400 µm Grain shape: Mixed Others: N/A   2: Average Grain size: Equiaxed: 60–70 µm Columnar Width: 50–120 µm Columnar Height: 160–300 µm Grain shape: Mixed Others: N/A   3: Average Grain size: Equiaxed: 50–90 µm Columnar Width: 30–55 µm Columnar Height: 130–240 µm Grain shape: Mixed Others: N/A   4: Average Grain size: Equiaxed: 80–170 µm Columnar Width: 30–100 µm Columnar Height: 90–150 µm Grain shape: Mixed Others: N/A 
31944,N/A,N/A.
31945,N/A,N/A.
31946,N/A,N/A.
32004,  1:  Dual phase (α  β) Structure: N/A Lattice constants: N/A Size: 167–198/nm Morphology: Spherical Distribution: N/A Interface: N/A,  1:  Dual phase (α  β) Structure: N/A Lattice constants: N/A Size: 167–198/nm Morphology: Spherical Distribution: N/A Interface: N/A      
32005,  1:  α phase Structure: N/A Lattice constants: N/A Size: 93–126/nm Morphology: Spherical Distribution: N/A Interface: N/A,  1:  α phase Structure: N/A Lattice constants: N/A Size: 93–126/nm Morphology: Spherical Distribution: N/A Interface: N/A      
32012,,
32013,,
32014,,
32015,  1:  N/A Structure: N/A Lattice constants: N/A Size: N/A Morphology: Spherical Distribution: N/A Interface: N/A    2:  N/A Structure: N/A Lattice constants: N/A Size: N/A Morphology: Acicular Distribution: N/A Interface: N/A,  1:  N/A Structure: N/A Lattice constants: N/A Size: N/A Morphology: Spherical Distribution: N/A Interface: N/A    2:  N/A Structure: N/A Lattice constants: N/A Size: N/A Morphology: Acicular Distribution: N/A Interface: N/A      
32016,  1:  N/A Structure: N/A Lattice constants: N/A Size: N/A Morphology: Needle Distribution: N/A Interface: N/A    2:  N/A Structure: N/A Lattice constants: N/A Size: N/A Morphology: Blocky Distribution: N/A Interface: N/A ,  1:  N/A Structure: N/A Lattice constants: N/A Size: N/A Morphology: Needle Distribution: N/A Interface: N/A    2:  N/A Structure: N/A Lattice constants: N/A Size: N/A Morphology: Blocky Distribution: N/A Interface: N/A        
32017,  1:  N/A Structure: N/A Lattice constants: N/A Size: N/A Morphology: Blocky Distribution: N/A Interface: N/A    2:  N/A Structure: N/A Lattice constants: N/A Size: N/A Morphology: Stick Distribution: N/A Interface: N/A ,  1:  N/A Structure: N/A Lattice constants: N/A Size: N/A Morphology: Blocky Distribution: N/A Interface: N/A    2:  N/A Structure: N/A Lattice constants: N/A Size: N/A Morphology: Stick Distribution: N/A Interface: N/A        
32018,  1:  N/A Structure: N/A Lattice constants: N/A Size: N/A Morphology: Spherical Distribution: N/A Interface: N/A    2:  N/A Structure: N/A Lattice constants: N/A Size: N/A Morphology: Stick Distribution: N/A Interface: N/A ,  1:  N/A Structure: N/A Lattice constants: N/A Size: N/A Morphology: Spherical Distribution: N/A Interface: N/A    2:  N/A Structure: N/A Lattice constants: N/A Size: N/A Morphology: Stick Distribution: N/A Interface: N/A        
32019,  1:  N/A Structure: N/A Lattice constants: N/A Size: N/A Morphology: Acicular Distribution: N/A Interface: N/A,  1:  N/A Structure: N/A Lattice constants: N/A Size: N/A Morphology: Acicular Distribution: N/A Interface: N/A      
32020,  1:  N/A Structure: N/A Lattice constants: N/A Size: N/A Morphology: Needle-like Distribution: N/A Interface: N/A    2:  N/A Structure: N/A Lattice constants: N/A Size: N/A Morphology: Blocky Distribution: N/A Interface: N/A,  1:  N/A Structure: N/A Lattice constants: N/A Size: N/A Morphology: Needle-like Distribution: N/A Interface: N/A    2:  N/A Structure: N/A Lattice constants: N/A Size: N/A Morphology: Blocky Distribution: N/A Interface: N/A      
32021,N/A,N/A.
32022,N/A,N/A.
32023,N/A,N/A.
32024,N/A,N/A.
32038,N/A,N/A.
32039,N/A,N/A.
32040,N/A,N/A.
32041,N/A,N/A.
32042,N/A,N/A.
32043,N/A,N/A.
32044,N/A,N/A.
32045,N/A,N/A.
32046,N/A,N/A.
32047,N/A,N/A.
32048,N/A,N/A.
32049,N/A,N/A.
32095,N/A,N/A.
32096,N/A,N/A.
32097,N/A,N/A.
32098,N/A,N/A.
32099,N/A,N/A.
32100,N/A,N/A.
32101,N/A,N/A.
32102,N/A,N/A.
32103,N/A,N/A.
32127,  1:  M6C Structure: N/A Lattice constants: N/A Size: N/A Morphology: Needle-like Distribution: at grain boundary Interface: N/A Others: N/A   2:  γ′ Structure: N/A Lattice constants: N/A Size: N/A Morphology: Spherical Distribution: N/A Interface: N/A Others: N/A,  1:  M6C Structure: N/A Lattice constants: N/A Size: N/A Morphology: Needle-like Distribution: at grain boundary Interface: N/A Others: N/A   2:  γ′ Structure: N/A Lattice constants: N/A Size: N/A Morphology: Spherical Distribution: N/A Interface: N/A Others: N/A 
32128,  1:  M6C Structure: N/A Lattice constants: N/A Size: N/A Morphology: Needle-like Distribution: At grain boundary Interface: N/A Others: N/A   2:  γ′ Structure: N/A Lattice constants: N/A Size: N/A Morphology: Spherical Distribution: N/A Interface: N/A Others: N/A,  1:  M6C Structure: N/A Lattice constants: N/A Size: N/A Morphology: Needle-like Distribution: At grain boundary Interface: N/A Others: N/A   2:  γ′ Structure: N/A Lattice constants: N/A Size: N/A Morphology: Spherical Distribution: N/A Interface: N/A Others: N/A 
32129,  1:  M6C Structure: N/A Lattice constants: N/A Size: N/A Morphology: Needle-like Distribution: At grain boundary Interface: N/A Others: N/A   2:  γ′ Structure: N/A Lattice constants: N/A Size: N/A Morphology: Spherical Distribution: N/A Interface: N/A Others: N/A,  1:  M6C Structure: N/A Lattice constants: N/A Size: N/A Morphology: Needle-like Distribution: At grain boundary Interface: N/A Others: N/A   2:  γ′ Structure: N/A Lattice constants: N/A Size: N/A Morphology: Spherical Distribution: N/A Interface: N/A Others: N/A 
32130,1:γ′ Structure:N/A Lattice constants:N/A Size:<10 nm  131 nm  140 nm Morphology:Spherical Distribution:N/A Interface:N/A  2:Mo-enriched M6C phases Structure:N/A Lattice constants:N/A Size:2000 h: 1.19/µm  8000 h: 1.76/µm  12000 h: mild increase Morphology:Needle-like Distribution:At grain boundaries and in grains Interface:N/A  3:Ti(C  N) Structure:N/A Lattice constants:N/A Size:N/A Morphology:Black contrast Distribution:In grains Interface:N/A,1:γ′ Structure:N/A Lattice constants:N/A Size:<10 nm  131 nm  140 nm Morphology:Spherical Distribution:N/A Interface:N/A  2:Mo-enriched M6C phases Structure:N/A Lattice constants:N/A Size:2000 h: 1.19/µm  8000 h: 1.76/µm  12000 h: mild increase Morphology:Needle-like Distribution:At grain boundaries and in grains Interface:N/A  3:Ti(C  N) Structure:N/A Lattice constants:N/A Size:N/A Morphology:Black contrast Distribution:In grains Interface:N/A  Average Grain size:N/A Grain shape:Columnar 
32200,1:Matrix Structure:FCC  BCC Lattice constants:N/A Size:N/A Morphology:N/A Distribution:N/A Interface:N/A  2:sigma (σ) Structure:N/A Lattice constants:N/A Size:N/A Morphology:N/A Distribution:N/A Interface:N/A Others:strengthening phase: sigma (σ) phase,1:Matrix Structure:FCC  BCC Lattice constants:N/A Size:N/A Morphology:N/A Distribution:N/A Interface:N/A  2:sigma (σ) Structure:N/A Lattice constants:N/A Size:N/A Morphology:N/A Distribution:N/A Interface:N/A  Average Grain size:N/A Grain shape:Coarser grain structure 
32201,1:Matrix Structure:FCC  BCC/B2 Lattice constants:N/A Size:N/A Morphology:N/A Distribution:N/A Interface:N/A,1:Matrix Structure:FCC  BCC/B2 Lattice constants:N/A Size:N/A Morphology:N/A Distribution:N/A Interface:N/A  Average Grain size:N/A Grain shape:Coarser grain structure 
32202,1:Matrix Structure:FCC  BCC Lattice constants:N/A Size:N/A Morphology:N/A Distribution:N/A Interface:N/A,1:Matrix Structure:FCC  BCC Lattice constants:N/A Size:N/A Morphology:N/A Distribution:N/A Interface:N/A  Average Grain size:N/A Grain shape:Coarser grain structure 
32206,Average Grain size:39.0±2.3/μm Grain shape:N/A  ,Average Grain size:39.0±2.3/μm Grain shape:N/A  
32207,Average Grain size:39.0±2.3/μm Grain shape:N/A  ,Average Grain size:39.0±2.3/μm Grain shape:N/A  
32208,Average Grain size:40.2±2.2/μm Grain shape:N/A  ,Average Grain size:40.2±2.2/μm Grain shape:N/A  
32209,Average Grain size:40.2±2.2/μm Grain shape:N/A  ,Average Grain size:40.2±2.2/μm Grain shape:N/A  
32210,  1:  η′ + η Structure: N/A Lattice constants: N/A Size: 2.48 ± 0.93 nm Morphology: N/A Distribution: N/A Interface: N/A Others: average_spacing_λp: 25.25 ± 4.32 nm,  1:  η′ + η Structure: N/A Lattice constants: N/A Size: 2.48 ± 0.93 nm Morphology: N/A Distribution: N/A Interface: N/A Others: average_spacing_λp: 25.25 ± 4.32 nm    1:  GBPs Width: N/A Others: N/A 
32211,  1:   GP zone + η′ Structure: N/A Lattice constants: N/A Size: 1.24 ± 0.65/nm Morphology: N/A Distribution: N/A Interface: N/A Others: average spacing λp: 15.56 ± 2.86/nm,  1:  GP zone Structure: N/A Lattice constants: N/A Size: 1.24 ± 0.65 nm Morphology: N/A Distribution: N/A Interface: N/A Others: N/A   2:  η′ Structure: N/A Lattice constants: N/A Size: N/A Morphology: N/A Distribution: average spacing λp: 15.56 ± 2.86 nm Interface: N/A Others: N/A    1:  GBPs Width: N/A Others: N/A 
32212,  1:  η′ + η Structure: N/A Lattice constants: N/A Size: 1.69 ± 0.75/nm Morphology: N/A Distribution: N/A Interface: N/A Others: average spacing λp: 17.23 ± 2.98/nm,  1:  η′ + η Structure: N/A Lattice constants: N/A Size: 1.69 ± 0.75 nm Morphology: N/A Distribution: N/A Interface: N/A Others: N/A    Average GBPs Spacing: 47.62 ± 5.66 nm  Average GBPs Area Fraction: 18.33 ± 3.15 %  Average Precipitate Spacing: λp: 17.23 ± 2.98 nm  
32213,1:η′ + coarse η Structure:N/A Lattice constants:N/A Size:2.01 ± 0.89/nm Morphology:N/A Distribution:N/A Interface:N/A,  1:  η′ Structure: N/A Lattice constants: N/A Size: 2.01 ± 0.89 nm Morphology: N/A Distribution: average spacing λp: 22.05 ± 3.22 nm Interface: N/A Others: N/A   2:  coarse η Structure: N/A Lattice constants: N/A Size: N/A Morphology: N/A Distribution: N/A Interface: N/A Others: N/A    1: Kind: N/A Proportion: 30.01 ± 8.02 %   Others: N/A
