ID,GroundTruth_Heat_treatment,Extracted_Heat_treatment
109,"Casting:N/A,N/A,20/mm x 10/mm,Homogenization:520/°C,10/h,Solution_Treatment:Solution Treatment,520/°C,2/h,N/A,Quenching:Water quenching,Aging:Aging,200/°C, 225/°C,N/A,Thermal_Exposure:Thermal Exposure,225/°C,100/h,N/A,","Casting:  N/A,,  20/mm x 10/mm,Homogenization:  520/°C,  10/h, Solution Treatment, 520/°C,  2/h,  N/A,Quenching: Water quenching,  Aging,  200/°C, 225/°C, , Thermal Exposure,  225/°C,  100/h,  N/A"
110,"Casting:N/A,N/A,20/mm x 10/mm,Homogenization:520/°C,10/h,Solution_Treatment:Solution Treatment,520/°C,2/h,N/A,Quenching:Water quenching,Aging:Aging,200/°C, 225/°C,N/A,Thermal_Exposure:Thermal Exposure,225/°C,100/h,N/A,","Casting:  N/A,,  20/mm,Homogenization:  520/°C,  10/h, Solution Treatment, 520/°C,  2/h,  N/A,Quenching: Water quenching, Aging, 200/°C, 225/°C, , Thermal Exposure, 225/°C,  100/h,  N/A."
111,"Casting:N/A,N/A,20/mm x 10/mm,Homogenization:520/°C,10/h,Solution_Treatment:Solution Treatment,520/°C,2/h,N/A,Quenching:Water quenching,Aging:Aging,200/°C, 225/°C,N/A,Thermal_Exposure:Thermal Exposure,225/°C,100/h,N/A,","Casting:  N/A,,  Ф20 mm x 10 mm,Homogenization:  520/°C,  10/h, Solution,  520/°C,  2/h,  N/A,Quenching: Water quenching, Aging,  200/°C, 225/°C, , Thermal Exposure,  225/°C,  100/h,  N/A."
226," Cryogenic Treatment,, ,  N/A,","Cryogenic Treatment,, ,  N/A"
227," Cryogenic Treatment,, ,  N/A,","Cryogenic Treatment,, ,  N/A"
228," Cryogenic Treatment,, ,  N/A,","Cryogenic Treatment,, ,  N/A"
229," Cryogenic Treatment,, ,  N/A,","Cryogenic Treatment,, ,  N/A"
253," N/A,", N/A
254,"Solution:  950/°C,  1/h,  N/A,Quenching: Water quenching,","Solution:  950/°C,  1/h,  N/A,Quenching: Water quenching"
255," Solutionized, 950/°C,  1/h,  N/A,Cooling: Air Cooling,","Solutionized, 950/°C,  1/h,  N/A,Cooling: Air Cooling"
256,"Solution:  950/°C,  1/h,  N/A,Cooling: Furnace Cooling,","Solution:  950/°C,  1/h,  N/A,Cooling: Furnace Cooling"
257,"Solution:  950/°C,  1/h,  N/A,Quenching: Quenching,Artificial Aging:  540/°C,  5/h,Cooling: Air Cooling,","Solution:  950/°C,  1/h,  N/A,Quenching: Water quenching/Air Quenching/Oil Quenching,Artificial Aging:  540/°C,  5/h,Cooling: Air Cooling"
267,"N/A,", N/A
268,"N/A,", N/A
269,"N/A,", N/A
270,"N/A,", N/A
271,"solubilization, , ,  N/A,","solubilization, , ,  N/A"
272," Pouring,  780/°C, ,  N/A, Insert preheating,  300/°C, ,  N/A,","Pouring,  780/°C, ,  N/A Insert preheating,  300/°C, ,  N/A"
273," Pouring,  780/°C, ,  N/A, Insert preheating,  300/°C, ,  N/A,","Casting:  N/A, 780/°C,  N/A, Insert preheating, 300/°C, ,  N/A"
274," Pouring,  760/°C, ,  N/A, Insert preheating,  230/°C, ,  N/A,","Pouring temperature,  760/°C, ,  N/A Insert preheating,  230/°C, ,  N/A"
388,"N/A,", N/A
389," post-heat treatment, 850/°C,  2/h,  N/A,","post-heat treatment, 850/°C,  2/h,  N/A."
390,"Solution:1240/°C,8/h,N/A,Artificial Aging:850/°C,2/h,","Solution, 1240/°C,  8/h,  N/A, Artificial Aging, 850/°C,  2/h,  N/A"
391,"N/A,", N/A
392,"Solution:1240/°C,8/h,N/A,Artificial Aging:850/°C,2/h,","DA,  850/°C,  2/h,  N/A"
393,"Solution:1240/°C,8/h,N/A,Artificial Aging:850/°C,2/h,","Solution, 1240/°C,  8/h,  N/A, Artificial Aging, 850/°C,  2/h,  N/A"
428,"N/A,", N/A
429,"Stress Relief (SR),1065/°C,1/h,N/A,Cooling:Furnace Cooling,Solution:1100/°C,1/h,N/A,Quenching:Air Quenching,Artificial Aging:720/°C,620/°C,8/h,10/h,Cooling:Methods:[Furnace Cooling,Air Cooling],","SR, 1065/°C,  1/h,  N/A,Cooling: Furnace Cooling, Simulated HIP, 1150/°C,  4/h,  N/A,Cooling: Furnace Cooling,Solution:  1100/°C,  1/h,  N/A,Quenching: Air Quenching,Artificial Aging:  720/°C,  8/h,Cooling: Furnace Cooling,Artificial Aging:  620/°C,  10/h,Cooling: Air Cooling,Artificial Aging: , "
430,"Stress Relief (SR),1065/°C,1/h,N/A,Cooling:Furnace Cooling,Solution:1100/°C,1/h,N/A,Quenching:Air Quenching,Artificial Aging:720/°C,8/h,Cooling:Methods:[Air Cooling],","Stress Relief (SR),  1065/°C,  1/h,  N/A, Simulated Hot Isostatic Pressing (HIP),  1150/°C,  4/h,  N/A, Solution Annealing (SA),  1100/°C,  1/h,  N/A,Quenching: Air Quenching,Artificial Aging:  760/°C,  8/h."
431,"Stress Relief (SR),955/°C,1/h,N/A,Cooling:Furnace Cooling,Solution:1100/°C,1/h,N/A,Quenching:Air Quenching,Artificial Aging:720/°C,8/h,Cooling:Methods:[Air Cooling],","Stress Relieving (SR), 955/°C,  1/h,  N/A,Quenching: Water quenching, Simulated Hot Isostatic Pressing (HIP), 1150/°C,  4/h,  N/A,Cooling: Furnace Cooling, Stress Aging (SA), 1100/°C,  1/h,  N/A,Quenching: Air Quenching, Artificial Aging (AA-2), 760/°C,  8/h,  N/A,Cooling: Air Cooling."
701,"N/A,", N/A
702,"N/A,", N/A
703,"N/A,", N/A
704,"N/A,", N/A
705,"N/A,", N/A
706,"N/A,", N/A
707,"N/A,", N/A
708,"N/A,", N/A
857,"Casting:  As-cast,,  N/A,","Casting:  As-cast,,  N/A"
858,"Isothermal Aging:  850/°C,  4/h,","Isothermal Aging:  850/°C,  4/h"
859,"Isothermal Aging:  850/°C,  8/h,","Isothermal Aging:  850/°C,  8/h"
860,"Isothermal Aging:  850/°C,  16/h,","Isothermal Aging:  850/°C,  16/h"
861,"Isothermal Aging:  850/°C,  24/h,","Isothermal Aging:  850/°C,  24/h"
1154," Aging,  190/°C,  240/h, 720/h,  N/A.,","Aging,  190/°C,  240/h, 720/h,  N/A."
1155,"Artificial Aging:  190/°C,  240/h, 720/h,","Artificial Aging:  190/°C,  240/h, 720/h"
1156," Aging,  190/°C,  240/h, 720/h,  N/A,","Aging,  190/°C,  240/h, 720/h,  N/A"
1157," Aging,  190/°C,  240/h, 720/h,  N/A,","Aging,  190/°C,  240/h, 720/h,  N/A"
1158," Aging,  190/°C,  240/h, 720/h,  N/A.,","Aging,  190/°C,  240/h, 720/h,  N/A."
1159,"Artificial Aging:  190/°C,  240/h, 720/h,","Artificial Aging:  190/°C,  240/h, 720/h"
1255,"N/A,", N/A
1256,"N/A,", N/A
1257,"N/A,", N/A
1258,"N/A,", N/A
1259,"N/A,", N/A
1260,"N/A,", N/A
1261,"N/A,", N/A
1262,"N/A,", N/A
1263,"N/A,", N/A
1264,"N/A,", N/A
1265,"N/A,", N/A
1266,"N/A,", N/A
1267,"N/A,", N/A
1268,"N/A,", N/A
1269,"N/A,", N/A
1270,",",
1271," Heat Treatment (HT), , ,  N/A,","Heat Treatment (HT), , ,  N/A"
1272," Pressure Heat Treatment (PHT), , ,  N/A,","Pressure Heat Treatment (PHT), , ,  N/A"
1694,"Homogenization:  1170/°C,  2/h,Quenching: Air Quenching,","Homogenization:  1170/°C,  2/h,Quenching: Air Quenching"
1695,"Homogenization:  1170/°C,  2/h,Quenching: Water quenching,","Homogenization:  1170/°C,  2/h,Quenching: Water quenching"
1696,"Homogenization:  1170/°C,  2/h,Quenching: Air Quenching,  Isothermal Aging, 800/°C, 400/°C,  8/h, 4/h,Cooling: slow cooling, air cooling,","Homogenization:  1170/°C,  2/h,Quenching: Air Quenching,  Isothermal Aging, 800/°C, 400/°C,  8/h, 4/h,Cooling: slow cooling, air cooling"
1697,"Homogenization:  1170/°C,  2/h,Quenching: Water Quenching,  Isothermal Aging, 800/°C, 400/°C,  8/h, 4/h,Cooling: slow cooling, air cooling,","Homogenization:  1170/°C,  2/h,Quenching: Water Quenching,  Isothermal Aging, 800/°C, 400/°C,  8/h, 4/h,Cooling: slow cooling, air cooling"
1698,"Homogenization:  1170/°C,  2/h,Quenching: Air Quenching,  Isothermal Aging, 800/°C, 400/°C,  16/h, 4/h,Cooling: slow cooling, air cooling,","Homogenization:  1170/°C,  2/h,Quenching: Air Quenching,  Isothermal Aging, 800/°C, 400/°C,  16/h, 4/h,Cooling: slow cooling, air cooling"
1699,"Homogenization:  1170/°C,  2/h,Quenching: Water Quenching,  Isothermal Aging, 800/°C, 400/°C,  16/h, 4/h,Cooling: slow cooling, air cooling,","Homogenization:  1170/°C,  2/h,Quenching: Water Quenching,  Isothermal Aging, 800/°C, 400/°C,  16/h, 4/h,Cooling: slow cooling, air cooling"
1923,"Casting:  successive sand casting,,  N/A, Diffusion Annealing, 1040/°C, ,  N/A,Cooling: Rapid cooling, Tempering,  270/°C,  3/h,  N/A,","Casting:  successive sand casting,,  N/A, Diffusion Annealing, 1040/°C, ,  N/A,Cooling: Rapid cooling, Tempering,  270/°C,  3/h,  N/A"
1924,"Casting:  successive sand casting,,  N/A, Diffusion Annealing, 1040/°C, ,  N/A,Cooling: Rapid cooling, Tempering,  270/°C,  3/h,  N/A,","Casting:  successive sand casting,,  N/A, Diffusion Annealing, 1040/°C, ,  N/A,Cooling: Rapid cooling, Tempering,  270/°C,  3/h,  N/A."
1925,"Casting:  successive sand casting,,  N/A, Diffusion Annealing, 1040/°C, ,  N/A,Cooling: Rapid cooling, Tempering,  270/°C,  3/h,  N/A,","Casting:  successive sand casting,,  N/A, Diffusion Annealing, 1040/°C, ,  N/A,Cooling: Rapid cooling, Tempering,  270/°C,  3/h,  N/A"
2009,"N/A,", N/A
2010,"N/A,", N/A
2011,"N/A,", N/A
2012," N/A, , ,  N/A,","N/A,, ,  N/A"
2013,"N/A,", N/A
2014,"N/A,", N/A
2015,"N/A,", N/A
2194,"N/A,", N/A
2195,"N/A,", N/A
2196,"N/A,", N/A
2197,"N/A,", N/A
2198,"N/A,", N/A
2642," N/A, 738/K,  5/min,  N/A,","N/A, 738/K,  5/min,  N/A"
2643," N/A,  738/K,  5/min,  N/A,","N/A,  738/K,  5/min,  N/A"
2644," N/A, 738/K,  5/min,  N/A,","N/A, 738/K,  5/min,  N/A"
2674,",Quenching: Water quenching,","Solutionized,, ,Quenching: Water quenching"
2675,",Quenching: Water quenching,","Solutionized,, ,  N/A,Quenching: Water quenching"
2676,",Quenching: Water quenching,",",Quenching: Water quenching"
2677,",Quenching: Water quenching,","Solution, , ,  N/A,Quenching: Water quenching"
2678,",Quenching: Water quenching,",",Quenching: Water quenching"
2679,",Quenching: Water quenching,",",Quenching: Water quenching"
2680,",Quenching: Water quenching,",",Quenching: Water quenching"
2681,",Quenching: Water quenching,","Solutionizing,, ,  N/A,Quenching: Water quenching"
2682,",Quenching: Water quenching,","Solution, , ,  N/A,Quenching: Water quenching"
3546,"Cooling: Fast Water Quenching,",Cooling: Fast Water Quenching
3547,"Cooling: Medium Cooling,",Cooling: Air Cooling
3548,"Cooling: Slow Cooling in furnace,",Cooling: Furnace Cooling
3549,"Cooling: Fast Water Quenching,",Cooling: Fast Water Quenching
3550,"Cooling: Medium Cooling,",Cooling: Medium Cooling
3551,"Cooling: Furnace Cooling,",Cooling: Furnace Cooling
3552,"Cooling: Fast Water Quenching,",Cooling: Fast Water Quenching
3553,"Cooling: Medium Cooling,",Cooling: Air Cooling
3554,"Cooling: Furnace Cooling,",Cooling: Furnace Cooling
3555,"Cooling: Fast Water Quenching,",Cooling: Fast Water Quenching
3556,"Cooling: Medium Cooling,",Cooling: Medium Cooling
3557,"Cooling: Furnace Cooling,",Cooling: Furnace Cooling
3558,"Quenching: Water quenching,",Quenching: Water quenching
3559,"Cooling: Air Cooling,",Cooling: Air Cooling
3560,"Cooling: Furnace Cooling,",Cooling: Furnace Cooling
3743," Postweld Aging, 185/°C,  7/h,  N/A,","Postweld Aging:  185/°C,  7/hours"
3744," Postweld aging, 185/°C,  7/h,  N/A.,","Artificial Aging:  185/°C,  7/hours"
4368,"N/A,","Laser Processing, , ,  N/A"
4369,"N/A,","Laser Processing, , ,  N/A"
4370,"N/A,","Laser Processing, , ,  N/A"
4371," N/A, 400/°C,  4/h,  N/A,","N/A,  400/°C,  4/h,  N/A"
4372," N/A, 400/°C,  4/h,  N/A,","N/A,  400/°C,  4/h,  N/A"
4373," N/A, 400/°C,  4/h,  N/A,","N/A,  400/°C,  4/h,  N/A"
4374,"Artificial Aging: , ,",N/A
4889,"Artificial Aging:  650/°C,  16/h,","Artificial Aging:  650/°C,  16/h"
4890,"Artificial Aging:  800/°C,  16/h,","Artificial Aging:  800/°C,  16/h"
4891,"Artificial Aging:  700/°C,  16/h,","Natural Aging:  700/°C,  16/h"
4892,"Artificial Aging:  800/°C,  16/h,","Natural Aging:  800/°C,  16/h"
4909,"Casting:  As-cast,,  N/A,,","Casting:  As-cast,,  N/A"
4911,"Artificial Aging: , ,","Artificial Aging: , "
5046,"  N/A,  25/°C, ,  N/A,","Melting:  Laser Melting, Laser,,  Shielding Gas, N/A,  25/°C, ,  N/A"
5047," N/A, 650/°C, ,  N/A,","Melting:  Laser Melting, Laser,,  Shielding Gas, Heat Treatment,  650/°C, ,  N/A"
5048," N/A, 750/°C, ,  N/A,,","N/A,  750/°C, ,  N/A"
5049,"   N/A,  850/°C, ,  N/A,","Melting:  Laser Melting, Laser,,  Shielding Gas, Heat Treatment,  850/°C, ,  N/A"
5050," N/A,  950/°C, ,  N/A,","N/A,  950/°C, ,  N/A"
5051," N/A, 1050/°C, ,  N/A,","Melting:  Laser Melting, Laser, ,  N/A, N/A,  1050/°C, ,  N/A"
5114," Stress Relieving, 1060/°C,  60/min,  N/A,Solution:  1060/°C,  40/min,  N/A, Double Aging,  718/°C, 621/°C,  8/h, 18/h,  N/A,","Melting:  LPBF, N/A,,  N/A, Stress Relieving,  1060/°C,  60/min,  N/A,Solution:  1060/°C,  40/min,  N/A,Artificial Aging:  718/°C, 621/°C,  8/h, 18/h"
5115," Stress Relieving, 1060/°C,  60/min,  N/A,Solution:  1060/°C,  40/min,  N/A, Double Aging,  718/°C, 621/°C,  8/h, 18/h,  N/A,","Melting:  LPBF, 280W laser power,,  N/A, Stress Relieving,  1060/°C,  60/mins,  N/A,Solution:  1060/°C,  40/mins,  N/A,Artificial Aging:  718/°C, 621/°C,  8/h, 18/h"
5116," Stress Relieving, 1060/°C,  60/min,  N/A,Solution:  1060/°C,  40/min,  N/A, Double Aging,  718/°C, 621/°C,  8/h, 18/h,  N/A,","Melting:  LPBF, 300W laser power,,  N/A, Stress Relieving,  1060/°C,  60/min,  N/A,Solution:  1060/°C,  40/min,  N/A,Artificial Aging:  718/°C, 621/°C,  8/h, 18/h"
5117," Stress Relieving, 1060/°C,  60/min,  N/A,Solution:  1060/°C,  40/min,  N/A, Double Aging,  718/°C, 621/°C,  8/h, 18/h,  N/A,","Melting:  LPBF, 320W laser power,,  N/A, Stress Relieving,  1060/°C,  60/min,  N/A,Solution:  1060/°C,  40/min,  N/A,Artificial Aging:  718/°C, 621/°C,  8/h, 18/h"
6122,",",
6123," Sensitization, , ,  N/A,","Sensitization, , ,  N/A"
6184," Annealing,  700/°C, ,  N/A,","Annealing,  700/°C, ,  N/A"
6185," Shallow Cryo-Treatment,  -80/°C,  12/h,  N/A, Tempering,  170/°C,  3/h,  N/A,","Shallow Cryo-treatment,  -80/°C,  12/h,  N/A, Tempering,  170/°C,  3/h,  N/A"
6186," Shallow Cryo-Treatment,  -80/°C,  24/h,  N/A, Tempering,  170/°C,  3/h,  N/A,","Shallow Cryo-treatment,  -80/°C,  24/h,  N/A, Tempering,  170/°C,  3/h,  N/A"
6187," Deep Cryo-Treatment,  -196/°C,  24/h,  N/A, Tempering,  170/°C,  3/h,  N/A,","Deep Cryo-Treatment,  -196/°C,  24/h,  N/A, Tempering,  170/°C,  3/h,  N/A"
6188," Deep Cryo-Treatment,  -196/°C,  24/h,  N/A, Tempering,  170/°C,  3/h,  N/A,","Deep Cryo-treatment,  -196/°C,  36/h,  N/A, Tempering,  170/°C,  3/h,  N/A"
6189,"Solution:  920/°C,  1/h,  N/A, Quenching: Quenching,Artificial Aging:  650/°C,  3/h,  N/A,","Solution:  920/°C,  1/h,  N/A,,Artificial Aging:  650/°C,  3/h"
6190,"Solution:  920/°C,  1/h,  N/A, Quenching: Quenching,  Deep cryo-treatment,  -196/°C,  24/h,  N/A,Artificial Aging:  650/°C,  3/h,  N/A,","Solution:  920/°C,  1/h,  N/A,Quenching: Water quenching/Air Quenching/Oil Quenching, Deep Cryo-treatment,  -196/°C,  24/h,  N/A,Artificial Aging:  650/°C,  3/h"
6191,"Solution:  920/°C,  1/h,  N/A, Quenching: Water Quenching,  Deep cryo-treatment,  -196/°C,  36/h,  N/A,Artificial Aging:  650/°C,  3/h,  N/A,","Solution:  920/°C,  1/h,  N/A,Quenching: Water quenching, Deep Cryo-treatment,  -196/°C,  36/h,  N/A,Artificial Aging:  650/°C,  3/h"
6953,"Casting:  Casting,,  N/A,",
6954,"Casting:  Casting,,  N/A,",
6955,"Casting:  Casting,,  N/A,",
9346,"Solution:  550/°C,  1/h,  N/A, Under-Aging,  180/°C,  1/h,  N/A,","Solution:  550/°C,  1/h,  N/A,Artificial Aging:  180/°C,  1/h"
9347,"N/A,",N/A
9348,"N/A,",
9349,"N/A,",N/A
9350,"N/A,",N/A
9379,"N/A,",
9906,"N/A,",N/A
9907,"N/A,","Simulated_Welding:  360/°C/s,PeakTemperature: 1350/°C,CoolingTime: 10/s"
9908,"N/A,","Simulated_Welding:  Simulated Welding,  1350/°C,  20/s,  360/°C/s"
9909,"N/A,",N/A
9910,"N/A,","Simulated_Welding:  360/°C/s,PeakTemperature: 1350/°C,CoolingTime: 10/s"
9911,"N/A,","Simulated_Welding,  1350/°C,  20/s,  360/°C/s"
10061,"N/A,","Exposure to de-ionized water,  65/°C,  730/days,  N/A"
10062,"N/A,","Exposure to aviation fuel,  65/°C,  730/days,  N/A"
10063,"N/A,","Exposure to hydraulic fluid,  65/°C,  730/days,  N/A"
10064,"N/A,","Exposure to propylene glycol,  65/°C,  730/days,  N/A"
10065,"N/A,","Exposure to dichloromethane,  65/°C,  150/days,  N/A"
10066,"N/A,","Exposure to aqueous urea solution,  65/°C,  730/days,  N/A"
10067,"N/A,","Exposure to sea water,  65/°C,  400/days,  N/A"
10188,"N/A,","Casting:  SLM,,  N/A, N/A,, ,  N/A"
10189,"N/A,","Melting:  N/A, N/A,,  Argon, HIP,  1200/°C,  4/h,  N/A"
10190," Vacuum Heat Treatment, Room temperature/°C, 1150/°C, ,  N/A,",",,,, Vacuum Heat Treatment,  1150/°C, ,  N/A, ,Artificial Aging: , , ,,,,,Creep Aging: , , ,Cooling: Cooling Rate: 265/°C/min,Quenching: N/A"
12429,"N/A,",N/A
12430,"N/A,",N/A
12431,"N/A,",N/A
12432,"N/A,",N/A
12433,"N/A,",N/A
12434,"N/A,",N/A
12435,"N/A,",N/A
12436,"N/A,",N/A
12437,"N/A,",N/A
12438,"N/A,",N/A
12439,"N/A,",N/A
12830," Soaking,  1200/°C,  2/h,  N/A,Cooling: Water Cooling,Solution:  1050/°C,  2/h,  N/A,Quenching: Water quenching,Artificial Aging:  550/°C,  1000/min,","Soaking,  1200/°C,  2/h,  N/A,Cooling: Water spraying, Solution-treated,  1050/°C,  2/h,  N/A,Quenching: Water quenching,Artificial Aging:  550/°C,  1000/min"
12831," Soaking,  1200/°C,  2/h,  N/A,Cooling: Water Cooling,Solution:  1050/°C,  2/h,  N/A,Quenching: Water quenching,Artificial Aging:  550/°C,  10000/min,","Homogenization:  1200/°C,  2/h,Cooling: Water spraying,Solution:  1050/°C,  2/h,  N/A,Quenching: Water quenching,Artificial Aging:  550/°C,  10000/min"
12832," Soaking,  1200/°C,  2/h,  N/A,Cooling: Water Cooling,Solution:  1050/°C,  2/h,  N/A,Quenching: Water quenching,Artificial Aging:  550/°C,  30000/min,","Soaking,  1200/°C,  2/h,  N/A,Cooling: Water spraying, Solution-treated,  1050/°C,  2/h,  N/A,Quenching: Water quenching,Artificial Aging:  550/°C,  30000/min"
12833," Soaking,  1200/°C,  2/h,  N/A,Cooling: Water Cooling,Solution:  1050/°C,  2/h,  N/A,Quenching: Water quenching,Artificial Aging:  550/°C,  100000/min,","Soaking,  1200/°C,  2/h,  N/A,Cooling: Water spraying,Solution:  1050/°C,  2/h,  N/A,Quenching: Water quenching,Artificial Aging:  550/°C,  100000/min"
13377," N/A, 800/°C,  2/h,  N/A,Artificial Aging:  580/°C,  8/h,Cooling: Air Cooling,","Transformation:  800/°C,  2/h,Artificial Aging:  580/°C,  8/h,Cooling: Air Cooling"
13378," N/A, 800/°C,  2/h,  N/A,Artificial Aging:  640/°C,  8/h,Cooling: Air Cooling,","N/A, 800/°C,  2/h,  N/A,Artificial Aging:  640/°C,  8/h,Cooling: Air Cooling"
13379," N/A, 880/°C,  1.5/h,  N/A,Artificial Aging:  640/°C,  8/h,Cooling: Air Cooling.,","Austenitization:  880/°C,  1.5/h,Artificial Aging:  640/°C,  8/h,Cooling: Air Cooling"
13380," N/A, 900/°C,  1.5/h,  N/A,Natural Aging:  620/°C,  8/h,Cooling: Air Cooling,","Austenitization:  900/°C,  1.5/h,Artificial Aging:  620/°C,  8/h,Cooling: Air Cooling"
13381," N/A, 880/°C,  1.5/h,  N/A,Artificial Aging:  620/°C,  6/h,Cooling: Air Cooling,","Austenitization:  880/°C,  1.5/h,Artificial Aging:  620/°C,  6/h,Cooling: Air Cooling"
13382," N/A, 880/°C,  1.5/h,  N/A,Artificial Aging:  620/°C,  8/h,Cooling: Air Cooling,","Austenitization:  880/°C,  1.5/h,Artificial Aging:  620/°C,  8/h,Cooling: Air Cooling"
13383," N/A, 880/°C,  1.5/h,  N/A,Artificial Aging:  620/°C,  10/h,Cooling: Air Cooling,","Austenitization:  880/°C,  1.5/h,Artificial Aging:  620/°C,  10/h,Cooling: Air Cooling"
13563,"Homogenization: ,  24/h, Hydrogenation, 700/°C,  3/h,  N/A, Dehydrogenation, 700/°C,  3/h,  N/A, Deoxidation, 1000/°C,  0.5/h, 4/h,  N/A, Vacuum Drying, 60/°C,  2/h,  N/A,","Homogenization: ,  24/h,  1.5×10−6/Torr, Hydrogenation,  700/°C,  3/h,  6/bar, Dehydrogenation,  700/°C,  3/h,  1.5×10−6/Torr, Deoxidation,  1000/°C,  0.5/h, 4/h,  1.5×10−6/Torr,Cooling: Water Washing, Acid Pickling, ,  5/min,  10%/HCl, Vacuum Drying,  60/°C,  2/h,  N/A"
13823,"Casting:  Gravity die casting, 500/°C,  N/A,Solution:  500/°C,  24/h,  N/A,Artificial Aging:  250/°C,  24/h,","Casting:  Gravity die casting, 500/°C,  N/A,Solution:  500/°C,  24/h,  N/A,Artificial Aging:  250/°C,  24/h"
13824,"Casting:  Gravity die casting, 200/°C,  N/A,Solution:  500/°C,  24/h,  N/A,Artificial Aging:  250/°C,  24/h,","Casting:  Gravity die casting, 200/°C,  N/A,Solution:  500/°C,  24/h,  N/A,Artificial Aging:  250/°C,  24/h"
13825,"Casting:  Gravity die casting, 500/°C,  N/A,Solution:  500/°C,  24/h,  N/A,Artificial Aging:  250/°C,  24/h,","Casting:  Gravity die casting, 500/°C,  N/A,Solution:  500/°C,  24/h,  N/A,Artificial Aging:  250/°C,  24/h"
13826,"Casting:  Gravity die casting, 200/°C,  N/A,Solution:  500/°C,  24/h,  N/A,Artificial Aging:  250/°C,  24/h,","Casting:  Gravity die casting, 200/°C,  N/A,Solution:  500/°C,  24/h,  N/A,Artificial Aging:  250/°C,  24/h"
13843,"Artificial Aging:  125-225/°C, optimal 125-175/°C,  2-5/h,  Full T6 solution treatment,  >375/°C, ,  N/A,","Artificial Aging:  125–225/°C, 125–175/°C,  2–5/h,Solution:  >375/°C, ,  N/A"
13844,"Artificial Aging:  125-225/°C, optimal 125-175/°C,  2-5/h,  Full T6 solution treatment,  >375/°C, ,  N/A,","Artificial Aging:  125/°C, 225/°C,  2/h, 5/h,Solution:  375/°C, ,  N/A"
13845,"Artificial Aging:  125-225/°C, optimal 125-175/°C,  2-5/h,  Full T6 solution treatment,  >375/°C, ,  N/A,","Artificial Aging:  125–225/°C, 125–175/°C,  2–5/h,Solution:  >375/°C, ,  N/A"
13846,"Artificial Aging:  125-225/°C, optimal 125-175/°C,  2-5/h,  Full T6 solution treatment,  >375/°C, ,  N/A,","Artificial Aging:  125–225/°C, 125–175/°C,  2–5/h,Solution:  >375/°C, ,  N/A"
13847,"Artificial Aging:  125-225/°C, optimal 125-175/°C,  2-5/h,  Full T6 solution treatment,  >375/°C, ,  N/A,","Artificial Aging:  125–225/°C, 125–175/°C,  2–5/h, Full T6,  >375/°C, ,  N/A"
13848,"Artificial Aging:  125-225/°C, optimal 125-175/°C,  2-5/h,  Full T6 solution treatment,  >375/°C, ,  N/A,","Artificial Aging:  125–225/°C, 125–175/°C,  2–5/h,Solution:  >375/°C, ,  N/A"
13888,"Solution:  500/°C,  30-60/min,  N/A, T5,  170/°C,  0-48/h,  N/A,","Solution:  500/°C,  30/min, 60/min,  N/A, T5,  170/°C,  0/h, 48/h,  N/A"
13889,"Solution:  500/°C,  30-60/min,  N/A, T5,  170/°C,  0-48/h,  N/A,","Solution:  500/°C,  30/min, 60/min,  N/A, T5,  170/°C,  0/h, 48/h,  N/A"
13890,"Solution:  500/°C,  30-60/min,  N/A, T5, 170/°C,  0-48/h,  N/A,","Solution:  500/°C,  30/min, 60/min,  N/A, T5,  170/°C,  0/h, 48/h,  N/A"
13891,"Solution:  500/°C,  30-60/min,  N/A, T6,  170/°C,  0-48/h,  N/A,","Solution:  500/°C,  30/min, 60/min,  N/A, T6,  170/°C,  0/h, 48/h,  N/A"
13892,"Solution:  500/°C,  30-60/min,  N/A, T6,  170/°C,  0-48/h,  N/A,","Solution:  500/°C,  30/min, 60/min,  N/A, T6,  170/°C,  0/h, 48/h,  N/A"
13893,"Solution:  500/°C,  30-60/min,  N/A, T6,  170/°C,  0-48/h,  N/A,","Solution:  500/°C,  30/min, 60/min,  N/A, T6,  170/°C,  0/h, 48/h,  N/A"
14247,"Homogenization:  1373/K,  12/h,Solution:  1373/K,  1/h,  N/A,Quenching: Water quenching,","Homogenization:  1373/K,  12/h,Solution:  1373/K,  1/h,  N/A,Quenching: Water quenching"
14248,"Homogenization:  1373/K,  12/h,Solution:  1373/K,  1/h,  N/A,Quenching: Water quenching,","Homogenization:  1373/K,  12/h,Solution:  1373/K,  1/h,  N/A,Quenching: Water quenching"
14249,"Homogenization:  1373/K,  12/h,Solution:  1373/K,  1/h,  N/A,Quenching: Water quenching,","Homogenization:  1373/K,  12/h,Solution:  1373/K,  1/h,  N/A,Quenching: Water quenching"
14250,"Homogenization:  1373/K,  12/h,Solution:  1373/K,  1/h,  N/A,Quenching: Water quenching,","Homogenization:  1373/K,  12/h,Solution:  1373/K,  1/h,  N/A,Quenching: Water quenching"
14789,"N/A,",
14790,"Artificial Aging:  850/°C,  6/h,Quenching: Air quenching,","Artificial Aging:  850/°C,  6/h,Quenching: Air Quenching"
14791,"Artificial Aging:  850/°C,  12/h,Quenching: Air quenching,","Artificial Aging:  850/°C,  12/h,Quenching: Air Quenching"
14792,"Artificial Aging:  850/°C,  24/h,Quenching: Air quenching,","Artificial Aging:  850/°C,  24/h,Quenching: Air Quenching"
14793,"Artificial Aging:  850/°C,  48/h,Quenching: Air quenching,","Artificial Aging:  850/°C,  48/h,Quenching: Air Quenching"
14800," SPS, 870±5/°C,  25–30/minutes,  N/A,Artificial Aging:  400/°C,  4/h,Cooling: Furnace Cooling,","SPS,  870/°C,  25/min, 30/min,  N/A,Artificial Aging:  400/°C,  4/h,Cooling: Furnace Cooling"
14801," SPS, 870±5/°C,  25–30/minutes,  N/A,Artificial Aging:  400/°C,  4/h,Cooling: Furnace Cooling,","SPS,  870/°C,  25/min, 30/min,  N/A,Artificial Aging:  400/°C,  4/h,Cooling: Furnace Cooling"
14802," SPS, 870±5/°C,  25–30/minutes,  N/A,Artificial Aging:  400/°C,  4/h,Cooling: Furnace Cooling,","SPS,  870/°C,  25/min, 30/min,  N/A,Artificial Aging:  400/°C,  4/h,Cooling: Furnace Cooling"
14803," SPS, 870±5/°C,  25–30/minutes,  N/A,Artificial Aging:  400/°C,  4/h,Cooling: Furnace Cooling,","SPS,  870/°C,  25/min, 30/min,  N/A,Artificial Aging:  400/°C,  4/h,Cooling: Furnace Cooling"
14804," SPS, 870±5/°C,  25–30/minutes,  N/A,Artificial Aging:  400/°C,  4/h,Cooling: Furnace Cooling,","SPS,  870/°C,  25-30/minutes,  N/A,Artificial Aging:  400/°C,  4/hours,Cooling: Furnace Cooling"
14812,"N/A,",N/A
14813," N/A,  200/°C,  6/h,  N/A,Cooling: Air Cooling,","N/A, 200/°C,  6/h,  N/A,Cooling: Air Cooling"
14814," N/A,  325/°C,  6/h,  N/A,Cooling: Air Cooling,","N/A,  325/°C,  6/h,  N/A,Cooling: Air Cooling"
14815," N/A, 465/°C,  35/min,  N/A,Quenching: Water quenching, N/A,  100/°C,  3/h,  N/A, N/A,  185/°C,  20/min,  N/A.,","Solution:  465/℃,  35/min,  N/A,Quenching: Water quenching,Artificial Aging:  100/℃,  3/h, N/A,  185/℃,  20/min,  N/A"
15036," NaOH Treatment, 60/°C,  1/h,  N/A, Drying, 120/°C,  2/h,  N/A, N/A, 150/°C,  2/h,  N/A,","NaOH Treatment:  60/°C,  1/h,Drying:  120/°C,  2/h, N/A,  150/°C,  2/h,  N/A"
15037," NaOH Treatment, 60/°C,  1/h,  N/A, Drying, 120/°C,  2/h,  N/A,","NaOH Treatment,  60/°C,  1/h,  N/A, Drying,  120/°C,  2/h,  N/A"
15038," NaOH Treatment, 60/°C,  1/h,  N/A, Drying, 120/°C,  2/h,  N/A, N/A, 150/°C,  2/h,  N/A,","NaOH Treatment,  60/°C,  1/h,  N/A, Drying,  120/°C,  2/h,  N/A, Heat Treatment,  150/°C,  2/h,  N/A"
15053,"Casting:  stir casting, 400/°C,  N/A,Cooling: Air Cooling,","Casting:  Stir Casting, 400/°C,  N/A, N/A, 400/°C,  12-15/min,Cooling: Room Temperature Cooling"
15054,"Casting:stir casting,400/°C,N/A,Cooling:Air Cooling,T4,450/°C,2-3/h,N/A,Quenching:Oil Quenching,Natural Aging:room temperature,6-40/days,","Casting:  stir casting, 400/°C,  N/A,Cooling: Room Temperature Cooling, T4,  450/°C,  2-3/h,  N/A,Quenching: Oil Quenching,Natural Aging: ,  6-40/days"
15055,"Casting:stir casting,400/°C,N/A,Cooling:Air Cooling,T4,450/°C,2-3/h,N/A,Quenching:Oil Quenching,Artificial Aging:180-220°C,3-7 h,","Casting:  stir casting, 400/°C,  N/A, T6,  450/°C,  2-3/h,  N/A,Quenching: Oil Quenching,Artificial Aging:  180-220/°C,  3-7/h,Cooling: Room Temperature"
15056,"Casting:  stir casting, 400/°C,  N/A,Cooling: Air Cooling,","Casting:  Stir Casting, 400/°C,  N/A, N/A, 400/°C,  12-15/min,  N/A,Cooling: Room Temperature Cooling"
15057,"Casting:stir casting,400/°C,N/A,Cooling:Air Cooling,T4,450/°C,2-3/h,N/A,Quenching:Oil Quenching,Natural Aging:room temperature,6-40/days,","Casting:  stir casting, 400/°C,  N/A,Cooling: Air Cooling, T4,  450/°C,  2-3/h,  N/A,Quenching: Oil Quenching,Natural Aging: ,  6-40/days"
15058,"Casting:stir casting,400/°C,N/A,Cooling:Air Cooling,T4,450/°C,2-3/h,N/A,Quenching:Oil Quenching,Artificial Aging:180-220°C,3-7 h,","Casting:  stir casting, 400/°C,  N/A,Cooling: Air Cooling, T6,  450/°C,  2-3/h,  N/A,Quenching: Oil Quenching,Artificial Aging:  180-220/°C,  3-7/h"
15218,"Creep Aging:  823/K, ,  240/MPa,","Creep Aging:  823/K, ,  240/MPa"
15219,"Creep Aging:  873/K, ,  240/MPa,","Creep Aging:  873/K, ,  240/MPa"
15220,"Creep Aging:  823/K, ,  160/MPa,","Creep Aging:  823/K, ,  160/MPa"
15221,"Creep Aging:  973/K, ,  160/MPa,","Creep Aging:  973/K, ,  160/MPa"
15222," N/A,",N/A
15270,"N/A,","Melting:  Selective Laser Melting (SLM), Laser,,  Ar,,,, N/A, , ,  N/A, ,Artificial Aging: , , ,,,,,Creep Aging: , , ,,"
15271," Single Aging,  120/°C,  24/h,  N/A,","Single Aging:  120/°C,  24/h"
15272," Double Aging, 110/°C, 150/°C,  19/h,  N/A,","Double Aging:  110/°C, 150/°C,  19/h"
15390,"Casting:  Sand Casting,,  N/A,","Casting:  Sand Casting,,  N/A"
15391," TZ1,  375/°C, 415/°C,  3/h, 18/h,  N/A,Cooling: Air Cooling,","Pre-heating,  375/°C, 415/°C,  3/h, 18/h,  N/A,Cooling: Air Cooling"
15392," TZ2,  375/°C, 415/°C,  3/h, 18/h,  N/A,Cooling: Water Cooling,","Pre-heating,  375/°C, 415/°C,  3/h, 18/h,  N/A,Cooling: Water Cooling"
15393," TZ3, 375/°C, 415/°C,  3/h, 18/h,  N/A,Cooling: Furnace Cooling,","Pre-heating,  375/°C, 415/°C,  3/h, 18/h,  N/A,Cooling: Furnace Cooling"
15394," TZ4, 375/°C, 415/°C,  3/h, 18/h,  N/A,Cooling: Air Cooling,Artificial Aging:  168/°C,  8/h,Cooling: Air Cooling,","Pre-Aging:  375/°C,  3/h, Pre-heating,  415/°C,  18/h,  N/A,Cooling: Air Cooling,Artificial Aging:  168/°C,  8/h,Cooling: Air Cooling"
15395," TZ5, 375/°C, 415/°C,  3/h, 18/h,  N/A,Cooling: Water Cooling, N/A,  168/°C,  8/h,  N/A,Cooling: Air Cooling,","Pre-Aging:  375/°C, 415/°C,  3/h, 18/h,Cooling: Water Cooling, N/A,  168/°C,  8/h,  N/A,Cooling: Air Cooling"
15474,"N/A,",N/A
15475," Stress Relieving,  600/°C,  1/h,  N/A,Cooling: Air Cooling,","Stress Relieving,  600/°C,  1/h,  N/A,Cooling: Air Cooling"
15476,"Solution:  950/°C,  0.5/h,  N/A,Quenching: Water quenching,Artificial Aging:  540/°C,  1/h,Cooling: Air Cooling,","Solution:  950/°C,  0.5/h,  N/A,Quenching: Water quenching,Artificial Aging:  540/°C,  1/h,Cooling: Air Cooling"
15477,"Solution:  950/°C,  0.5/h,  N/A,Quenching: Water quenching,Artificial Aging:  540/°C,  1/h,Cooling: Air Cooling,","Solution:  950/°C,  0.5/h,  N/A,Quenching: Water quenching,Artificial Aging:  540/°C,  1/h,Cooling: Air Cooling"
15478,"Solution:  950/°C,  0.5/h,  N/A,Quenching: Water quenching,Artificial Aging:  540/°C,  1/h, Cooling: Air Cooling,  Stress Relieving,  600/°C,  1/h,  N/A,Cooling: Air Cooling,","Solution:  950/°C,  0.5/h,  N/A,Quenching: Water quenching,Artificial Aging:  540/°C,  1/h,Cooling: Air Cooling, Stress Relieving,  600/°C,  1/h,  N/A,Cooling: Air Cooling"
15485,"Solution:  470/°C,  80/min,  N/A,Quenching: Water quenching, Aging,  120/°C,  6/h,  N/A,","Solution:  470/°C,  80/min,  N/A,Quenching: Water quenching,Artificial Aging:  120/°C,  6/h"
15486,"Solution:  470/°C,  80/min,  N/A,Quenching: Water quenching, Aging,  120/°C,  22/h,  N/A,","Solution:  470/°C,  80/min,  N/A,Quenching: Water quenching,Artificial Aging:  120/°C,  22/h"
15487,"Solution:  470/°C,  80/min,  N/A,Quenching: Water quenching,Artificial Aging:  120/°C,  22/h, Retrogression:  180/°C,  60/min,Re-aging:  120/°C,  22/h,","Solution:  470/°C,  80/min,  N/A,Quenching: Water quenching,Artificial Aging:  120/°C,  22/h,Retrogression:  180/°C,  60/min,Re-aging:  120/°C,  22/h"
15705,"Solution:  520/°C,  24/h,  N/A,Artificial Aging:  250/°C,200/°C,, ,Quenching: Water quenching,Cooling: Air cooling,","Solution:  520/°C,  24/h,  N/A,Artificial Aging:  250/°C, 200/°C, ,Quenching: Water quenching,Cooling: Air Cooling"
15706,"Solution:  520/°C,  24/h,  N/A,Artificial Aging:  200/°C, ,Quenching: Water quenching,Cooling: Air cooling,","Solution:  520/°C,  24/h,  N/A,Artificial Aging:  200/°C, ,Quenching: Water quenching,Cooling: Air Cooling"
16209," N/A, 850/°C,  2/h,  N/A,","N/A,  850/°C,  2/h,  N/A"
16210," N/A, 950/°C,  2/h,  N/A,","N/A,  950/°C,  2/h,  N/A"
16211," N/A, 1050/°C,  2/h,  N/A,","N/A,  1050/°C,  2/h,  N/A"
16212," N/A,  1150/°C,  2/h,  N/A,","N/A,  1150/°C,  2/h,  N/A"
16642,"Artificial Aging:  450/°C,  2000/h,","Artificial Aging:  450/°C,  2000/h"
19226,"Solution:  900/°C,  1.5/h,  N/A,Artificial Aging:  530/°C,  4/h,","Forging,  931/°C,  49/min,  N/A,Solution:  900/°C,  1.5/h,  N/A,Artificial Aging:  530/°C,  4/h"
19227,"Solution:  900/°C,  1.5/h,  N/A,Artificial Aging:  560/°C,  4/h,","Forging,  931/°C,  49/min,  N/A,Solution:  900/°C,  1.5/h,  N/A,Artificial Aging:  560/°C,  4/h"
19228,"Solution:  900/°C,  1.5/h,  N/A,Artificial Aging:  590/°C,  4/h,","Transformation:  931/°C,  49/min,Solution:  900/°C,  1.5/h,  N/A,Artificial Aging:  590/°C,  4/h"
19294," N/A, 600/°C,  1/h,  N/A,Cooling: Furnace Cooling,","N/A,  600/°C,  1/h,  N/A,Cooling: Furnace Cooling"
22491,"Artificial Aging:  210/°C, , EXCO solution,,  24/h,  N/A,","Artificial Aging:  210/°C, "
22493,"Artificial Aging:  210/°C,  2/h, EXCO solution,,  24/h,  N/A,","Artificial Aging:  210/°C,  2/h,  Corrosion exposure, ,  24/h,  N/A"
22494,"Artificial Aging:  210/°C,  4/h, EXCO solution,,  24/h,  N/A,","Artificial Aging:  210/°C,  4/h"
22496,"Artificial Aging:  210/°C,  8/h, EXCO solution,,  24/h,  N/A,","Artificial Aging:  210/°C,  8/h,  Corrosion exposure, ,  24/h,  N/A"
24466,",",
24467,"Solution:  490/°C,  12/h,  N/A,Quenching: Oil Quenching,","Solution:  490/°C,  12/h,  N/A,Quenching: Oil Quenching"
24468,"Solution:  490/°C,  12/h,  N/A,Quenching: Oil Quenching,Artificial Aging:  212/°C,  100/h,","Solution:  490/°C,  12/h,  N/A,Quenching: Oil Quenching,Artificial Aging:  212/°C,  100/h"
24469,"Solution:  490/°C,  12/h,  N/A,Quenching: Oil Quenching,Artificial Aging:  212/°C,  100/h,","Solution:  490/°C,  12/h,  N/A,Quenching: Oil Quenching,Artificial Aging:  212/°C,  100/h"
25843," N/A,  475/°C,  40/min,  N/A,Quenching: Water quenching, N/A,  120/°C,  24/h,  N/A,","Solution:  475/°C,  40/min,  N/A,Quenching: Water quenching,Artificial Aging:  120/°C,  24/h"
25844," N/A, 475/°C,  40/min,  N/A,Quenching: Water quenching, N/A, 120/°C,  8/h,  N/A, N/A, 150/°C,  16/h,  N/A,","Solution:  475/°C,  40/min,  N/A,Quenching: Water quenching,Artificial Aging:  120/°C, 150/°C,  8/h, 16/h"
26825,"Melting:  vacuum-arc melting, N/A,,  Vacuum,Homogenization:  1473/K,  24/h,Quenching: Water quenching,Solution:  1323/K,  0.5/h,  N/A,Artificial Aging:  993/K,  8/h,Artificial Aging:  893/K,  8/h,Quenching: Water quenching,Artificial Aging:  923/K,  up to 510/h,Artificial Aging:  973/K,  up to 200/h,","Melting:  vacuum-arc melting, N/A,,  Vacuum,Homogenization:  1473/K,  24/h,Quenching: Water quenching,Solution:  1323/K,  0.5/h,  N/A,Artificial Aging:  993/K, 893/K, 923/K, 973/K,  8/h, 8/h, 510/h, 200/h,Quenching: Water quenching"
26826,"Melting:  vacuum-arc melting, N/A,,  Vacuum,Homogenization:  1473/K,  24/h,Quenching: Water quenching,Solution:  1323/K,  0.5/h,  N/A,Artificial Aging:  993/K,  8/h,Artificial Aging:  893/K,  8/h,Quenching: Water quenching,Artificial Aging:  923/K,  up to 510/h,Artificial Aging:  973/K,  up to 200/h,","Melting:  vacuum-arc melting, N/A,,  Vacuum,Homogenization:  1473/K,  24/h,Quenching: Water quenching,Solution:  1323/K,  0.5/h,  N/A,Artificial Aging:  993/K, 893/K, 923/K, 973/K,  8/h, 8/h, 510/h, 200/h,Quenching: Water quenching"
26827,"Melting:  vacuum-arc melting, N/A,,  Vacuum,Homogenization:  1473/K,  24/h,Quenching: Water quenching,Solution:  1323/K,  0.5/h,  N/A,Artificial Aging:  993/K,  8/h,Artificial Aging:  893/K,  8/h,Quenching: Water quenching,Artificial Aging:  923/K,  up to 510/h,Artificial Aging:  973/K,  up to 200/h,","Melting:  vacuum-arc melting, N/A,,  Vacuum,Homogenization:  1473/K,  24/h,Quenching: Water quenching,Solution:  1323/K,  0.5/h,  N/A,Artificial Aging:  993/K, 893/K, 923/K, 973/K,  8/h, 8/h, 510/h, 200/h,,Quenching: Water quenching"
26828,"Melting:  vacuum-arc melting, N/A,,  Vacuum,Homogenization:  1473/K,  24/h,Quenching: Water quenching,Solution:  1323/K,  0.5/h,  N/A,Artificial Aging:  993/K,  8/h,Artificial Aging:  893/K,  8/h,Quenching: Water quenching,Artificial Aging:  923/K,  up to 510/h,Artificial Aging:  973/K,  up to 200/h,","Melting:  vacuum-arc melting, N/A,,  Vacuum,Homogenization:  1473/K,  24/h,Quenching: Water quenching,Solution:  1323/K,  0.5/h,  N/A,Artificial Aging:  993/K, 893/K, 923/K, 973/K,  8/h, 8/h, 510/h, 200/h,,Quenching: Water quenching"
29211," N/A, 600/°C,  1/h,  N/A,Cooling: Furnace Cooling,","N/A,  600/°C,  1/h,  N/A,Cooling: Furnace Cooling"
29212," N/A, 600/°C,  3/h,  N/A,Cooling: Furnace Cooling,","N/A,  600/°C,  3/h,  N/A,Cooling: Furnace Cooling"
29213," N/A,  600/°C,  5/h,  N/A,Cooling: Furnace Cooling,","N/A,  600/°C,  5/h,  N/A,Cooling: Furnace Cooling"
29214," N/A, 600/°C,  7/h,  N/A,Cooling: Furnace Cooling,","N/A,  600/°C,  7/h,  N/A,Cooling: Furnace Cooling"
29215," N/A,  600/°C,  9/h,  N/A,Cooling: Furnace Cooling,","N/A,  600/°C,  9/h,  N/A,Cooling: Furnace Cooling"
29716," N/A, 200/°C,  4/h,  N/A,Cooling: Air Cooling,","N/A,  200/°C,  4/h,  N/A,Cooling: Naturally cooled, Pulsed Anodizing,  0/°C,  120/min,  N/A, Sealing,  95/°C,  30/min,  N/A"
29717," N/A, 300/°C,  4/h,  N/A,Cooling: Air Cooling,","N/A, 300/°C,  4/h,  N/A,Cooling: Naturally cooled, Pulsed Anodizing,  0/°C,  120/min,  N/A, Sealing,  95/°C,  30/min,  N/A"
29718," N/A, 350/°C,  4/h,  N/A,Cooling: Air Cooling,","N/A,  350/°C,  4/h,  N/A,Cooling: Naturally cooled, Pulsed Anodizing,  0/°C,  120/min,  N/A, Sealing,  95/°C,  30/min,  N/A"
29719,"N/A,","Electrodeposition:  65/°C,  1/h, Current Density: 40/mA/cm2, Coating Thickness: 20±2/μm"
29720," Annealing,  600/°C,  1/h,  N/A,","Electrodeposition,  65/°C,  1/h,  N/A, Annealing,  600/°C,  1/h,  N/A"
29721,"N/A,","Electrodeposition,  51/°C,  1.5/h,  N/A"
29722," Annealing,  600/°C,  1/h,  N/A,","Electrodeposition,  51/°C,  1.5/h,  N/A, Annealing,  600/°C,  1/h,  N/A"
29804," Normalizing, 1030/°C,  40/min,  N/A, Tempering,  750-795/°C,  1/h,  N/A, Thermal Aging, ,  up to 5000/h,  N/A,","Normalizing,  1030/°C,  40/min,  N/A, Tempering,  750/°C, 795/°C,  1/h,  N/A,Natural Aging: ,  5000/h"
29805," Normalizing, 1030/°C,  40/min,  N/A, Tempering,  750-795/°C,  1/h,  N/A, Thermal Aging, ,  up to 5000/h,  N/A,","Normalizing:  1030/°C,  40/min,Tempering:  750/°C, 795/°C,  1/h,Thermal Aging: ,  5000/h"
29806," Normalizing, 1030/°C,  40/min,  N/A, Tempering,  750-795/°C,  1/h,  N/A, Thermal Aging, ,  up to 10000/h,  N/A,","Normalizing,  1030/°C,  40/min,  N/A, Tempering,  750/°C, 795/°C,  1/h,  N/A,Natural Aging: ,  10000/h"
29807," Normalizing, 1030/°C,  40/min,  N/A, Tempering,  750-795/°C,  1/h,  N/A, Thermal Aging, ,  up to 10000/h,  N/A,","Normalizing,  1030/°C,  40/min,  N/A, Tempering,  750/°C, 795/°C,  1/h,  N/A,Natural Aging: ,  10000/h"
29808," Normalizing, 1030/°C,  40/min,  N/A, Tempering,  750-795/°C,  1/h,  N/A, Thermal Aging, ,  up to 5000/h,  N/A,","Normalizing,  1030/°C,  40/min,  N/A, Tempering,  750/°C, 795/°C,  1/h,  N/A,Natural Aging: ,  5000/h"
29809," Normalizing, 1030/°C,  40/min,  N/A, Tempering,  750-795/°C,  1/h,  N/A, Thermal Aging, ,  up to 5000/h,  N/A,","Normalizing,  1030/°C,  40/min,  N/A, Tempering,  750/°C, 795/°C,  1/h,  N/A,Natural Aging: ,  5000/h"
29810," Normalizing, 1040/°C, ,  N/A, Tempering,  750/°C,  1/h,  N/A, Thermal Aging, ,  13500/h,  N/A,","Normalizing,  1040/°C, ,  N/A, Tempering,  750/°C,  1/h,  N/A,Artificial Aging: ,  13500/h"
29811," Normalizing, 1050/°C, ,  N/A, Tempering,  780/°C,  1/h,  N/A, Thermal Aging, ,  13500/h,  N/A,","Normalizing,  1050/°C, ,  N/A, Tempering,  780/°C,  1/h,  N/A,Artificial Aging: ,  13500/h"
30101,",Quenching: Water Quenching,,",",Quenching: Water quenching,"
30102,"Artificial Aging:  200/°C,  20/min,","Artificial Aging:  200/°C,  20/min"
30103,"Artificial Aging:  240/°C,  15/min,","Artificial Aging:  240/°C,  15/min"
30104,"Artificial Aging:  260/°C,  2/days,","Artificial Aging:  260/°C,  2/days"
30148," Annealing,  335/°C,  5/h,  N/A,","Melting:  N/A, N/A,,  Ar, Annealing,  335/°C,  5/h,  N/A"
30149," Annealing,  550/°C,  10/h,  N/A.,","Melting:  Mechanical Alloying, N/A,,  Ar, Annealing,  550/°C,  10/h,  N/A"
30150," Annealing,  750/°C,  5/h,  N/A,","Melting:  N/A, N/A,,  Ar, Annealing,  750/°C,  5/h,  N/A"
30151," Annealing,  335/°C,  5/h,  N/A,","Melting:  N/A, N/A,,  Ar, Annealing,  335/°C,  5/h,  N/A"
30152," Annealing,  550/°C,  10/h,  N/A,","Melting:  N/A, N/A,,  Ar, Annealing,  550/°C,  10/h,  N/A"
30153," Annealing,  750/°C,  5/h,  N/A.,","Melting:  N/A, N/A,,  Ar, Annealing,  750/°C,  5/h,  N/A"
30329," Degassing, 500/°C,  24/h,  N/A, N/A, 500/°C to 655/°C,  up to 750/h,  N/A,Quenching: Cold Water quenching,",",,Degassing:  500/°C,  24/h,Consolidation:  500/°C, ,Extrusion:  520/°C, ,  7/mm, N/A,  500/°C, 655/°C,  750/h,  N/A,Quenching: Cold water quenching"
30330," Degassing, 500/°C,  24/h,  N/A, N/A, 500/°C to 655/°C,  up to 750/h,  N/A,Quenching: Cold Water quenching,","Melting:  Mechanical Alloying, N/A,,  N/A,Homogenization:  500/°C,  24/h, Consolidation,  500/°C, ,  N/A, Extrusion,  520/°C, ,  N/A, Heat Treatment,  500/°C, 655/°C,  750/h,  N/A,Quenching: Water quenching,Cooling: Cold water"
30378,"Creep Aging:  160/°C,  117/h,  0/MPa,","Creep Aging:  160/°C,  117/h,  0/MPa"
30379,"Creep Aging:  160/°C,  117/h,  45/MPa,","Creep Aging:  160/°C,  117/h,  45/MPa"
30380,"Creep Aging:  170/°C,  71/h,  0/MPa,","Creep Aging:  170/°C,  71/h,  0/MPa"
30381,"Creep Aging:  170/°C,  71/h,  40/MPa,","Creep Aging:  170/°C,  71/h,  40/MPa"
30382,"Creep Aging:  181/°C,  51/h,  0/MPa,","Creep Aging:  181/°C,  51/h,  0/MPa"
30383,"Creep Aging:  181/°C,  51/h,  40/MPa,","Creep Aging:  181/°C,  51/h,  40/MPa"
30384,"Creep Aging:  190/°C,  24/h,  0/MPa,","Creep Aging:  190/°C,  24/h,  0/MPa"
30385,"Creep Aging:  190/°C,  24/h,  40/MPa,","Creep Aging:  190/°C,  24/h,  40/MPa"
30386,"Creep Aging:  201/°C,  11/h,  0/MPa,","Creep Aging:  201/°C,  11/h,  0/MPa"
30387,"Creep Aging:  201/°C,  11/h,  40/MPa,","Creep Aging:  201/°C,  11/h,  40/MPa"
30400,"Homogenization:  1150/°C, ,Solution:  1050/°C, ,  N/A,Quenching: Water Quenching,Artificial Aging:  550/°C,  16/h,","Homogenization:  1150/°C, , Solution treatment, 1050/°C, ,  N/A,Quenching: Water quenching, Aging,  550/°C,  16/h,  N/A"
30401,"Homogenization:  1150/°C, ,Solution:  1050/°C, ,  N/A,Quenching: Water Quenching,Artificial Aging:  550/°C, 520/°C,  16/h, 10/h,","Homogenization:  1150/°C,  N/A, Solution-treated,  1050/°C,  N/A,  N/A,Quenching: Water quenching,Artificial Aging:  550/°C, 520/°C,  16/h, 10/h"
30402," Two-step aging treatment, , ,  N/A,","Two-step aging treatment, , ,  N/A"
30403,"Solution:  520/°C,  25/min,  N/A,Quenching: Water quenching, Artificial Aging: , ,","Solution:  520/°C,  25/min,  N/A,Quenching: Water quenching, ,Artificial Aging: , "
30404,"Solution:  520/°C,  25/min,  N/A,Quenching: Water quenching, Artificial Aging: , ,","Solution,  520/°C,  25/min,  N/A,Quenching: Ice–Water Quenching, Aging, , ,  N/A."
30405," N/A, 475/°C,  2/h,  N/A,Quenching: Water quenching, Artificial Aging:  Room Temperature/°C, 150/°C,  up to 5/days, various/N/A,","N/A, 475/°C,  2/h,  N/A,Quenching: Water quenching, Natural Aging:  Room Temperature,  up to 5/days, Aging,  150/°C,  various,  N/A"
30674,"N/A,", N/A
30676,"Artificial Aging: , ,","Artificial Aging, , ,  N/A"
30878,"Solution:  525/°C,  12/h,  N/A,Artificial Aging:  225/°C,  14/h,","Solution:  525/°C,  12/h,  N/A,Artificial Aging:  225/°C,  14/h"
30879,"Solution:  525/°C,  12/h,  N/A,Artificial Aging:  250/°C,  12/h,","Solution:  525/°C,  12/h,  N/A,Artificial Aging:  250/°C,  12/h"
30885,",Hot forming:  N/A,, , HT1,, ,  N/A,Artificial Aging:  827-910/°C, ,",",Hot forming:  N/A,, , HT1,, ,  N/A,Creep Aging:  827/°C, 910/°C, , "
30886,",Hot forming:  N/A,, , HT1,, ,  N/A,Artificial Aging:  790-827/°C, ,","Casting:  Casting,,  N/A, HT2, , ,  N/A, Long term aging,  790/°C, 827/°C, "
31099,"Casting:  Permanent mould casting,,  N/A,","Casting:  Permanent mould casting,,  N/A"
31100," T6, , ,  N/A,","T6, , ,  N/A"
31249,"Solution:  1373/K,  60/min,  N/A,Quenching: Water quenching,  Cryogenic Treatment,,  300/min,  N/A,","Solution treatment, 1373/K,  60/min,  N/A,Quenching: Water quenching, Cryogenic Treatment, Liquid Nitrogen,  300/min,  N/A"
31250,"N/A,", N/A
31251,"N/A,", N/A
31252,"N/A,", N/A
31253,"N/A,", N/A
31327,"Melting:  Button-arc melting, N/A, 1523/K,  N/A, ,Quenching: Water quenching, Artificial Aging:  823/K, ,","Melting:  Button-arc melting, N/A, 1523/K,  N/A, Solution treatment, 1523/K,  1/h,  N/A,, Aging, 823/K, ,  N/A"
31328,"Melting:  Button-arc melting, N/A, 1523/K,  N/A, ,Quenching: Water quenching, Artificial Aging:  823/K, 973/K, ,","Melting:  Button-arc melting, N/A,,  N/A,Solution:  1523/K,  1/hour,  N/A,, Aging,  823/K, 973/K, ,  N/A"
31329,"Melting:  Button-arc melting, N/A, 1523/K,  N/A, ,Quenching: Water quenching, Artificial Aging:  823/K, ,","Melting:  Button-arc melting, N/A, 1523/K,  N/A, Solution treatment, 1523/K,  1/h,  N/A,, Aging,  823/K, ,  N/A."
31330,"Melting:  Button-arc melting, N/A, 1523/K,  N/A, ,Quenching: Water quenching, Artificial Aging:  823/K, 973/K, ,","Melting, 1523/K,  1/h, Solution,, ,, Aging,  823/K, 973/K, "
31331,"Melting:  Button-arc melting, N/A, 1523/K,  N/A, ,Quenching: Water quenching, Artificial Aging:  823/K, ,","Melting:  Button-arc melting, N/A, 1523/K,  N/A, Solution treatment, 1523/K,  1/h,  N/A,, Aging,  823/K, ,  N/A."
31332,"Melting:  Button-arc melting, N/A, 1523/K,  N/A, ,Quenching: Water quenching, Artificial Aging:  823/K, ,","Melting:  Button-arc melting, N/A,,  N/A,Solution:  1523/K,  1/hour,  N/A,,Artificial Aging:  823/K, "
31333,"N/A,", N/A
31334,"N/A,", N/A
31365,"N/A,", N/A
31366,"Artificial Aging:  923/K, 1023/K, 1123/K,  1/h to 200/h,","Aging,  923/K, 1023/K, 1123/K,  1/h to 200/h,  N/A"
31367," Resolution annealed,, ,  N/A,","Resolution annealed,, ,  N/A"
31368,"Artificial Aging:  923/K,  10/h,","Aging,  923/K,  10/h,  N/A"
31369,"Artificial Aging:  1123/K,  1/h,","Aging,  1123/K,  1/h,  N/A"
31594," Annealing,  300-700/°C,  1/h,  N/A,","Annealing,  300-700/°C,  1/h,  N/A"
31595," Annealing,  700-1100/°C,  1/h,  N/A,","Annealing,  700-1100/°C,  1/h,  N/A"
31596," Annealing, 1100/°C, 1300/°C,  1/h,","Annealing, 1100/°C, 1300/°C,  1/h"
31597," N/A,, ,  N/A,","N/A,, ,  N/A"
31598," N/A,, ,  N/A,","N/A,, ,  N/A"
31599," N/A,  300/°C,  1/h,  N/A,","N/A,  300/°C,  1/h,  N/A"
31600," N/A, 400/°C,  1/h,  N/A,","N/A, 400/°C,  1/h,  N/A"
31601," N/A,  480/°C,  1/h,  N/A,","N/A,  480/°C,  1/h,  N/A"
31602,"N/A,", N/A
31603,"N/A,", N/A
31604,",,",","
31605,"N/A,", N/A
31692,"Quenching: Quenching,Artificial Aging:  600/°C-700/°C, ,","Quenching: Quenching,Artificial Aging:  600/°C-700/°C, "
31693,"Quenching: Quenching,Artificial Aging:  600/°C-700/°C, ,","Quenching: Quenching,Artificial Aging:  600/°C-700/°C, "
31694,"Quenching: Quenching,Artificial Aging:  600/°C-700/°C, ,","Quenching: Quenching,Artificial Aging:  600/°C-700/°C, "
31704," Annealing,  150/°C, ,  N/A,","Annealing,  150/°C, ,  N/A"
31705," Annealing,  150/°C, ,  N/A,","Annealing,  150/°C, ,  N/A"
31706," Annealing,  150/°C, ,  N/A,","Annealing,  150/°C, ,  N/A,"
31789," N/A, 860/°C,  1.5/h,  N/A,","N/A, 860/°C,  1.5/h,  N/A"
31790," N/A, 860/°C,  1.5/h,  N/A, N/A,  500/°C,  6/h,  N/A,","N/A, 860/°C,  1.5/h,  N/A, N/A,  500/°C,  6/h,  N/A"
31791," N/A, 860/°C,  1.5/h,  N/A, N/A, 250/°C,  24/h,  N/A, N/A, 500/°C,  6/h,  N/A.,","N/A, 860/°C,  1.5/h,  N/A, N/A, 250/°C,  24/h,  N/A, N/A, 500/°C,  6/h,  N/A."
31792," N/A,  -196/°C,  24/h,  N/A,","N/A,  -196/°C,  24/h,  N/A"
31793," N/A, -196/°C,  24/h,  N/A, N/A, 500/°C,  6/h,  N/A.,","N/A, -196/°C,  24/h,  N/A, N/A, 500/°C,  6/h,  N/A."
31794," N/A, -196/°C,  24/h, N/A, 250/°C,  24/h, N/A, 500/°C,  6/h.,","N/A, -196/°C,  24/h, N/A, 250/°C,  24/h, N/A, 500/°C,  6/h."
31851,"Quenching: Quenching,",Quenching: Quenching
31852,"N/A,", N/A
31853,"N/A,", N/A
31854,"N/A,", N/A
31855,"N/A,", N/A
31856,"N/A,", N/A
31857,"N/A,", N/A
31858,"N/A,", N/A
31859,"N/A,", N/A
31860," Annealing,, ,  N/A,","Annealing, , ,  N/A"
31942,"Melting:  SEBM, N/A,,  N/A,",N/A
31943,"Melting:  SEBM, N/A,,  N/A,",N/A
31944," Two-stage annealing, , ,  N/A,","Two-stage annealing, , ,  N/A"
31945," Thermal cycling (HT2),, ,  N/A,","Thermal cycling, , ,  N/A"
31946,",",
32004,"N/A,","Anodization, ,  3/h,  N/A"
32005,"N/A,","Natural Aging: ,  4/years"
32012,"N/A,",N/A
32013," N/A, 400/°C, ,  N/A,","N/A,  400/°C, ,  N/A"
32014," N/A, 200/°C, 400/°C, 600/°C, ,  N/A.,","N/A,  200/°C, 400/°C, 600/°C, ,  N/A"
32015,"Solution:  820/°C, ,  N/A,Artificial Aging:  580/°C, ,","Solution:  820/°C, ,  N/A,Artificial Aging:  580/°C, "
32016,"Solution:  880/°C, ,  N/A,Artificial Aging:  580/°C, ,","Solution:  880/°C, ,  N/A,Artificial Aging:  580/°C, "
32017,"Solution:  820/°C, ,  N/A,Artificial Aging:  580/°C, ,","Solution:  820/°C, ,  N/A,Artificial Aging:  580/°C, "
32018,"Solution:  820/°C, ,  N/A,Artificial Aging:  580/°C, ,","Solution:  820/°C, ,  N/A,Artificial Aging:  580/°C, "
32019,"Solution:  880/°C, ,  N/A,Artificial Aging:  580/°C, ,","Solution:  880/°C, ,  N/A,Artificial Aging:  580/°C, "
32020,"Solution:  880/°C, ,  N/A,Artificial Aging:  580/°C, ,","Solution:  880/°C, ,  N/A,Artificial Aging:  580/°C, "
32021," Sintering,  1300/°C,  1/h,  N/AArtificial Aging:  480/°C,  1/h, 4/h, 8/h,","Sintering,  1300/°C,  1/h,  N/AArtificial Aging:  480/°C,  1/h, 4/h, 8/h"
32022," Sintering,  1300/°C,  1/h,  N/AArtificial Aging:  480/°C,  1/h, 4/h, 8/h,","Sintering, 1300/°C,  1/h,  N/A,Melting:  N/A, N/A,,  10-6 mbar vacuum, Aging,  480/°C,  1/h, 4/h, 8/h,  N/A."
32023," Sintering,  1300/°C,  1/h,  N/AArtificial Aging:  480/°C,  1/h, 4/h, 8/h,","Sintering,  1300/°C,  1/h,  N/A,Artificial Aging:  480/°C,  1/h, 4/h, 8/h"
32024," Sintering,  1300/°C,  1/h,  N/AArtificial Aging:  480/°C,  1/h, 4/h, 8/h,","Sintering,  1300/°C,  1/h,  N/A,Artificial Aging:  480/°C,  1/h, 4/h, 8/h"
32038,"Artificial Aging: , ,","Artificial Aging: , "
32039,"Artificial Aging:  N/A,  N/A,","Artificial Aging:  N/A,  N/A"
32040,"Artificial Aging:  200/°C,  0.5 to 128/h, Annealing,  250/°C,  0.25/h to 64/h,  N/A,","Aging,  200/°C,  0.5/h to 128/h, Annealing,  250/°C,  0.25/h to 64/h."
32041,"Artificial Aging:  200/°C,  0.5 to 128/h, Annealing,  250/°C,  0.25/h to 64/h,  N/A,","Artificial Aging:  200/°C,  0.5/h, 128/h, Annealing,  250/°C,  0.25/h, 64/h,  N/A"
32042,"Artificial Aging:  200/°C,  0.5 to 128/h, Annealing,  250/°C,  0.25/h to 64/h,  N/A,","Aging,  200/°C,  0.5/h to 128/h, Annealing,  250/°C,  0.25/h to 64/h."
32043,"Artificial Aging:  200/°C,  0.5 to 128/h, Annealing,  250/°C,  0.25/h to 64/h,  N/A,","Aging,  200/°C,  0.5/h to 128/h, Annealing,  250/°C,  0.25/h to 64/h"
32044," TMT, 642/°C, ,  N/A,","TMT, 642/°C, ,  N/A"
32045," TMT, 640/°C, ,  N/A,","TMT,  640/°C, ,  N/A"
32046," TMT, 643.4/°C, ,  N/A,","TMT, 643.4/°C, ,  N/A"
32047," TMT, 638/°C, ,  N/A,","TMT, 638/°C, ,  N/A."
32048," TMT, 642/°C, ,  N/A,","TMT, 642/°C, ,  N/A"
32049,"N/A,", N/A
32095,",Artificial Aging: ,  4/h,","Thixoforging, , ,  N/A,Solution: ,  4/h,  N/A"
32096,",Artificial Aging: ,  6/h,",",Artificial Aging: ,  6/h"
32097,",Artificial Aging: ,  10/h,",",Artificial Aging: ,  10/h"
32098,",Artificial Aging: ,  4/h,",",Artificial Aging: ,  4/h"
32099,",Artificial Aging: ,  6/h,",",Artificial Aging: ,  6/h"
32100,",Artificial Aging: ,  10/h,",",Artificial Aging: ,  10/h"
32101,",Artificial Aging: ,  4/h,",",Artificial Aging: ,  4/h"
32102,",Artificial Aging: ,  6/h,",",Artificial Aging: ,  6/h"
32103,",Artificial Aging: ,  10/h,",",Artificial Aging: ,  10/h"
32127," long-term Aging,  750/°C, ,  N/A,","long-term Aging,  750/°C, ,  N/A"
32128," Long-term Aging, 750/°C, ,  N/A,","Long-term Aging, 750/°C, ,  N/A"
32129," long-term Aging,  750/°C, ,  N/A,","long-term Aging,  750/°C, ,  N/A"
32130," Long-term Aging, 750/°C, ,  N/A,","Long-term Aging, 750/°C, ,  N/A"
32200," Annealing, 1100/°C, ,  N/A,","Annealing, 1100/°C, ,  N/A"
32201,"Quenching: Quenching,",Quenching: Quenching
32202,"Quenching: Quenching,",Quenching: Quenching
32206,"N/A,", N/A
32207,"N/A,", N/A
32208,"N/A,", N/A
32209,"N/A,", N/A
32210,"Artificial Aging:  121/°C,  24/h,","Aging,  121/°C,  24/h,  N/A"
32211,"Artificial Aging:  121/°C,  4/h,Quenching: Quenching,Artificial Aging:  65/°C,  120/h,","Artificial Aging:  121/°C,  4/h,,Artificial Aging:  65/°C,  120/h"
32212,"Artificial Aging:  121/°C,  6/h,Quenching: Quenching,Artificial Aging:  65/°C,  120/h,","Aging, 121/℃,  6/h,, Aging,  65/℃,  120/h,  N/A"
32213,"Artificial Aging:  121/°C,  8/h,Quenching: Quenching,Artificial Aging:  65/°C,  410/h,","Aging, 121/°C,  8/h,, Aging,  65/°C,  410/h,  N/A"
