ID,GroundTruth_Heat_treatment2,Extracted_Heat_treatment2
109,"Rolling:N/A,N/A,Starting_Thickness:N/A,Final_Thickness:1.5/mm,Thickness_Reduction_Ratio:N/A","Rolling:  N/A,, Starting Thickness: N/A, Final Thickness: 1.5/mm, Thickness Reduction Ratio: N/A"
110,"Rolling:N/A,N/A,Starting_Thickness:N/A,Final_Thickness:1.5/mm,Thickness_Reduction_Ratio:N/A","Rolling:  N/A, N/A,Starting Thickness: N/A,Final Thickness: 1.5/mm,Thickness Reduction Ratio: N/A"
111,"Rolling:N/A,N/A,Starting_Thickness:N/A,Final_Thickness:1.5/mm,Thickness_Reduction_Ratio:N/A","Rolling:  N/A,, Starting Thickness: N/A, Final Thickness: 1.5/mm, Thickness Reduction Ratio: N/A"
226," Milling, Condition: dry/N/A, Tool Coating: Uncoated/N/A","Milling, Condition: dry/N/A, Tool Coating: Uncoated/N/A"
227," Milling, Condition: dry/N/A, Tool Coating: TiN/N/A","Milling, Condition: dry/N/A, Tool Coating: TiN/N/A"
228," Milling, Condition: dry/N/A, Tool Coating: Nanocomposite TiAlSiN/TiSiN/TiAlN/N/A","Milling, Condition: dry/N/A, Tool Coating: Nanocomposite TiAlSiN/TiSiN/TiAlN/N/A"
229," Milling, Condition: dry/N/A, Tool Coating: TiAlN/N/A","Milling, Condition: dry/N/A, Tool Coating: TiAlN/N/A"
253,"Laser Processing: L-PBF,Laser Power: 285/W,Scan Speed: 1200/mm/s, System: EOS M290, Substrate Material: Ti, Powder Description: Gas atomized, air dried, Mean Particle Diameter: 35/μm, Powder Layer Thickness: 30/μm, Laser Spot Diameter: 100/μm, Shielding Gas Type: Argon, Shielding Gas Inlet Temperature: 20/°C, Shielding Gas Inlet Flow Rate: 0.25/m3/s","Laser Processing: L-PBF,Laser Power: 285/W,Scan Speed: 1200/mm/s, System: EOS M290, Substrate Material: Ti, Powder Description: Gas atomized, air dried, Mean Particle Diameter: 35/μm, Powder Layer Thickness: 30/μm, Laser Spot Diameter: 100/μm, Shielding Gas Type: Argon, Shielding Gas Inlet Temperature: 20/°C, Shielding Gas Inlet Flow Rate: 0.25/m3/s"
254,N/A,   N/A
255,N/A,   N/A
256,N/A,   N/A
257,N/A,   N/A
267,"Laser Processing: SLM,Laser Power: 70/W,Scan Speed: 1200/mm/s, Energy Density: 48/J/mm3， HIP","Laser Processing: SLM,Laser Power: 70/W,Scan Speed: 1200/mm/s, Energy Density: 48/J/mm3"
268,"Laser Processing: SLM,Laser Power: 130/W,Scan Speed: 700/mm/s, Energy Density: 155/J/mm3, HIP, Temperature: 1150/°C, Pressure: 50/bar, Time: 3/h","Laser Processing: SLM,Laser Power: 130/W,Scan Speed: 700/mm/s, Energy Density: 155/J/mm3/N/A, HIP, Temperature: 1150/°C, Pressure: 50/bar, Time: 3/h"
269,"Laser Processing: SLM,Laser Power: 130/W,Scan Speed: 700/mm/s, Energy Density: 155/J/mm3, HIP, Temperature: 1150/°C, Pressure: 1050/bar, Time: 3/h","Laser Processing: SLM,Laser Power: 130/W,Scan Speed: 700/mm/s, Energy Density: 155/J/mm3, HIP, Temperature: 1150/°C, Pressure: 1050/bar, Time: 3/h"
270,"Laser Processing: SLM,Laser Power: 130/W,Scan Speed: 700/mm/s, Energy Density: 155/J/mm3, HIP, Temperature: 1150/°C, Pressure: 2000/bar, Time: 3/h","Laser Processing: SLM,Laser Power: 130/W,Scan Speed: 700/mm/s, Energy Density: 155/J/mm3,  HIP, Temperature: 1150/°C, Pressure: 2000/bar, Time: 3/h"
271,"Laser Processing: SLM, HIP","Laser Processing: SLM, HIP"
272,"Pressing/Compression:  Squeeze, Pressure: 120/MPa","Pressing/Compression:  Squeeze, Pressure: 120/MPa"
273,"Pressing/Compression:  Squeeze, Pressure: 120/MPa","Pressing/Compression:  Squeeze, Pressure: 120/MPa"
274,"Pressing/Compression:  Squeeze, Pressure: 70/MPa","Pressing/Compression:  Squeeze, Pressure: 120/MPa"
388,"Laser Processing:  LPBF, , Scan Speed: N/A,  N/A","Laser Processing:  Laser Powder Bed Fusion (LPBF), , Scan Speed: N/A,  N/A"
389,"Laser Processing:  LPBF, , Scan Speed: N/A,  N/A","Laser Processing:  Laser Powder Bed Fusion (LPBF), , Scan Speed: N/A,  N/A"
390,"Laser Processing:  LPBF, , Scan Speed: N/A,  N/A","Laser Processing:  Laser Powder Bed Fusion (LPBF), , Scan Speed: N/A,  N/A"
391,"Laser Processing:LPBF,Laser Power:N/A,Scan Speed:N/A,N/A,Alloying:Yttrium addition,N/A,Rotation speed:N/A,","LPBF, N/A,Alloying: Yttrium addition,,Rotation speed: N/A, N/A"
392,"Laser Processing:LPBF,Laser Power:N/A,Scan Speed:N/A,N/A,Alloying:Yttrium addition,N/A,Rotation speed:N/A,","LPBF, N/A, Yttrium addition, N/A"
393,"Laser Processing:LPBF,Laser Power:N/A,Scan Speed:N/A,N/A,Alloying:Yttrium addition,N/A,Rotation speed:N/A,","LPBF, N/A, Yttrium addition, N/A"
428,N/A,   N/A
429,"Pressing/Compression:Simulated HIP,","Pressing/Compression:Simulated HIP,"
430,"Pressing/Compression:Simulated HIP,","Pressing/Compression:Simulated HIP,"
431,"Pressing/Compression:Simulated HIP,","Pressing/Compression:Simulated HIP,"
701,N/A,   N/A
702,N/A,   N/A
703,N/A,   N/A
704,N/A,   N/A
705,N/A,   N/A
706,N/A,   N/A
707,N/A,   N/A
708,N/A,   N/A
857,N/A,   N/A
858,N/A,   N/A
859,N/A,   N/A
860,N/A,   N/A
861,N/A,   N/A
1154,N/A,   N/A
1155,N/A,   N/A
1156,N/A,   N/A
1157,N/A,   N/A
1158,N/A,   N/A
1159,N/A,   N/A
1255," N/A,,Deformation Ratio: N/A, Deformation Speed: 4.3 × 10–5/s−1","N/A,,Deformation Ratio: N/A, Deformation Speed: 4.3 × 10–5/s−1"
1256," N/A,,Deformation Ratio: N/A, Deformation Speed: 5.5 × 10–4/s−1","N/A,,Deformation Ratio: N/A, Deformation Speed: 5.5 × 10–4/s−1"
1257," N/A,,Deformation Ratio: N/A, Deformation Speed: 1.5 × 10–4/s−1","N/A,,Deformation Ratio: N/A, Deformation Speed: 1.5 × 10–4/s−1"
1258," N/A,,Deformation Ratio: N/A, Deformation Speed: 3.5 × 10–3/s−1","N/A,,Deformation Ratio: N/A, Deformation Speed: 3.5 × 10–3/s−1"
1259," N/A,,Deformation Ratio: N/A, Deformation Speed: 7.5 × 10–3/s−1","N/A,,Deformation Ratio: N/A, Deformation Speed: 7.5 × 10–3/s−1"
1260," N/A,,Deformation Ratio: N/A, Deformation Speed: 4.3 × 10–5/s−1","N/A,,Deformation Ratio: N/A, Deformation Speed: 4.3 × 10–5/s−1"
1261," N/A,,Deformation Ratio: N/A, Deformation Speed: 5.5 × 10–4/s−1","N/A,,Deformation Ratio: N/A, Deformation Speed: 5.5 × 10–4/s−1"
1262," N/A,,Deformation Ratio: N/A, Deformation Speed: 1.5 × 10–4/s−1","N/A,,Deformation Ratio: N/A, Deformation Speed: 1.5 × 10–4/s−1"
1263,"  N/A, N/A,Deformation Ratio: N/A,Deformation Speed: 3.5 × 10–3/s−1"," N/A, N/A,Deformation Ratio: N/A,Deformation Speed: 3.5 × 10–3/s−1"
1264," N/A,,Deformation Ratio: N/A, Deformation Speed: 7.5 × 10–3/s−1","N/A,,Deformation Ratio: N/A, Deformation Speed: 7.5 × 10–3/s−1"
1265," N/A,,Deformation Ratio: N/A, Deformation Speed: 4.3 × 10–5/s−1","N/A,,Deformation Ratio: N/A, Deformation Speed: 4.3 × 10–5/s−1"
1266,"  N/A,,Deformation Ratio: N/A,Deformation Speed: 5.5 × 10–4/s−1"," N/A,,Deformation Ratio: N/A,Deformation Speed: 5.5 × 10–4/s−1"
1267,"  N/A, N/A,Deformation Ratio: N/A,Deformation Speed: 1.5 × 10–4/s−1"," N/A, N/A,Deformation Ratio: N/A,Deformation Speed: 1.5 × 10–4/s−1"
1268,"  N/A, N/A,Deformation Ratio: N/A,Deformation Speed: 3.5 × 10–3/s−2"," N/A, N/A,Deformation Ratio: N/A,Deformation Speed: 3.5 × 10–3/s−2"
1269,"   N/A,  N/A, Deformation Ratio: N/A, Deformation Speed: 7.5 × 10–3/s−1","  N/A,  N/A, Deformation Ratio: N/A, Deformation Speed: 7.5 × 10–3/s−1"
1270," , N/A",", N/A"
1271,N/A,   N/A
1272,N/A,   N/A
1694,N/A,   N/A
1695,N/A,   N/A
1696,N/A,   N/A
1697,N/A,   N/A
1698,N/A,   N/A
1699,N/A,   N/A
1923," Successive Sand Casting, N/A","Successive Sand Casting, N/A"
1924," Successive Sand Casting, N/A","successive sand casting, N/A"
1925," Successive Sand Casting, N/A"," Successive sand casting, N/A"
2009,"Laser Processing:   Selective laser melting, Laser Power: N/A, Scan Speed: 600/mm/sec Hatching: Diagonal-island/N/A","Laser Processing:   Selective laser melting,  Hatching: Diagonal-island/N/A,Scan Speed: 600/mm/sec "
2010,"Laser Processing:   Selective laser melting, Laser Power: N/A, Scan Speed: 800/mm/sec Hatching: Diagonal-island/N/A","Laser Processing: Selective laser melting,Laser Power: N/A,Scan Speed: 800/mm/sec, Hatching: Diagonal-island/N/A"
2011,"Laser Processing:   Selective laser melting, Laser Power: N/A, Scan Speed: 1000/mm/sec Hatching: Diagonal-island/N/A","Laser Processing: Selective laser melting,Scan Speed: 1000/mm/sec, Hatching: Diagonal-island/N/A"
2012,"Laser Processing:   Selective laser melting, Laser Power: N/A, Scan Speed: 600/mm/sec Hatching: Diagonal-island/N/A","Laser Processing: Selective laser melting,Scan Speed: 600/mm/sec, Hatching: Diagonal-island/N/A"
2013,"Laser Processing: Selective laser melting,Laser Power: N/A,Scan Speed: 600/mm/sec, Hatching: Checkerboard/N/A","Laser Processing: Selective laser melting,Laser Power: N/A,Scan Speed: 600/mm/sec, Hatching: Checkerboard/N/A"
2014,"Laser Processing: Selective laser melting,,Scan Speed: 800/mm/sec, Hatching: Checkerboard/N/A","Laser Processing: Selective laser melting,,Scan Speed: 800/mm/sec, Hatching: Checkerboard/N/A"
2015,"Laser Processing: Selective laser melting,Laser Power: N/A,Scan Speed: 1000/mm/sec, Hatching: Checkerboard/N/A","Laser Processing: Selective laser melting,Laser Power: N/A,Scan Speed: 1000/mm/sec, Hatching: Checkerboard/N/A"
2194," Ball milling, Time: 45/min, Rotation speed: 1200/rpm","Ball milling, Time: 45/min, Rotation speed: 1200/rpm"
2195," Ball milling, Time: 1.5/h, Rotation speed: 1200/rpm","Ball milling, Time: 1.5/h, Rotation speed: 1200/rpm"
2196,"  Ball milling, Time: 3/h, Rotation speed: 1200/rpm"," Ball milling, Time: 3/h, Rotation speed: 1200/rpm"
2197," Ball milling, Time: 4.5/h, Rotation speed: 1200/rpm","Ball milling, Time: 4.5/h, Rotation speed: 1200/rpm"
2198," Ball milling, Time: 6/h, Rotation speed: 1200/rpm","Ball milling, Time: 6/h, Rotation speed: 1200/rpm"
2642,"Friction Processing:  FSW,Rotation speed: 1000/rpm,Processing speed: 300/mm/min,  Heat Index 1: 56/N/A, Heat Index 2: 3.3/N/A, Peak Temperature: 732/K, 673/K, Average Peak Temperature: 703/K, Time above 573K: 2.6/s, Time above 673K: 0.7/s","Friction Processing:  Friction Stir Welding (FSW),Rotation speed: 1000/rpm,Processing speed: 300/mm/min,  Heat Index 1: 56/N/A, Heat Index 2: 3.3/N/A, Peak Temperature: 732/K, 673/K, Average Peak Temperature: 703/K, Time above 573K: 2.6/s, Time above 673K: 0.7/s"
2643,"Friction Processing: FSW,Rotation speed: 1000/rpm,Processing speed: 100/mm/min,  Heat index 1: 163/N/A, Heat index 2: 9.8/N/A, Peak temperature: 795-749/K, Average peak temperature: 772/K, Time above 573K: 10.8/s, Time above 673K: 5.6/s","Friction Processing: FSW,Rotation speed: 1000/rpm,Processing speed: 100/mm/min,  Heat index 1: 163/N/A, Heat index 2: 9.8/N/A, Peak temperature: 795-749/K, Average peak temperature: 772/K, Time above 573K: 10.8/s, Time above 673K: 5.6/s"
2644,"Friction Processing: FSW,Rotation speed: 1500/rpm,Processing speed: 150/mm/min,  Heat index 1: 250/N/A, Heat index 2: 10.0/N/A, Peak temperature: 799-773/K, Average peak temperature: 786/K, Time above 573K: 6.5/s, Time above 673K: 4.1/s","Friction Processing: FSW,Rotation speed: 1500/rpm,Processing speed: 150/mm/min, Heat index 1: 250/N/A, Heat index 2: 10.0/N/A, Peak temperature: 799/K, 773/K, Average peak temperature: 786/K, Time above 573K: 6.5/s, Time above 673K: 4.1/s"
2674,N/A,   N/A
2675,N/A,   N/A
2676,N/A,   N/A
2677,N/A,   N/A
2678,N/A,   N/A
2679,N/A,   N/A
2680,N/A,   N/A
2681,N/A,   N/A
2682,N/A,   N/A
3546,N/A,   N/A
3547,N/A,   N/A
3548,N/A,   N/A
3549,N/A,   N/A
3550,N/A,   N/A
3551,N/A,   N/A
3552,N/A,   N/A
3553,N/A,   N/A
3554,N/A,   N/A
3555,N/A,   N/A
3556,N/A,   N/A
3557,N/A,   N/A
3558,N/A,   N/A
3559,N/A,   N/A
3560,N/A,   N/A
3743,"Friction Processing: As-Welded,Rotation speed: 800/rpm, 1120/rpm, 1600/rpm,Processing speed: 200/mm/min, 315/mm/min, N/A","Friction Processing: as-welded,Rotation speed: 800/rpm, 1120/rpm, 1600/rpm,Processing speed: 200/mm/min, 315/mm/min, N/A"
3744,"Friction Processing: As-Welded,Rotation speed: 800/rpm, 1120/rpm, 1600/rpm,Processing speed: 200/mm/min, 315/mm/min, N/A","Friction Processing: as-welded,Rotation speed: 800/rpm, 1120/rpm, 1600/rpm,Processing speed: 200/mm/min, 315/mm/min, N/A"
4368,"Laser Processing:   N/A, Laser Power: 120/W, Scan Speed: 10/mm/s,  Hatching Spacing: 1.5/mm,Pulse Width: 3.0/ms,Frequency: 30/Hz,Laser Spot Size: 0.1/mm,Layer Thickness: 0.04/mm","Laser Processing:   N/A, Laser Power: 120/W, Scan Speed: 10/mm/s,  Hatching Spacing: 1.5/mm,Pulse Width: 3.0/ms,Frequency: 30/Hz,Laser Spot Size: 0.1/mm,Layer Thickness: 0.04/mm "
4369,"Laser Processing:  N/A,Laser Power: 120/W,Scan Speed: 10/mm/s, Hatching Spacing: 1.5/mm, Pulse Width: 3.0/ms, Frequency: 30/Hz, Laser Spot Size: 0.1/mm, Layer Thickness: 0.04/mm","Laser Processing:  N/A,Laser Power: 120/W,Scan Speed: 10/mm/s, Hatching Spacing: 1.5/mm, Pulse Width: 3.0/ms, Frequency: 30/Hz, Laser Spot Size: 0.1/mm, Layer Thickness: 0.04/mm"
4370,"Laser Processing: N/A,Laser Power: 120/W,Scan Speed: 10/mm/s, Hatching Spacing: 1.5/mm, Pulse Width: 3.0/ms, Frequency: 30/Hz, Laser Spot Size: 0.1/mm, Layer Thickness: 0.04/mm","Laser Processing: N/A,Laser Power: 120/W,Scan Speed: 10/mm/s, Hatching Spacing: 1.5/mm, Pulse Width: 3.0/ms, Frequency: 30/Hz, Laser Spot Size: 0.1/mm, Layer Thickness: 0.04/mm"
4371,N/A,   N/A
4372,N/A,   N/A
4373,N/A,   N/A
4374,N/A,   N/A
4889,"Rolling:  Cold-Rolled,,Starting Thickness: N/A, Final Thickness: N/A, Thickness Reduction Ratio: N/A","Rolling:  Cold-Rolled,,Starting Thickness: N/A, Final Thickness: N/A, Thickness Reduction Ratio: N/A"
4890,"Rolling:  Cold-Rolled,,Starting Thickness: N/A, Final Thickness: N/A, Thickness Reduction Ratio: N/A","Rolling:  Cold-Rolled,,Starting Thickness: N/A, Final Thickness: N/A, Thickness Reduction Ratio: N/A"
4891,"Rolling:  Room Temperature Rolled, Room Temperature/N/A, Starting Thickness: N/A,Final Thickness: N/A, Thickness Reduction Ratio: N/A","Rolling:  N/A, Room Temperature/N/A, Starting Thickness: N/A,Final Thickness: N/A, Thickness Reduction Ratio: N/A"
4892,"Rolling:  Room Temperature Rolled, Room Temperature/N/A, Starting Thickness: N/A, Final Thickness: N/A, Thickness Reduction Ratio: N/A","Rolling:  Room Temperature Rolled,, Starting Thickness: N/A, Final Thickness: N/A, Thickness Reduction Ratio: N/A"
4909,N/A,   N/A
4911,N/A,   N/A
5046,"Laser Processing: N/A,Laser Power: 1400/W,Scan Speed: 450/mm/min, Powder feeding rate: 7.5/g/min, Shielding gas flow rate: 10/L/min.","Laser Processing: N/A,Laser Power: 1400/W,Scan Speed: 450/mm/min, Powder feeding rate: 7.5/g/min, Shielding gas flow rate: 10/L/min."
5047,"Laser Processing: N/A,Laser Power: 1400/W,Scan Speed: 450/mm/min, Powder feeding rate: 7.5/g/min, Shielding gas flow rate: 10/L/min.","Laser Processing: N/A,Laser Power: 1400/W,Scan Speed: 450/mm/min, Powder feeding rate: 7.5/g/min, Shielding gas flow rate: 10/L/min."
5048,"Laser Processing: N/A,Laser Power: 1400/W,Scan Speed: 450/mm/min, Powder feeding rate: 7.5/g/min, Shielding gas flow rate: 10/L/min.","Laser Processing: N/A,Laser Power: 1400/W,Scan Speed: 450/mm/min, Powder feeding rate: 7.5/g/min, Shielding gas flow rate: 10/L/min."
5049,"Laser Processing: N/A,Laser Power: 1400/W,Scan Speed: 450/mm/min, Powder feeding rate: 7.5/g/min, Shielding gas flow rate: 10/L/min.","Laser Processing: N/A,Laser Power: 1400/W,Scan Speed: 450/mm/min, Powder feeding rate: 7.5/g/min, Shielding gas flow rate: 10/L/min."
5050,"Laser Processing: N/A,Laser Power: 1400/W,Scan Speed: 450/mm/min, Powder feeding rate: 7.5/g/min, Shielding gas flow rate: 10/L/min.","Laser Processing: N/A,Laser Power: 1400/W,Scan Speed: 450/mm/min, Powder feeding rate: 7.5/g/min, Shielding gas flow rate: 10/L/min."
5051,"Laser Processing: N/A,Laser Power: 1400/W,Scan Speed: 450/mm/min, Powder feeding rate: 7.5/g/min, Shielding gas flow rate: 10/L/min.","Laser Processing: N/A,Laser Power: 1400/W,Scan Speed: 450/mm/min, Powder feeding rate: 7.5/g/min, Shielding gas flow rate: 10/L/min."
5114,"Laser Processing: LPBF,Laser Power: 260/W,Scan Speed: N/A, N/A","Laser Processing: LPBF,Laser Power: 260/W,Scan Speed: N/A, N/A"
5115,"Laser Processing: LPBF,Laser Power: 280/W,Scan Speed: N/A, N/A","Laser Processing: LPBF,Laser Power: 280/W,Scan Speed: N/A, N/A"
5116,"Laser Processing: LPBF,Laser Power: 300/W,Scan Speed: N/A, N/A","Laser Processing: LPBF,Laser Power: 300/W,Scan Speed: N/A, N/A"
5117,"Laser Processing: LPBF,Laser Power: 320/W,Scan Speed: N/A, N/A","Laser Processing: LPBF,Laser Power: 320/W,Scan Speed: N/A, N/A."
6122,N/A,   N/A
6123,N/A,   N/A
6184,N/A,   N/A
6185,N/A,   N/A
6186,N/A,   N/A
6187,N/A,   N/A
6188,N/A,   N/A
6189,N/A,   N/A
6190,N/A,   N/A
6191,N/A,   N/A
6953,"  ,  N/A"," ,  N/A"
6954,"  ,  N/A"," ,  N/A"
6955,"  ,  N/A"," ,  N/A"
9346,N/A,   N/A
9347,"Rolling:  Cold-rolling,,Starting Thickness: N/A,Final Thickness: N/A, Thickness Reduction Ratio: 40/%","Rolling:  Cold-rolled,,Starting Thickness: N/A,Final Thickness: N/A, Thickness Reduction Ratio: 40/%"
9348,"Rolling:  Cold rolling,,Starting Thickness: N/A,Final Thickness: N/A,Thickness Reduction Ratio: 50/%","Rolling:  Cold rolling,,Starting Thickness: N/A,Final Thickness: N/A,Thickness Reduction Ratio: 50/%"
9349,"Rolling:  Cold-rolling,,Starting Thickness: N/A,Final Thickness: N/A,Thickness Reduction Ratio: 70/%","Rolling:  Cold-rolling,,Starting Thickness: N/A,Final Thickness: N/A,Thickness Reduction Ratio: 70/%"
9350,"Rolling:  Cold rolling,,Starting Thickness: N/A,Final Thickness: N/A,Thickness Reduction Ratio: 80/%","Rolling:  Cold rolling,,Starting Thickness: N/A,Final Thickness: N/A,Thickness Reduction Ratio: 80/%"
9379,"Deposition:Sputtering,Parameters:Power:200/W,Argon 5.9×10−3/Torr,Substrate preparation:Etching Solution: 1:20 hydrofluoric acid water solution","Deposition:  Sputtering,Parameters: Power: 200/W, Atmosphere: Argon 5.9×10−3/Torr, Substrate preparation, Etching Solution: 1:20 hydrofluoric acid water solution/N/A"
9906,N/A,   N/A
9907," Simulated_Welding, Heating Rate: 360/°C/s, Peak Temperature: 1350/°C, Cooling Time t8/5: 10/s","Simulated_Welding, Heating Rate: 360/°C/s, Peak Temperature: 1350/°C, Cooling Time t8/5: 10/s"
9908," Simulated_Welding, Heating Rate: 360/°C/s, Peak Temperature: 1350/°C, Cooling Time t8/5: 20/s","Simulated_Welding, Heating Rate: 360/°C/s, Peak Temperature: 1350/°C, Cooling Time t8/5: 20/s"
9909,N/A,   N/A
9910," Simulated_Welding, Heating Rate: 360/°C/s, Peak Temperature: 1350/°C, Cooling Time t8/5: 10/s","Simulated_Welding, Heating Rate: 360/°C/s, Peak Temperature: 1350/°C, Cooling Time t8/5: 10/s"
9911," Simulated_Welding, Heating Rate: 360/°C/s, Peak Temperature: 1350/°C, Cooling Time t8/5: 20/s","Simulated_Welding, Heating Rate: 360/°C/s, Peak Temperature: 1350/°C, Cooling Time t8/5: 20/s"
10061," Exposure to de-ionized water, Temperature: 65/°C, Time: 730/days","Exposure to de-ionized water, Temperature: 65/°C, Time: 730/days"
10062,"  Exposure to aviation fuel,   65/°C,  730/days"," Exposure to aviation fuel,   65/°C,  730/days"
10063," Exposure to hydraulic fluid, Temperature: 65/°C, Time: 730/days","Exposure to hydraulic fluid, Temperature: 65/°C, Time: 730/days"
10064," Exposure to propylene glycol, Temperature: 65/°C, Time: 730/days","Exposure to propylene glycol, Temperature: 65/°C, Time: 730/days"
10065," Exposure to dichloromethane, Temperature: 65/°C, Time: 150/days","Exposure to dichloromethane, Temperature: 65/°C, Time: 150/days"
10066," Exposure to aqueous urea solution, Temperature: 65/°C, Time: 730/days","Exposure to aqueous urea solution, Temperature: 65/°C, Time: 730/days"
10067," Exposure to sea water, Temperature: 65/°C, Time: 400/days","Exposure to sea water, Temperature: 65/°C, Time: 400/days"
10188,"Laser Processing: SLM, Layer Thickness: 30/µm, Hatching Distance: 10/µm","Laser Processing: SLM, Layer Thickness: 30/µm, Hatching Distance: 10/µm"
10189,"Pressing/Compression:  HIP, Temperature: 1200/°C, Pressure: 1020/bar, Time: 4/h, Atmosphere: Argon/N/A","Pressing/Compression:  HIP, Temperature: 1200/°C, Pressure: 1020/bar, Time: 4/h, Atmosphere: Argon/N/A"
10190,N/A,   N/A
12429,N/A,   N/A
12430,N/A,   N/A
12431,N/A,   N/A
12432,N/A,   N/A
12433,N/A,   N/A
12434,N/A,   N/A
12435,N/A,   N/A
12436,N/A,   N/A
12437,N/A,   N/A
12438,N/A,   N/A
12439,N/A,   N/A
12830,"Rolling:  Hot-Rolling, >900/°C, Starting Thickness: N/A, Final Thickness: 8/mm, Thickness Reduction Ratio: 90/%","Rolling:  Hot-Rolling, >900/°C, Starting Thickness: N/A, Final Thickness: 8/mm, Thickness Reduction Ratio: 90/%."
12831,"Rolling:  Hot-Rolling, >900/°C, Starting Thickness: N/A, Final Thickness: 8/mm, Thickness Reduction Ratio: 90/%","Rolling:  Hot-Rolling, >900/°C,Starting Thickness: N/A,Final Thickness: 8/mm,Thickness Reduction Ratio: 90/%"
12832,"Rolling:  Hot-Rolling, >900/°C, Starting Thickness: N/A, Final Thickness: 8/mm, Thickness Reduction Ratio: 90/%","Rolling:  Hot-Rolling, >900/°C, Starting Thickness: N/A,Final Thickness: 8/mm, Thickness Reduction Ratio: 90/%."
12833,"Rolling:  Hot-Rolling, >900/°C, Starting Thickness: N/A, Final Thickness: 8/mm, Thickness Reduction Ratio: 90/%","Rolling:  Hot-Rolling, >900/°C, Starting Thickness: N/A,Final Thickness: 8/mm, Thickness Reduction Ratio: 90/%."
13377,N/A,   N/A
13378,N/A,   N/A
13379,N/A,   N/A
13380,N/A,   N/A
13381,N/A,   N/A
13382,N/A,   N/A
13383,N/A,   N/A
13563," Water Washing, Time: 5/min, Acid Pickling, Acid Concentration: 10%/HCl, Time: 5/min","Water Washing, Time: 5/min, Acid Pickling, Acid Concentration: 10%/HCl, Time: 5/min"
13823," Gravity die casting, Mold Temperature: 500/°C","Gravity die casting, Mold Temperature: 500/°C"
13824," Gravity die casting, Mold Temperature: 200/°C","Gravity die casting, Mold Temperature: 200/°C"
13825," Gravity die casting, Mold Temperature: 500/°C","Gravity die casting, Mold Temperature: 500/°C"
13826," Gravity die casting, Mold Temperature: 200/°C","Gravity die casting, Mold Temperature: 200/°C"
13843,N/A,   N/A
13844,N/A,   N/A
13845,N/A,   N/A
13846,N/A,   N/A
13847,N/A,   N/A
13848,N/A,   N/A
13888,N/A,   N/A
13889,N/A,   N/A
13890,N/A,   N/A
13891,N/A,   N/A
13892,N/A,   N/A
13893,N/A,   N/A
14247,"Rolling:  hot-rolling,,Starting Thickness: N/A,Final Thickness: 2/mm,Thickness Reduction Ratio: N/A","Rolling:  hot-rolling,,Starting Thickness: N/A,Final Thickness: 2/mm,Thickness Reduction Ratio: N/A"
14248,"Rolling:  hot-rolling,,Starting Thickness: N/A,Final Thickness: 2/mm,Thickness Reduction Ratio: N/A","Rolling:  hot-rolling,,Starting Thickness: N/A,Final Thickness: 2/mm,Thickness Reduction Ratio: N/A"
14249,"Rolling:  hot-rolling,,Starting Thickness: N/A,Final Thickness: 2/mm,Thickness Reduction Ratio: N/A","Rolling:  hot-rolling,,Starting Thickness: N/A,Final Thickness: 2/mm,Thickness Reduction Ratio: N/A"
14250,"Rolling:  hot-rolling,,Starting Thickness: N/A,Final Thickness: 2/mm,Thickness Reduction Ratio: N/A","Rolling:  hot-rolling,,Starting Thickness: N/A,Final Thickness: 2/mm,Thickness Reduction Ratio: N/A"
14789," EBF3, Voltage: 20/KV, Current: 45/mA, Wire Feeding Speed: 400/mm/min, Travel Speed: 180/mm/min.","EBF3, Voltage: 20/KV, Current: 45/mA, Wire Feeding Speed: 400/mm/min, Travel Speed: 180/mm/min."
14790,N/A,   N/A
14791,N/A,   N/A
14792,N/A,   N/A
14793,N/A,   N/A
14800,"Pressing/Compression:  SPS, Temperature: 870±5/°C, Time: 25-30/min, Stress: 25/MPa","Pressing/Compression:  SPS, Temperature: 870±5/°C, Time: 25-30/min, Stress: 25/MPa"
14801,"Pressing/Compression:  SPS, Temperature: 870±5/°C, Time: 25-30/min, Stress: 25/MPa","Pressing/Compression:  SPS, Temperature: 870±5/°C, Time: 25-30/min, Stress: 25/MPa."
14802,"Pressing/Compression:  SPS, Temperature: 870±5/°C, Time: 25-30/min, Stress: 25/MPa","Pressing/Compression:  SPS, Temperature: 870±5/°C, Time: 25-30/min, Stress: 25/MPa"
14803,"Pressing/Compression:  SPS, Temperature: 870±5/°C, Time: 25-30/min, Stress: 25/MPa","Pressing/Compression:  SPS, Temperature: 870±5/°C, Time: 25-30/min, Stress: 25/MPa."
14804,"Pressing/Compression:  SPS, Temperature: 870±5/°C, Time: 25-30/min, Stress: 25/MPa","Pressing/Compression:  SPS, Temperature: 870±5/°C, Time: 25-30/min, Stress: 25/MPa."
14812,"Laser Processing:  Laser powder bed fusion, , Scan Speed: N/A,  N/A.","Laser Processing:  Laser powder bed fusion, , Scan Speed: N/A,  N/A."
14813,N/A,   N/A
14814,N/A,   N/A
14815,N/A,   N/A
15036," [  Grinding,  Final grit size: 1500/N/A","[  Grinding,  Final grit size: 1500/N/A]"
15037," [  Grinding,  Final grit size: 1500/N/A","[  Grinding,  Final Grit Size: 1500/N/A]"
15038," [  Grinding,  Final grit size: 1500/N/A","[ Grinding,  Final grit size: 1500/N/A]"
15053,"  Stir Casting,   400/°C,  12-15/min, Rotation speed: 400/rpm"," Stir Casting,   400/°C,  12-15/min, Rotation speed: 400/rpm"
15054,"Stir Casting,400/°C,12-15/min,Rotation speed:400/rpm"," Stir Casting,   400/°C,  12-15/min, Rotation speed: 400/rpm"
15055,"Stir Casting,400/°C,12-15/min,Rotation speed:400/rpm"," Stir Casting,   400/°C,  12-15/min, Rotation speed: 400/rpm"
15056,"  Stir Casting,   400/°C,  12-15/min, Rotation speed: 400/rpm"," Stir Casting,   400/°C,  12-15/min, Rotation speed: 400/rpm"
15057,"Stir Casting,400/°C,12-15/min,Rotation speed:400/rpm"," Stir Casting,   400/°C,  12-15/min, Rotation speed: 400/rpm"
15058,"Stir Casting,400/°C,12-15/min,Rotation speed:400/rpm"," Stir Casting,   400/°C,  12-15/min, Rotation speed: 400/rpm"
15218,N/A,   N/A
15219,N/A,   N/A
15220,N/A,   N/A
15221,N/A,   N/A
15222," Welding, N/A","Welding, N/A"
15270,"Laser Processing: SLM_Processing,Laser Power: 150/W,Scan Speed: 150/mm/s, Layer Thickness: 60/μm, Laser Spot Diameter: 60/μm, Protective Gas: Ar, Sample Size: 20x20x100/mm^3","Laser Processing: SLM_Processing,Laser Power: 150/W,Scan Speed: 150/mm/s, Layer Thickness: 60/μm, Laser Spot Diameter: 60/μm, Protective Gas: Ar, Sample Size: 20x20x100/mm^3"
15271,N/A,   N/A
15272,N/A,   N/A
15390," , N/A",", N/A"
15391,N/A,   N/A
15392,N/A,   N/A
15393,N/A,   N/A
15394,N/A,   N/A
15395,N/A,   N/A
15474," GTAW, Current: 55/A, Voltage: 12/V, Processing Speed: 72/mm/min, Gas Flow: 9/l/min, Heat Input: 550/J/mm","GTAW, Current: 55/A, Voltage: 12/V, Processing Speed: 72/mm/min, Gas Flow: 9/l/min, Heat Input: 550/J/mm."
15475,"  GTAW, Current: 55/A, Voltage: 12/V, Processing Speed: 72/mm/min, Gas Flow: 9/l/min, Heat Input: 550/J/mm"," GTAW, Current: 55/A, Voltage: 12/V, Processing Speed: 72/mm/min, Gas Flow: 9/l/min, Heat Input: 550/J/mm"
15476," GTAW, Current: 55/A, Voltage: 12/V, Processing speed: 72/mm/min, Gas flow: 9/l/min, Heat input: 550/J/mm","GTAW, Current: 55/A, Voltage: 12/V, Processing speed: 72/mm/min, Gas flow: 9/l/min, Heat input: 550/J/mm."
15477," GTAW, Current: 55/A, Voltage: 12/V, Processing speed: 72/mm/min, Gas flow: 9/l/min, Heat input: 550/J/mm","GTAW, Current: 55/A, Voltage: 12/V, Processing speed: 72/mm/min, Gas flow: 9/l/min, Heat input: 550/J/mm."
15478," GTAW, Current: 55/A, Voltage: 12/V, Processing Speed: 72/mm/min, Gas Flow: 9/l/min, Heat Input: 550/J/mm","GTAW, Current: 55/A, Voltage: 12/V, Processing Speed: 72/mm/min, Gas Flow: 9/l/min, Heat Input: 550/J/mm."
15485,"  Cold Stretching, Deformation Ratio: 2-2.2/%","  Cold Stretching, Deformation Ratio: 2-2.2/%"
15486,"  Cold Stretching, Deformation Ratio: 2-2.2/%","  Cold Stretching, Deformation Ratio: 2-2.2/%"
15487,"  Cold Stretching, Deformation Ratio: 2-2.2/%","  Cold Stretching, Deformation Ratio: 2-2.2/%"
15705,N/A,   N/A
15706,N/A,   N/A
16209,N/A,   N/A
16210,N/A,   N/A
16211,N/A,   N/A
16212,N/A,   N/A
16642,N/A,   N/A
19226,"Forge:  Forging,  931/°C,  Time: 49/min","Forge:  Forging,  931/°C,  Time: 49/min"
19227,"Forge:  Forging,  931/°C,  Time: 49/min","Forge:  Forging,  931/°C,  Time: 49/min, N/A: N/A"
19228,"Forge:  Forging,  931/°C,  Time: 49/min","Forge:  Forging,  931/°C,  Time: 49/min."
19294,N/A,   N/A
22491,N/A,   N/A
22493,N/A,   N/A
22494,N/A,   N/A
22496,N/A,   N/A
24466," , N/A",", N/A"
24467,N/A,   N/A
24468,N/A,   N/A
24469,N/A,   N/A
25843,N/A,   N/A
25844,N/A,   N/A
26825,"Rolling:  Cold-rolling,, Starting Thickness: N/A, Final Thickness: 1.5/mm, Thickness Reduction Ratio: N/A","Rolling:  Cold-rolling,, Starting Thickness: N/A, Final Thickness: 1.5/mm, Thickness Reduction Ratio: N/A."
26826,"Rolling:  Cold-rolling,, Starting Thickness: N/A, Final Thickness: 1.5/mm, Thickness Reduction Ratio: N/A","Rolling:  Cold-rolling,, Starting Thickness: N/A, Final Thickness: 1.5/mm, Thickness Reduction Ratio: N/A."
26827,"Rolling:  Cold-rolling,, Starting Thickness: N/A, Final Thickness: 1.5/mm, Thickness Reduction Ratio: N/A"," N/A,Rolling:  Cold-rolling,, Starting Thickness: N/A, Final Thickness: 1.5/mm, Thickness Reduction Ratio: N/A."
26828,"Rolling:  Cold-rolling,, Starting Thickness: N/A, Final Thickness: 1.5/mm, Thickness Reduction Ratio: N/A"," N/A,Rolling:  Cold-rolling,, Starting Thickness: N/A, Final Thickness: 1.5/mm, Thickness Reduction Ratio: N/A"
29211," EPBF, Beam Current: 21/mA, Scanning Speed: 4800/mm/s, Line Spacing: 0.1/mm, Focus Current: 560/mA","EPBF, Beam Current: 21/mA, Scanning Speed: 4800/mm/s, Line Spacing: 0.1/mm, Focus Current: 560/mA"
29212,N/A,   N/A
29213,N/A,   N/A
29214,N/A,   N/A
29215,N/A,   N/A
29716," Pulsed anodizing, Temperature: 0/°C, Time: 120/min, Sealing, Temperature: 95/°C, Time: 30/min","Pulsed Anodizing, Temperature: 0/°C, Time: 120/min, Sealing Temperature: 95/°C, Sealing Time: 30/min"
29717," Pulsed anodizing, Temperature: 0/°C, Time: 120/min, Sealing, Temperature: 95/°C, Time: 30/min","Pulsed Anodizing, Temperature: 0/°C, Time: 120/min, Electrolyte: A3/N/A, Sealing, Temperature: 95/°C, Time: 30/min"
29718," Pulsed anodizing, Temperature: 0/°C, Time: 120/min, Sealing, Temperature: 95/°C, Time: 30/min","Pulsed anodizing, Temperature: 0/°C, Time: 120/min, Electrolyte: A3/N/A, Sealing, Temperature: 95/°C, Time: 30/min"
29719,"Deposition:  Electrodeposition,Parameters: Temperature: 65/°C, Time: 1/h, Current density: 40/mA/cm2, Coating Thickness: 20±2/μm","Deposition:  Electrodeposition, Parameters: Temperature: 65/°C, Time: 1/h, Current Density: 40/mA/cm2, Coating Thickness: 20±2/μm"
29720,"Deposition:  Electrodeposition,Parameters: Temperature: 65/°C, Time: 1/h, Current Density: 40/mA/cm2, Coating Thickness: 20±2/μm","Deposition:  Electrodeposition, Parameters: Temperature: 65/°C, Time: 1/h, Current Density: 40/mA/cm2, Coating Thickness: 20±2/μm"
29721,"Deposition:  Electrodeposition,Parameters: Temperature: 51/°C, Time: 1/h 30/min, Current Density: 300/mA/cm2, Coating Thickness: 20±1/μm","Deposition:  Electrodeposition, Parameters: Temperature: 51/°C, Time: 1.5/h, Current Density: 300/mA/cm2, Coating Thickness: 20±1/μm"
29722,"Deposition:  Electrodeposition,Parameters: Temperature: 51/°C, Time: 1/h 30/min, Current Density: 300/mA/cm2, Coating Thickness: 20±1/μm","Deposition:  Electrodeposition, Parameters: Temperature: 51/°C, Time: 1h 30min/N/A, Current Density: 300/mA/cm2, Annealing, Temperature: 600/°C, Time: 1h/N/A"
29804,"Rolling:  Cold-rolling,,Starting Thickness: N/A,Final Thickness: N/A,Thickness Reduction Ratio: 10/%","Cold-Rolling,,Deformation Ratio: 10/%, Deformation Speed: N/A"
29805,"Rolling:  Cold-rolling,,Starting Thickness: N/A,Final Thickness: N/A,Thickness Reduction Ratio: 10/%","Cold-Rolling,,Deformation Ratio: 10/%, Deformation Speed: N/A"
29806,"Rolling:  Cold-rolling,,Starting Thickness: N/A,Final Thickness: N/A,Thickness Reduction Ratio: 10/%","Cold-Rolling,,Deformation Ratio: 10/%, Deformation Speed: N/A"
29807,"Rolling:  Cold-rolling,,Starting Thickness: N/A,Final Thickness: N/A,Thickness Reduction Ratio: 10/%","Cold-Rolling,,Deformation Ratio: 10/%, Deformation Speed: N/A"
29808,"Rolling:  Cold-rolling,,Starting Thickness: N/A,Final Thickness: N/A,Thickness Reduction Ratio: 10/%","Cold-Rolling,,Deformation Ratio: 10/%, Deformation Speed: N/A"
29809,"Rolling:  Cold-rolling,,Starting Thickness: N/A,Final Thickness: N/A,Thickness Reduction Ratio: 10/%","Cold-Rolling,,Deformation Ratio: 10/%, Deformation Speed: N/A"
29810,N/A,N/A
29811,N/A,N/A
30101,"Rolling:  Cold rolling,,Starting Thickness: N/A,Final Thickness: 1.05/mm, Thickness Reduction Ratio: N/A","Rolling:  Cold Rolling, , Starting Thickness: N/A, Final Thickness: 1.05/mm, Thickness Reduction Ratio: N/A, Solution-treated, Quenched, Naturally aged, N/A"
30102,N/A,"Artificial Aging, Time: 20/min, Temperature: 200/°C"
30103,N/A,N/A
30104,N/A,"Artificial Aging, Temperature: 260/°C, Time: 2/days"
30148,"Alloying: Mechanical alloying, 120/h,Rotation speed: N/A, Atmosphere: Ar/N/A, Stearic Acid: 2/wt.%","Mechanical Alloying, Time: 120/h, Atmosphere: Ar/N/A, Stearic Acid: 2/wt.%"
30149,"Alloying: Mechanical alloying, 120/h,Rotation speed: N/A, Atmosphere: Ar/N/A, Stearic Acid: 2/wt.%","Mechanical Alloying, Time: 120/h, Atmosphere: Ar/N/A, Stearic Acid: 2/wt.%"
30150,"Alloying: Mechanical alloying, 120/h,Rotation speed: N/A, Atmosphere: Ar/N/A, Stearic Acid: 2/wt.%","Mechanical Alloying, Time: 120/h, Atmosphere: Ar/N/A, Stearic Acid: 2/wt.%"
30151,"Alloying: Mechanical alloying, 120/h,Rotation speed: N/A, Atmosphere: Ar/N/A, Stearic Acid: 2/wt.%","Mechanical Alloying, Time: 120/h, Atmosphere: Ar/N/A, Stearic Acid: 2/wt.%"
30152,"Alloying: Mechanical alloying, 120/h,Rotation speed: N/A, Atmosphere: Ar/N/A, Stearic Acid: 2/wt.%","Mechanical Alloying, Time: 120/h, Atmosphere: Ar/N/A, Stearic Acid: 2/wt.%"
30153,"Alloying: Mechanical alloying, 120/h,Rotation speed: N/A, Atmosphere: Ar/N/A, Stearic Acid: 2/wt.%","Mechanical Alloying, Time: 120/h, Atmosphere: Ar/N/A, Stearic Acid: 2/wt.%"
30329,"Alloying: Mechanical alloying,,Rotation speed: N/A, N/A,  Blending, N/A,Pressing/Compression:  Hot Isostatic Pressing, Temperature:500/°C,Extrusion:  N/A,  520/°C, Extrusion Ratio: N/A, Extrusion Speed: N/A","Alloying: Mechanical Alloying,,Rotation speed: N/A, Blending: ultrafine TiO2 particles with aluminium, magnesium powder, elemental carbon, and particulate lithium/N/A, Degassing, Temperature: 500/°C, Time: 24/h,Pressing/Compression:  Hot Isostatic Pressing, Temperature: 500/°C,Extrusion:  N/A,  520/°C, Extrusion Ratio: N/A, Extrusion Speed: N/A"
30330,"Alloying: Mechanical alloying,,Rotation speed: N/A, N/A,  Blending, N/A,Pressing/Compression:  Hot Isostatic Pressing, Temperature:500/°C,Extrusion:  N/A,  520/°C, Extrusion Ratio: N/A, Extrusion Speed: N/A","Alloying: Mechanical Alloying, 24/h,Rotation speed: N/A, Blending: ultrafine TiO2 particles with aluminium, magnesium powder, elemental carbon, and particulate lithium/N/A, Degassing, Temperature: 500/°C, Time: 24/h,Pressing/Compression:  Hot Isostatic Pressing, Temperature: 500/°C,Extrusion:  Extrusion,  520/°C, Extrusion Ratio: N/A, Extrusion Speed: N/A"
30378,N/A,"N/A, Temperature: 160/°C, Time: 117/h, Pressure: 0/MPa"
30379,N/A,"N/A, Temperature: 160/°C, Time: 117/h, Pressure: 45/MPa"
30380,N/A,"N/A, Temperature: 170/°C, Time: 71/h, Pressure: 0/MPa"
30381,N/A,"N/A, Temperature: 170/°C, Time: 71/h, Pressure: 40/MPa"
30382,N/A,"N/A, Temperature: 181/°C, Time: 51/h, Stress: 0/MPa"
30383,N/A,"N/A, Temperature: 181/°C, Time: 51/h, Pressure: 40/MPa"
30384,N/A,"N/A, Temperature: 190/°C, Time: 24/h, Pressure: 0/MPa"
30385,N/A,"N/A, Temperature: 190/°C, Time: 24/h, Pressure: 40/MPa"
30386,N/A,"N/A, Temperature: 201/°C, Time: 11/h, Stress: 0/MPa"
30387,N/A,"N/A, Temperature: 201/°C, Time: 11/h, Pressure: 40/MPa"
30400,N/A,"Rolling:  N/A, , Starting Thickness: N/A, Final Thickness: 14/mm, Thickness Reduction Ratio: N/A, Homogenization, Temperature: 1150/°C, , Temperature: 1050/°C, , Yes/N/A, Aging, Temperature: 550/°C, Time: 16/h"
30401,N/A,"Rolling:  N/A, , Starting Thickness: N/A, Final Thickness: 14/mm, Thickness Reduction Ratio: N/A, Homogenization, Temperature: 1150/°C, , Temperature: 1050/°C, , Yes/N/A, Aging, Temperature: 550/°C, Time: 16/h, Temperature: 520/°C, Time: 10/h"
30402,N/A,N/A
30403,N/A,", Temperature: 520/°C, Time: 25/min, Quenching/Cooling: Ice-Water Quenching/N/A, Aging, Temperature: Various moderate constant temperatures/°C, Medium: Silicone oil bath/N/A"
30404,N/A,", Temperature: 520/°C, Time: 25/min, Quenching/Cooling: Ice-Water Quenching/N/A"
30405,N/A,N/A
30674,N/A,"Extrusion:  N/A, , Extrusion Ratio: N/A, Extrusion Speed: N/A"
30676,N/A,N/A
30878,N/A,N/A
30879,N/A,N/A
30885," Casting or hot forming, N/A","Casting or Hot Forming, N/A"
30886," Casting or hot forming, N/A","Casting or Hot Forming, N/A"
31099," Permanent Mould Casting, N/A","Permanent Mould Casting, N/A"
31100,N/A,N/A
31249,N/A,", Temperature: 1373/K, Time: 60/min, Water Quenching: Yes/N/A, Cryogenic Treatment: Liquid Nitrogen, Time: 300/min"
31250,N/A,N/A
31251,N/A,N/A
31252,N/A,N/A
31253,N/A,N/A
31327," Button-arc melting, Temperature: 1523/K, Time: 1/hour","Button-arc melting, Temperature: 1523/K, Time: 1/hour"
31328," Button-arc melting, Temperature: 1523/K, Time: 1/hour","Button-arc melting, Temperature: 1523/K, Time: 1/hour"
31329,"  Button-arc melting, Time: 1/hour, Temperature: 1523/K","Button-arc melting, Temperature: 1523/K, Time: 1/hour"
31330,"  Button-arc melting, Temperature: 1523/K, Time: 1/hour","Button-arc melting, Temperature: 1523/K, Time: 1/hour"
31331," Button-arc melting, Temperature: 1523/K, Time: 1/hour.","Button-arc melting, Temperature: 1523/K, Time: 1/hour"
31332," Button-arc melting, Temperature: 1523/K, Time: 1/hour.","Button-arc melting, Temperature: 1523/K, Time: 1/hour"
31333," Oxidation test, Temperature: 1200/°C","Oxidation test, Temperature: 1200/°C"
31334," Oxidation test, Temperature: 1200/°C","Oxidation Test, Temperature: 1200/°C"
31365," Service-exposed, N/A",N/A
31366,N/A,"Aging, Temperature: 923/K, 1023/K, 1123/K, Time: 1/h to 200/h"
31367,N/A,N/A
31368,N/A,N/A
31369,N/A,N/A
31594,N/A,N/A
31595,N/A,N/A
31596,N/A,N/A
31597,N/A,N/A
31598,N/A,N/A
31599,"Severe Plastic Deformation:  N/A,, , N/A,Friction Processing: Dry sliding friction,Rotation speed: N/A,Processing speed: N/A, N/A","Severe Plastic Deformation:  N/A,  300/°C, ,  Time: 1/h,Friction Processing: Dry sliding friction, Rotation speed: N/A, Processing speed: N/A,  Temperature: 300/°C, Time: 1/h"
31600,"Severe Plastic Deformation:  N/A,, , N/A,Friction Processing: Dry sliding friction,Rotation speed: N/A,Processing speed: N/A, N/A","Severe Plastic Deformation:  N/A,  400/°C, ,  Time: 1/h,Friction Processing: Dry sliding friction, Rotation speed: N/A, Processing speed: N/A,  Temperature: 400/°C, Time: 1/h"
31601,"Severe Plastic Deformation:  N/A,, , N/A,Friction Processing: Dry sliding friction,Rotation speed: N/A,Processing speed: N/A, N/A","Severe Plastic Deformation:  N/A,  480/°C, ,  Time: 1/h,Friction Processing: Dry sliding friction, Rotation speed: N/A, Processing speed: N/A,  N/A"
31602,"Alloying: Mechanical Alloying,,Rotation speed: N/A, N/A, Severe Plastic Deformation:  N/A,, , N/A","Severe Plastic Deformation:  Mechanical Alloying, , ,  N/A"
31603,"Alloying: Mechanical Alloying,,Rotation speed: N/A, N/A","Mechanical Alloying, State: nanostructured"
31604," , N/A",", N/A"
31605,"Pressing/Compression:  Pressed, N/A","Pressing/Compression:  Pressing,  N/A"
31692,N/A,N/A
31693,N/A,N/A
31694,N/A,N/A
31704,"Severe Plastic Deformation:  Megaplastic Deformation,, 4/GPa, Torsion Angle: 2/π/rad, True Strain at 1/2 Disk Radius: 7.0/N/A","Severe Plastic Deformation:  Megaplastic Deformation,  150/°C,  4/GPa,  Torsion Angle: 2/π/rad, True Strain: 7.0/N/A"
31705,"Severe Plastic Deformation:  Megaplastic Deformation,, 4/GPa, Torsion Angle: 10/π/rad, True Strain at 1/2 Disk Radius: 8.6/N/A","Severe Plastic Deformation:  Megaplastic Deformation, 150/°C,  4/GPa, Torsion angle: 10/π/rad, True strain: 8.6/N/A"
31706,"Severe Plastic Deformation:  Megaplastic Deformation,, 4/GPa, Torsion Angle: 20/π/rad, True Strain at 1/2 Disk Radius: 9.3/N/A","Severe Plastic Deformation:  Megaplastic Deformation, 150/°C,  4/GPa, Torsion angle: 20/π rad, True strain: 9.3/N/A"
31789,N/A,N/A
31790,N/A,"Heat Treatment, Temperature: 860/°C, Time: 1.5/hours, Temperature: 500/°C, Time: 6/hours"
31791,N/A,"Heat Treatment, Temperature: 860/°C, Time: 1.5/hours, Temperature: 250/°C, Time: 24/hours, Temperature: 500/°C, Time: 6/hours"
31792,N/A,"Cryogenic Treatment, Temperature: -196/°C, Time: 24/hours"
31793,N/A,"Cryogenic Treatment, Temperature: -196/°C, Time: 24/hours, Temperature: 500/°C, Time: 6/hours"
31794,N/A,"Temperature Treatment, Temperature: -196/°C, Time: 24/hours, Temperature: 250/°C, Time: 24/hours, Temperature: 500/°C, Time: 6/hours"
31851,N/A,N/A
31852,"Rolling:  MPR,, Starting Thickness: N/A, Final Thickness: N/A, Thickness Reduction Ratio: 30%","MPR, Reduction: 30/%"
31853," MPR + PTT, Temperature: 373/K","MPR + PTT, Temperature: 373/K"
31854," MPR + PTT, Temperature: 473/K","MPR + PTT, Temperature: 473/K"
31855," MPR + PTT, Temperature: 573/K","MPR + PTT, Temperature: 573/K"
31856," MPR + PTT, Temperature: 673/K","MPR + PTT, Temperature: 673/K"
31857,"  MPR + PTT,  Temperature: 773/K","MPR + PTT, Temperature: 773/K"
31858," MPR + PTT, Temperature: 873/K.","MPR + PTT, Temperature: 873/K"
31859,"  MPR + PTT,  Temperature: 973/K","MPR + PTT, Temperature: 973/K"
31860,"Rolling:  Multipass-rolling,, Starting Thickness: N/A, Final Thickness: N/A, Thickness Reduction Ratio: N/A","Rolling:  Multipass-rolling, , Starting Thickness: N/A, Final Thickness: N/A, Thickness Reduction Ratio: N/A, Annealing,  N/A"
31942," SEBM, Current: 9.5/mA","SEBM, Current: 9.5/mA"
31943," SEBM, Current: 19.0/mA","SEBM, Current: 19.0/mA"
31944,N/A,N/A
31945,N/A,N/A
31946,N/A,N/A
32004," N/A, Anodization Voltage: 60/V, Time: 3/h, Electrolyte: fluoride ethylene glycol/N/A, Water content: 20/wt.%.","Anodization, Voltage: 60/V, Duration: 3/h, Electrolyte: fluoride ethylene glycol/N/A, Water Content: 20/wt.%"
32005," N/A, Storage conditions:exposed to environmental conditions for more than four years","Storage, Exposure Time: 4/years"
32012,N/A,N/A
32013,N/A,N/A
32014,N/A,N/A
32015,N/A,N/A
32016,N/A,N/A
32017,"Severe Plastic Deformation:  ECAP,, , N/A","Severe Plastic Deformation:  ECAP, , , N/A"
32018,"Severe Plastic Deformation:  ECAP,, , N/A","Severe Plastic Deformation:  ECAP, , , N/A"
32019,"Severe Plastic Deformation:  ECAP,, , N/A","Severe Plastic Deformation:  ECAP,  880/°C, ,  N/A"
32020,"Severe Plastic Deformation:  ECAP,, , N/A","Severe Plastic Deformation:  ECAP, , , N/A"
32021," Sintering, Time: 1/h, Temperature: 1300/°C, Pressure: 10-6/mbar.","Sintering, Time: 1/h, Temperature: 1300/°C, Pressure: 10-6/mbar"
32022," Sintering, Time: 1/h, Temperature: 1300/°C, Pressure: 10-6/mbar.","Sintering, Time: 1/h, Temperature: 1300/°C, Pressure: 10-6/mbar"
32023," Sintering, Time: 1/h, Temperature: 1300/°C, Pressure: 10-6/mbar.","Sintering, Time: 1/h, Temperature: 1300/°C, Pressure: 10-6/mbar"
32024," Sintering, Time: 1/h, Temperature: 1300/°C, Pressure: 10-6/mbar.","Sintering, Temperature: 1300/°C, Time: 1/h, Pressure: 10-6/mbar"
32038,N/A,N/A
32039,N/A,N/A
32040,N/A,N/A
32041,N/A,N/A
32042,N/A,N/A
32043,N/A,N/A
32044,"  Temperature of heating for TMT, Temperature: 642/°C, Cooling rate to 580°C: 18/°C/h, Cooling rate to 500°C: 8/°C/h","TMT, Temperature: 642/°C, Cooling rate to 580°C: 18/°C/h, Cooling rate to 500°C: 8/°C/h"
32045,"  Temperature of heating for TMT, Temperature: 640/°C, Cooling rate to 580°C: 20/°C/h, Cooling rate to 500°C: 9.36/°C/h","TMT, 640/°C,Deformation Ratio: N/A, Deformation Speed: N/A"
32046,"  Temperature of heating for TMT, Temperature: 643.4/°C, Cooling rate to 580°C: 20/°C/h, Cooling rate to 500°C: 6/°C/h","TMT, Temperature: 643.4/°C, Cooling rate to 580°C: 20/°C/h, Cooling rate to 500°C: 6/°C/h"
32047,"  Temperature of heating for TMT, Temperature: 638/°C, Cooling rate to 580°C: 22/°C/h, Cooling rate to 500°C: 4/°C/h","TMT, Temperature: 638/°C, Cooling rate to 580°C: 22/°C/h, Cooling rate to 500°C: 4/°C/h"
32048,"  Temperature of heating for TMT, Temperature: 642°C, Cooling rate to 580°C: 22/°C/h, Cooling rate to 500°C: 4/°C/h","TMT, Temperature of heating: 642/°C, Cooling rate to 580°C: 22/°C/h, Cooling rate to 500°C: 4/°C/h"
32049,N/A,N/A
32095,"Forge:  Thixoforging, ,  Applied Pressure: 110/MPa,","Forge:  Thixoforging, ,  Applied Pressure: 110/MPa"
32096,"Forge:  Thixoforging, ,  Applied Pressure: 110/MPa,","Forge:  Thixoforging, ,  Applied Pressure: 110/MPa, Solution Heat Treatment Aging, Time: 6/h"
32097,"Forge:  Thixoforging, ,  Applied Pressure: 110/MPa,","Forge:  Thixoforging, ,  Applied Pressure: 110/MPa, Solution Heat Treatment Aging, Time: 10/h"
32098,"Forge:  Thixoforging, ,  Applied Pressure: 140/MPa,","Forge:  Thixoforging, ,  Applied Pressure: 140/MPa, Solution Heat Treatment Aging, Time: 4/h"
32099,"Forge:  Thixoforging, ,  Applied Pressure: 140/MPa,","Forge:  Thixoforging, ,  Applied Pressure: 140/MPa"
32100,"Forge:  Thixoforging, ,  Applied Pressure: 140/MPa,","Forge:  Thixoforging, ,  Applied Pressure: 140/MPa"
32101,"Forge:  Thixoforging, ,  Applied Pressure: 170/MPa,","Forge:  Thixoforging, ,  Applied Pressure: 170/MPa"
32102,"Forge:  Thixoforging, ,  Applied Pressure: 170/MPa,","Forge:  Thixoforging, ,  Applied Pressure: 170/MPa"
32103,"Forge:  Thixoforging, ,  Applied Pressure: 170/MPa,","Forge:  Thixoforging, ,  Applied Pressure: 170/MPa, Solution Heat Treatment Aging, Time: 10/h"
32127,N/A,N/A
32128,N/A,"long-term Aging, Temperature: 750/°C"
32129,N/A,N/A
32130,N/A,N/A
32200,N/A,"Annealed, Temperature: 1100/°C"
32201,N/A,N/A
32202,N/A,N/A
32206,N/A,N/A
32207,N/A,N/A
32208,N/A,N/A
32209,N/A,N/A
32210,N/A,N/A
32211,N/A,N/A
32212,N/A,N/A
32213,N/A,N/A
