ID,GroundTruth_Properties,Extracted_Properties
109,Thermodynamic Properties  N/A           ,Thermodynamic Properties  N/A
110,Thermodynamic Properties  N/A           ,Thermodynamic Properties  N/A
111,Thermodynamic Properties  N/A           ,Thermodynamic Properties  N/A
226,N/A,N/A
227,N/A,N/A
228,N/A,  N/A  
229,N/A,N/A
253,N/A,N/A
254,N/A,N/A
255,N/A,N/A
256,N/A,N/A
257,N/A,N/A
267,Physical Properties  Density 93.73/%,Physical Properties  Density 93.73/%
268,Mechanical Properties  Bottom Hardness 158±10.5/HV  Top Hardness 166±10.5/HV Physical Properties  Density 99.71/%,Mechanical Properties  Bottom Hardness 158±10.5/HV  Top Hardness 166±10.5/HV Physical Properties  Density 99.71/%
269,Physical Properties  Density 99.99/% Mechanical Properties  Bottom Hardness 161±5.0/HV  Top Hardness 171±18.7/HV,Physical Properties  Density 99.99/% Mechanical Properties  Bottom Hardness 161±5.0/HV  Top Hardness 171±18.7/HV
270,Mechanical Properties  Bottom Hardness 159±9.6/HV  Top Hardness 186±17.4/HV Physical Properties  Density 99.98/%,Mechanical Properties  Bottom Hardness 159±9.6/HV  Top Hardness 186±17.4/HV Physical Properties  Density 99.98/%
271,Mechanical Properties  Bottom Hardness 194±11.7/HV  Top Hardness 191±5.9/HV,Mechanical Properties  Bottom Hardness 194±11.7/HV  Top Hardness 191±5.9/HV
272,Mechanical Properties  UTS 315.9/MPa Hardness 130/HV,Mechanical Properties  UTS 315.9/MPa Hardness 130/HV
273,N/A,N/A
274,Mechanical Properties  Actual UTS 280.90/MPa Hardness 120.20/HV  Predicted UTS 284.50/MPa Hardness 125.20/HV,Mechanical Properties  Actual UTS 280.90/MPa Hardness 120.20/HV  Predicted UTS 284.50/MPa Hardness 125.20/HV
388,N/A,N/A
389,N/A,N/A
390,N/A,N/A
391,N/A,N/A
392,N/A,N/A
393,N/A,N/A
428,Mechanical Properties  Hardness 539/HV0.05,Mechanical Properties  Hardness 539/HV0.05
429,Mechanical Properties  N/A Hardness 508/HV0.05,Mechanical Properties  N/A Hardness 508/HV0.05   N/A 
430,Mechanical Properties  Hardness 545/HV0.05,Mechanical Properties  Hardness 545/HV0.05   Ecorr   icorr 
431,Mechanical Properties  Hardness 501/HV0.05,Mechanical Properties  Hardness 501/HV0.05
701,N/A,N/A
702,N/A,N/A
703,N/A,N/A
704,N/A,N/A
705,N/A,N/A
706,N/A,N/A
707,N/A,N/A
708,N/A,N/A
857,N/A,N/A
858,N/A,N/A
859,N/A,N/A
860,N/A,N/A
861,Mechanical Properties  N/A,N/A
1154,N/A,N/A
1155,N/A,N/A
1156,N/A,N/A
1157,N/A,N/A
1158,N/A,N/A
1159,N/A,N/A
1255,Mechanical Properties  YS 25.4/MPa UTS 33.5/MPa Elongation 38.5/%,Mechanical Properties  YS 25.4/MPa UTS 33.5/MPa Elongation 38.5/%
1256,Mechanical Properties  YS 30.2/MPa UTS 37.8/MPa Elongation 38.3/%,Mechanical Properties  YS 30.2/MPa UTS 37.8/MPa Elongation 38.3/%
1257,Mechanical Properties  YS 33.5/MPa UTS 45.9/MPa Elongation 39.8/%,Mechanical Properties  YS 33.5/MPa UTS 45.9/MPa Elongation 39.8/%
1258,Mechanical Properties  YS 44.2/MPa UTS 50.1/MPa Elongation 37.1/%,Mechanical Properties  YS 44.2/MPa UTS 50.1/MPa Elongation 37.1/%
1259,Mechanical Properties  YS 47.5/MPa UTS 56.8/MPa Elongation 34.96/%,Mechanical Properties  YS 47.5/MPa UTS 56.8/MPa Elongation 34.96/%
1260,Mechanical Properties  YS 29/MPa UTS 40.8/MPa Elongation 38.7/%,Mechanical Properties  YS 29/MPa UTS 40.8/MPa Elongation 38.7/%
1261,Mechanical Properties  YS 34.5/MPa UTS 45.8/MPa Elongation 38.5/%,Mechanical Properties  YS 34.5/MPa UTS 45.8/MPa Elongation 38.5/%
1262,Mechanical Properties  YS 44.8/MPa UTS 48.2/MPa Elongation 40.0/%,Mechanical Properties  YS 44.8/MPa UTS 48.2/MPa Elongation 40.0/%
1263,Mechanical Properties  YS 57.1/MPa UTS 64.8/MPa Elongation 37.3/%,Mechanical Properties  YS 57.1/MPa UTS 64.8/MPa Elongation 37.3/%
1264,Mechanical Properties  YS 60.1/MPa UTS 70.1/MPa Elongation 35.18/%,Mechanical Properties  YS 60.1/MPa UTS 70.1/MPa Elongation 35.18/%
1265,Mechanical Properties  YS 35.3/MPa UTS 50.6/MPa Elongation 38.9/%,Mechanical Properties  YS 35.3/MPa UTS 50.6/MPa Elongation 38.9/%
1266,Mechanical Properties  YS 44.1/MPa UTS 62.5/MPa Elongation 38.7/%,Mechanical Properties  YS 44.1/MPa UTS 62.5/MPa Elongation 38.7/%
1267,Mechanical Properties  YS 52.4/MPa UTS 77.1/MPa Elongation 40.2/%,Mechanical Properties  YS 52.4/MPa UTS 77.1/MPa Elongation 40.2/%
1268,Mechanical Properties  YS 84.2/MPa UTS 93.6/MPa Elongation 37.5/%,Mechanical Properties  YS 84.2/MPa UTS 93.6/MPa Elongation 37.5/%
1269,Mechanical Properties  YS 92.8/MPa UTS 110.2/MPa Elongation 35.38/%,Mechanical Properties  YS 92.8/MPa UTS 110.2/MPa Elongation 35.38/%
1270,N/A,N/A
1271,N/A,N/A
1272,Mechanical Properties  YS Increased by 90.5% UTS Increased by 86.8% Elongation Relatively unchanged Thermodynamic Properties  N/A,Mechanical Properties  YS Increased by 90.5% UTS Increased by 86.8% Elongation Relatively unchanged Thermodynamic Properties  N/A
1694,N/A,N/A
1695,N/A,N/A
1696,N/A,N/A
1697,N/A,N/A
1698,N/A,N/A
1699,N/A,N/A
1923,Mechanical Properties  IniTiAl Hardness 12 – 14/HRC  After Heat Treatment Hardness 14 – 17/HRC,Mechanical Properties  IniTiAl Hardness 12 – 14/HRC Impact Toughness 2.8 – 3.0/J   After Heat Treatment Hardness 14 – 17/HRC Impact Toughness 5.0 – 6.2/J 
1924,Mechanical Properties  IniTiAl Hardness 42 – 44/HRC  After Heat Treatment Hardness 59 – 62/HRC,Mechanical Properties  IniTiAl Hardness 42 – 44/HRC  After Heat Treatment Hardness 59 – 62/HRC
1925,Mechanical Properties  ,Mechanical Properties  
2009,N/A,N/A
2010,N/A,N/A
2011,N/A,N/A
2012,N/A,N/A
2013,N/A,N/A
2014,N/A,N/A
2015,N/A,N/A
2194,N/A,N/A
2195,N/A,N/A
2196,N/A,N/A
2197,N/A,N/A
2198,N/A,N/A
2642,N/A,N/A
2643,N/A,N/A
2644,N/A,N/A
2674,N/A,N/A
2675,N/A,N/A
2676,N/A,N/A
2677,N/A,N/A
2678,N/A,N/A
2679,N/A,N/A
2680,N/A,N/A
2681,N/A,N/A
2682,N/A,N/A
3546,N/A,N/A
3547,N/A,N/A
3548,N/A,N/A
3549,N/A,N/A
3550,N/A,N/A
3551,N/A,N/A
3552,N/A,N/A
3553,N/A,N/A
3554,N/A,N/A
3555,N/A,N/A
3556,N/A,N/A
3557,N/A,N/A
3558,N/A,N/A
3559,N/A,N/A
3560,N/A,N/A
3743,Mechanical Properties  variation with rotation speed YS slight increase UTS slight increase Elongation 19% Hardness homogeneous   1600 rpm YS 100/MPa UTS 140/MPa Elongation 19%,Mechanical Properties  hardness profile   UTS variation with rotation speed   yield strength variation with rotation speed   maximum bending force variation with rotation speed   maximum bending force variation with welding speed   1600 rpm YS 100/MPa UTS 140/MPa Elongation 19% 
3744,Mechanical Properties  variation with rotation speed YS slight increase UTS slight increase Elongation 19% Hardness homogeneous   1600 rpm YS 100/MPa UTS 140/MPa Elongation 19%,Mechanical Properties    1600 rpm YS 100/MPa UTS 140/MPa Elongation 19%  
4368,Mechanical Properties  Hardness 116/HV,Mechanical Properties  Hardness 116/HV
4369,Mechanical Properties  Hardness 120/HV,Mechanical Properties  Hardness 120/HV
4370,Mechanical Properties  Hardness 130/HV,Mechanical Properties  Hardness 130/HV
4371,Mechanical Properties  Hardness 107/HV,Mechanical Properties  N/A Hardness 107/HV
4372,Mechanical Properties  Hardness 113/HV,Mechanical Properties  Hardness 113/HV
4373,Mechanical Properties  Hardness 120/HV,Mechanical Properties  Hardness 120/HV
4374,Mechanical Properties  Hardness 140/HV,Mechanical Properties  Hardness 140/HV
4889,Mechanical Properties  YS 2120/MPa UTS 2339/MPa Elongation 4.5/%,Mechanical Properties  YS 2120/MPa UTS 2339/MPa Elongation 4.5/% 
4890,Mechanical Properties  YS 1478/MPa UTS 1801/MPa Elongation 6.9/%,Mechanical Properties  YS 1478/MPa UTS 1801/MPa Elongation 6.9/% 
4891,Mechanical Properties  YS 1989/MPa UTS 2286/MPa Elongation 4.2/%,Mechanical Properties  YS 1989/MPa UTS 2286/MPa Elongation 4.2/% 
4892,Mechanical Properties  YS 1634/MPa UTS 2019/MPa Elongation 6.1/%,Mechanical Properties  YS 1634/MPa UTS 2019/MPa Elongation 6.1/% 
4909,N/A,N/A
4911,N/A,N/A
5046,Mechanical Properties  Hardness 472/HV,Mechanical Properties  Hardness 472/HV
5047,Mechanical Properties  Hardness 510/HV,Mechanical Properties  Hardness 510/HV
5048,Mechanical Properties  Hardness 560/HV,Mechanical Properties  Hardness 560/HV
5049,Mechanical Properties  Hardness 601/HV,Mechanical Properties  Hardness 601/HV
5050,Mechanical Properties  Hardness 443/HV,Mechanical Properties  Hardness 443/HV
5051,Mechanical Properties  Hardness 375/HV,Mechanical Properties  Hardness 375/HV
5114,Mechanical Properties  YS 1318/MPa UTS 1471/MPa Elongation 19.9/%,Mechanical Properties  YS 1318/MPa UTS 1471/MPa Elongation 19.9/%
5115,Mechanical Properties  YS 1330/MPa UTS 1489/MPa Elongation 23.2/%,Mechanical Properties  YS 1330/MPa UTS 1489/MPa Elongation 23.2/%
5116,Mechanical Properties  YS 1337/MPa UTS 1485/MPa Elongation 21.6/%,Mechanical Properties  YS 1337/MPa UTS 1485/MPa Elongation 21.6/%
5117,Mechanical Properties  YS 1359/MPa UTS 1513/MPa Elongation 22.7/%,Mechanical Properties  N/A YS 1359/MPa UTS 1513/MPa Elongation 22.7/%
6122,N/A,N/A
6123,N/A,N/A
6184,N/A,N/A
6185,N/A,N/A
6186,N/A,N/A
6187,N/A,N/A
6188,N/A,N/A
6189,N/A,N/A
6190,N/A,N/A
6191,N/A,N/A
6953,N/A,N/A
6954,N/A,N/A
6955,N/A,N/A
9346,N/A,N/A
9347,N/A,N/A
9348,N/A,N/A
9349,N/A,N/A
9350,N/A,N/A
9379,N/A,N/A
9906,Mechanical Properties  Hardness 295/HV1 YS 796±9/MPa UTS 854±10/MPa Elongation 12.9±0.2/%,Mechanical Properties  Hardness 295/HV1 YS 796±9/MPa UTS 854±10/MPa Elongation 12.9±0.2/%
9907,Mechanical Properties  Hardness 419/HV1 Elongation 7.6±0.3/% Reduction of area 69.5/%,Mechanical Properties  Hardness 419/HV1 Elongation 7.6±0.3/% Reduction of area 69.5/%
9908,Mechanical Properties  Reduction of area 65.3/% Hardness 391/HV1,Mechanical Properties  Reduction of area 65.3/% Hardness 391/HV1
9909,Mechanical Properties  Hardness 216/HV1 YS 535±5/MPa UTS 643±5/MPa Elongation 15.5±0.2/% Reduction of area 83.8/%,Mechanical Properties  Hardness 216/HV1 YS 535±5/MPa UTS 643±5/MPa Elongation 15.5±0.2/% Reduction of area 83.8/%
9910,Mechanical Properties  Hardness 317/HV1 YS 616±10/MPa UTS 706±6/MPa Elongation 8.9±0.6/% Reduction of area 81.0/%,Mechanical Properties  Hardness 317/HV1 YS 616±10/MPa UTS 706±6/MPa Elongation 8.9±0.6/% Reduction of area 81.0/%
9911,Mechanical Properties  Hardness 352/HV1 YS 750±29/MPa UTS 842±42/MPa Elongation 10.1±0.3/% Reduction of area 85.3/%,Mechanical Properties  Hardness 352/HV1 YS 750±29/MPa UTS 842±42/MPa Elongation 10.1±0.3/% Reduction of area 85.3/%
10061,Mechanical Properties  Shear strength varies from 31±0.5 to 23.5±1.0/MPa,Mechanical Properties  Shear strength varies from 31±0.5 to 23.5±1.0/MPa
10062,Mechanical Properties  Shear strength varies from 31±1.0 to 25.0±1.5/MPa,Mechanical Properties  Shear strength varies from 31±1.0 to 25.0±1.5/MPa
10063,Mechanical Properties  Shear strength varies from 31.5±0.5 to 31.8±0.6/MPa,Mechanical Properties  Shear strength varies from 31.5±0.5 to 31.8±0.6/MPa
10064,Mechanical Properties  Shear strength varies from 31.5±0.5 to 31.6±0.7/MPa,Mechanical Properties  Shear strength 31.5±0.5 to 31.6±0.7/MPa
10065,Mechanical Properties  Shear strength varies from 30.5±0.4 to 6.0±4.0/MPa,Mechanical Properties  Shear strength varies from 30.5±0.4 to 6.0±4.0/MPa
10066,Mechanical Properties  Shear strength varies from 31.5±0.5 to 17.0±4.0/MPa,Mechanical Properties  Shear modulus varies from 31.5±0.5 to 17.0±4.0/MPa
10067,Mechanical Properties  Shear strength varies from 31.5±0.5 to 20.3±6.0/MPa,Mechanical Properties  Shear modulus 31.5±0.5 to 20.3±6.0/MPa
10188,Mechanical Properties  UTS 898.40±2.26/MPa YS 590.92±13.54/MPa Elongation 5.88±0.21/% Hardness 393.9±14.9/HV,Mechanical Properties  UTS 898.40±2.26/MPa YS 590.92±13.54/MPa Elongation 5.88±0.21/% Hardness 393.9±14.9/HV
10189,Mechanical Properties  YS 514.35±28.91/MPa UTS 936.12±8.05/MPa Elongation 25.23±0.15/% Hardness 321.8±10.2/HV,Mechanical Properties  YS 514.35±28.91/MPa UTS 936.12±8.05/MPa Elongation 25.23±0.15/% Hardness 321.8±10.2/HV
10190,Mechanical Properties  UTS 972.42±0.71/MPa YS 536.75±7.47/MPa Elongation 26.26±3.78/% Hardness 309.4±20.4/HV,Mechanical Properties  UTS 972.42±0.71/MPa YS 536.75±7.47/MPa Elongation 26.26±3.78/% Hardness 309.4±20.4/HV
12429,,
12430,,
12431,,
12432,,
12433,,
12434,,
12435,,
12436,,
12437,,
12438,,
12439,,
12830,N/A,N/A
12831,N/A,N/A
12832,N/A,N/A
12833,N/A,N/A
13377,Mechanical Properties  Young’s modulus 111.2/GPa Poisson’s ratio 0.35,Mechanical Properties  Young’s modulus 111.2/GPa Poisson’s ratio 0.35
13378,N/A,N/A
13379,N/A,N/A
13380,N/A,N/A
13381,N/A,N/A
13382,N/A,N/A
13383,N/A,N/A
13563,N/A,N/A
13823,Mechanical Properties  AQ Hardness 27/HRB  peak aged Hardness 64/HRB  over-aged Hardness 36/HRB Physical Properties  AQ Electrical Conductivity 27/%IACS  aged Electrical Conductivity 33/%IACS,Mechanical Properties  AQ Hardness 27/HRB  peak aged Hardness 64/HRB  over-aged Hardness 36/HRB Physical Properties  AQ Electrical Conductivity 27/%IACS  aged Electrical Conductivity 33/%IACS
13824,Mechanical Properties  AQ Hardness 38/HRB  peak aged Hardness 73/HRB  over-aged Hardness 44/HRB Physical Properties  AQ Electrical Conductivity 29/%IACS  aged Electrical Conductivity 38/%IACS,Mechanical Properties  AQ Hardness 38/HRB  peak aged Hardness 73/HRB  over-aged Hardness 44/HRB Physical Properties  AQ Electrical Conductivity 29/%IACS  aged Electrical Conductivity 38/%IACS
13825,Mechanical Properties  AQ Hardness 27/HRB  peak aged Hardness 64/HRB  over-aged Hardness 36/HRB Physical Properties  AQ Electrical Conductivity 28/%IACS  aged Electrical Conductivity 35/%IACS,Mechanical Properties  AQ Hardness 27/HRB  peak aged Hardness 64/HRB  over-aged Hardness 36/HRB Physical Properties  AQ Electrical Conductivity 28/%IACS  aged Electrical Conductivity 35/%IACS
13826,Mechanical Properties  AQ Hardness 38/HRB  peak aged Hardness 73/HRB  over-aged Hardness 44/HRB Physical Properties  AQ Electrical Conductivity 30%IACS  aged Electrical Conductivity 38%IACS,Mechanical Properties  AQ Hardness 38/HRB  peak aged Hardness 73/HRB  over-aged Hardness 44/HRB Physical Properties  AQ Electrical Conductivity 30%IACS  aged Electrical Conductivity 38%IACS
13843,Mechanical Properties     N/A YS N/A UTS increases with ageing temperature of 125–175°C Elongation N/A Hardness Hardness varies with Zn content and heat treatment,Mechanical Properties     N/A YS N/A UTS increases with ageing temperature of 125–175°C Elongation N/A Hardness Hardness varies with Zn content and heat treatment
13844,Mechanical Properties     N/A YS N/A UTS increases with ageing temperature of 125–175°C Elongation N/A Hardness Hardness varies with Zn content and heat treatment,Mechanical Properties     N/A YS N/A UTS increases with ageing temperature of 125–175°C Elongation N/A Hardness Hardness varies with Zn content and heat treatment
13845,Mechanical Properties     N/A YS N/A UTS increases with ageing temperature of 125–175°C Elongation N/A Hardness Hardness varies with Zn content and heat treatment,Mechanical Properties     N/A YS N/A UTS increases with ageing temperature of 125–175°C Elongation N/A Hardness Hardness varies with Zn content and heat treatment
13846,Mechanical Properties     N/A YS N/A UTS increases with ageing temperature of 125–175°C Elongation N/A Hardness Hardness varies with Zn content and heat treatment,Mechanical Properties     N/A YS N/A UTS increases with ageing temperature of 125–175°C Elongation N/A Hardness Hardness varies with Zn content and heat treatment
13847,Mechanical Properties     N/A YS N/A UTS increases with ageing temperature of 125–175°C Elongation N/A Hardness Hardness varies with Zn content and heat treatment,Mechanical Properties     N/A YS N/A UTS increases with ageing temperature of 125–175°C Elongation N/A Hardness Hardness varies with Zn content and heat treatment
13848,Mechanical Properties     N/A YS N/A UTS increases with ageing temperature of 125–175°C Elongation N/A Hardness Hardness varies with Zn content and heat treatment,Mechanical Properties     N/A YS N/A UTS increases with ageing temperature of 125–175°C Elongation N/A Hardness Hardness varies with Zn content and heat treatment
13888,Mechanical Properties  YS 351±1.5/MPa UTS 405±7/MPa Elongation 2.4±0.4/% Hardness 110/HV,Mechanical Properties  YS 351±1.5/MPa UTS 405±7/MPa Elongation 2.4±0.4/% Hardness 110/HV
13889,Mechanical Properties  YS 362±3/MPa UTS 426±7/MPa Elongation 2.0±0.3/% Hardness 112/HV,Mechanical Properties  YS 362±3/MPa UTS 426±7/MPa Elongation 2.0±0.3/% Hardness 112/HV
13890,Mechanical Properties  YS 395±5/MPa UTS 480±8/MPa Elongation 1.9±0.15/% Hardness 128/HV,Mechanical Properties  YS 395±5/MPa UTS 480±8/MPa Elongation 1.9±0.15/% Hardness 128/HV
13891,Mechanical Properties  YS 427±10/MPa Elongation 4.4±0.9/% Hardness 143/HV,Mechanical Properties  YS 427±10/MPa Elongation 4.4±0.9/% Hardness 143/HV
13892,Mechanical Properties  YS 444±3.4/MPa Elongation 4.1±1.1/%,Mechanical Properties  YS 444±3.4/MPa Elongation 4.1±1.1/%
13893,Mechanical Properties  YS 453±1.5/MPa Elongation 1.32±0.15/% Hardness 155/HV,Mechanical Properties  YS 453±1.5/MPa Elongation 1.32±0.15/% Hardness 155/HV
14247,Mechanical Properties  YS 217/MPa UTS 592/MPa Elongation 77.7/%,Mechanical Properties  YS 217/MPa UTS 592/MPa Elongation 77.7/%
14248,Mechanical Properties  YS 257.2/MPa UTS 630.4/MPa Elongation 70.81/% ,Mechanical Properties  YS 257.2/MPa UTS 630.4/MPa Elongation 70.81/% 
14249,Mechanical Properties  YS 296.1/MPa UTS 675.4/MPa Elongation 63.70/% ,Mechanical Properties  YS 296.1/MPa UTS 675.4/MPa Elongation 63.70/% 
14250,Mechanical Properties  YS 337/MPa UTS 728/MPa Elongation 57.6/% ,Mechanical Properties  YS 337/MPa UTS 728/MPa Elongation 57.6/% 
14789,Mechanical Properties  Hardness 373.8±22.8/HV UTS 947.4±32.2/MPa Elongation 5.91±0.52/% ,Mechanical Properties  Hardness 373.8±22.8/HV UTS 947.4±32.2/MPa Elongation 5.91±0.52/% 
14790,Mechanical Properties  UTS 979.4±17.2/MPa ,Mechanical Properties  UTS 979.4±17.2/MPa 
14791,Mechanical Properties  Hardness 403.1±17.8/HV  ,Mechanical Properties  Hardness 403.1±17.8/HV  
14792,N/A,N/A
14793,N/A,N/A
14800,N/A,N/A
14801,N/A,N/A
14802,N/A,N/A
14803,N/A,N/A
14804,N/A,N/A
14812,Mechanical Properties   Hardness 172±7/HV  UTS N/A  YS 390±23/MPa  Elongation 16±1/%,Mechanical Properties   Hardness 172±7/HV  UTS 623±28/MPa  YS 390±23/MPa  Elongation 16±1/%  Fracture toughness 38±2/(MPa·m1/2)   
14813,Mechanical Properties  YS 435±9/MPa UTS N/A Elongation 26±3/% Hardness 193±3/HV,Mechanical Properties  YS 435±9/MPa UTS 703±7/MPa Elongation 26±3/% Hardness 193±3/HV Fracture strength 45±4/(MPa·m1/2) 
14814,Mechanical Properties  YS 392±5/MPa UTS N/A Elongation 22±3/% Hardness 157±6/HV,Mechanical Properties  YS 392±5/MPa UTS 632±12/MPa Elongation 22±3/% Hardness 157±6/HV Fracture strength 43±1/(MPa·m1/2) Reduction of area 27194±531/(MPa2·m1/2)
14815,Mechanical Properties  YS 329±23/MPa UTS N/A Elongation 20±1/% Hardness 164±6/HV,Mechanical Properties  YS 329±23/MPa UTS 627±5/MPa Elongation 20±1/% Hardness 164±6/HV 
15036,N/A,
15037,N/A,  corrosion properties 
15038,N/A,N/A
15053,N/A,N/A
15054,Mechanical Properties  Hardness 153/HV,Mechanical Properties  Hardness 153/HV
15055,Mechanical Properties  Hardness 162/HV,Mechanical Properties  Hardness 162/HV
15056,N/A,N/A
15057,Mechanical Properties  Hardness 143/HV,Mechanical Properties  Hardness 143/HV
15058,Mechanical Properties  Hardness 151/HV,Mechanical Properties  Hardness 151/HV
15218,Mechanical Properties  N/A,Mechanical Properties  N/A
15219,Mechanical Properties  N/A,Mechanical Properties  N/A
15220,Mechanical Properties  N/A,Mechanical Properties  N/A 
15221,Mechanical Properties  N/A,  N/A 
15222,Mechanical Properties  N/A,Mechanical Properties  residual stress after welding   residual stress after pwht   modelling accuracy before pwht   modelling accuracy after pwht 
15270,Mechanical Properties  Hardness 80/HV,Mechanical Properties  Hardness 80/HV
15271,Mechanical Properties  Hardness 123/HV,Mechanical Properties  Hardness 123/HV
15272,Mechanical Properties  Hardness 158/HV,Mechanical Properties  Hardness 158/HV
15390,Mechanical Properties  YS 118/MPa UTS 180/MPa Elongation 4/% Hardness 60/HV10,Mechanical Properties  YS 118/MPa UTS 180/MPa Elongation 4/% Hardness 60/HV10
15391,Mechanical Properties  YS 125/MPa UTS 280/MPa Elongation 20/% Hardness 54/HV10,Mechanical Properties  YS 125/MPa UTS 280/MPa Elongation 20/% Hardness 54/HV10
15392,Mechanical Properties  YS 125/MPa UTS 282/MPa Elongation 22/% Hardness 53/HV10,Mechanical Properties  YS 125/MPa UTS 282/MPa Elongation 22/% Hardness 53/HV10
15393,Mechanical Properties  YS 184/MPa UTS 260/MPa Elongation 14/% Hardness 55/HV10,Mechanical Properties  YS 184/MPa UTS 260/MPa Elongation 14/% Hardness 55/HV10
15394,Mechanical Properties  YS 129/MPa UTS 267/MPa Elongation 14/% Hardness 54/HV10,Mechanical Properties  YS 129/MPa UTS 267/MPa Elongation 14/% Hardness 54/HV10
15395,Mechanical Properties  YS 142/MPa UTS 279/MPa Elongation 17/% Hardness 57/HV10,Mechanical Properties  YS 142/MPa UTS 279/MPa Elongation 17/% Hardness 57/HV10
15474,N/A,N/A
15475,N/A,N/A
15476,N/A,N/A
15477,N/A,N/A
15478,,N/A
15485,Mechanical Properties  YS 465/MPa UTS 563/MPa Elongation 13.1/%  Physical Properties  Electrical Conductivity 30.5/%IACS,Mechanical Properties  YS 465/MPa UTS 563/MPa Elongation 13.1/% Electrical Conductivity 30.5/%IACS
15486,Mechanical Properties  YS 534/MPa UTS 595/MPa Elongation 11.5/%  Physical Properties  Electrical Conductivity 31.6/%IACS,Mechanical Properties  YS 534/MPa UTS 595/MPa Elongation 11.5/% Electrical Conductivity 31.6/%IACS Fracture toughness 27.8/(MPa·m^1/2)
15487,Mechanical Properties  YS 520/MPa UTS 583/MPa Elongation 9.4/%  Physical Properties  Electrical Conductivity 36.2/%IACS,Mechanical Properties  YS 520/MPa UTS 583/MPa Elongation 9.4/% Fracture strength 28.5/(MPa·m^1/2) Physical Properties  Electrical Conductivity 36.2/%IACS
15705,N/A,N/A
15706,Mechanical Properties  YS 167/MPa UTS 219/MPa Compressive Strength 360/MPa Compressive strain 5/% ,Mechanical Properties  YS 167/MPa UTS 219/MPa Compressive Strength 360/MPa Compressive strain 5/%
16209,Mechanical Properties  YS 325±6/MPa Elongation 0.0067/% ,Mechanical Properties  YS 325±6/MPa Elongation 0.0067/% 
16210,Mechanical Properties  YS 359±8/MPa Elongation 0.0077/% ,Mechanical Properties  YS 359±8/MPa Elongation 0.0077/%
16211,Mechanical Properties  YS 379±7/MPa Elongation 0.0083/% ,Mechanical Properties  YS 379±7/MPa Elongation 0.0083/%
16212,Mechanical Properties  YS 407±6/MPa Elongation 0.0117/% ,Mechanical Properties  YS 407±6/MPa Elongation 0.0117/%
16642,Mechanical Properties  UTS 670.5/MPa Elongation 3.9/% Hardness 325.4/HV,Mechanical Properties  UTS 670.5/MPa Elongation 3.9/% Hardness 325.4/HV
19226,Mechanical Properties  N/A YS 1115±3.67/MPa UTS 1231±6.83/MPa Elongation 11.75±1.47/% Reduction of area 26.5±2.12/%,Mechanical Properties  N/A YS 1115±3.67/MPa UTS 1231±6.83/MPa Elongation 11.75±1.47/% Reduction of area 26.5±2.12/%
19227,Mechanical Properties  UTS 1254±7.54/MPa YS 1149±5.79/MPa Elongation 10.75±1.54/% Reduction of area 21.5±3.53/%,Mechanical Properties  UTS 1254±7.54/MPa YS 1149±5.79/MPa Elongation 10.75±1.54/% Reduction of area 21.5±3.53/%
19228,Mechanical Properties  YS 1159±4.83/MPa UTS 1259±6.75/MPa Elongation 10.25±2.03/% Reduction of area 19.0±2.95/%,Mechanical Properties  YS 1159±4.83/MPa UTS 1259±6.75/MPa Elongation 10.25±2.03/% Reduction of area 19.0±2.95/% 
19294,Mechanical Properties  Category1 Hardness 4.50±1.40/GPa Young’s modulus 127.73±20.02/GPa,Mechanical Properties  Category1 Hardness 4.50±1.40/GPa Young’s modulus 127.73±20.02/GPa
22491,Mechanical Properties  YS 391/MPa UTS 494/MPa Elongation 18.57/%,Mechanical Properties  YS 391/MPa UTS 494/MPa Elongation 18.57/% Fracture toughness 86/(MPa·m^1/2)
22493,Mechanical Properties  YS 458/MPa UTS 489/MPa Elongation 5.51/%,Mechanical Properties  YS 458/MPa UTS 489/MPa Elongation 5.51/% Fracture strength 66/(MPa·m^1/2)
22494,Mechanical Properties  YS 434/MPa UTS 477/MPa Elongation 6.44/%,Mechanical Properties  YS 434/MPa UTS 477/MPa Elongation 6.44/% Fracture strength 53/(MPa·m^1/2)
22496,Mechanical Properties  YS 418/MPa UTS 469/MPa Elongation 7.62/%,Mechanical Properties  YS 418/MPa UTS 469/MPa Elongation 7.62/% Fracture toughness 61/(MPa·m^1/2)
24466,Mechanical Properties  YS 161±2.9/MPa UTS 249±4.8/MPa Elongation 6.6±0.2/%,Mechanical Properties  YS 161±2.9/MPa UTS 249±4.8/MPa Elongation 6.6±0.2/%
24467,Mechanical Properties  YS 145±0.9/MPa UTS 243±1.9/MPa Elongation 12.3±1.8/%,Mechanical Properties  YS 145±0.9/MPa UTS 243±1.9/MPa Elongation 12.3±1.8/%
24468,Mechanical Properties  YS 228±2.4/MPa UTS 360±2.1/MPa Elongation 4.9±0.2/%,Mechanical Properties  YS 228±2.4/MPa UTS 360±2.1/MPa Elongation 4.9±0.2/%
24469,N/A,N/A
25843,Mechanical Properties  UTS 561.56/MPa Elongation 6.57/% Hardness 172.43/HV,Mechanical Properties  UTS 561.56/MPa Elongation 6.57/% Hardness 172.43/HV
25844,Mechanical Properties  UTS 573.08/MPa Elongation 5.92/% Hardness 178.80/HV,Mechanical Properties  UTS 573.08/MPa Elongation 5.92/% Hardness 178.80/HV
26825,Mechanical Properties  RT YS 369/MPa UTS 821/MPa Elongation 64.3/%  HT 923K YS 902/MPa UTS 1030/MPa Elongation 7.5/%,Mechanical Properties  RT YS 369/MPa UTS 821/MPa Elongation 64.3/%  HT 923K YS 902/MPa UTS 1030/MPa Elongation 7.5/%
26826,Mechanical Properties  RT YS 1171/MPa UTS 1394/MPa Elongation 23.4/%  HT 923K YS 952/MPa UTS 1100/MPa Elongation 10.2/%,Mechanical Properties  RT YS 1171/MPa UTS 1394/MPa Elongation 23.4/%  HT 923K YS 952/MPa UTS 1100/MPa Elongation 10.2/%
26827,Mechanical Properties  RT YS 1167/MPa UTS 1392/MPa Elongation 19.4/%  HT 923K YS 934/MPa UTS 1053/MPa Elongation 9.9/%,Mechanical Properties  RT YS 1167/MPa UTS 1392/MPa Elongation 19.4/%  HT 923K YS 934/MPa UTS 1053/MPa Elongation 9.9/%
26828,Mechanical Properties  RT YS 1059/MPa UTS 1313/MPa Elongation 19.7/%  HT 923K YS 907/MPa UTS 1047/MPa Elongation 10.0/%,Mechanical Properties  RT YS 1059/MPa UTS 1313/MPa Elongation 19.7/%  HT 923K YS 907/MPa UTS 1047/MPa Elongation 10.0/%
29211,Mechanical Properties  Hardness 338.59,Mechanical Properties  general properties Hardness 338.59 
29212,Mechanical Properties  Hardness 332.34,Mechanical Properties  Hardness 332.34
29213,Mechanical Properties  Hardness 349.11,Mechanical Properties  Hardness 349.11
29214,Mechanical Properties  Hardness 343.25,Mechanical Properties  Hardness 343.25
29215,Mechanical Properties  Hardness 337.63,Mechanical Properties  N/A
29716,Mechanical Properties  Hardness 442/HV,Mechanical Properties  Hardness 442/HV
29717,N/A,N/A
29718,Mechanical Properties  Hardness 442/HV,Mechanical Properties  Hardness 442/HV 
29719,Mechanical Properties  Hardness 8.8/GPa Young’s modulus 122/GPa,Mechanical Properties  Hardness 8.8/GPa Young’s modulus 122/GPa
29720,Mechanical Properties  Hardness 16.3/GPa Young’s modulus 191.7/GPa,Mechanical Properties  Hardness 16.3/GPa Young’s modulus 191.7/GPa
29721,Mechanical Properties  Hardness 11.9/GPa Young’s modulus 224/GPa,Mechanical Properties  Hardness 11.9/GPa Young’s modulus 224/GPa
29722,Mechanical Properties  Hardness 5.8/GPa Young’s modulus 250/GPa,Mechanical Properties  Hardness 5.8/GPa Young’s modulus 250/GPa
29804,N/A,N/A
29805,N/A,N/A
29806,N/A,N/A
29807,N/A,N/A
29808,N/A,N/A
29809,N/A,N/A
29810,N/A,N/A
29811,N/A,N/A
30101,Mechanical Properties  initial Hardness 75/HV   reverse loading  ,Mechanical Properties  initial Hardness 75/HV   reverse loading  
30102,Mechanical Properties  initial Hardness Decreases initially then increases   reverse loading  ,Mechanical Properties  initial Hardness Decreases initially then increases   reverse loading  
30103,Mechanical Properties  initial Hardness 88/HV,Mechanical Properties  Hardness 88/HV
30104,Mechanical Properties  initial Hardness 41/HV,Mechanical Properties  Hardness 41/HV
30148,N/A,N/A
30149,N/A,N/A
30150,N/A,N/A
30151,N/A,N/A
30152,N/A,N/A
30153,N/A,N/A
30329,Mechanical Properties  500°C Hardness 104±1 to 108±1/kg mm−2  550°C Hardness 107±2/kg mm−2  600°C Hardness 114±1/kg mm−2  655°C Hardness 128±2 to 28±2/kg mm−2  N/A YS 238 to 255/MPa UTS 339 to 382/MPa Elongation 11 to 6/%,Mechanical Properties  500°C Hardness 104±1 to 108±1/kg mm−2  550°C Hardness 107±2/kg mm−2  600°C Hardness 114±1/kg mm−2  655°C Hardness 128±2 to 28±2/kg mm−2  YS 238 to 255/MPa UTS 339 to 382/MPa Elongation 11 to 6/%
30330,Mechanical Properties  500°C Hardness 104±1 to 108±1/kg mm−2  550°C Hardness 107±2/kg mm−2  600°C Hardness 114±1/kg mm−2  655°C Hardness 128±2 to 28±2/kg mm−2  N/A YS 238 to 255/MPa UTS 339 to 382/MPa Elongation 11 to 6/%,Mechanical Properties  500°C Hardness 104±1 to 108±1/kg mm−2  550°C Hardness 107±2/kg mm−2  600°C Hardness 114±1/kg mm−2  655°C Hardness 128±2 to 28±2/kg mm−2  tensile properties YS 238 to 255/MPa UTS 339 to 382/MPa Elongation 11 to 6/%
30378,Mechanical Properties  YS 251/MPa,Mechanical Properties  YS 251/MPa
30379,Mechanical Properties  YS 221/MPa,Mechanical Properties  YS 221/MPa
30380,Mechanical Properties  YS 246/MPa,Mechanical Properties  YS 246/MPa
30381,Mechanical Properties  YS 221/MPa,Mechanical Properties  YS 221/MPa
30382,Mechanical Properties  YS 249/MPa,Mechanical Properties  YS 249/MPa
30383,Mechanical Properties  YS 225/MPa,Mechanical Properties  YS 225/MPa
30384,Mechanical Properties  YS 223/MPa,Mechanical Properties  YS 223/MPa
30385,Mechanical Properties  YS 203/MPa,Mechanical Properties  YS 203/MPa
30386,Mechanical Properties  YS 221/MPa,Mechanical Properties  YS 221/MPa
30387,Mechanical Properties  YS 184/MPa,Mechanical Properties  YS 184/MPa
30400,Mechanical Properties  YS 1030/MPa UTS 1130/MPa Elongation 36/% Reduction of area 59/% ,Mechanical Properties  YS 1030/MPa UTS 1130/MPa Elongation 36/% Reduction of area 59/% 
30401,Mechanical Properties  YS 1080/MPa UTS 1180/MPa Elongation 31/% Reduction of area 56/% ,Mechanical Properties  YS 1080/MPa UTS 1180/MPa Elongation 31/% Reduction of area 56/% 
30402,Mechanical Properties  UTS Above 1100/MPa  Thermodynamic Properties  Service Temperature  Up to 400 degreesC for 500 h ,Mechanical Properties  UTS Above 1100/MPa  Thermodynamic Properties  Service Temperature  Up to 400 degreesC for 500 h 
30403,N/A,Mechanical Properties  20°C YS 570 ± 10/MPa UTS 680 ± 10/MPa Elongation 0.4/%  750°C YS 393 ± 3/MPa UTS 675 ± 5/MPa Elongation 4.2/%
30404,N/A,Mechanical Properties  N/A YS 161±2.9/MPa UTS 249±4.8/MPa Elongation 6.6±0.2/% Compressive Strength N/A Compressive strain N/A Fracture strength N/A Fracture strain N/A Reduction of area N/A Hardness N/A Young’s modulus N/A Shear modulus N/A Flexural modulus N/A Poisson’s ratio N/A 
30405,N/A,Mechanical Properties  N/A YS 940/MPa UTS 940/MPa Elongation 42/% 
30674,N/A,Mechanical Properties  N/A YS 458/MPa UTS 489/MPa Elongation 5.51% Compressive Strength N/A Compressive strain N/A Fracture strength N/A Fracture strain N/A Reduction of area N/A Hardness N/A Young’s modulus N/A Shear modulus N/A Flexural modulus N/A Poisson’s ratio N/A  
30676,N/A,Mechanical Properties  N/A YS 391/MPa UTS 494/MPa Elongation 18.57/% Compressive Strength N/A Compressive strain N/A Fracture strength N/A Fracture strain N/A Reduction of area N/A Hardness N/A Young’s modulus N/A Shear modulus N/A Flexural modulus N/A Poisson’s ratio N/A 
30878,Mechanical Properties  YS 251.6/MPa UTS 339.9/MPa Elongation 1.5/%,Mechanical Properties  YS 251.6/MPa UTS 339.9/MPa Elongation 1.5/% 
30879,Mechanical Properties  YS 247.3/MPa UTS 359.6/MPa Elongation 2.7/%,Mechanical Properties  YS 247.3/MPa UTS 359.6/MPa Elongation 2.7/% 
30885,N/A,  
30886,N/A,
31099,Mechanical Properties  Hardness Decreased with Mg addition UTS Decreased with Mg addition  Compressive Strength Decreased with Mg addition Elongation Decreased with Mg addition,Mechanical Properties  Hardness Decreased with Mg addition  UTS Decreased with Mg addition  Compressive Strength Decreased with Mg addition  Elongation Decreased with Mg addition
31100,Mechanical Properties  Hardness Increased with T6 treatment UTS Increased with T6 treatment Compressive Strength Increased with T6 treatment Elongation Increased with T6 treatment,Mechanical Properties  Hardness Increased with T6 treatment UTS Increased with T6 treatment Compressive Strength Increased with T6 treatment Elongation Increased with T6 treatment
31249,N/A,N/A
31250,Mechanical Properties  Shear modulus 7.107×10^10/N/m^2 Bulk modulus 16.213×10^10/N/m^2 Young’s modulus 18.602×10^10/N/m^2 Poisson’s ratio 0.30877,Mechanical Properties  Shear modulus 7.107×10^10/N/m^2 Bulk modulus 16.213×10^10/N/m^2 Young’s modulus 18.602×10^10/N/m^2 Poisson’s ratio 0.30877
31251,Mechanical Properties  Shear modulus 7.231×10^10/N/m^2 Bulk modulus 17.323×10^10/N/m^2 Young’s modulus 19.043×10^10/N/m^2 Poisson’s ratio 0.31678,Mechanical Properties  Shear modulus 7.231×10^10/N/m^2 Bulk modulus 17.323×10^10/N/m^2 Young’s modulus 19.043×10^10/N/m^2 Poisson’s ratio 0.31678
31252,Mechanical Properties  Shear modulus 8.146×10^10/N/m^2 Bulk modulus 17.910×10^10/N/m^2 Young’s modulus 21.221×10^10/N/m^2 Poisson’s ratio 0.30252,Mechanical Properties  Shear modulus 8.146×10^10/N/m^2 Bulk modulus 17.910×10^10/N/m^2 Young’s modulus 21.221×10^10/N/m^2 Poisson’s ratio 0.30252
31253,Mechanical Properties   298K Young’s modulus 16.823×10^10/N/m^2 Shear modulus 8.37×10^10/N/m^2    298K  polycrystalline Shear modulus 8.097×10^10/N/m^2    T<TC     T>TC  ,Mechanical Properties   298K Young’s modulus 16.823×10^10/N/m^2 Shear modulus 8.37×10^10/N/m^2    298K  polycrystalline Shear modulus 8.097×10^10/N/m^2    T<TC     T>TC  
31327,Mechanical Properties  N/A Hardness increased after 3 hours ,Mechanical Properties  
31328,Mechanical Properties  Aging  823 K Hardness increased after 3 hours   Aging  973 K Hardness doubled then returned to initial after 18 hours ,Mechanical Properties  Aging  823 K   Aging  973 K 
31329,Mechanical Properties  N/A Hardness increased after 3 hours ,Mechanical Properties  
31330,Mechanical Properties  Aging  823 K Hardness increased after 3 hours   Aging  973 K Hardness doubled then returned to initial after 18 hours ,Mechanical Properties  Aging  823 K   Aging  973 K 
31331,Mechanical Properties  Hardness greater iniTiAl ,Mechanical Properties  Hardness greater initial hardness 
31332,Mechanical Properties  Hardness greater iniTiAl hardness ,Mechanical Properties  Hardness greater initial hardness 
31333,N/A,N/A
31334,N/A,N/A
31365,Mechanical Properties  YS Highest Elongation Lowest ,Mechanical Properties  YS Highest Elongation Lowest 
31366,Mechanical Properties  YS Lower than SE alloy Elongation Higher than SE alloy,Mechanical Properties  
31367,Mechanical Properties  YS Minimum Elongation Maximum,Mechanical Properties  YS Minimum Elongation Maximum 
31368,Mechanical Properties  YS Gradual decrease with aging time Elongation Not quantified,Mechanical Properties  YS Gradual decrease with aging time 
31369,Mechanical Properties  YS Large reduction Elongation Not quantified,Mechanical Properties  YS Large reduction Elongation Not quantified Fracture strength Mixed trans plus inter-granular mode
31594,N/A,
31595,N/A,N/A
31596,N/A,
31597,Mechanical Properties  N/A  Young’s modulus increase,Mechanical Properties  N/A  Young’s modulus increase
31598,Mechanical Properties  N/A  Young’s modulus greatest increase,Mechanical Properties  N/A  Young’s modulus greatest increase
31599,N/A,N/A
31600,N/A,N/A
31601,N/A,  N/A   N/A   N/A 
31602,N/A,N/A
31603,N/A,N/A
31604,N/A,
31605,N/A,
31692,Mechanical Properties  quenching Hardness 4400/MPa Young’s modulus 100/GPa  600°C Hardness 4600/MPa Young’s modulus 88/GPa  700°C Hardness 4600/MPa Young’s modulus 73/GPa,Mechanical Properties  quenching Hardness 4400/MPa Young’s modulus 100/GPa  600°C Hardness 4600/MPa Young’s modulus 88/GPa  700°C Hardness 4600/MPa Young’s modulus 73/GPa
31693,Mechanical Properties  quenching Hardness 4200/MPa Young’s modulus 78/GPa  600°C Hardness 4900/MPa Young’s modulus 92/GPa  700°C Hardness 4500/MPa Young’s modulus 106/GPa,Mechanical Properties  quenching Hardness 4200/MPa Young’s modulus 78/GPa  600°C Hardness 4900/MPa Young’s modulus 92/GPa  700°C Hardness 4500/MPa Young’s modulus 106/GPa
31694,Mechanical Properties  quenching Hardness 4100/MPa Young’s modulus 70/GPa  600°C Hardness 5400/MPa Young’s modulus 106/GPa  700°C Hardness 4800/MPa Young’s modulus 106/GPa,Mechanical Properties  quenching Hardness 4100/MPa Young’s modulus 70/GPa  600°C Hardness 5400/MPa Young’s modulus 106/GPa  700°C Hardness 4800/MPa Young’s modulus 106/GPa
31704,N/A,N/A
31705,Mechanical Properties        ,Mechanical Properties        
31706,Mechanical Properties  Hardness N/A     Young’s modulus N/A   ,Mechanical Properties  Hardness N/A     Young’s modulus N/A   
31789,N/A,N/A
31790,N/A,N/A
31791,N/A,N/A
31792,N/A,N/A
31793,N/A,N/A
31794,N/A,N/A
31851,Mechanical Properties  YS 550/MPa UTS 940/MPa Elongation 42/%,Mechanical Properties  YS 550/MPa UTS 940/MPa Elongation 42/%
31852,Mechanical Properties  UTS 1490/MPa YS 920/MPa Elongation 32/% ,Mechanical Properties  UTS 1490/MPa YS 920/MPa Elongation 32/% Fracture strength 470/MPa Compressive Strength 450/MPa
31853,Mechanical Properties  UTS 1500/MPa YS 980/MPa Elongation 25/% ,Mechanical Properties  UTS 1500/MPa YS 980/MPa Elongation 25/% Compressive Strength 460/MPa Fracture strength 520/MPa
31854,Mechanical Properties  YS 1050/MPa UTS 1510/MPa Elongation 25/% ,Mechanical Properties  YS 1050/MPa UTS 1510/MPa Elongation 25/% Compressive Strength 450/MPa Fracture strength 600/MPa
31855,Mechanical Properties  YS 1150/MPa UTS 1550/MPa Elongation 25/% ,Mechanical Properties  YS 1150/MPa UTS 1550/MPa Elongation 25/% Fracture strength 1020/MPa Compressive Strength 130/MPa
31856,Mechanical Properties  YS 1180/MPa UTS 1550/MPa Elongation 25/% ,Mechanical Properties  YS 1180/MPa UTS 1550/MPa Elongation 25/% Compressive Strength 150/MPa Fracture strength 1030/MPa
31857,Mechanical Properties  YS 1020/MPa UTS 1320/MPa Elongation 35/% ,Mechanical Properties  YS 1020/MPa UTS 1320/MPa Elongation 35/% Fracture strength 260/MPa 
31858,Mechanical Properties  UTS 1100/MPa YS 780/MPa Elongation 55/% ,Mechanical Properties  UTS 1100/MPa YS 780/MPa Elongation 55/%  Compressive Strength 400/MPa Compressive strain 380/MPa
31859,Mechanical Properties  UTS 1010/MPa YS 560/MPa Elongation 60/%,Mechanical Properties  UTS 1/MPa YS 560/MPa Elongation 60/%
31860,Mechanical Properties  UTS 1550/MPa Elongation more than 20/%,Mechanical Properties  UTS 1550/MPa Elongation more than 20/%
31942,N/A,N/A
31943,N/A,N/A
31944,Mechanical Properties  20°C YS 507 ± 7/MPa UTS 525 ± 5/MPa Elongation 1.1/%  750°C YS 382 ± 8/MPa UTS 405 ± 10/MPa Elongation 3.8/%,Mechanical Properties  20°C YS 507 ± 7/MPa UTS 525 ± 5/MPa Elongation 1.1/%  750°C YS 382 ± 8/MPa UTS 405 ± 10/MPa Elongation 3.8/%
31945,Mechanical Properties  20°C YS 570 ± 10/MPa UTS 680 ± 10/MPa Elongation 0.4/%  750°C YS 393 ± 3/MPa UTS 675 ± 5/MPa Elongation 4.2/%,Mechanical Properties  20°C YS 570 ± 10/MPa UTS 680 ± 10/MPa Elongation 0.4/%  750°C YS 393 ± 3/MPa UTS 675 ± 5/MPa Elongation 4.2/%
31946,Mechanical Properties  20°C YS 440 ± 6/MPa UTS 480 ± 8/MPa Elongation 1.0/%  750°C YS 350 ± 7/MPa UTS 445 ± 5/MPa Elongation 3.6/%,Mechanical Properties  20°C YS 440 ± 6/MPa UTS 480 ± 8/MPa Elongation 1.0/%  750°C YS 350 ± 7/MPa UTS 445 ± 5/MPa Elongation 3.6/%
32004,N/A,"Mechanical Properties     N/A  YS  1010/MPa  UTS  1010/MPa  Elongation  60/%  Hardness  N/A  Young’s modulus  N/A  Shear modulus  N/A  Flexural modulus  N/A  Poisson’s ratio  N/A     
Physical Properties     N/A  Density  N/A  Melting point  N/A  Electrical Conductivity  N/A  Electrical resistivity  N/A     
Magnetic Properties     N/A  Remanent Magnetic Induction/Br  N/A  Coercivity/Hc  N/A  Saturation Magnetization/Ms  N/A  Magnetization Finish/Mf  N/A     
Thermodynamic Properties     N/A  Mixing Enthalpy  N/A  Mixing Entropy  N/A  Heat Capacity  N/A  Thermal conductivity  N/A  Thermal expansion  N/A  Thermal diffusivity  N/A  Curie Temperature  N/A  Transformation temperature  N/A    "
32005,N/A,"Mechanical Properties     20°C  YS  440 ± 6/MPa  UTS  480 ± 8/MPa  Elongation  1.0/%  
"
32012,N/A,Mechanical Properties     General properties  Hardness  349.11
32013,N/A,"Mechanical Properties     N/A  YS  N/A/MPa  UTS  N/A/MPa  Elongation  N/A/%      
Physical Properties     N/A  Density  N/A/kg/m³  Melting point  N/A/K  Electrical Conductivity  N/A/S/m  Electrical resistivity  N/A/Ω·m      
  Property Name  Corrosion properties  Property Value  Maximum corrosion depth  N/A/μm"
32014,Mechanical Properties  Microhardness improved by fine grain strengthening and dispersion strengthening due to CeO2 nanoparticles,Mechanical Properties     N/A  YS  Minimum (not quantified)  UTS  N/A  Elongation  Maximum (not quantified)  Compressive Strength  N/A  Compressive strain  N/A  Fracture strength  N/A  Fracture strain  Purely ductile  Reduction of area  N/A  Hardness  N/A  Young’s modulus  N/A  Shear modulus  N/A  Flexural modulus  N/A  Poisson’s ratio  N/A  Description  N/A  
32015,N/A,Mechanical Properties     N/A  YS  247.3/MPa  UTS  359.6/MPa  Elongation  2.7/%  Compressive Strength  N/A  Compressive strain  N/A  Fracture strength  N/A  Fracture strain  N/A  Reduction of area  N/A  Hardness  N/A  Young’s modulus  N/A  Shear modulus  N/A  Flexural modulus  N/A  Poisson’s ratio  N/A    
32016,N/A,Mechanical Properties     N/A  YS  221/MPa  UTS  N/A  Elongation  N/A  Compressive Strength  N/A  Compressive strain  N/A  Fracture strength  N/A  Fracture strain  N/A  Reduction of area  N/A  Hardness  N/A  Young’s modulus  N/A  Shear modulus  N/A  Flexural modulus  N/A  Poisson’s ratio  N/A    
32017,N/A,"Mechanical Properties     N/A  YS  184/MPa  UTS  N/A  Elongation  N/A  Compressive Strength  N/A  Compressive strain  N/A  Fracture strength  N/A  Fracture strain  N/A  Reduction of area  N/A  Hardness  N/A  Young’s modulus  N/A  Shear modulus  N/A  Flexural modulus  N/A  Poisson’s ratio  N/A     
Physical Properties     N/A  Density  N/A  Melting point  N/A  Electrical Conductivity  N/A  Electrical resistivity  N/A     
Magnetic Properties     N/A  Remanent Magnetic Induction/Br  N/A  Coercivity/Hc  N/A  Saturation Magnetization/Ms  N/A  Magnetization Finish/Mf  N/A     
Thermodynamic Properties     N/A  Mixing Enthalpy  N/A  Mixing Entropy  N/A  Heat Capacity  N/A  Thermal conductivity  N/A  Thermal expansion  N/A  Thermal diffusivity  N/A  Curie Temperature  N/A  Transformation temperature  N/A    "
32018,N/A,Mechanical Properties     N/A  YS  1149±5.79/MPa  UTS  1254±7.54/MPa  Elongation  10.75±1.54/%  Compressive Strength  N/A  Compressive strain  N/A  Fracture strength  N/A  Fracture strain  N/A  Reduction of area  21.5±3.53/%  Hardness  N/A  Young’s modulus  N/A  Shear modulus  N/A  Flexural modulus  N/A  Poisson’s ratio  N/A    Others  N/A
32019,,"Mechanical Properties     N/A  YS  N/A  UTS  N/A  Elongation  N/A  Compressive Strength  N/A  Compressive strain  N/A  Fracture strength  N/A  Fracture strain  N/A  Reduction of area  N/A  Hardness  41/HV  Young’s modulus  N/A  Shear modulus  N/A  Flexural modulus  N/A  Poisson’s ratio  N/A      

“Physical Properties”  “N/A”

“Magnetic Properties”  “N/A”

“Thermodynamic Properties”  “N/A”"
32020,N/A,"Mechanical Properties     N/A  YS    UTS  670.5/MPa  Elongation  3.9/%  Hardness  325.4/HV     

Physical Properties     N/A  Density    Melting point    Electrical Conductivity    Electrical resistivity       

Magnetic Properties     N/A  Remanent Magnetic Induction/Br    Coercivity/Hc    Saturation Magnetization/Ms    Magnetization Finish/Mf       

Thermodynamic Properties     N/A  Mixing Enthalpy    Mixing Entropy    Heat Capacity    Thermal conductivity    Thermal expansion    Thermal diffusivity    Curie Temperature    Transformation temperature     "
32021,N/A,"Mechanical Properties     N/A  YS    UTS  573.08/MPa  Elongation  5.92/%  Hardness  178.80/HV  
Physical Properties  N/A 
Magnetic Properties  N/A 
Thermodynamic Properties  N/A"
32022,N/A,Mechanical Properties     N/A  
32023,N/A,Mechanical Properties     N/A  Hardness  Decreased with Mg addition  Thermodynamic Properties  N/A  Physical Properties  N/A  Magnetic Properties  N/A    Property Name  Tensile strength  Property Value  Decreased with Mg addition     N/A  Property Name  Compressive strength  Property Value  Decreased with Mg addition     N/A  Property Name  Tensile elongation  Property Value  Decreased with Mg addition     N/A  Property Name  Impact toughness  Property Value  Decreased with Mg addition     N/A  Property Name  Friction coefficient  Property Value  Increased with Mg addition     N/A  Property Name  Volume loss  Property Value  Increased with Mg addition
32024,N/A,"Mechanical Properties     N/A  Hardness  4200/MPa  Young’s modulus  78/GPa 
Mechanical Properties     N/A  Hardness  4900/MPa  Young’s modulus  92/GPa 
Mechanical Properties     N/A  Hardness  4500/MPa  Young’s modulus  106/GPa 
Physical Properties     N/A  Density  N/A  Melting point  N/A  Electrical Conductivity  N/A  Electrical resistivity  N/A 
 
 
 
"
32038,Mechanical Properties  UTS ≥580/MPa YS ≥540/MPa Elongation ≥8.0/% ,Mechanical Properties     N/A  Hardness  332.34  Physical Properties     N/A  Density  N/A  Melting point  N/A  Electrical Conductivity  N/A  Electrical resistivity  N/A    Others  N/A      general properties  Property Name  Wear Volume  Property Value  4.05 × 10^7/µm3     general properties  Property Name  Hardness  Property Value  332.34
32039,Mechanical Properties  UTS ≥550/MPa YS ≥510/MPa Elongation ≥10.5/% ,"Mechanical Properties     N/A  Hardness  153/HV 
  Property Name  Wear behavior  Property Value  Improved wear resistance compared to non-heat treated"
32040,N/A,"Mechanical Properties     N/A  Hardness  143/HV 
Physical Properties  N/A 
Magnetic Properties  N/A 
Thermodynamic Properties  N/A"
32041,N/A,Mechanical Properties     N/A  Hardness  338.59
32042,N/A,"Mechanical Properties     N/A  Hardness  337.63 
Physical Properties     N/A  "
32043,N/A,Mechanical Properties     N/A  Hardness  N/A  Physical Properties     N/A  Density  N/A  Melting point  N/A  Electrical Conductivity  N/A  Electrical resistivity  N/A  Description  N/A    Magnetic Properties     N/A  Remanent Magnetic Induction/Br  N/A  Coercivity/Hc  N/A  Saturation Magnetization/Ms  N/A  Magnetization Finish/Mf  N/A  Description  N/A    Thermodynamic Properties     N/A  
32044,Magnetic Properties  Experimental Remanent Magnetic Induction/Br 1.264/T Coercivity/Hc 47.06/kA/m ,"Mechanical Properties     N/A  Description  N/A 
Physical Properties  N/A 
Magnetic Properties  N/A 
Thermodynamic Properties  N/A 
  Property Name  Mo-enriched phases  Property Value  N/A   8000 h  Length  1.76/µm  12000 h  Length  increased mildly     quantitative analysis  Property Name  γ′ phases  Property Value  N/A   1000 h  Length  up to 131/nm  8000 h  Length  around 130/nm  12000 h  Length  140/nm     Others  Property Name  interaction of microstructure evolution    M6C phases  Needle-like  decreased RR at 8000 h  γ′ phases ripening rate  1000 h  0.0121/nm/h  8000 h  0.0033/nm/h  Coarsening mechanism  M6C phases  interface diffusion  γ′ phases  volume diffusion  Coarsening rate constant  M6C  7.865 x 10^-20/m2/s  γ′  1.519 x 10^-27/m3/s"
32045,Magnetic Properties  Experimental Remanent Magnetic Induction/Br 1.262/T Coercivity/Hc 47.55/kA/m ,"Mechanical Properties     N/A    
  "
32046,Magnetic Properties  Experimental Remanent Magnetic Induction/Br 1.255/T Coercivity/Hc 42.30/kA/m ,Mechanical Properties     \Others\  YS  184/MPa  UTS  260/MPa  Elongation  14/%  Hardness  55/HV10  Compressive Strength  N/A  Compressive strain  N/A  Fracture strength  N/A  Fracture strain  N/A  Reduction of area  N/A  Young’s modulus  N/A  Shear modulus  N/A  Flexural modulus  N/A  Poisson’s ratio  N/A    Others  \Others\  \N/A\
32047,Magnetic Properties  Experimental Remanent Magnetic Induction/Br 1.261/T Coercivity/Hc 46.53/kA/m ,"Mechanical Properties       Hardness  80/HV 
Physical Properties       Density    Melting point    Electrical Conductivity    Electrical resistivity     Others   
Magnetic Properties       Remanent Magnetic Induction/Br    Coercivity/Hc    Saturation Magnetization/Ms    Magnetization Finish/Mf     Others   
Thermodynamic Properties       Mixing Enthalpy    Mixing Entropy    Heat Capacity    Thermal conductivity    Thermal expansion    Thermal diffusivity    Curie Temperature    Transformation temperature     Others  "
32048,Magnetic Properties  Experimental Remanent Magnetic Induction/Br 1.254/T Coercivity/Hc 45.26/kA/m ,"Mechanical Properties  
   RT  YS  1171/MPa  UTS  1394/MPa  Elongation  23.4/%  
   HT 923K  YS  952/MPa  UTS  1100/MPa  Elongation  10.2/% 
"
32049,Magnetic Properties  Optimal Remanent Magnetic Induction/Br 1.29/T Coercivity/Hc 49.9/kA/m ,"Mechanical Properties  
   N/A  YS  221/MPa  UTS  N/A  Elongation  N/A  Compressive Strength  N/A  Compressive strain  N/A  Fracture strength  N/A  Fracture strain  N/A  Reduction of area  N/A  Hardness  N/A  Young’s modulus  N/A  Shear modulus  N/A  Flexural modulus  N/A  Poisson’s ratio  N/A  Description  N/A  Others  Others  N/A
"
32095,N/A,"Mechanical Properties  
   N/A  YS  1167/MPa  UTS  1392/MPa  Elongation  19.4/% 
   N/A  YS  934/MPa  UTS  1053/MPa  Elongation  9.9/%
 
 "
32096,N/A,"Mechanical Properties  
   N/A  Hardness  4400/MPa  YS  N/A  UTS  N/A  Elongation  N/A  Compressive Strength  N/A  Compressive strain  N/A  Fracture strength  N/A  Fracture strain  N/A  Reduction of area  N/A  Young’s modulus  100/GPa  Shear modulus  N/A  Flexural modulus  N/A  Poisson’s ratio  N/A     
   N/A  Hardness  4600/MPa  YS  N/A  UTS  N/A  Elongation  N/A  Compressive Strength  N/A  Compressive strain  N/A  Fracture strength  N/A  Fracture strain  N/A  Reduction of area  N/A  Young’s modulus  88/GPa  Shear modulus  N/A  Flexural modulus  N/A  Poisson’s ratio  N/A  Description  N/A   
   N/A  Hardness  4600/MPa  YS  N/A  UTS  N/A  Elongation  N/A  Compressive Strength  N/A  Compressive strain  N/A  Fracture strength  N/A  Fracture strain  N/A  Reduction of area  N/A  Young’s modulus  73/GPa  Shear modulus  N/A  Flexural modulus  N/A  Poisson’s ratio  N/A  Description  N/A  "
32097,N/A,"Mechanical Properties  
     Hardness  164±6/HV  UTS    Elongation    Compressive Strength    Compressive strain    Fracture strength    Fracture strain    Reduction of area    Hardness    Young’s modulus    Shear modulus    Flexural modulus    Poisson’s ratio     "
32098,N/A,"Mechanical Properties  
  
 Fracture_Behaviour 
YS  359±8/MPa 
Elongation  0.0077/%

 
Physical Properties  
 
Magnetic Properties  
 
Thermodynamic Properties  
 
Other Properties  
  
 Corrosion_Properties 
Property Name  Ecorr 
Property Value  −836±7/mV vs. Ag/AgCl
 
  
 Corrosion_Properties 
Property Name  Icorr 
Property Value  14 552±7/μA/cm2
 
  
 Corrosion_Properties 
Property Name  Corr. Rate 
Property Value  0.91±0.10/mm/year
 
  
 Hydrogen_Induced_Cracking 
Property Name  Diffusible_Hydrogen 
Property Value  4.8±0.1

"
32099,N/A,"Mechanical Properties  
  
 Others 
YS  Lower than SE alloy (not quantified) 
UTS  N/A 
Elongation  N/A 
Compressive Strength  N/A 
Compressive strain  N/A 
Fracture strength  N/A 
Fracture strain  N/A 
Reduction of area  N/A 
Hardness  N/A 
Young’s modulus  N/A 
Shear modulus  N/A 
Flexural modulus  N/A 
Poisson’s ratio  N/A 
 
Others  N/A

"
32100,N/A,"Mechanical Properties  
  
 Aging  823 K 
Hardness  increased after 3 hours 
Age-hardening behavior  significant hardening
 
  
 Aging  973 K 
Hardness  doubled then returned to initial after 18 hours 
Age-hardening behavior  rapid hardening followed by overaging

"
32101,N/A,"Mechanical Properties  
  
 N/A 
YS  920/MPa 
UTS  1490/MPa 
Elongation  32/% 
Compressive Strength  N/A 
Compressive strain  N/A 
Fracture strength  N/A 
Fracture strain  N/A 
Reduction of area  N/A 
Hardness  N/A 
Young’s modulus  N/A 
Shear modulus  N/A 
Flexural modulus  N/A 
Poisson’s ratio  N/A 


"
32102,N/A,"Mechanical Properties  
  
 N/A 
YS  780/MPa 
UTS  1100/MPa 
Elongation  55/% 
Compressive Strength   
Compressive strain   
Fracture strength   
Fracture strain   
Reduction of area   
Hardness   
Young’s modulus   
Shear modulus   
Flexural modulus   
Poisson’s ratio   



"
32103,N/A,"Mechanical Properties  
  
 N/A 
YS  N/A 
UTS  N/A 
Elongation  N/A 
Compressive Strength  N/A 
Compressive strain  N/A 
Fracture strength  N/A 
Fracture strain  N/A 
Reduction of area  N/A 
Hardness  1550/Hv 
Young’s modulus  N/A 
Shear modulus  N/A 
Flexural modulus  N/A 
Poisson’s ratio  N/A 
 


"
32127,N/A,"Mechanical Properties  
  
 N/A 
  Coercivity/Hc  47.06/kA/m  Saturation Magnetization/(BH)max  36.1/kJ/m3

 
Physical Properties  N/A 
Thermodynamic Properties  N/A"
32128,N/A,"Mechanical Properties  
  
 N/A 
Hardness  172±7/HV 
UTS  N/A 
Elongation  N/A 
Compressive Strength  N/A 
Compressive strain  N/A 
Fracture strength  N/A 
Fracture strain  N/A 
Reduction of area  N/A 
Hardness  172±7/HV 
Young’s modulus  N/A 
Shear modulus  N/A 
Flexural modulus  N/A 
Poisson’s ratio  N/A 
 
Others  
σbc  623±28/MPa 
σys  390±23/MPa 
εc  16±1/% 
KIC  38±2/(MPa·m1/2) 
Z  24336±349/(MPa2·m1/2)

 
Physical Properties  
  
 N/A 
Density  N/A 
Melting point  N/A 
Electrical Conductivity  N/A 
Electrical resistivity  N/A 
 


 
Magnetic Properties  
  
 N/A 
Remanent Magnetic Induction/Br  N/A 
Coercivity/Hc  N/A 
Saturation Magnetization/Ms  N/A 
Magnetization Finish/Mf  N/A 
 


 
Thermodynamic Properties  
  
 N/A 
Mixing Enthalpy  N/A 
Mixing Entropy  N/A 
Heat Capacity  N/A 
Thermal conductivity  N/A 
Thermal expansion  N/A 
Thermal diffusivity  N/A 
Curie Temperature  N/A 
Transformation temperature  N/A 
 


"
32129,N/A,"Mechanical Properties  
  
 N/A 
Hardness  N/A 
YS  N/A 
UTS  N/A 
Elongation  N/A 
Compressive Strength  N/A 
Compressive strain  N/A 
Fracture strength  N/A 
Fracture strain  N/A 
Reduction of area  N/A 
Hardness  4100/MPa 
 

 
Physical Properties  
  
 N/A 
Density  N/A 
Melting point  N/A 
Electrical Conductivity  N/A 
Electrical resistivity  N/A 
 


 
Magnetic Properties  
  
 N/A 
Remanent Magnetic Induction/Br  N/A 
Coercivity/Hc  N/A 
Saturation Magnetization/Ms  N/A 
Magnetization Finish/Mf  N/A 
 


 
Thermodynamic Properties  
  
 N/A 
Mixing Enthalpy  N/A 
Mixing Entropy  N/A 
Heat Capacity  N/A 
Thermal conductivity  N/A 
Thermal expansion  N/A 
Thermal diffusivity  N/A 
Curie Temperature  N/A 
Transformation temperature  N/A 
 


"
32130,N/A,"Mechanical Properties  
  
  
YS  1020/MPa 
UTS   
Elongation  35/% 
Compressive Strength   
Compressive strain   
Fracture strength   
Fracture strain   
Reduction of area   
Hardness   
Young’s modulus   
Shear modulus   
Flexural modulus   
Poisson’s ratio   

Others  

"
32200,N/A,"Mechanical Properties  N/A 
Physical Properties  N/A 
Magnetic Properties  N/A 
Thermodynamic Properties  N/A 
    corrosion properties  Property Name  Ecorr_0.9NaCl  Property Value  -399/mV     corrosion properties  Property Name  Corrosion_rate_0.9NaCl  Property Value  517/mpy     corrosion properties  Property Name  Rp_0.9NaCl  Property Value  54.93/kΩ     corrosion properties  Property Name  Icorr_3.5NaCl  Property Value  1310/nA/cm2     corrosion properties  Property Name  Ecorr_3.5NaCl  Property Value  -352/mV     corrosion properties  Property Name  Corrosion_rate_3.5NaCl  Property Value  254.5/mpy     corrosion properties  Property Name  Rp_3.5NaCl  Property Value  68.25/kΩ"
32201,N/A,"Mechanical Properties  N/A 
Physical Properties  N/A 
Magnetic Properties  N/A 
Thermodynamic Properties  N/A 
  Property Name  Corrosion rate  Property Value  1.7 × 10–3/mm/yr     N/A  Property Name  Ecorr  Property Value  -373/mV     N/A  Property Name  Icorr  Property Value  0.13/μA"
32202,N/A,"Mechanical Properties  N/A 
Physical Properties  N/A 
Magnetic Properties  N/A 
Thermodynamic Properties     phases formed  Others  phases formed  tetragonal Al2Cu  present  cubic Al7Cu2Fe  present  unreacted  Fe"
32206,Mechanical Properties  temperature  385/K    temperature  425/K ,"Mechanical Properties  N/A 
Physical Properties  N/A 
Magnetic Properties  N/A 
Thermodynamic Properties     N/A    "
32207,Mechanical Properties  temperature  371/K ,"Mechanical Properties  N/A 
Physical Properties  N/A 
Magnetic Properties  N/A 
Thermodynamic Properties  N/A 
    corrosion properties  Property Name  Icorr  Property Value  2.116×10−5/(A/cm2)     corrosion properties  Property Name  CR  Property Value  0.250/(mm/a)"
32208,Mechanical Properties  temperature  349/K    temperature  378/K ,"Mechanical Properties  N/A 
Physical Properties  N/A 
Magnetic Properties  N/A 
Thermodynamic Properties  N/A 
    corrosion properties  Property Name  Ecorr  Property Value  -385/mV     corrosion properties  Property Name  Icorr  Property Value  0.20/μA"
32209,Mechanical Properties  temperature  360/K ,"Mechanical Properties  N/A 
Physical Properties  N/A 
Magnetic Properties  N/A 
Thermodynamic Properties  N/A 
  Property Name  Corrosion Rate  Property Value  2.76 × 10–3/mm/yr     corrosion properties  Property Name  Ecorr  Property Value  -420/mV     corrosion properties  Property Name  Icorr  Property Value  0.21/μA"
32210,N/A,"Mechanical Properties  N/A 
Physical Properties  N/A 
Magnetic Properties  N/A 
Thermodynamic Properties  N/A"
32211,Mechanical Properties  N/A,Mechanical Properties  \1\ \States\ \hardness\ \Hardness\ \greater initial hardness\ Magnetic Properties  \1\ \States\ \hardness\ \Description\ \age-hardening observed after 6 hours\ \Others\ \age-hardening behavior  consistent with 475 °C embrittlement\
32212,Mechanical Properties  UTS 797.932/MPa Elongation 6.0/%,"Mechanical Properties   
Physical Properties   
Magnetic Properties   
Thermodynamic Properties   
Other Properties   
Corrosion Properties     corrosion properties  Property Name  Icorr_0.9NaCl  Property Value  286/nA/cm2     corrosion properties  Property Name  Ecorr_0.9NaCl  Property Value  -341/mV     corrosion properties  Property Name  Corrosion_rate_0.9NaCl  Property Value  64.63/mpy     corrosion properties  Property Name  Rp_0.9NaCl  Property Value  238.3/kΩ     corrosion properties  Property Name  Icorr_3.5NaCl  Property Value  481/nA/cm2     corrosion properties  Property Name  Ecorr_3.5NaCl  Property Value  -559/mV     corrosion properties  Property Name  Corrosion_rate_3.5NaCl  Property Value  148.9/mpy     corrosion properties  Property Name  Rp_3.5NaCl  Property Value  185.4/kΩ"
32213,Mechanical Properties  UTS Decreases by 6.27% from S3/MPa Elongation 7.8/%,"Mechanical Properties   
Magnetic Properties       Remanent Magnetic Induction/Br  1.262/T  Coercivity/Hc  47.55/kA/m  Saturation Magnetization/Ms    Magnetization Finish/Mf     Others  (BH)max 38.4/kJ/m3 
Thermodynamic Properties  "
