ID,GroundTruth_Strengthening-Mechanism,Extracted_Strengthening-Mechanism
109,precipitation strengthening,precipitation strengthening
110,precipitation strengthening,precipitation strengthening
111,precipitation strengthening,precipitation strengthening
226,N/A,N/A
227,N/A,N/A
228,N/A,N/A
229,N/A,N/A
253,N/A,N/A
254,N/A,N/A
255,N/A,N/A
256,N/A,N/A
257,N/A,N/A
267,N/A,N/A
268,N/A,N/A
269,N/A,N/A
270,N/A,N/A
271,N/A,N/A
272,N/A,N/A
273,N/A,N/A
274,N/A,N/A
388,N/A,N/A
389,N/A,N/A
390,N/A,N/A
391,solid solution  dispersion of Y-rich oxides,dispersion of Y-rich oxides solid solution
392,solid solution  dispersion of Y-rich oxides,solid solution dispersion of Y-rich oxides
393,solid solution  dispersion of Y-rich oxides,dispersion of Y-rich oxides Solid Solution Strengthening
428,N/A,N/A
429,N/A,N/A
430,N/A,N/A
431,N/A,N/A
701,N/A,N/A
702,N/A,N/A
703,N/A,N/A
704,N/A,N/A
705,N/A,N/A
706,N/A,N/A
707,N/A,N/A
708,N/A,N/A
857,N/A,N/A
858,precipitation strengthening,Precipitates Precipitation Strengthening  σp 
859,precipitation strengthening,  Precipitation Strengthening  σp  
860,Precipitation strengthening  Phase transformation strengthening,Precipitation  Precipitation Strengthening  σp  Phase transformation
861,precipitation strengthening,Precipitates Precipitation Strengthening  σp 
1154,N/A,N/A
1155,N/A,N/A
1156,N/A,N/A
1157,N/A,N/A
1158,N/A,N/A
1159,N/A,N/A
1255,N/A,N/A
1256,N/A,N/A
1257,N/A,N/A
1258,N/A,N/A
1259,N/A,N/A
1260,N/A,N/A
1261,N/A,N/A
1262,N/A,N/A
1263,N/A,N/A
1264,N/A,N/A
1265,N/A,N/A
1266,N/A,N/A
1267,N/A,N/A
1268,N/A,N/A
1269,N/A,N/A
1270,N/A,N/A
1271,N/A,N/A
1272,Grain strengthening  Dislocation strengthening  Solid–solution strengthening,Grain strengthening  Dislocation strengthening  Solid–solution strengthening
1694,N/A,N/A
1695,N/A,N/A
1696,N/A,N/A
1697,N/A,N/A
1698,N/A,N/A
1699,N/A,N/A
1923,N/A,N/A
1924,N/A,N/A
1925,N/A,N/A
2009,N/A,N/A
2010,N/A,N/A
2011,N/A,N/A
2012,N/A,N/A
2013,N/A,N/A
2014,N/A,N/A
2015,N/A,N/A
2194,N/A,N/A
2195,N/A,N/A
2196,N/A,N/A
2197,N/A,N/A
2198,N/A,N/A
2642,abnormal grain growth (AGG),abnormal grain growth (AGG)
2643,abnormal grain growth (AGG),abnormal grain growth (AGG)
2644,abnormal grain growth (AGG),abnormal grain growth (AGG)
2674,N/A,N/A
2675,N/A,N/A
2676,N/A,N/A
2677,N/A,N/A
2678,N/A,N/A
2679,N/A,N/A
2680,N/A,N/A
2681,N/A,N/A
2682,N/A,N/A
3546,N/A,N/A
3547,N/A,N/A
3548,N/A,N/A
3549,N/A,N/A
3550,N/A,N/A
3551,N/A,N/A
3552,N/A,N/A
3553,N/A,N/A
3554,N/A,N/A
3555,N/A,N/A
3556,N/A,N/A
3557,N/A,N/A
3558,N/A,N/A
3559,N/A,N/A
3560,N/A,N/A
3743,N/A,N/A
3744,N/A,N/A
4368,N/A,N/A
4369,N/A,N/A
4370,N/A,N/A
4371,N/A,N/A
4372,N/A,N/A
4373,N/A,N/A
4374,N/A,N/A
4889,precipitation strengthening   grain boundary strengthening,precipitation strengthening   grain boundary strengthening
4890,precipitation strengthening   grain boundary strengthening,precipitation strengthening   grain boundary strengthening
4891,precipitation strengthening   grain boundary strengthening,precipitation strengthening   grain boundary strengthening
4892,precipitation strengthening   grain boundary strengthening,precipitation strengthening   grain boundary strengthening
4909,N/A,N/A
4911,N/A,N/A
5046,N/A,N/A
5047,N/A,N/A
5048,N/A,N/A
5049,precipitation strengthening,precipitation strengthening
5050,N/A,N/A
5051,N/A,N/A
5114,dislocation activity,dislocation activity
5115,dislocation activity,dislocation activity
5116,dislocation activity,dislocation activity
5117,dislocation activity,dislocation activity
6122,N/A,N/A
6123,N/A,N/A
6184,N/A,N/A
6185,N/A,N/A
6186,N/A,N/A
6187,N/A,N/A
6188,N/A,N/A
6189,N/A,N/A
6190,N/A,N/A
6191,N/A,N/A
6953,N/A,N/A
6954,N/A,N/A
6955,N/A,N/A
9346,N/A,N/A
9347,N/A,N/A
9348,N/A,N/A
9349,N/A,N/A
9350,N/A,N/A
9379,N/A,N/A
9906,N/A,N/A
9907,N/A,N/A
9908,N/A,N/A
9909,N/A,N/A
9910,N/A,N/A
9911,N/A,N/A
10061,N/A,N/A
10062,N/A,N/A
10063,N/A,N/A
10064,N/A,N/A
10065,N/A,N/A
10066,N/A,N/A
10067,N/A,N/A
10188,N/A,N/A
10189,N/A,N/A
10190,N/A,N/A
12429,N/A,N/A
12430,N/A,N/A
12431,N/A,N/A
12432,N/A,N/A
12433,N/A,N/A
12434,N/A,N/A
12435,N/A,N/A
12436,N/A,N/A
12437,N/A,N/A
12438,N/A,N/A
12439,N/A,N/A
12830,N/A,N/A
12831,N/A,N/A
12832,N/A,N/A
12833,N/A,N/A
13377,N/A,N/A
13378,N/A,N/A
13379,N/A,N/A
13380,N/A,N/A
13381,N/A,N/A
13382,N/A,N/A
13383,N/A,N/A
13563,N/A,N/A
13823,precipitation strengthening,precipitation strengthening
13824,precipitation strengthening,precipitation strengthening
13825,precipitation strengthening,precipitation strengthening
13826,precipitation strengthening,precipitation strengthening
13843,N/A,N/A
13844,N/A,N/A
13845,N/A,N/A
13846,N/A,N/A
13847,N/A,N/A
13848,N/A,N/A
13888,Precipitation strengthening,precipitation strengthening
13889,Precipitation strengthening,precipitation strengthening
13890,Precipitation strengthening,precipitation strengthening
13891,Precipitation strengthening,precipitation strengthening
13892,Precipitation strengthening,precipitation strengthening
13893,Precipitation strengthening,precipitation strengthening
14247,Dislocation strengthening,Dislocation strengthening
14248,N/A,N/A
14249,dislocation  stack fault,dislocation and stack fault
14250,stack fault-controlled,
14789,N/A,N/A
14790,N/A,N/A
14791,N/A,N/A
14792,N/A,N/A
14793,N/A,N/A
14800,N/A,N/A
14801,N/A,N/A
14802,N/A,N/A
14803,N/A,N/A
14804,N/A,N/A
14812,N/A,N/A
14813,precipitation strengthening,precipitation strengthening
14814,Solid-solution strengthening,Solid-solution strengthening
14815,Precipitation Strengthening  Solid Solution Strengthening,Precipitation Strengthening  Solid Solution Strengthening
15036,N/A,N/A
15037,N/A,N/A
15038,N/A,N/A
15053,Particle reinforcement  Heat treatment,Particle reinforcement  Heat treatment
15054,Particle reinforcement  Heat treatment,Particle reinforcement  Heat treatment
15055,Particle reinforcement  Heat treatment,Particle reinforcement  Heat treatment
15056,Particle reinforcement  Heat treatment,Particle reinforcement  Heat treatment
15057,Particle reinforcement  Heat treatment,Particle reinforcement  Heat treatment
15058,Particle reinforcement  Heat treatment,Particle reinforcement  Heat treatment
15218,N/A,N/A
15219,N/A,N/A
15220,N/A,N/A
15221,N/A,N/A
15222,N/A,N/A
15270,N/A,N/A
15271,N/A,N/A
15272,N/A,N/A
15390,Solid–solution strengthening,Solid–solution strengthening
15391,precipitation strengthening,precipitation strengthening
15392,precipitation strengthening,precipitation strengthening
15393,precipitation strengthening,precipitation strengthening
15394,precipitation strengthening,precipitation strengthening
15395,precipitation strengthening,precipitation strengthening
15474,N/A,N/A
15475,N/A,N/A
15476,N/A,N/A
15477,N/A,N/A
15478,N/A,N/A
15485,precipitation strengthening,Precipitates Precipitation Strengthening  σp 
15486,precipitation strengthening,Precipitates Precipitation Strengthening  σp 
15487,precipitation strengthening,Precipitates Precipitation Strengthening  σp 
15705,N/A,N/A
15706,N/A,N/A
16209,N/A,N/A
16210,N/A,N/A
16211,N/A,N/A
16212,N/A,N/A
16642,Precipitation strengthening  Grain growth,Precipitation strengthening  Grain growth
19226,αlaths and αfine lamellae,αlaths and αfine lamellae
19227,αlaths and αfine lamellae,αlaths and αfine lamellae
19228,αlaths and αfine lamellae,αlaths and αfine lamellae
19294,Oxide layer formation,N/A
22491,N/A,N/A
22493,N/A,N/A
22494,N/A,N/A
22496,N/A,N/A
24466,N/A,N/A
24467,solid Solution Strengthening,Solution Strengthening
24468,precipitation strengthening,precipitation strengthening
24469,N/A,N/A
25843,precipitation strengthening,precipitation strengthening
25844,precipitation strengthening,precipitation strengthening
26825,precipitation strengthening,precipitation strengthening
26826,precipitation strengthening,precipitation strengthening
26827,precipitation strengthening,precipitation strengthening
26828,precipitation strengthening,precipitation strengthening
29211,N/A,N/A
29212,N/A,N/A
29213,N/A,N/A
29214,N/A,N/A
29215,N/A,N/A
29716,N/A,N/A
29717,N/A,N/A
29718,N/A,N/A
29719,N/A,N/A
29720,N/A,N/A
29721,N/A,N/A
29722,N/A,N/A
29804,N/A,N/A
29805,N/A,N/A
29806,N/A,N/A
29807,N/A,N/A
29808,N/A,N/A
29809,N/A,N/A
29810,N/A,N/A
29811,N/A,N/A
30101,N/A,N/A
30102,Precipitation strengthening,Precipitation Strengthening PS  PS  12.7  
30103,Precipitation strengthening, Precipitation Strengthening  σp  
30104,Over-aging leading to coarsening of precipitates,Strengthening Mechanism and Proportion  Precipitation Strengthening  12.7   Over-aging leading to coarsening of precipitates  
30148,N/A,N/A
30149,N/A,N/A
30150,N/A,N/A
30151,N/A,N/A
30152,N/A,N/A
30153,N/A,N/A
30329,Grain boundary strengthening,Grain boundary strengthening
30330,Dispersion Strengthening  Grain Boundary Strengthening,Dispersion Strengthening  Grain Boundary Strengthening
30378,precipitation strengthening,precipitation strengthening
30379,precipitation strengthening,precipitation strengthening
30380,precipitation strengthening,precipitation strengthening
30381,precipitation strengthening,precipitation strengthening
30382,precipitation strengthening,precipitation strengthening
30383,precipitation strengthening,precipitation strengthening
30384,precipitation strengthening,precipitation strengthening
30385,precipitation strengthening,precipitation strengthening
30386,precipitation strengthening,precipitation strengthening
30387,precipitation strengthening,precipitation strengthening
30400,N/A,N/A
30401,N/A,N/A
30402,Initial Stage Spinodal decomposition  Second Stage Elastic and interface stresses from κ phase particles,"
 N/A 
 Spinodal decomposition    Elastic and interface stresses from κ phase particles   
 N/A 
"
30403,N/A,N/A
30404,N/A,N/A
30405,N/A,N/A
30674,N/A,N/A
30676,N/A,N/A
30878,N/A,N/A
30879,N/A,N/A
30885,N/A,N/A
30886,N/A,N/A
31099,N/A,N/A
31100,N/A,N/A
31249,N/A,N/A
31250,N/A,N/A
31251,N/A,N/A
31252,N/A,N/A
31253,N/A,N/A
31327,N/A,N/A
31328,N/A,N/A
31329,N/A,N/A
31330,N/A,N/A
31331,N/A,N/A
31332,N/A,N/A
31333,N/A,N/A
31334,N/A,N/A
31365,Intra-granular precipitation  Grain boundary carbide films,Intra-granular precipitation  Grain boundary carbide films
31366,Precipitation of δ phase with prolonged aging, Precipitation of δ phase with prolonged aging   N/A   N/A  
31367,Dissolution of intermetallic and carbide phases,intermetallic  carbide
31368,Dissolution of Ni2(Cr  Mo) phase, Strengthening Phase   N/A   Strengthening mechanism and proportion   Solid Solution Strengthening   50.0   Strengthening Effect   N/A   Description   N/A 
31369,Precipitation of δ phase with prolonged aging,Precipitation Strengthening (Precipitation of δ phase with prolonged aging)   
31594,N/A,N/A
31595,N/A,N/A
31596,N/A,N/A
31597,N/A,N/A
31598,N/A,N/A
31599,N/A,N/A
31600,N/A,N/A
31601,N/A,N/A
31602,solid-solution strengthening,  Strengthening Phase   N/A   Strengthening mechanism and proportion   Solid Solution Strengthening  σs−l   Strengthening Effect   N/A   Description     
31603,N/A,N/A
31604,N/A,N/A
31605,N/A,N/A
31692,N/A,N/A
31693,N/A,N/A
31694,N/A,N/A
31704,Relaxation of elastic stresses  transformation of the initial nanofragmented structure,"
 N/A 
 N/A 
 Relaxation of elastic stresses  Transformation of the initial nanofragmented structure 
"
31705,Relaxation of elastic stresses  transformation of the initial nanofragmented structure,"
 N/A 
 N/A 
 Relaxation of elastic stresses  transformation of the initial nanofragmented structure"
31706,Relaxation of elastic stresses  transformation of the initial nanofragmented structure,"   
  Relaxation of elastic stresses  transformation of the initial nanofragmented structure"
31789,N/A,N/A
31790,N/A,N/A
31791,N/A,N/A
31792,N/A,N/A
31793,N/A,N/A
31794,N/A,N/A
31851,N/A,N/A
31852,N/A,N/A
31853,N/A,N/A
31854,N/A,N/A
31855,N/A,N/A
31856,N/A,N/A
31857,N/A,N/A
31858,N/A,N/A
31859,N/A,N/A
31860,Highly disperse phase Precipitation， Recrystallization,"
 N/A 
 Precipitation Strengthening  12.7 
 recrystallization 
"
31942,N/A,N/A
31943,N/A,N/A
31944,N/A,N/A
31945,N/A,N/A
31946,N/A,N/A
32004,N/A,N/A
32005,N/A,N/A
32012,N/A,N/A
32013,Dispersion strengthening  fine grain strengthening,"
 N/A 
 ODS  1.0 
 Dispersion strengthening  Fine grain strengthening"
32014,Dispersion strengthening  fine grain strengthening,  Dispersion Strengthening   Fine Grain Strengthening    
32015,N/A,N/A
32016,N/A,N/A
32017,N/A,N/A
32018,N/A,N/A
32019,N/A,N/A
32020,N/A,N/A
32021,N/A,N/A
32022,N/A,N/A
32023,N/A,N/A
32024,N/A,N/A
32038,N/A,N/A
32039,N/A,N/A
32040,N/A,N/A
32041,N/A,N/A
32042,N/A,N/A
32043,N/A,N/A
32044,N/A,N/A
32045,N/A,N/A
32046,N/A,N/A
32047,N/A,N/A
32048,N/A,N/A
32049,N/A,N/A
32095,N/A,N/A
32096,N/A,N/A
32097,N/A,N/A
32098,N/A,N/A
32099,N/A,N/A
32100,N/A,N/A
32101,N/A,N/A
32102,N/A,N/A
32103,N/A,N/A
32127,coarsening of M6C and γ′ phases controlled by interface and volume diffusion,M6C  γ′ phases   
32128,coarsening of M6C and γ′ phases controlled by interface and volume diffusion, Precipitation Strengthening coarsening of M6C and γ′ phases controlled by interface and volume diffusion 
32129,coarsening of M6C and γ′ phases controlled by interface and volume diffusion,"
 N/A 
 N/A 
 N/A 

"
32130,N/A,N/A
32200,N/A,N/A
32201,N/A,N/A
32202,N/A,N/A
32206,Negative strain rate hardening due to dynamic strain aging,  Negative strain rate hardening due to dynamic strain aging  
32207,Negative strain rate hardening due to dynamic strain aging,Strengthening Mechanism and proportion  Dislocation Strengthening  Negative strain rate hardening due to dynamic strain aging  
32208,Positive strain rate hardening,"
 N/A 
 Positive strain rate hardening 

"
32209,Positive strain rate hardening, N/A   Positive strain rate hardening
32210,N/A,N/A
32211,N/A,N/A
32212,N/A,N/A
32213,N/A,N/A
