ID,GroundTruth_Performance,Extracted_Performance
109,N/A,N/A
110,N/A,N/A
111,N/A,N/A
226,Wear  Wear mechanisms Abrasion  Adhesion ,Wear  Wear mechanisms Abrasion  Adhesion 
227,Wear  Wear mechanisms Abrasion  Adhesion ,Wear  Wear mechanisms Abrasion  Adhesion 
228,Wear  Wear mechanisms Abrasion  Adhesion ,Wear  Wear mechanisms Abrasion  Adhesion 
229,Wear  Wear mechanisms Abrasion  Adhesion ,Wear  Wear mechanisms Abrasion  Adhesion 
253,N/A,N/A
254,N/A,N/A
255,N/A,N/A
256,N/A,N/A
257,N/A,N/A
267,N/A,N/A
268,N/A,N/A
269,N/A,N/A
270,N/A,N/A
271,N/A,N/A
272,N/A,N/A
273,N/A,N/A
274,N/A,N/A
388,Creep  vertical Life 9.5/h    horizontal Life  1.72/h ,Creep  vertical Life 9.5/h    horizontal Life  1.72/h 
389,Creep  vertical Life 12.79/h    horizontal Life 1.72/h ,Creep  vertical Life 12.79/h    horizontal Life 1.72/h 
390,Creep  vertical Life 2.13/h    horizontal Life 1.86/h ,Creep  vertical Life 2.13/h    horizontal Life 1.86/h 
391,Creep  vertical Life 76.3/h    horizontal Life 32.7/h ,Creep  vertical Life 76.3/h    horizontal Life 32.7/h 
392,Creep  vertical Life 98/h    horizontal Life 18.23/h ,Creep  vertical Life 98/h    horizontal Life 18.23/h 
393,Creep  vertical Life 33.68/h    horizontal Life 30/h ,Creep  vertical Life 33.68/h    horizontal Life 30/h 
428,Wear     Wear Coefficient  N/A,Wear     Wear Coefficient  N/A   Corrosion     Ecorr  -294±12/mV (SCE) Icorr  0.93±0.09/µA/cm2 
429,Corrosion   Ecorr -406±15/mV (SCE) Icorr 1.44±0.15/µA/cm2  Wear     ,Corrosion   Ecorr -406±15/mV (SCE) Icorr 1.44±0.15/µA/cm2  Wear     
430,Wear      Corrosion   Ecorr -495±16/mV (SCE) Icorr 4.65±0.28/µA/cm2 ,Wear   Wear Coefficient ZK 0.0051/mm3*10−3   Corrosion   Ecorr -495±16/mV (SCE) Icorr 4.65±0.28/µA/cm2 
431,Wear    Corrosion  Ecorr -380±14/mV (SCE) Icorr 2.82±0.25/µA/cm2,Wear  Wear Coefficient ZK  0.0037/mm3*10−3  Corrosion  Ecorr -380±14/mV (SCE) Icorr 2.82±0.25/µA/cm2
701,Fatigue  temperature  200/°C 411.63/MPa Strain Amplitude 0.5/% ,Fatigue  temperature  200/°C 411.63/MPa Strain Amplitude 0.5/% 
702,Fatigue  temperature  200/°C 477.67/MPa Strain Amplitude 0.5/% ,Fatigue  temperature  200/°C 477.67/MPa Strain Amplitude 0.5/% 
703,Fatigue  temperature  288/°C 473.18/MPa Strain Amplitude 0.5/% ,Fatigue  temperature  288/°C 473.18/MPa Strain Amplitude 0.5/% 
704,Fatigue  temperature  288/°C 472.19/MPa Strain Amplitude 0.5/% ,Fatigue  temperature  288/°C 472.19/MPa Strain Amplitude 0.5/% 
705,Fatigue  temperature  200/°C 448.68/MPa Strain Amplitude 0.75/% ,Fatigue  temperature  200/°C 448.68/MPa Strain Amplitude 0.75/% 
706,Fatigue  temperature  200/°C 527.56/MPa Strain Amplitude 0.75/% ,Fatigue  temperature  200/°C 448.68/MPa Strain Amplitude 0.75/% 
707,Fatigue  temperature  288/°C 515.99/MPa Strain Amplitude 0.75/% ,Fatigue  temperature  288/°C 515.99/MPa Strain Amplitude 0.75/% 
708,Fatigue  temperature  288/°C 506.62/MPa Strain Amplitude 0.75/% ,Fatigue  temperature  288/°C 506.62/MPa Strain Amplitude 0.75/% 
857,Wear  50N Wear Coefficient 2.373/(10−4mgm−1N−1)  80N Wear Coefficient 1.758/(10−4mgm−1N−1)  110N Wear Coefficient 1.406/(10−4mgm−1N−1),Wear  Wear Coefficient 2.373/(10−4mgm−1N−1)   Wear Coefficient 1.758/(10−4mgm−1N−1)   Wear Coefficient 1.406/(10−4mgm−1N−1) 
858,Wear  50N Wear Coefficient 2.706/(10−4mgm−1N−1)  80N Wear Coefficient 2.379/(10−4mgm−1N−1)  110N Wear Coefficient 1.912/(10−4mgm−1N−1),Wear  50N Wear Coefficient 2.706/(10−4mgm−1N−1)  80N Wear Coefficient 2.379/(10−4mgm−1N−1)  110N Wear Coefficient 1.912/(10−4mgm−1N−1)
859,Wear  50N Wear Coefficient 1.946/(10−4mgm−1N−1)  80N Wear Coefficient 2.091/(10−4mgm−1N−1)  110N Wear Coefficient 1.748/(10−4mgm−1N−1),Wear  50N Wear Coefficient 1.946/(10−4mgm−1N−1)  80N Wear Coefficient 2.091/(10−4mgm−1N−1)  110N Wear Coefficient 1.748/(10−4mgm−1N−1)
860,Wear  50N Wear Coefficient 2.26/(10−4mgm−1N−1)  80N Wear Coefficient 2.012/(10−4mgm−1N−1)  110N Wear Coefficient 1.621/(10−4mgm−1N−1),Wear  50N Wear Coefficient 2.26/(10−4mgm−1N−1)  80N Wear Coefficient 2.012/(10−4mgm−1N−1)  110N Wear Coefficient 1.621/(10−4mgm−1N−1)
861,Wear  50N Wear Coefficient 2.776/(10−4mgm−1N−1)  80N Wear Coefficient 1.891/(10−4mgm−1N−1)  110N Wear Coefficient 1.627/(10−4mgm−1N−1),Wear  50N Wear Coefficient 2.776/(10−4mgm−1N−1)  80N Wear Coefficient 1.891/(10−4mgm−1N−1)  110N Wear Coefficient 1.627/(10−4mgm−1N−1)
1154,N/A,N/A
1155,N/A,N/A
1156,N/A,N/A
1157,N/A,N/A
1158,N/A,N/A
1159,N/A,N/A
1255,N/A,N/A
1256,N/A,N/A
1257,N/A,N/A
1258,N/A,N/A
1259,N/A,N/A
1260,N/A,N/A
1261,N/A,N/A
1262,N/A,N/A
1263,N/A,N/A
1264,N/A,N/A
1265,N/A,N/A
1266,N/A,N/A
1267,N/A,N/A
1268,N/A,N/A
1269,N/A,N/A
1270,N/A,N/A
1271,N/A,N/A
1272,N/A,N/A
1694,N/A,N/A
1695,N/A,N/A
1696,N/A,N/A
1697,N/A,N/A
1698,N/A,N/A
1699,N/A,N/A
1923,Impact  IniTiAl Impact Toughness 2.8 – 3.0/J  After Heat Treatment Impact Toughness 5.0 – 6.2/J Failure/Fracture  IniTiAl Failure/Fracture mode Brittle  After Heat Treatment Failure/Fracture mode Ductile,Impact  IniTiAl Impact Toughness 2.8 – 3.0/J  After Heat Treatment Impact Toughness 5.0 – 6.2/J Failure/Fracture  IniTiAl Failure/Fracture mode Brittle  After Heat Treatment Failure/Fracture mode Ductile
1924,Impact  IniTiAl Impact Toughness 6.9 – 7.3/J  After Heat Treatment Impact Toughness 9.5 – 10.0/J Failure/Fracture  IniTiAl Failure/Fracture mode Ductile (on the side of the steel)  brittle (on the side of the cast iron)  After Heat Treatment Failure/Fracture mode Ductile (on the side of the steel)  brittle (on the side of the cast iron),Impact  IniTiAl Impact Toughness 6.9 – 7.3/J  After Heat Treatment Impact Toughness 9.5 – 10.0/J Failure/Fracture  IniTiAl Failure/Fracture mode Ductile (on the side of the steel)  brittle (on the side of the cast iron)  After Heat Treatment Failure/Fracture mode Ductile (on the side of the steel)  brittle (on the side of the cast iron)
1925,Impact  ,Impact  
2009,N/A,N/A
2010,N/A,N/A
2011,N/A,N/A
2012,N/A,N/A
2013,N/A,N/A
2014,N/A,N/A
2015,N/A,N/A
2194,N/A,N/A
2195,N/A,N/A
2196,N/A,N/A
2197,N/A,N/A
2198,N/A,N/A
2642,N/A,N/A
2643,N/A,N/A
2644,N/A,N/A
2674,Corrosion  Ecorr -0.312/VsCE Icorr 1.001/(A/cm2) Epit -0.056/VsCE,Corrosion  Ecorr -0.312/VsCE Icorr 1.001/(A/cm2) Epit -0.056/VsCE 
2675,Corrosion  Ecorr -0.331/VsCE Icorr 1.043/(A/cm2) Epit -0.053/VsCE,Corrosion  Ecorr -0.331/VsCE Icorr 1.043/(A/cm2) Epit -0.053/VsCE 
2676,Corrosion  Ecorr -0.306/VsCE Icorr 1.032/(A/cm2) Epit -0.078/VsCE,Corrosion  Ecorr -0.306/VsCE Icorr 1.032/(A/cm2) Epit -0.078/VsCE 
2677,Corrosion  Ecorr -0.303/VsCE Icorr 0.688/(A/cm2) Epit 0.021/VsCE,Corrosion  Ecorr -0.303/VsCE Icorr 0.688/(A/cm2) Epit 0.021/VsCE 
2678,Corrosion  Ecorr -0.326/VsCE Icorr 0.878/(A/cm2) Epit -0.045/VsCE,Corrosion  Ecorr -0.326/VsCE Icorr 0.878/(A/cm2) Epit -0.045/VsCE
2679,Corrosion  Ecorr -0.313/VsCE Icorr 1.008/(A/cm2) Epit -0.010/VsCE,Corrosion  Ecorr -0.313/VsCE Icorr 1.008/(A/cm2) Epit -0./VsCE
2680,Corrosion  Ecorr -0.308/VsCE Icorr 1.004/(A/cm2) Epit 0.015/VsCE,Corrosion  Ecorr -0.308/VsCE Icorr 1.004/(A/cm2) Epit 0.015/VsCE 
2681,Corrosion  Ecorr -0.329/VsCE Icorr 2.283/(A/cm2) Epit -0.078/VsCE,Corrosion  Ecorr -0.329/VsCE Icorr 2.283/(A/cm2) Epit -0.078/VsCE 
2682,Corrosion  Ecorr -0.387/VsCE Icorr 2.260/(A/cm2) Epit -0.145/VsCE,Corrosion  Ecorr -0.387/VsCE Icorr 2.260/(A/cm2) Epit -0.145/VsCE 
3546,Failure/Fracture  Failure/Fracture mode ductile,Failure/Fracture  Failure/Fracture mode ductile
3547,Failure/Fracture  Failure/Fracture mode ductile,Failure/Fracture  Failure/Fracture mode ductile
3548,Failure/Fracture  Failure/Fracture mode brittle,Failure/Fracture  Failure/Fracture mode brittle
3549,Failure/Fracture  Failure/Fracture mode ductile,Failure/Fracture  Failure/Fracture mode ductile
3550,Failure/Fracture  Failure/Fracture mode ductile,Failure/Fracture  Failure/Fracture mode ductile
3551,Failure/Fracture  Failure/Fracture mode brittle,Failure/Fracture  Failure/Fracture mode brittle
3552,Failure/Fracture  Failure/Fracture mode ductile,Failure/Fracture  Failure/Fracture mode ductile
3553,Failure/Fracture  Failure/Fracture mode ductile,Failure/Fracture  Failure/Fracture mode ductile
3554,Failure/Fracture  Failure/Fracture mode brittle,Failure/Fracture  Failure/Fracture mode brittle
3555,Failure/Fracture  Failure/Fracture mode ductile,Failure/Fracture  Failure/Fracture mode ductile
3556,Failure/Fracture  Failure/Fracture mode ductile,Failure/Fracture  Failure/Fracture mode ductile
3557,Failure/Fracture  Failure/Fracture mode brittle,Failure/Fracture  Failure/Fracture mode brittle
3558,Failure/Fracture  Failure/Fracture mode ductile,Failure/Fracture  Failure/Fracture mode ductile
3559,Failure/Fracture  Failure/Fracture mode ductile,Failure/Fracture  Failure/Fracture mode ductile
3560,Failure/Fracture  Failure/Fracture mode brittle,Failure/Fracture  Failure/Fracture mode brittle
3743,Failure/Fracture    ,Failure/Fracture    
3744,Failure/Fracture    ,Failure/Fracture    
4368,N/A,N/A
4369,N/A,N/A
4370,N/A,N/A
4371,N/A,N/A
4372,N/A,N/A
4373,N/A,N/A
4374,N/A,N/A
4889,Failure/Fracture  Failure/Fracture mode Mixed ductile-brittle fracture,Failure/Fracture  Failure/Fracture mode Mixed ductile-brittle fracture
4890,Failure/Fracture  Failure/Fracture mode Mixed ductile-brittle fracture,Failure/Fracture  Failure/Fracture mode Mixed ductile-brittle fracture
4891,Failure/Fracture  Failure/Fracture mode Mixed ductile-brittle fracture,Failure/Fracture  Failure/Fracture mode Mixed ductile-brittle fracture
4892,Failure/Fracture  Failure/Fracture mode Mixed ductile-brittle fracture,Failure/Fracture  Failure/Fracture mode Mixed ductile-brittle fracture
4909,Corrosion  ,Corrosion  
4911,Corrosion  ,Corrosion  
5046,N/A,N/A
5047,N/A,N/A
5048,N/A,N/A
5049,Wear  Wear Resistance Best at 850 degrees C,Wear  Wear Resistance Best at 850 degrees C
5050,N/A,N/A
5051,N/A,N/A
5114,N/A,N/A
5115,N/A,N/A
5116,N/A,N/A
5117,N/A,N/A
6122,Corrosion  3M HNO3 Ecorr 295/mV   Simulated HLW Ecorr 370/mV ,Corrosion  3M HNO3 Ecorr 295/mV   Simulated HLW Ecorr 370/mV 
6123,Corrosion  3M HNO3 Ecorr 385/mV  Ag/AgCl Icorr Passivation current density  0.75/µA/cm2  Simulated HLW Ecorr 460/mV  Ag/AgCl Icorr Passivation current density  1.1/µA/cm2,Corrosion  3M HNO3 Ecorr 385/mV  Ag/AgCl Icorr Passivation current density  0.75/µA/cm2  Simulated HLW Ecorr 460/mV  Ag/AgCl Icorr Passivation current density  1.1/µA/cm2
6184,Wear  Wear Coefficient wear rate  2.402195/mm3/N/m ,Wear  Wear Coefficient wear rate  2.402195/mm3/N/m 
6185,Wear  Wear Coefficient wear rate  2.318605/mm3/N/m ,Wear  Wear Coefficient wear rate  2.318605/mm3/N/m 
6186,Wear  Wear Coefficient wear rate  2.26547/mm3/N/m ,Wear  Wear Coefficient wear rate  2.26547/mm3/N/m 
6187,Wear  Wear Coefficient wear rate  2.218335/mm3/N/m ,Wear  Wear Coefficient wear rate  2.218335/mm3/N/m 
6188,Wear  Wear Coefficient wear rate  2.696095/mm3/N/m ,Wear  Wear Coefficient wear rate  2.696095/mm3/N/m 
6189,Wear  Wear Coefficient wear rate  2.18757/mm3/N/m ,Wear  Wear Coefficient wear rate  2.18757/mm3/N/m 
6190,Wear  Wear Coefficient wear rate  2.18777/mm3/N/m ,Wear  Wear Coefficient wear rate  2.18777/mm3/N/m 
6191,Wear  Wear Coefficient wear rate  2.130215/mm3/N/m ,Wear  Wear Coefficient wear rate  2.130215/mm3/N/m 
6953,Corrosion  Ecorr -1.446/V Icorr 6.037×10−5/(A/cm2),Corrosion  Ecorr -1.446/V Icorr 6.037×10−5/(A/cm2)
6954,Corrosion  Ecorr -1.424/V Icorr 5.574×10−5/(A/cm2),Corrosion  Ecorr -1.424/V Icorr 5.574×10−5/(A/cm2)
6955,Corrosion  Ecorr -1.436/V Icorr 5.713×10−5/(A/cm2),Corrosion  Ecorr -1.436/V Icorr 5.713×10−5/(A/cm2)
9346,Corrosion  N/A,Corrosion  N/A
9347,Corrosion  N/A,Corrosion  N/A
9348,Corrosion  N/A,Corrosion  N/A
9349,Corrosion  N/A,Corrosion  N/A
9350,Corrosion  N/A,Corrosion  N/A
9379,Corrosion   ,Corrosion  
9906,Corrosion  N/A,Corrosion  N/A
9907,Corrosion  N/A,Corrosion  N/A
9908,Corrosion  N/A,Corrosion  N/A
9909,Corrosion  N/A,Corrosion  N/A
9910,Corrosion  N/A,N/A
9911,Corrosion  N/A,Corrosion  N/A
10061,Failure/Fracture  N/A,Failure/Fracture  N/A
10062,Failure/Fracture  N/A,Failure/Fracture  N/A
10063,Failure/Fracture  N/A,Failure/Fracture  N/A
10064,Failure/Fracture  N/A,Failure/Fracture  N/A  N/A
10065,Failure/Fracture  N/A,Failure/Fracture  N/A  N/A
10066,Failure/Fracture  N/A,Failure/Fracture  N/A
10067,Failure/Fracture  N/A,Failure/Fracture  N/A  N/A
10188,Fatigue  smooth 1.64/MPa   notched 1.24/MPa ,Fatigue  smooth 1.64/MPa  notched 1.24/MPa
10189,Fatigue  Smooth 1.23/MPa   Notched 1.20/MPa ,Fatigue  Smooth 1.23/MPa  Notched 1.20/MPa
10190,Fatigue  Smooth 1.24/MPa   Notched 1.25/MPa ,Fatigue  Smooth 1.24/MPa  Notched 1.25/MPa
12429,N/A,N/A
12430,N/A,N/A
12431,N/A,N/A
12432,N/A,N/A
12433,N/A,N/A
12434,N/A,N/A
12435,N/A,N/A
12436,N/A,N/A
12437,N/A,N/A
12438,N/A,N/A
12439,N/A,N/A
12830,N/A,N/A
12831,N/A,N/A
12832,N/A,N/A
12833,N/A,N/A
13377,Failure/Fracture    ,Failure/Fracture    
13378,Failure/Fracture    ,Failure/Fracture    
13379,Failure/Fracture    ,Failure/Fracture  Failure/Fracture mode KIC   Failure/Fracture mode KIC 
13380,Failure/Fracture    ,Failure/Fracture  Failure/Fracture mode KIC 
13381,Failure/Fracture    ,Failure/Fracture     
13382,Failure/Fracture    ,Failure/Fracture  N/A
13383,Failure/Fracture    ,Failure/Fracture    
13563,High Temperature Performance  oxidation conditions Performance Decreased weight increase during oxidation due to increased β phase ,High Temperature Performance  oxidation conditions Performance Decreased weight increase during oxidation due to increased β phase 
13823,N/A,Performance  N/A
13824,N/A,Performance  N/A
13825,N/A,Performance  N/A
13826,N/A,Performance  N/A
13843,N/A,Performance  N/A
13844,N/A,Performance  N/A
13845,N/A,Performance  N/A
13846,N/A,Performance  N/A
13847,N/A,Performance  N/A
13848,N/A,Performance  N/A
13888,N/A,Performance  N/A
13889,N/A,Performance  N/A
13890,N/A,Performance  N/A
13891,N/A,Performance  N/A
13892,N/A,Impact        Fatigue        Failure/Fracture    Elongation at failure 4.1±1.1/%    Creep         Corrosion             Wear        High Temperature Performance      Dynamic load     
13893,N/A,Performance  N/A
14247,Dynamic load   Performance damping capacity  0.036/Q-1,Performance  N/A
14248,Dynamic load   Performance damping capacity  0.032/Q-1,Impact        Fatigue N/A Failure/Fracture    Elongation at failure 70.81/%    Creep N/A Corrosion N/A Wear N/A High Temperature Performance N/A Dynamic load N/A
14249,Dynamic load   Performance damping capacity  0.0469/Q-1,Performance  N/A
14250,Dynamic load   Performance damping capacity  0.036/Q-1,Impact        Fatigue        Failure/Fracture    Elongation at failure 57.6/%    Creep         Corrosion             Wear        High Temperature Performance      Dynamic load     
14789,Failure/Fracture  Failure/Fracture mode intergranular brittle fracture,Failure/Fracture  Failure/Fracture mode intergranular brittle fracture
14790,Failure/Fracture  Failure/Fracture mode intergranular brittle fracture,Failure/Fracture  Failure/Fracture mode intergranular brittle fracture 
14791,Failure/Fracture  Failure/Fracture mode intergranular brittle fracture,Failure/Fracture  Failure/Fracture mode intergranular brittle fracture
14792,Failure/Fracture  Failure/Fracture mode intergranular brittle fracture,Failure/Fracture  Failure/Fracture mode intergranular brittle fracture
14793,Failure/Fracture  Failure/Fracture mode intergranular brittle fracture,Failure/Fracture  Failure/Fracture mode intergranular brittle fracture
14800,Corrosion  Ecorr -0.347/V Icorr 2.296×10−5/A/cm2 ,Corrosion  Ecorr -0.347/V Icorr 2.296×10−5/A/cm2 
14801,Corrosion  Ecorr -0.346/V Icorr 2.116×10−5/(A/cm2) ,Corrosion  Ecorr -0.346/V Icorr 2.116×10−5/(A/cm2) 
14802,Corrosion  Ecorr -0.345/V Icorr 1.886×10−5/A/cm2 ,Corrosion  Ecorr -0.345/V Icorr 1.886×10−5/A/cm2 
14803,Corrosion  Ecorr -0.345/V Icorr 1.592×10−5/(A/cm2) ,Corrosion  Ecorr -0.345/V Icorr 1.592×10−5/(A/cm2) 
14804,Corrosion  Ecorr -0.346/V Icorr 1.490×10−5/(A/cm2) ,Corrosion  Ecorr -0.346/V Icorr 1.490×10−5/(A/cm2) 
14812,Wear  , Wear  N/A   Failure/Fracture  N/A   Corrosion  Ecorr -0.73±0.03/V Icorr (6.01±0.09)×10−6/(A/cm2) 
14813,Wear  ,Corrosion  Ecorr -0.72±0.02/V Icorr (7.69±0.28)×10−7/(A/cm2)  Wear  Wear Coefficient 3.87±0.53×10−6/cm3/(N·m) 
14814,Wear  ,Wear  Wear Rate 5.80±0.89×10−6/cm3/(N·m)  Failure/Fracture  Impact Strength 632±12/MPa  Corrosion  Ecorr -0.75±0.02/V Icorr (2.88±0.29)×10−6/(A/cm2)
14815,Wear  ,Wear   Wear Coefficient 0.59±0.02 Wear Rate 5.58±0.59×10−6/cm3/(N·m)  Corrosion   Ecorr −0.74±0.01/V Icorr (5.54±0.22)×10−7/(A/cm2) 
15036,Corrosion  Ecorr -1.46±0.03/V/SCE Icorr 8.01±0.21×10−6/A/cm2 ,Corrosion  Ecorr -1.46±0.03/V/SCE Icorr 8.01±0.21×10−6/A/cm2 
15037,Corrosion  Icorr 1.41±0.13×10−6/(A/cm2) Ecorr −1.43±0.01/V/SCE ,Corrosion  Icorr 1.41±0.13×10−6/(A/cm2) Ecorr −1.43±0.01/V/SCE 
15038,Corrosion  Ecorr -1.38±0.02/V/SCE Icorr 3.67±0.19×10−7/(A/cm2) ,Corrosion  Ecorr -1.38±0.02/V/SCE Icorr 3.67±0.19×10−7/(A/cm2) 
15053,Wear  ,Wear  
15054,Wear  wear resistance improved wear resistance compared to non-heat treated,Wear  
15055,Wear  Wear Resistance optimal ,Wear  Wear Resistance optimal wear resistance 
15056,Wear  ,Wear  
15057,Wear  Wear Resistance improved wear resistance compared to non-heat treated,Wear  Wear Resistance improved wear resistance compared to non-heat treated
15058,Wear  wear resistance superior wear resistance compared to Al/12C and Al/12C-T4,Wear  
15218,Creep  N/A,Creep  N/A
15219,Creep  N/A,Creep  N/A
15220,Creep  N/A,Creep  N/A
15221,Creep  N/A,Creep  N/A
15222,Creep  N/A,       pwht  average absolute difference before pwht  longitudinal  20.96/MPa lateral  20.12/MPa   correlation coefficient after pwht  longitudinal  0.9023 lateral  0.9131   average absolute difference after pwht  longitudinal  12.96/MPa lateral  13.71/MPa  creep influence during pwht   longitudinal residual stress relief by creep  93.01%  lateral residual stress relief by creep  88.82% 
15270,Corrosion  Ecorr -0.87/V Icorr -4.868/A/cm2,Corrosion  Ecorr -0.87/V Icorr -4.868/A/cm2
15271,Corrosion  Ecorr -0.848/V,Corrosion  Ecorr -0.848/V
15272,Corrosion  Ecorr -0.805/V Icorr -5.251/A/cm2,Corrosion  Ecorr -0.805/V Icorr -5.251/A/cm2
15390,Impact  Impact Energy 2/J,
15391,Impact  Impact Energy 6/J,Impact  Impact Energy 6/J UTS 280/MPa El 20/% hardness 54/HV10
15392,Impact  N/A,Impact  N/A
15393,Impact  Impact Toughness 1.5/J,Impact  Impact Toughness 1.5/J
15394,Impact  Impact Energy 5/J,Impact  Impact Energy 5/J
15395,Impact  Impact Energy 4/J,Impact  Impact Energy 4/J
15474,Corrosion  BM Ecorr -241±12/mV/SCE Icorr 95±13/nA/cm2  HAZ Ecorr -302±21/mV/SCE Icorr 283±18/nA/cm2  FZ Ecorr  -354±34/mV/SCE Icorr 504±35/nA/cm2,Corrosion  BM Ecorr -241±12/mV/SCE Icorr 95±13/nA/cm2  HAZ Ecorr -302±21/mV/SCE Icorr 283±18/nA/cm2  FZ Ecorr -354±34/mV/SCE Icorr 504±35/nA/cm2
15475,Corrosion  BM Ecorr -239±9/mV/SCE Icorr 102±8/nA/cm2  HAZ Ecorr -281±12/mV/SCE Icorr 204±14/nA/cm2  FZ Ecorr  -298±11/mV/SCE Icorr 283±12/nA/cm2,Corrosion  BM Ecorr -239±9/mV/SCE Icorr 102±8/nA/cm2  HAZ Ecorr -281±12/mV/SCE Icorr 204±14/nA/cm2  FZ Ecorr -298±11/mV/SCE Icorr 283±12/nA/cm2
15476,Corrosion  BM Ecorr -245±8/mV/SCE Icorr 92±15/nA/cm2  HAZ Ecorr -247±11/mV/SCE Icorr 108±11/nA/cm2  FZ Ecorr  -242±13/mV/SCE Icorr 115±17/nA/cm2,Corrosion  BM Ecorr -245±8/mV/SCE Icorr 92±15/nA/cm2  HAZ Ecorr -247±11/mV/SCE Icorr 108±11/nA/cm2  FZ Ecorr -242±13/mV/SCE Icorr 115±17/nA/cm2
15477,Corrosion  BM Ecorr -236±10/mV/SCE Icorr 97±12/nA/cm2  HAZ Ecorr -275±13/mV/SCE Icorr 194±21/nA/cm2  FZ Ecorr  -305±22/mV/SCE Icorr 275±18/nA/cm2,Corrosion  BM Ecorr -236±10/mV/SCE Icorr 97±12/nA/cm2  HAZ Ecorr -275±13/mV/SCE Icorr 194±21/nA/cm2  FZ Ecorr -305±22/mV/SCE Icorr 275±18/nA/cm2
15478,Corrosion  BM Ecorr -241±14/mV/SCE Icorr 104±10/nA/cm2  HAZ Ecorr 284±15/mV/SCE Icorr 211±16/nA/cm2  FZ Ecorr  -309±26/mV/SCE Icorr 286±25/nA/cm2,Corrosion  BM Ecorr -241±14/mV/SCE Icorr 104±10/nA/cm2  HAZ Ecorr 284±15/mV/SCE Icorr 211±16/nA/cm2  FZ Ecorr -309±26/mV/SCE Icorr 286±25/nA/cm2
15485,Failure/Fracture  N/A,Failure/Fracture  N/A
15486,Failure/Fracture  N/A,Failure/Fracture  N/A
15487,Failure/Fracture  N/A,
15705,Corrosion  N/A,Corrosion  N/A
15706,Corrosion  N/A,Corrosion  N/A
16209,Corrosion  Ecorr -963±9/mV vs. Ag/AgCl Icorr 35 936±9/μA/cm2 ,Corrosion  Ecorr -963±9/mV vs. Ag/AgCl Icorr 35 936±9/μA/cm2  Failure/Fracture  N/A
16210,Corrosion  Ecorr −836±7/mV vs. Ag/AgCl Icorr 14 552±7/μA/cm2 ,Corrosion  Ecorr −836±7/mV vs. Ag/AgCl Icorr 14 552±7/μA/cm2  Failure/Fracture  N/A
16211,Corrosion  Ecorr -688±9/mV vs. Ag/AgCl Icorr 7041±8/μA/cm2 ,Corrosion  Ecorr -688±9/mV vs. Ag/AgCl Icorr 7041±8/μA/cm2  Failure/Fracture  N/A
16212,Corrosion  Ecorr -533±8/mV vs. Ag/AgCl Icorr 4091±9/μA/cm2 ,Corrosion  Ecorr -533±8/mV vs. Ag/AgCl Icorr 4091±9/μA/cm2  Failure/Fracture  N/A
16642,Corrosion  Ecorr -332/VsCE Icorr 0.39/(A/cm2) ,Corrosion  Ecorr -332/VsCE Icorr 0.39/(A/cm2) 
19226,Impact  Impact Energy 24.94±1.28/J Failure/Fracture  Fracture Toughness 84.05±3.01/(MPa·m1/2),Impact  Impact Energy 24.94±1.28/J Failure/Fracture  Fracture Toughness 84.05±3.01/(MPa·m1/2)
19227,Impact  Impact Energy 24.59±0.97/J Failure/Fracture  Fracture Toughness 76.75±1.77/(MPa·m1/2),Impact  Impact Energy 24.59±0.97/J Failure/Fracture  Fracture Toughness 76.75±1.77/(MPa·m1/2)
19228,Impact  Impact Energy 24.87±1.31/J  Failure/Fracture  Fracture morphology Fracture Toughness  80.15±1.34/(MPa·m1/2),Impact  Impact Energy 24.87±1.31/J  Failure/Fracture  Fracture morphology Fracture Toughness  80.15±1.34/(MPa·m1/2)
19294,Corrosion  Ecorr -331±32/mV Epit 380±52/mV Icorr 1.20±0.83×10−4/Acm−2,Corrosion  Ecorr -331±32/mV Epit 380±52/mV Icorr 1.20±0.83×10−4/Acm−2
22491,Failure/Fracture  N/A,Failure/Fracture  N/A
22493,Failure/Fracture  N/A,Failure/Fracture  N/A
22494,Failure/Fracture  N/A,Failure/Fracture  N/A
22496,Failure/Fracture  N/A,Failure/Fracture  N/A
24466,Impact  Impact Toughness 34.6/J/cm2 Failure/Fracture  Fracture Toughness 16.2/MPa m1/2,Impact  Impact Toughness 34.6/J/cm2 Failure/Fracture  Fracture Toughness 16.2/MPa m1/2
24467,Impact  Impact Toughness 50.9/J/cm2 Failure/Fracture  Fracture Toughness 17.7/MPa m1/2,Impact  Impact Toughness 50.9/J/cm2 
24468,Impact  Impact Toughness 20.3//J/cm2 Failure/Fracture  Fracture Toughness 19.5/MPa m1/2,
24469,N/A,
25843,Corrosion  N/A,Corrosion  N/A
25844,Corrosion  N/A,Corrosion  N/A
26825,High Temperature Performance  HT 923K ,High Temperature Performance  HT 923K 
26826,High Temperature Performance  923K ,High Temperature Performance  923K 
26827,High Temperature Performance  HT 923K ,High Temperature Performance  HT 923K 
26828,High Temperature Performance  HT 923K ,High Temperature Performance  HT 923K 
29211,Wear  N/A,Wear  N/A
29212,Wear  N/A,Wear  N/A
29213,Wear  N/A,Wear  
29214,Wear  N/A,Wear  N/A
29215,Wear  N/A,Wear  N/A
29716,Wear  Wear Resistance minimal wear loss under 5000 cycles of abrasion test  Others  thickness  18.3/μm,Wear  Wear Resistance minimal wear loss under 5000 cycles of abrasion test
29717,N/A,Wear  N/A
29718,Wear  Wear Resistance good wear resistance in motorcycle engine CVT ,Wear  Wear Resistance good wear resistance in motorcycle engine CVT 
29719,Wear  Wear Rate 1.5×10^-6/mm3/Nm ,Wear  N/A
29720,Wear  Wear Rate 1.5×10^-6/mm3/Nm ,Wear  Wear Rate 1.5×10^-6/mm3/Nm 
29721,Wear   ,
29722,Wear  Wear Resistance 24×10^-6/mm3/Nm ,Wear  Wear Resistance 24×10^-6/mm3/Nm 
29804,N/A,
29805,Impact  Impact Energy 180/J/cm2 ,Impact  Impact Energy 180/J/cm2 
29806,Impact  Impact Toughness 110/J/cm2 ,Impact  Impact Toughness 110/J/cm2 
29807,Impact  Impact Energy 140/J/cm2 ,Impact  Impact Energy 140/J/cm2 
29808,Impact  Impact Toughness 110/J/cm2 ,Impact  Impact Toughness 110/J/cm2 
29809,Impact  Impact Toughness 110/J/cm2 ,Impact  Impact Toughness 110/J/cm2 
29810,Impact  Impact Energy 175/J/cm2 ,Impact  Impact Energy 175/J/cm2 
29811,Impact  Impact Toughness 160/J/cm2 ,Impact  Impact Toughness 160/J/cm2 
30101,Dynamic load     reverse loading Performance  initial strength  Good  strain hardening ability  Sustained Others  hardness  75/HV,
30102,Dynamic load     reverse loading Performance  initial strength  Slightly lower than T4  strain hardening ability  Marginally improved compared to T4  hardness  Decreases initially then increases Others  N/A,Dynamic load  Performance Recovery of strain hardening rates after reloading  exhibits permanent softening well beyond reloading
30103,N/A,
30104,N/A,
30148,N/A,
30149,N/A,
30150,N/A,
30151,N/A,
30152,N/A,
30153,N/A,
30329,High Temperature Performance  500°C Performance hardness 104±1 to 108±1/kg mm−2  550°C Performance hardness 107±2/kg mm−2  600°C Performance hardness 114±1/kg mm−2  655°C Performance hardness 128±2 to 28±2/kg mm−2,High Temperature Performance  500°C Performance hardness 104±1 to 108±1/kg mm−2  550°C Performance hardness 107±2/kg mm−2  600°C Performance hardness 114±1/kg mm−2  655°C Performance hardness 128±2 to 28±2/kg mm−2
30330,High Temperature Performance  500°C Performance hardness 104±1 to 108±1/kg mm−2  550°C Performance hardness 107±2/kg mm−2  600°C Performance hardness 114±1/kg mm−2  655°C Performance hardness 128±2 to 28±2/kg mm−2,High Temperature Performance  500°C   550°C   600°C   655°C 
30378,N/A,
30379,N/A,
30380,N/A,
30381,N/A,
30382,N/A,
30383,N/A,
30384,N/A,
30385,N/A,
30386,N/A,
30387,N/A,
30400,Impact  Impact Strength 80/J/cm2,Impact  N/A
30401,Impact  Impact Strength 60/J/cm2,Impact  Impact Toughness 60/J/cm2
30402,Impact  Impact Strength Above 40/J/cm2  High Temperature Performance  states  Up to 400 degreesC for 500 h  Description Stress During Service  Up to 60% of σ 0.2 yield stress,Impact  Impact Strength Above 40/J/cm2  High Temperature Performance  
30403,N/A,
30404,N/A,
30405,N/A,
30674,Corrosion  N/A,Corrosion  N/A
30676,Corrosion  N/A,Corrosion  N/A
30878,Failure/Fracture  Failure/Fracture mode transgranular quasi-cleavage,Failure/Fracture  Failure/Fracture mode transgranular quasi-cleavage
30879,Failure/Fracture  Failure/Fracture mode transgranular quasi-cleavage,Failure/Fracture  Failure/Fracture mode transgranular quasi-cleavage
30885,High Temperature Performance  827-910/degrees C  Others microstructural stability,High Temperature Performance  N/A
30886,High Temperature Performance  790-827/degrees C  Others microstructural stability,High Temperature Performance  N/A
31099,Impact  Impact Toughness Decreased with Mg addition  Wear  Wear Coefficient Increased with Mg addition ,Impact  Impact Toughness Decreased with Mg addition  Wear  Wear Coefficient Increased with Mg addition 
31100,Impact  Impact Toughness Increased with T6 treatment  Wear  Wear Resistance Increased with T6 treatment,Impact  Impact Toughness Increased with T6 treatment  Wear  Wear Resistance Increased with T6 treatment
31249,N/A,
31250,N/A,
31251,N/A,
31252,N/A,
31253,High Temperature Performance  298K   T<TC   T>TC ,
31327,N/A,
31328,N/A,High Temperature Performance  Aging  823 K   Aging  973 K 
31329,N/A,
31330,N/A,High Temperature Performance  Aging  823 K   Aging  973 K 
31331,N/A,
31332,N/A,
31333,High Temperature Performance  ,High Temperature Performance  
31334,High Temperature Performance  N/A,High Temperature Performance  N/A
31365,Failure/Fracture  Failure/Fracture mode Predominantly intercrystalline,Failure/Fracture   Fracture morphology Predominantly intercrystalline
31366,Failure/Fracture  Failure/Fracture mode Mixed trans plus inter-granular mode,Failure/Fracture  Failure/Fracture mode Mixed trans plus inter-granular mode
31367,Failure/Fracture  Failure/Fracture mode Purely ductile,Failure/Fracture  Failure/Fracture mode Purely ductile
31368,Failure/Fracture  Failure/Fracture mode Predominantly intercrystalline,Failure/Fracture  Failure/Fracture mode Predominantly intercrystalline
31369,Failure/Fracture  Failure/Fracture mode Mixed trans plus inter-granular mode,Failure/Fracture  Failure/Fracture mode Mixed trans plus inter-granular mode
31594,N/A,
31595,N/A,
31596,N/A,
31597,N/A,
31598,N/A,
31599,Wear   ,Wear   
31600,Wear   ,Wear   
31601,Wear  N/A,Wear  N/A
31602,N/A,
31603,N/A,
31604,N/A,
31605,N/A,
31692,High Temperature Performance  600°C   700°C ,High Temperature Performance  600°C   700°C 
31693,High Temperature Performance  600°C   700°C ,High Temperature Performance  600°C   700°C 
31694,High Temperature Performance  600°C Performance Vickers hardness  5400/MPa  Elastic modulus  106/GPa  700°C Performance Vickers hardness  4800/MPa  Elastic modulus  106/GPa,High Temperature Performance  600°C Performance Vickers hardness  5400/MPa  Elastic modulus  106/GPa  700°C Performance Vickers hardness  4800/MPa  Elastic modulus  106/GPa
31704,N/A,
31705,N/A,
31706,N/A,
31789,Corrosion  0.9NaCl Ecorr -408/mV Icorr 115/nA/cm2   3.5NaCl Ecorr -354/mV Icorr 248/nA/cm2 ,Corrosion  0.9NaCl Ecorr -408/mV Icorr 115/nA/cm2   3.5NaCl Ecorr -354/mV Icorr 248/nA/cm2 
31790,Corrosion  0.9NaCl Ecorr -341/mV Icorr 286/nA/cm2   3.5NaCl Ecorr -559/mV Icorr 481/nA/cm2 ,Corrosion  0.9NaCl Ecorr -341/mV Icorr 286/nA/cm2   3.5NaCl Ecorr -559/mV Icorr 481/nA/cm2 
31791,Corrosion  0.9 NaCl Ecorr -492/mV Icorr 623/nA/cm2   3.5NaCl Ecorr -354/mV Icorr 535/nA/cm2 ,Corrosion  Ecorr -492/mV Icorr 623/nA/cm2   Ecorr -354/mV Icorr 535/nA/cm2 
31792,Corrosion  0.9 NaCl Ecorr -341/mV Icorr 232/nA/cm2   3.5 NaCl  Ecorr -370/mV Icorr 290/nA/cm2 ,Corrosion  Ecorr -341/mV Icorr 232/nA/cm2   Ecorr -370/mV Icorr 290/nA/cm2 
31793,Corrosion  0.9 NaCl Ecorr -426/mV Icorr 786/nA/cm2   3.5 NaCl Ecorr -491/mV Icorr 1060/nA/cm2 ,Corrosion  0.9 NaCl Ecorr -426/mV Icorr 786/nA/cm2   3.5 NaCl Ecorr -491/mV Icorr 1060/nA/cm2 
31794,Corrosion  0.9NaCl Ecorr -399/mV Icorr 1750/nA/cm2   3.5NaCl Ecorr -352/mV Icorr 1310/nA/cm2 ,Corrosion  0.9NaCl Ecorr -399/mV Icorr 1750/nA/cm2   3.5NaCl Ecorr -352/mV Icorr 1310/nA/cm2 
31851,N/A,
31852,N/A,Fatigue  450/MPa
31853,N/A,
31854,N/A,Fatigue  450/MPa  600/MPa
31855,N/A,
31856,N/A,Fatigue  150/MPa
31857,N/A,Fatigue  1320/MPa  1020/MPa  260/MPa  760/MPa
31858,N/A,
31859,N/A,
31860,N/A,
31942,N/A,
31943,N/A,
31944,High Temperature Performance  750°C Performance UTS  405 ± 10/MPa  YS  382 ± 8/MPa  El  3.8/%,High Temperature Performance  20°C   750°C 
31945,High Temperature Performance  750°C Performance UTS 675 ± 5/MPa  YS 393 ± 3/MPa  El 4.2/%,High Temperature Performance  750°C 
31946,High Temperature Performance  at 750°C Performance UTS 445 ± 5/MPa  YS 350 ± 7/MPa  El 3.6/%,High Temperature Performance  at 750°C 
32004,Corrosion  ,Corrosion  
32005,Corrosion  ,Corrosion  
32012,Wear  N/A,Wear  N/A
32013,Wear  N/A,Wear  N/A
32014,High Temperature Performance  200°C Performance Amorphous phase  400°C Performance Beginning of crystallization  intermetallic compounds Ni–P and Fe–Co  600°C Performance Crystalline peaks  stable Ni3P and Ni–Fe–Co intermetallic compounds  reduced Fe2O3 peaks due to CeO2 Wear  Wear Resistance  Highest at 1g/L CeO2 nanoparticles content and 400°C heat treatment temperature,High Temperature Performance  200°C Performance Amorphous phase  400°C Performance Beginning of crystallization  intermetallic compounds Ni–P and Fe–Co  600°C Performance Crystalline peaks  stable Ni3P and Ni–Fe–Co intermetallic compounds  reduced Fe2O3 peaks due to CeO2 Wear  
32015,High Temperature Performance  ,High Temperature Performance  
32016,High Temperature Performance  N/A,High Temperature Performance  N/A
32017,High Temperature Performance  ,High Temperature Performance  
32018,High Temperature Performance  Performance Best anti-oxidation performance ,High Temperature Performance  Performance Best anti-oxidation performance 
32019,High Temperature Performance  N/A,High Temperature Performance  N/A
32020,High Temperature Performance  N/A,High Temperature Performance  N/A
32021,Corrosion  Non-aged   1 h   4 h   8 h ,Corrosion  Non-aged   1 h   4 h   8 h 
32022,Corrosion  Non-aged   1 h   4 h   8 h ,Corrosion  Non-aged   1 h   4 h   8 h 
32023,Corrosion  Non-aged   1 h   4 h   8 h ,Corrosion  Non-aged   1 h   4 h   8 h 
32024,Corrosion  Non-aged   1 h   4 h   8 h ,Corrosion  Non-aged   1 h   4 h   8 h 
32038,Fatigue  low-cycle Cycles/Nf 300/kcycle    Failure/Fracture      Corrosion  SCC Susceptibility Critical SCC  400/MPa ,Fatigue  low-cycle Cycles/Nf 300/kcycle    Failure/Fracture  B = 100 mm     B = 200 mm     Corrosion     
32039,Fatigue  low-cycle Cycles/Nf 300/kcycle    Failure/Fracture      Corrosion  SCC Susceptibility Critical SCC  380/MPa ,Fatigue  low-cycle Cycles/Nf 300/kcycle  N/A  Failure/Fracture              Corrosion  SCC Susceptibility Critical SCC  380/MPa 
32040,N/A,
32041,N/A,
32042,N/A,
32043,N/A,
32044,N/A,
32045,N/A,
32046,N/A,
32047,N/A,
32048,N/A,
32049,N/A,
32095,N/A,
32096,N/A,
32097,N/A,
32098,N/A,
32099,N/A,
32100,N/A,
32101,N/A,
32102,N/A,
32103,N/A,
32127,Impact  2000 h Impact Toughness 65/%  8000 h Impact Toughness 51/%  12000 h Impact Toughness 48.4/J,Impact  Impact Toughness 48.4/J 
32128,Impact  2000 h Impact Toughness 65/%  8000 h Impact Toughness 51/%  12000 h Impact Toughness 48.4/J,Impact  Impact Toughness 2000 h  65%  Impact Toughness 8000 h  51%  Impact Toughness 12000 h  48.4/J
32129,Impact  2000 h Impact Toughness 65/%  8000 h Impact Toughness 51/%  12000 h Impact Toughness 48.4/J,Impact  2000 h Impact Toughness 65/%  8000 h Impact Toughness 51/%  12000 h Impact Toughness 48.4/J
32130,N/A,High Temperature Performance  2000 h   8000 h   12000 h   1000 h 
32200,Corrosion  Ecorr -420/mV Icorr 0.21/μA ,Corrosion  Ecorr -420/mV Icorr 0.21/μA 
32201,Corrosion  Ecorr -385/mV Icorr 0.20/μA ,Corrosion  Ecorr -385/mV Icorr 0.20/μA 
32202,Corrosion  Ecorr -373/mV Icorr 0.13/μA ,Corrosion  Ecorr -373/mV Icorr 0.13/μA 
32206,Dynamic load  temperature  385/K  true stress  537/MPa      temperature  425/K  true stress  640/MPa    ,Dynamic load  true strain 0.75 Performance true stress  537/MPa  temperature  385/K   true strain 1.0 Performance true stress  640/MPa  temperature  425/K 
32207,Dynamic load  temperature  371/K  true stress  476/MPa   ,Dynamic load  N/A
32208,Dynamic load  temperature  349/K  true stress  372/MPa      temperature  378/K  true stress  464/MPa    ,Dynamic load  true strain 0.75 Performance true stress  372/MPa  temperature  349/K  strain rate  5.0×10^4/s−1   true strain 1.0 Performance true stress  464/MPa  temperature  378/K  strain rate  5.0×10^4/s−1 
32209,Dynamic load  temperature  360/K  true stress  462/MPa   ,Dynamic load  N/A
32210,N/A,
32211,N/A,Corrosion  N/A
32212,Corrosion  N/A,Corrosion  N/A
32213,N/A,Corrosion  N/A
