ID,GroundTruth_Heat_treatment2,Extracted_Heat_treatment2
109,"Rolling:N/A,N/A,Starting_Thickness:N/A,Final_Thickness:1.5/mm,Thickness_Reduction_Ratio:N/A","Rolling:  N/A,, Starting Thickness: N/A, Final Thickness: 1.5/mm, Thickness Reduction Ratio: N/A"
110,"Rolling:N/A,N/A,Starting_Thickness:N/A,Final_Thickness:1.5/mm,Thickness_Reduction_Ratio:N/A","Rolling:  N/A, N/A,Starting Thickness: N/A,Final Thickness: 1.5/mm,Thickness Reduction Ratio: N/A"
111,"Rolling:N/A,N/A,Starting_Thickness:N/A,Final_Thickness:1.5/mm,Thickness_Reduction_Ratio:N/A","Rolling:  N/A,, Starting Thickness: N/A, Final Thickness: 1.5/mm, Thickness Reduction Ratio: N/A"
226," Milling, Condition: dry/N/A, Tool Coating: Uncoated/N/A","Milling, Condition: dry/N/A, Tool Coating: Uncoated/N/A"
227," Milling, Condition: dry/N/A, Tool Coating: TiN/N/A","Milling, Condition: dry/N/A, Tool Coating: TiN/N/A"
228," Milling, Condition: dry/N/A, Tool Coating: Nanocomposite TiAlSiN/TiSiN/TiAlN/N/A","Milling, Condition: dry/N/A, Tool Coating: Nanocomposite TiAlSiN/TiSiN/TiAlN/N/A"
229," Milling, Condition: dry/N/A, Tool Coating: TiAlN/N/A","Milling, Condition: dry/N/A, Tool Coating: TiAlN/N/A"
253,"Laser Processing: L-PBF,Laser Power: 285/W,Scan Speed: 1200/mm/s, System: EOS M290, Substrate Material: Ti, Powder Description: Gas atomized, air dried, Mean Particle Diameter: 35/μm, Powder Layer Thickness: 30/μm, Laser Spot Diameter: 100/μm, Shielding Gas Type: Argon, Shielding Gas Inlet Temperature: 20/°C, Shielding Gas Inlet Flow Rate: 0.25/m3/s","Laser Processing: L-PBF,Laser Power: 285/W,Scan Speed: 1200/mm/s, System: EOS M290, Substrate Material: Ti, Powder Description: Gas atomized, air dried, Mean Particle Diameter: 35/μm, Powder Layer Thickness: 30/μm, Laser Spot Diameter: 100/μm, Shielding Gas Type: Argon, Shielding Gas Inlet Temperature: 20/°C, Shielding Gas Inlet Flow Rate: 0.25/m3/s"
254,N/A,   N/A
255,N/A,   N/A
256,N/A,   N/A
257,N/A,   N/A
267,"Laser Processing: SLM,Laser Power: 70/W,Scan Speed: 1200/mm/s, Energy Density: 48/J/mm3， HIP","Laser Processing: SLM,Laser Power: 70/W,Scan Speed: 1200/mm/s, Energy Density: 48/J/mm3"
268,"Laser Processing: SLM,Laser Power: 130/W,Scan Speed: 700/mm/s, Energy Density: 155/J/mm3, HIP, Temperature: 1150/°C, Pressure: 50/bar, Time: 3/h","Laser Processing: SLM,Laser Power: 130/W,Scan Speed: 700/mm/s, Energy Density: 155/J/mm3/N/A, HIP, Temperature: 1150/°C, Pressure: 50/bar, Time: 3/h"
269,"Laser Processing: SLM,Laser Power: 130/W,Scan Speed: 700/mm/s, Energy Density: 155/J/mm3, HIP, Temperature: 1150/°C, Pressure: 1050/bar, Time: 3/h","Laser Processing: SLM,Laser Power: 130/W,Scan Speed: 700/mm/s, Energy Density: 155/J/mm3, HIP, Temperature: 1150/°C, Pressure: 1050/bar, Time: 3/h"
270,"Laser Processing: SLM,Laser Power: 130/W,Scan Speed: 700/mm/s, Energy Density: 155/J/mm3, HIP, Temperature: 1150/°C, Pressure: 2000/bar, Time: 3/h","Laser Processing: SLM,Laser Power: 130/W,Scan Speed: 700/mm/s, Energy Density: 155/J/mm3,  HIP, Temperature: 1150/°C, Pressure: 2000/bar, Time: 3/h"
271,"Laser Processing: SLM, HIP","Laser Processing: SLM, HIP"
272,"Pressing/Compression:  Squeeze, Pressure: 120/MPa","Pressing/Compression:  Squeeze, Pressure: 120/MPa"
273,"Pressing/Compression:  Squeeze, Pressure: 120/MPa","Pressing/Compression:  Squeeze, Pressure: 120/MPa"
274,"Pressing/Compression:  Squeeze, Pressure: 70/MPa","Pressing/Compression:  Squeeze, Pressure: 120/MPa"
388,"Laser Processing:  LPBF, , Scan Speed: N/A,  N/A","Laser Processing:  Laser Powder Bed Fusion (LPBF), , Scan Speed: N/A,  N/A"
389,"Laser Processing:  LPBF, , Scan Speed: N/A,  N/A","Laser Processing:  Laser Powder Bed Fusion (LPBF), , Scan Speed: N/A,  N/A"
390,"Laser Processing:  LPBF, , Scan Speed: N/A,  N/A","Laser Processing:  Laser Powder Bed Fusion (LPBF), , Scan Speed: N/A,  N/A"
391,"Laser Processing:LPBF,Laser Power:N/A,Scan Speed:N/A,N/A,Alloying:Yttrium addition,N/A,Rotation speed:N/A,","LPBF, N/A,Alloying: Yttrium addition,,Rotation speed: N/A, N/A"
392,"Laser Processing:LPBF,Laser Power:N/A,Scan Speed:N/A,N/A,Alloying:Yttrium addition,N/A,Rotation speed:N/A,","LPBF, N/A, Yttrium addition, N/A"
393,"Laser Processing:LPBF,Laser Power:N/A,Scan Speed:N/A,N/A,Alloying:Yttrium addition,N/A,Rotation speed:N/A,","LPBF, N/A, Yttrium addition, N/A"
428,N/A,   N/A
429,"Pressing/Compression:Simulated HIP,","Pressing/Compression:Simulated HIP,"
430,"Pressing/Compression:Simulated HIP,","Pressing/Compression:Simulated HIP,"
431,"Pressing/Compression:Simulated HIP,","Pressing/Compression:Simulated HIP,"
701,N/A,   N/A
702,N/A,   N/A
703,N/A,   N/A
704,N/A,   N/A
705,N/A,   N/A
706,N/A,   N/A
707,N/A,   N/A
708,N/A,   N/A
857,N/A,   N/A
858,N/A,   N/A
859,N/A,   N/A
860,N/A,   N/A
861,N/A,   N/A
1154,N/A,   N/A
1155,N/A,   N/A
1156,N/A,   N/A
1157,N/A,   N/A
1158,N/A,   N/A
1159,N/A,   N/A
1255," N/A,,Deformation Ratio: N/A, Deformation Speed: 4.3 × 10–5/s−1","N/A,,Deformation Ratio: N/A, Deformation Speed: 4.3 × 10–5/s−1"
1256," N/A,,Deformation Ratio: N/A, Deformation Speed: 5.5 × 10–4/s−1","N/A,,Deformation Ratio: N/A, Deformation Speed: 5.5 × 10–4/s−1"
1257," N/A,,Deformation Ratio: N/A, Deformation Speed: 1.5 × 10–4/s−1","N/A,,Deformation Ratio: N/A, Deformation Speed: 1.5 × 10–4/s−1"
1258," N/A,,Deformation Ratio: N/A, Deformation Speed: 3.5 × 10–3/s−1","N/A,,Deformation Ratio: N/A, Deformation Speed: 3.5 × 10–3/s−1"
1259," N/A,,Deformation Ratio: N/A, Deformation Speed: 7.5 × 10–3/s−1","N/A,,Deformation Ratio: N/A, Deformation Speed: 7.5 × 10–3/s−1"
1260," N/A,,Deformation Ratio: N/A, Deformation Speed: 4.3 × 10–5/s−1","N/A,,Deformation Ratio: N/A, Deformation Speed: 4.3 × 10–5/s−1"
1261," N/A,,Deformation Ratio: N/A, Deformation Speed: 5.5 × 10–4/s−1","N/A,,Deformation Ratio: N/A, Deformation Speed: 5.5 × 10–4/s−1"
1262," N/A,,Deformation Ratio: N/A, Deformation Speed: 1.5 × 10–4/s−1","N/A,,Deformation Ratio: N/A, Deformation Speed: 1.5 × 10–4/s−1"
1263,"  N/A, N/A,Deformation Ratio: N/A,Deformation Speed: 3.5 × 10–3/s−1"," N/A, N/A,Deformation Ratio: N/A,Deformation Speed: 3.5 × 10–3/s−1"
1264," N/A,,Deformation Ratio: N/A, Deformation Speed: 7.5 × 10–3/s−1","N/A,,Deformation Ratio: N/A, Deformation Speed: 7.5 × 10–3/s−1"
1265," N/A,,Deformation Ratio: N/A, Deformation Speed: 4.3 × 10–5/s−1","N/A,,Deformation Ratio: N/A, Deformation Speed: 4.3 × 10–5/s−1"
1266,"  N/A,,Deformation Ratio: N/A,Deformation Speed: 5.5 × 10–4/s−1"," N/A,,Deformation Ratio: N/A,Deformation Speed: 5.5 × 10–4/s−1"
1267,"  N/A, N/A,Deformation Ratio: N/A,Deformation Speed: 1.5 × 10–4/s−1"," N/A, N/A,Deformation Ratio: N/A,Deformation Speed: 1.5 × 10–4/s−1"
1268,"  N/A, N/A,Deformation Ratio: N/A,Deformation Speed: 3.5 × 10–3/s−2"," N/A, N/A,Deformation Ratio: N/A,Deformation Speed: 3.5 × 10–3/s−2"
1269,"   N/A,  N/A, Deformation Ratio: N/A, Deformation Speed: 7.5 × 10–3/s−1","  N/A,  N/A, Deformation Ratio: N/A, Deformation Speed: 7.5 × 10–3/s−1"
1270," , N/A",", N/A"
1271,N/A,   N/A
1272,N/A,   N/A
1694,N/A,   N/A
1695,N/A,   N/A
1696,N/A,   N/A
1697,N/A,   N/A
1698,N/A,   N/A
1699,N/A,   N/A
1923," Successive Sand Casting, N/A","Successive Sand Casting, N/A"
1924," Successive Sand Casting, N/A","successive sand casting, N/A"
1925," Successive Sand Casting, N/A"," Successive sand casting, N/A"
2009,"Laser Processing:   Selective laser melting, Laser Power: N/A, Scan Speed: 600/mm/sec Hatching: Diagonal-island/N/A","Laser Processing:   Selective laser melting,  Hatching: Diagonal-island/N/A,Scan Speed: 600/mm/sec "
2010,"Laser Processing:   Selective laser melting, Laser Power: N/A, Scan Speed: 800/mm/sec Hatching: Diagonal-island/N/A","Laser Processing: Selective laser melting,Laser Power: N/A,Scan Speed: 800/mm/sec, Hatching: Diagonal-island/N/A"
2011,"Laser Processing:   Selective laser melting, Laser Power: N/A, Scan Speed: 1000/mm/sec Hatching: Diagonal-island/N/A","Laser Processing: Selective laser melting,Scan Speed: 1000/mm/sec, Hatching: Diagonal-island/N/A"
2012,"Laser Processing:   Selective laser melting, Laser Power: N/A, Scan Speed: 600/mm/sec Hatching: Diagonal-island/N/A","Laser Processing: Selective laser melting,Scan Speed: 600/mm/sec, Hatching: Diagonal-island/N/A"
2013,"Laser Processing: Selective laser melting,Laser Power: N/A,Scan Speed: 600/mm/sec, Hatching: Checkerboard/N/A","Laser Processing: Selective laser melting,Laser Power: N/A,Scan Speed: 600/mm/sec, Hatching: Checkerboard/N/A"
2014,"Laser Processing: Selective laser melting,,Scan Speed: 800/mm/sec, Hatching: Checkerboard/N/A","Laser Processing: Selective laser melting,,Scan Speed: 800/mm/sec, Hatching: Checkerboard/N/A"
2015,"Laser Processing: Selective laser melting,Laser Power: N/A,Scan Speed: 1000/mm/sec, Hatching: Checkerboard/N/A","Laser Processing: Selective laser melting,Laser Power: N/A,Scan Speed: 1000/mm/sec, Hatching: Checkerboard/N/A"
2194," Ball milling, Time: 45/min, Rotation speed: 1200/rpm","Ball milling, Time: 45/min, Rotation speed: 1200/rpm"
2195," Ball milling, Time: 1.5/h, Rotation speed: 1200/rpm","Ball milling, Time: 1.5/h, Rotation speed: 1200/rpm"
2196,"  Ball milling, Time: 3/h, Rotation speed: 1200/rpm"," Ball milling, Time: 3/h, Rotation speed: 1200/rpm"
2197," Ball milling, Time: 4.5/h, Rotation speed: 1200/rpm","Ball milling, Time: 4.5/h, Rotation speed: 1200/rpm"
2198," Ball milling, Time: 6/h, Rotation speed: 1200/rpm","Ball milling, Time: 6/h, Rotation speed: 1200/rpm"
2642,"Friction Processing:  FSW,Rotation speed: 1000/rpm,Processing speed: 300/mm/min,  Heat Index 1: 56/N/A, Heat Index 2: 3.3/N/A, Peak Temperature: 732/K, 673/K, Average Peak Temperature: 703/K, Time above 573K: 2.6/s, Time above 673K: 0.7/s","Friction Processing:  Friction Stir Welding (FSW),Rotation speed: 1000/rpm,Processing speed: 300/mm/min,  Heat Index 1: 56/N/A, Heat Index 2: 3.3/N/A, Peak Temperature: 732/K, 673/K, Average Peak Temperature: 703/K, Time above 573K: 2.6/s, Time above 673K: 0.7/s"
2643,"Friction Processing: FSW,Rotation speed: 1000/rpm,Processing speed: 100/mm/min,  Heat index 1: 163/N/A, Heat index 2: 9.8/N/A, Peak temperature: 795-749/K, Average peak temperature: 772/K, Time above 573K: 10.8/s, Time above 673K: 5.6/s","Friction Processing: FSW,Rotation speed: 1000/rpm,Processing speed: 100/mm/min,  Heat index 1: 163/N/A, Heat index 2: 9.8/N/A, Peak temperature: 795-749/K, Average peak temperature: 772/K, Time above 573K: 10.8/s, Time above 673K: 5.6/s"
2644,"Friction Processing: FSW,Rotation speed: 1500/rpm,Processing speed: 150/mm/min,  Heat index 1: 250/N/A, Heat index 2: 10.0/N/A, Peak temperature: 799-773/K, Average peak temperature: 786/K, Time above 573K: 6.5/s, Time above 673K: 4.1/s","Friction Processing: FSW,Rotation speed: 1500/rpm,Processing speed: 150/mm/min, Heat index 1: 250/N/A, Heat index 2: 10.0/N/A, Peak temperature: 799/K, 773/K, Average peak temperature: 786/K, Time above 573K: 6.5/s, Time above 673K: 4.1/s"
2674,N/A,   N/A
2675,N/A,   N/A
2676,N/A,   N/A
2677,N/A,   N/A
2678,N/A,   N/A
2679,N/A,   N/A
2680,N/A,   N/A
2681,N/A,   N/A
2682,N/A,   N/A
3546,N/A,   N/A
3547,N/A,   N/A
3548,N/A,   N/A
3549,N/A,   N/A
3550,N/A,   N/A
3551,N/A,   N/A
3552,N/A,   N/A
3553,N/A,   N/A
3554,N/A,   N/A
3555,N/A,   N/A
3556,N/A,   N/A
3557,N/A,   N/A
3558,N/A,   N/A
3559,N/A,   N/A
3560,N/A,   N/A
3743,"Friction Processing: As-Welded,Rotation speed: 800/rpm, 1120/rpm, 1600/rpm,Processing speed: 200/mm/min, 315/mm/min, N/A","Friction Processing: as-welded,Rotation speed: 800/rpm, 1120/rpm, 1600/rpm,Processing speed: 200/mm/min, 315/mm/min, N/A"
3744,"Friction Processing: As-Welded,Rotation speed: 800/rpm, 1120/rpm, 1600/rpm,Processing speed: 200/mm/min, 315/mm/min, N/A","Friction Processing: as-welded,Rotation speed: 800/rpm, 1120/rpm, 1600/rpm,Processing speed: 200/mm/min, 315/mm/min, N/A"
4368,"Laser Processing:   N/A, Laser Power: 120/W, Scan Speed: 10/mm/s,  Hatching Spacing: 1.5/mm,Pulse Width: 3.0/ms,Frequency: 30/Hz,Laser Spot Size: 0.1/mm,Layer Thickness: 0.04/mm","Laser Processing:   N/A, Laser Power: 120/W, Scan Speed: 10/mm/s,  Hatching Spacing: 1.5/mm,Pulse Width: 3.0/ms,Frequency: 30/Hz,Laser Spot Size: 0.1/mm,Layer Thickness: 0.04/mm "
4369,"Laser Processing:  N/A,Laser Power: 120/W,Scan Speed: 10/mm/s, Hatching Spacing: 1.5/mm, Pulse Width: 3.0/ms, Frequency: 30/Hz, Laser Spot Size: 0.1/mm, Layer Thickness: 0.04/mm","Laser Processing:  N/A,Laser Power: 120/W,Scan Speed: 10/mm/s, Hatching Spacing: 1.5/mm, Pulse Width: 3.0/ms, Frequency: 30/Hz, Laser Spot Size: 0.1/mm, Layer Thickness: 0.04/mm"
4370,"Laser Processing: N/A,Laser Power: 120/W,Scan Speed: 10/mm/s, Hatching Spacing: 1.5/mm, Pulse Width: 3.0/ms, Frequency: 30/Hz, Laser Spot Size: 0.1/mm, Layer Thickness: 0.04/mm","Laser Processing: N/A,Laser Power: 120/W,Scan Speed: 10/mm/s, Hatching Spacing: 1.5/mm, Pulse Width: 3.0/ms, Frequency: 30/Hz, Laser Spot Size: 0.1/mm, Layer Thickness: 0.04/mm"
4371,N/A,   N/A
4372,N/A,   N/A
4373,N/A,   N/A
4374,N/A,   N/A
4889,"Rolling:  Cold-Rolled,,Starting Thickness: N/A, Final Thickness: N/A, Thickness Reduction Ratio: N/A","Rolling:  Cold-Rolled,,Starting Thickness: N/A, Final Thickness: N/A, Thickness Reduction Ratio: N/A"
4890,"Rolling:  Cold-Rolled,,Starting Thickness: N/A, Final Thickness: N/A, Thickness Reduction Ratio: N/A","Rolling:  Cold-Rolled,,Starting Thickness: N/A, Final Thickness: N/A, Thickness Reduction Ratio: N/A"
4891,"Rolling:  Room Temperature Rolled, Room Temperature/N/A, Starting Thickness: N/A,Final Thickness: N/A, Thickness Reduction Ratio: N/A","Rolling:  N/A, Room Temperature/N/A, Starting Thickness: N/A,Final Thickness: N/A, Thickness Reduction Ratio: N/A"
4892,"Rolling:  Room Temperature Rolled, Room Temperature/N/A, Starting Thickness: N/A, Final Thickness: N/A, Thickness Reduction Ratio: N/A","Rolling:  Room Temperature Rolled,, Starting Thickness: N/A, Final Thickness: N/A, Thickness Reduction Ratio: N/A"
4909,N/A,   N/A
4911,N/A,   N/A
5046,"Laser Processing: N/A,Laser Power: 1400/W,Scan Speed: 450/mm/min, Powder feeding rate: 7.5/g/min, Shielding gas flow rate: 10/L/min.","Laser Processing: N/A,Laser Power: 1400/W,Scan Speed: 450/mm/min, Powder feeding rate: 7.5/g/min, Shielding gas flow rate: 10/L/min."
5047,"Laser Processing: N/A,Laser Power: 1400/W,Scan Speed: 450/mm/min, Powder feeding rate: 7.5/g/min, Shielding gas flow rate: 10/L/min.","Laser Processing: N/A,Laser Power: 1400/W,Scan Speed: 450/mm/min, Powder feeding rate: 7.5/g/min, Shielding gas flow rate: 10/L/min."
5048,"Laser Processing: N/A,Laser Power: 1400/W,Scan Speed: 450/mm/min, Powder feeding rate: 7.5/g/min, Shielding gas flow rate: 10/L/min.","Laser Processing: N/A,Laser Power: 1400/W,Scan Speed: 450/mm/min, Powder feeding rate: 7.5/g/min, Shielding gas flow rate: 10/L/min."
5049,"Laser Processing: N/A,Laser Power: 1400/W,Scan Speed: 450/mm/min, Powder feeding rate: 7.5/g/min, Shielding gas flow rate: 10/L/min.","Laser Processing: N/A,Laser Power: 1400/W,Scan Speed: 450/mm/min, Powder feeding rate: 7.5/g/min, Shielding gas flow rate: 10/L/min."
5050,"Laser Processing: N/A,Laser Power: 1400/W,Scan Speed: 450/mm/min, Powder feeding rate: 7.5/g/min, Shielding gas flow rate: 10/L/min.","Laser Processing: N/A,Laser Power: 1400/W,Scan Speed: 450/mm/min, Powder feeding rate: 7.5/g/min, Shielding gas flow rate: 10/L/min."
5051,"Laser Processing: N/A,Laser Power: 1400/W,Scan Speed: 450/mm/min, Powder feeding rate: 7.5/g/min, Shielding gas flow rate: 10/L/min.","Laser Processing: N/A,Laser Power: 1400/W,Scan Speed: 450/mm/min, Powder feeding rate: 7.5/g/min, Shielding gas flow rate: 10/L/min."
5114,"Laser Processing: LPBF,Laser Power: 260/W,Scan Speed: N/A, N/A","Laser Processing: LPBF,Laser Power: 260/W,Scan Speed: N/A, N/A"
5115,"Laser Processing: LPBF,Laser Power: 280/W,Scan Speed: N/A, N/A","Laser Processing: LPBF,Laser Power: 280/W,Scan Speed: N/A, N/A"
5116,"Laser Processing: LPBF,Laser Power: 300/W,Scan Speed: N/A, N/A","Laser Processing: LPBF,Laser Power: 300/W,Scan Speed: N/A, N/A"
5117,"Laser Processing: LPBF,Laser Power: 320/W,Scan Speed: N/A, N/A","Laser Processing: LPBF,Laser Power: 320/W,Scan Speed: N/A, N/A."
6122,N/A,   N/A
6123,N/A,   N/A
6184,N/A,   N/A
6185,N/A,   N/A
6186,N/A,   N/A
6187,N/A,   N/A
6188,N/A,   N/A
6189,N/A,   N/A
6190,N/A,   N/A
6191,N/A,   N/A
6953,"  ,  N/A"," ,  N/A"
6954,"  ,  N/A"," ,  N/A"
6955,"  ,  N/A"," ,  N/A"
9346,N/A,   N/A
9347,"Rolling:  Cold-rolling,,Starting Thickness: N/A,Final Thickness: N/A, Thickness Reduction Ratio: 40/%","Rolling:  Cold-rolled,,Starting Thickness: N/A,Final Thickness: N/A, Thickness Reduction Ratio: 40/%"
9348,"Rolling:  Cold rolling,,Starting Thickness: N/A,Final Thickness: N/A,Thickness Reduction Ratio: 50/%","Rolling:  Cold rolling,,Starting Thickness: N/A,Final Thickness: N/A,Thickness Reduction Ratio: 50/%"
9349,"Rolling:  Cold-rolling,,Starting Thickness: N/A,Final Thickness: N/A,Thickness Reduction Ratio: 70/%","Rolling:  Cold-rolling,,Starting Thickness: N/A,Final Thickness: N/A,Thickness Reduction Ratio: 70/%"
9350,"Rolling:  Cold rolling,,Starting Thickness: N/A,Final Thickness: N/A,Thickness Reduction Ratio: 80/%","Rolling:  Cold rolling,,Starting Thickness: N/A,Final Thickness: N/A,Thickness Reduction Ratio: 80/%"
9379,"Deposition:Sputtering,Parameters:Power:200/W,Argon 5.9×10−3/Torr,Substrate preparation:Etching Solution: 1:20 hydrofluoric acid water solution","Deposition:  Sputtering,Parameters: Power: 200/W, Atmosphere: Argon 5.9×10−3/Torr, Substrate preparation, Etching Solution: 1:20 hydrofluoric acid water solution/N/A"
9906,N/A,   N/A
9907," Simulated_Welding, Heating Rate: 360/°C/s, Peak Temperature: 1350/°C, Cooling Time t8/5: 10/s","Simulated_Welding, Heating Rate: 360/°C/s, Peak Temperature: 1350/°C, Cooling Time t8/5: 10/s"
9908," Simulated_Welding, Heating Rate: 360/°C/s, Peak Temperature: 1350/°C, Cooling Time t8/5: 20/s","Simulated_Welding, Heating Rate: 360/°C/s, Peak Temperature: 1350/°C, Cooling Time t8/5: 20/s"
9909,N/A,   N/A
9910," Simulated_Welding, Heating Rate: 360/°C/s, Peak Temperature: 1350/°C, Cooling Time t8/5: 10/s","Simulated_Welding, Heating Rate: 360/°C/s, Peak Temperature: 1350/°C, Cooling Time t8/5: 10/s"
9911," Simulated_Welding, Heating Rate: 360/°C/s, Peak Temperature: 1350/°C, Cooling Time t8/5: 20/s","Simulated_Welding, Heating Rate: 360/°C/s, Peak Temperature: 1350/°C, Cooling Time t8/5: 20/s"
10061," Exposure to de-ionized water, Temperature: 65/°C, Time: 730/days","Exposure to de-ionized water, Temperature: 65/°C, Time: 730/days"
10062,"  Exposure to aviation fuel,   65/°C,  730/days"," Exposure to aviation fuel,   65/°C,  730/days"
10063," Exposure to hydraulic fluid, Temperature: 65/°C, Time: 730/days","Exposure to hydraulic fluid, Temperature: 65/°C, Time: 730/days"
10064," Exposure to propylene glycol, Temperature: 65/°C, Time: 730/days","Exposure to propylene glycol, Temperature: 65/°C, Time: 730/days"
10065," Exposure to dichloromethane, Temperature: 65/°C, Time: 150/days","Exposure to dichloromethane, Temperature: 65/°C, Time: 150/days"
10066," Exposure to aqueous urea solution, Temperature: 65/°C, Time: 730/days","Exposure to aqueous urea solution, Temperature: 65/°C, Time: 730/days"
10067," Exposure to sea water, Temperature: 65/°C, Time: 400/days","Exposure to sea water, Temperature: 65/°C, Time: 400/days"
10188,"Laser Processing: SLM, Layer Thickness: 30/µm, Hatching Distance: 10/µm","Laser Processing: SLM, Layer Thickness: 30/µm, Hatching Distance: 10/µm"
10189,"Pressing/Compression:  HIP, Temperature: 1200/°C, Pressure: 1020/bar, Time: 4/h, Atmosphere: Argon/N/A","Pressing/Compression:  HIP, Temperature: 1200/°C, Pressure: 1020/bar, Time: 4/h, Atmosphere: Argon/N/A"
10190,N/A,   N/A
12429,N/A,   N/A
12430,N/A,   N/A
12431,N/A,   N/A
12432,N/A,   N/A
12433,N/A,   N/A
12434,N/A,   N/A
12435,N/A,   N/A
12436,N/A,   N/A
12437,N/A,   N/A
12438,N/A,   N/A
12439,N/A,   N/A
12830,"Rolling:  Hot-Rolling, >900/°C, Starting Thickness: N/A, Final Thickness: 8/mm, Thickness Reduction Ratio: 90/%","Rolling:  Hot-Rolling, >900/°C, Starting Thickness: N/A, Final Thickness: 8/mm, Thickness Reduction Ratio: 90/%."
12831,"Rolling:  Hot-Rolling, >900/°C, Starting Thickness: N/A, Final Thickness: 8/mm, Thickness Reduction Ratio: 90/%","Rolling:  Hot-Rolling, >900/°C,Starting Thickness: N/A,Final Thickness: 8/mm,Thickness Reduction Ratio: 90/%"
12832,"Rolling:  Hot-Rolling, >900/°C, Starting Thickness: N/A, Final Thickness: 8/mm, Thickness Reduction Ratio: 90/%","Rolling:  Hot-Rolling, >900/°C, Starting Thickness: N/A,Final Thickness: 8/mm, Thickness Reduction Ratio: 90/%."
12833,"Rolling:  Hot-Rolling, >900/°C, Starting Thickness: N/A, Final Thickness: 8/mm, Thickness Reduction Ratio: 90/%","Rolling:  Hot-Rolling, >900/°C, Starting Thickness: N/A,Final Thickness: 8/mm, Thickness Reduction Ratio: 90/%."
13377,N/A,   N/A
13378,N/A,   N/A
13379,N/A,   N/A
13380,N/A,   N/A
13381,N/A,   N/A
13382,N/A,   N/A
13383,N/A,   N/A
13563," Water Washing, Time: 5/min, Acid Pickling, Acid Concentration: 10%/HCl, Time: 5/min","Water Washing, Time: 5/min, Acid Pickling, Acid Concentration: 10%/HCl, Time: 5/min"
13823," Gravity die casting, Mold Temperature: 500/°C","Gravity die casting, Mold Temperature: 500/°C"
13824," Gravity die casting, Mold Temperature: 200/°C","Gravity die casting, Mold Temperature: 200/°C"
13825," Gravity die casting, Mold Temperature: 500/°C","Gravity die casting, Mold Temperature: 500/°C"
13826," Gravity die casting, Mold Temperature: 200/°C","Gravity die casting, Mold Temperature: 200/°C"
13843,N/A,   N/A
13844,N/A,   N/A
13845,N/A,   N/A
13846,N/A,   N/A
13847,N/A,   N/A
13848,N/A,   N/A
13888,N/A,   N/A
13889,N/A,   N/A
13890,N/A,   N/A
13891,N/A,   N/A
13892,N/A,   N/A
13893,N/A,   N/A
14247,"Rolling:  hot-rolling,,Starting Thickness: N/A,Final Thickness: 2/mm,Thickness Reduction Ratio: N/A","Rolling:  hot-rolling,,Starting Thickness: N/A,Final Thickness: 2/mm,Thickness Reduction Ratio: N/A"
14248,"Rolling:  hot-rolling,,Starting Thickness: N/A,Final Thickness: 2/mm,Thickness Reduction Ratio: N/A","Rolling:  hot-rolling,,Starting Thickness: N/A,Final Thickness: 2/mm,Thickness Reduction Ratio: N/A"
14249,"Rolling:  hot-rolling,,Starting Thickness: N/A,Final Thickness: 2/mm,Thickness Reduction Ratio: N/A","Rolling:  hot-rolling,,Starting Thickness: N/A,Final Thickness: 2/mm,Thickness Reduction Ratio: N/A"
14250,"Rolling:  hot-rolling,,Starting Thickness: N/A,Final Thickness: 2/mm,Thickness Reduction Ratio: N/A","Rolling:  hot-rolling,,Starting Thickness: N/A,Final Thickness: 2/mm,Thickness Reduction Ratio: N/A"
14789," EBF3, Voltage: 20/KV, Current: 45/mA, Wire Feeding Speed: 400/mm/min, Travel Speed: 180/mm/min.","EBF3, Voltage: 20/KV, Current: 45/mA, Wire Feeding Speed: 400/mm/min, Travel Speed: 180/mm/min."
14790,N/A,   N/A
14791,N/A,   N/A
14792,N/A,   N/A
14793,N/A,   N/A
14800,"Pressing/Compression:  SPS, Temperature: 870±5/°C, Time: 25-30/min, Stress: 25/MPa","Pressing/Compression:  SPS, Temperature: 870±5/°C, Time: 25-30/min, Stress: 25/MPa"
14801,"Pressing/Compression:  SPS, Temperature: 870±5/°C, Time: 25-30/min, Stress: 25/MPa","Pressing/Compression:  SPS, Temperature: 870±5/°C, Time: 25-30/min, Stress: 25/MPa."
14802,"Pressing/Compression:  SPS, Temperature: 870±5/°C, Time: 25-30/min, Stress: 25/MPa","Pressing/Compression:  SPS, Temperature: 870±5/°C, Time: 25-30/min, Stress: 25/MPa"
14803,"Pressing/Compression:  SPS, Temperature: 870±5/°C, Time: 25-30/min, Stress: 25/MPa","Pressing/Compression:  SPS, Temperature: 870±5/°C, Time: 25-30/min, Stress: 25/MPa."
14804,"Pressing/Compression:  SPS, Temperature: 870±5/°C, Time: 25-30/min, Stress: 25/MPa","Pressing/Compression:  SPS, Temperature: 870±5/°C, Time: 25-30/min, Stress: 25/MPa."
14812,"Laser Processing:  Laser powder bed fusion, , Scan Speed: N/A,  N/A.","Laser Processing:  Laser powder bed fusion, , Scan Speed: N/A,  N/A."
14813,N/A,   N/A
14814,N/A,   N/A
14815,N/A,   N/A
15036," [  Grinding,  Final grit size: 1500/N/A","[  Grinding,  Final grit size: 1500/N/A]"
15037," [  Grinding,  Final grit size: 1500/N/A","[  Grinding,  Final Grit Size: 1500/N/A]"
15038," [  Grinding,  Final grit size: 1500/N/A","[ Grinding,  Final grit size: 1500/N/A]"
15053,"  Stir Casting,   400/°C,  12-15/min, Rotation speed: 400/rpm"," Stir Casting,   400/°C,  12-15/min, Rotation speed: 400/rpm"
15054,"Stir Casting,400/°C,12-15/min,Rotation speed:400/rpm"," Stir Casting,   400/°C,  12-15/min, Rotation speed: 400/rpm"
15055,"Stir Casting,400/°C,12-15/min,Rotation speed:400/rpm"," Stir Casting,   400/°C,  12-15/min, Rotation speed: 400/rpm"
15056,"  Stir Casting,   400/°C,  12-15/min, Rotation speed: 400/rpm"," Stir Casting,   400/°C,  12-15/min, Rotation speed: 400/rpm"
15057,"Stir Casting,400/°C,12-15/min,Rotation speed:400/rpm"," Stir Casting,   400/°C,  12-15/min, Rotation speed: 400/rpm"
15058,"Stir Casting,400/°C,12-15/min,Rotation speed:400/rpm"," Stir Casting,   400/°C,  12-15/min, Rotation speed: 400/rpm"
15218,N/A,   N/A
15219,N/A,   N/A
15220,N/A,   N/A
15221,N/A,   N/A
15222," Welding, N/A","Welding, N/A"
15270,"Laser Processing: SLM_Processing,Laser Power: 150/W,Scan Speed: 150/mm/s, Layer Thickness: 60/μm, Laser Spot Diameter: 60/μm, Protective Gas: Ar, Sample Size: 20x20x100/mm^3","Laser Processing: SLM_Processing,Laser Power: 150/W,Scan Speed: 150/mm/s, Layer Thickness: 60/μm, Laser Spot Diameter: 60/μm, Protective Gas: Ar, Sample Size: 20x20x100/mm^3"
15271,N/A,   N/A
15272,N/A,   N/A
15390," , N/A",", N/A"
15391,N/A,   N/A
15392,N/A,   N/A
15393,N/A,   N/A
15394,N/A,   N/A
15395,N/A,   N/A
15474," GTAW, Current: 55/A, Voltage: 12/V, Processing Speed: 72/mm/min, Gas Flow: 9/l/min, Heat Input: 550/J/mm","GTAW, Current: 55/A, Voltage: 12/V, Processing Speed: 72/mm/min, Gas Flow: 9/l/min, Heat Input: 550/J/mm."
15475,"  GTAW, Current: 55/A, Voltage: 12/V, Processing Speed: 72/mm/min, Gas Flow: 9/l/min, Heat Input: 550/J/mm"," GTAW, Current: 55/A, Voltage: 12/V, Processing Speed: 72/mm/min, Gas Flow: 9/l/min, Heat Input: 550/J/mm"
15476," GTAW, Current: 55/A, Voltage: 12/V, Processing speed: 72/mm/min, Gas flow: 9/l/min, Heat input: 550/J/mm","GTAW, Current: 55/A, Voltage: 12/V, Processing speed: 72/mm/min, Gas flow: 9/l/min, Heat input: 550/J/mm."
15477," GTAW, Current: 55/A, Voltage: 12/V, Processing speed: 72/mm/min, Gas flow: 9/l/min, Heat input: 550/J/mm","GTAW, Current: 55/A, Voltage: 12/V, Processing speed: 72/mm/min, Gas flow: 9/l/min, Heat input: 550/J/mm."
15478," GTAW, Current: 55/A, Voltage: 12/V, Processing Speed: 72/mm/min, Gas Flow: 9/l/min, Heat Input: 550/J/mm","GTAW, Current: 55/A, Voltage: 12/V, Processing Speed: 72/mm/min, Gas Flow: 9/l/min, Heat Input: 550/J/mm."
15485,"  Cold Stretching, Deformation Ratio: 2-2.2/%","  Cold Stretching, Deformation Ratio: 2-2.2/%"
15486,"  Cold Stretching, Deformation Ratio: 2-2.2/%","  Cold Stretching, Deformation Ratio: 2-2.2/%"
15487,"  Cold Stretching, Deformation Ratio: 2-2.2/%","  Cold Stretching, Deformation Ratio: 2-2.2/%"
15705,N/A,   N/A
15706,N/A,   N/A
16209,N/A,   N/A
16210,N/A,   N/A
16211,N/A,   N/A
16212,N/A,   N/A
16642,N/A,   N/A
19226,"Forge:  Forging,  931/°C,  Time: 49/min","Forge:  Forging,  931/°C,  Time: 49/min"
19227,"Forge:  Forging,  931/°C,  Time: 49/min","Forge:  Forging,  931/°C,  Time: 49/min, N/A: N/A"
19228,"Forge:  Forging,  931/°C,  Time: 49/min","Forge:  Forging,  931/°C,  Time: 49/min."
19294,N/A,   N/A
22491,N/A,   N/A
22493,N/A,   N/A
22494,N/A,   N/A
22496,N/A,   N/A
24466," , N/A",", N/A"
24467,N/A,"Deformation: 
  Rolling:  N/A,  N/A, Starting Thickness: N/A, Final Thickness: N/A, Thickness Reduction Ratio: N/A
,
Manufacturing Processing: N/A,
Preparation Processing: 
  Forge:  N/A,  N/A,  N/A,
  Pressing/Compression:  N/A,  N/A,
  Severe Plastic Deformation:  N/A,  N/A,  N/A,  N/A,
    N/A,  N/A, Deformation Ratio: N/A, Deformation Speed: N/A,
  Spray Processing:  N/A,  N/A,  N/A,  N/A,
  Deposition:  N/A, Parameters: N/A,
  Friction Processing:  N/A, , ,  N/A,
  Laser Processing:  N/A, , Scan Speed: N/A,  N/A,
  Alloying:  N/A,  N/A, ,  N/A,
    N/A,  N/A
"
24468,N/A,"Based on the provided text, the following JSON is created:

 ,  Temperature: 490/°C, Time: 12/h, Cooling Method: Oil Quenching, Aging: 212/°C, Aging Time: 100/h."
24469,N/A,"Deformation:  Solution-treated,
Manufacturing Processing:  Solution-treated,
Preparation Processing:  Solution-treated,
  Oiling,
  Aging,
 Solution-treated,
 490/°C, 212/°C,
 12/h, 100/h,
 Quenching: Oil Quenching, Exposure: 100/h, Exposure: 500/h"
25843,N/A,"Deformation:  Common Deformation,
Manufacturing Processing:  Heat Treatment,
Preparation Processing:  Preparation Processing,
Rolling: N/A,
Extrusion: N/A,
Forge:  Forging,  475/°C, N/A/°C,  Time: 40/min, Cooling method: Water quench, Time: 24/h, Temperature: 120/°C,
Pressing/Compression: N/A,
Severe Plastic Deformation: N/A,
 N/A,
Spray Processing: N/A,
Deposition: N/A,
Friction Processing: N/A,
Laser Processing: N/A,
Alloying: N/A,
 N/A"
25844,N/A,"Forging:  Forging,  475/°C, 120/°C, 150/°C,  Time: 40/min, Cooling Method: Water Quench, Time: 8/h, Time: 16/h/N/A

  None,  None"
26825,"Rolling:  Cold-rolling,, Starting Thickness: N/A, Final Thickness: 1.5/mm, Thickness Reduction Ratio: N/A","Manufacturing Processing: 
Vacuum-arc melting:  Vacuum-arc melting,
 
 Homogenization,
  1473 K,  24 h, Cooling Method: Water quenched
,
Manufacturing Processing: 
 
 Cold Rolling,
 Final Thickness: 1.5 mm

,
Manufacturing Processing: 
 
 Solution-treated,
  1323 K,  0.5 h

,
Manufacturing Processing: 
 
 Aging,
  993 K,  8 h, Cooling Method: N/A

,
Manufacturing Processing: 
 
 Aging,
  893 K,  8 h, Cooling Method: Water quenched

,
Manufacturing Processing: 
 
 Aging,
  923 K,  up to 510 h, Cooling Method: N/A

,
Manufacturing Processing: 
 
 Aging,
  973 K,  up to 200 h, Cooling Method: N/A

"
26826,"Rolling:  Cold-rolling,, Starting Thickness: N/A, Final Thickness: 1.5/mm, Thickness Reduction Ratio: N/A","Vacuum-Arc Melting:  N/A,  1473/K,  N/A,
Forge:  N/A,  1473/K, 1323/K,  Homogenization time: 24/h, Quenching method: Water quenching/N/A, Rolled thickness: 1.5/mm/N/A, Solution-treated time: 0.5/h, 
Rolling:  N/A,  1323/K, 993/K, 893/K, Starting Thickness: N/A, Final Thickness: N/A, Thickness Reduction Ratio: N/A, 
Forge:  N/A,  993/K, 893/K,  Time: 8/h, Cooled to: 893/K/N/A, Quenching method: Water quenching/N/A, Aging time: 8/h, 
Forge:  N/A,  923/K,  Aging time: 510/h, Quenching method: Water quenching/N/A, 
Forge:  N/A,  973/K,  Aging time: 200/h, Quenching method: Water quenching/N/A"
26827,"Rolling:  Cold-rolling,, Starting Thickness: N/A, Final Thickness: 1.5/mm, Thickness Reduction Ratio: N/A","Manufacturing Processing: 
Vacuum-Arc Melting: N/A
,
Preparation Processing: 
Vacuum-Arc Melting: N/A,
Forge: 
 Cold Rolling,
 Starting Thickness: N/A, Final Thickness: 1.5/mm
,
Extrusion: N/A,
 
Solution-treated,
 1323 K, 
Deformation Ratio: N/A, 
Deformation Speed: N/A
,
 
Aging,
 993 K, 
Deformation Ratio: N/A, 
Deformation Speed: N/A
,
 
Aging,
 893 K, 
Deformation Ratio: N/A, 
Deformation Speed: N/A
,
 
Aging,
 923 K, 
Deformation Ratio: N/A, 
Deformation Speed: N/A
"
26828,"Rolling:  Cold-rolling,, Starting Thickness: N/A, Final Thickness: 1.5/mm, Thickness Reduction Ratio: N/A","Rolling:  Cold-rolling,  N/A, Starting Thickness: N/A, Final Thickness: 1.5 mm, Thickness Reduction Ratio: N/A,

Manufacturing Processing:  Vacuum-arc melting,  Vacuum-arc melting,  N/A,

Preparation Processing:  Homogenization,  Homogenization,  1473 K,  24 h,  Water quenched,

Preparation Processing:  Solution-treated,  Solution-treated,  1323 K,  0.5 h,  N/A,

Preparation Processing:  Aging,  Aging,  993 K,  8 h,  Cooled to 893 K,

Preparation Processing:  Aging,  Aging,  893 K,  8 h,  Water quenched,

Preparation Processing:  Aging,  Aging,  923 K,  up to 510 h,  N/A,

Preparation Processing:  Aging,  Aging,  973 K,  up to 200 h,  N/A"
29211," EPBF, Beam Current: 21/mA, Scanning Speed: 4800/mm/s, Line Spacing: 0.1/mm, Focus Current: 560/mA","Rolling: N/A,
Extrusion: N/A,
Forge: N/A,
Pressing/Compression: N/A,
Severe Plastic Deformation: N/A,
 N/A,
Spray Processing: N/A,
Deposition: N/A,
Friction Processing: N/A,
Laser Processing: EPBF, Laser Power: N/A, Scan Speed: 4800/mm/s,  Beam current: 21mA, Line spacing: 0.1mm, Focus current: 560mA/N/A,
Alloying: N/A,
 N/A"
29212,N/A," N/A,  N/A"
29213,N/A,"
   Heat Treatment,
   600/°C,
  Deformation Ratio: N/A,
  Deformation Speed: N/A
"
29214,N/A,"Based on the provided information, heat treatment is not related to deformation or manufacturing/preparation processing, so I will not create a JSON output for it.

However, if you provide the deformation or manufacturing/preparation processing information, I will create a customized JSON output in the specified format. 

Please provide the relevant information, and I will assist you."
29215,N/A," N/A,  N/A"
29716," Pulsed anodizing, Temperature: 0/°C, Time: 120/min, Sealing, Temperature: 95/°C, Time: 30/min","Deformation: 
   Other Deformation
,
Manufacturing Processing: 
   Pressing/Compression
,
Preparation Processing: 
   Other Manufacturing/Preparation Processing
,
Pressing/Compression: 
   Pulsed anodizing,
   
     120/min,
     0/°C,
    Electrolyte: A3,
    Sealing Temperature: 95/°C,
    Sealing Time: 30/min
  
,
 
   Heat-treated,
   
     200/°C,
     4/h,
    Cooling Method: Naturally cooled
  
"
29717," Pulsed anodizing, Temperature: 0/°C, Time: 120/min, Sealing, Temperature: 95/°C, Time: 30/min","Rolling: N/A,
Extrusion: N/A,
Forge: N/A,
Pressing/Compression: N/A,
Severe Plastic Deformation: N/A,
 Not Applicable, N/A,Deformation Ratio: N/A, Deformation Speed: N/A,
Spray Processing: N/A,
Deposition: N/A,
Friction Processing: N/A,
Laser Processing: N/A,
Alloying: N/A,
 Pulsed Anodizing,  0/°C,  120/min, Electrolyte: A3, Sealing Temperature: 95/°C, Sealing Time: 30/min"
29718," Pulsed anodizing, Temperature: 0/°C, Time: 120/min, Sealing, Temperature: 95/°C, Time: 30/min","Based on the provided information, there is no deformation, manufacturing, or preparation processing (D, MP, PP) mentioned, so I will not create a JSON for this."
29719,"Deposition:  Electrodeposition,Parameters: Temperature: 65/°C, Time: 1/h, Current density: 40/mA/cm2, Coating Thickness: 20±2/μm","Deposition: 
 N/A,
Parameters: Current Density: 40 mA/cm2,  65/°C,  1/h, Coating Thickness: 20±2/μm
"
29720,"Deposition:  Electrodeposition,Parameters: Temperature: 65/°C, Time: 1/h, Current Density: 40/mA/cm2, Coating Thickness: 20±2/μm","Deposition:  N/A, Parameters: Current Density: 40 mA/cm2,  65°C,  1h,
  Annealing,   600°C,  1h,
  Coating,  Thickness: 20±2/μm"
29721,"Deposition:  Electrodeposition,Parameters: Temperature: 51/°C, Time: 1/h 30/min, Current Density: 300/mA/cm2, Coating Thickness: 20±1/μm","Deposition:  Electrodeposition, Parameters:  51/°C,  1h 30min, Current density: 300 mA/cm2, Coating thickness: 20±1/μm"
29722,"Deposition:  Electrodeposition,Parameters: Temperature: 51/°C, Time: 1/h 30/min, Current Density: 300/mA/cm2, Coating Thickness: 20±1/μm","Deposition:  N/A,Parameters: Current Density: 300 mA/cm2,  1h 30min,  51°C,
 Annealing,  600°C,  1h,
 Coating, Thickness: 20±1/μm"
29804,"Rolling:  Cold-rolling,,Starting Thickness: N/A,Final Thickness: N/A,Thickness Reduction Ratio: 10/%","Forge:  N/A,  N/A,  N/A,
Rolling:  N/A,  N/A, Starting Thickness: N/A, Final Thickness: N/A, Thickness Reduction Ratio: N/A,
 Normalizing,  1030/°C, Deformation Ratio: N/A, Deformation Speed: N/A,
 Tempering,  Temperature: 750–795/°C, Time: 1/h, Aging Time: 5000/h,
 Additional Cold-Rolling,  Deformation Ratio: 10/%"
29805,"Rolling:  Cold-rolling,,Starting Thickness: N/A,Final Thickness: N/A,Thickness Reduction Ratio: 10/%","Deformation: 
Rolling:  Cold-Rolling,  N/A, Starting Thickness: N/A, Final Thickness: N/A, Thickness Reduction Ratio: 10%,
  Normalizing,  1030/°C, Deformation Ratio: N/A, Deformation Speed: N/A
,
Manufacturing/Preparation Processing: 
MP: 
Forging:  Forging,  N/A,  N/A,
Pressing/Compression:  Pressing,  N/A
,
PP: 
Tempering:  Tempering,  750-795/°C,  1 h,  N/A,
  Thermal Aging,  up to 5000 h/N/A
"
29806,"Rolling:  Cold-rolling,,Starting Thickness: N/A,Final Thickness: N/A,Thickness Reduction Ratio: 10/%","Forge:  N/A,  N/A,  N/A,
Pressing/Compression:  N/A,  N/A,
Rolling:  Cold-Rolling,  N/A, Starting Thickness: N/A, Final Thickness: N/A, Thickness Reduction Ratio: 10%,
Severe Plastic Deformation:  Cold-Rolling,  N/A,  N/A,  N/A,
Spray Processing:  N/A,  N/A,  N/A,  N/A,
Deposition:  N/A, Parameters: N/A,
Friction Processing:  N/A, , ,  N/A,
Laser Processing:  N/A, , Scan Speed: N/A,  N/A,
Alloying:  N/A,  N/A, ,  N/A,
  Normalizing,  Time: 40/min, Temperature: 1030/°C,
  Tempering,  Temperature: 750-795/°C, Time: 1/h,
  Thermal Aging,  Time: 10000/h"
29807,"Rolling:  Cold-rolling,,Starting Thickness: N/A,Final Thickness: N/A,Thickness Reduction Ratio: 10/%","Rolling:  N/A,  N/A, Starting Thickness: N/A, Final Thickness: N/A, Thickness Reduction Ratio: N/A,
Forge:  N/A,  N/A,  N/A,
Pressing/Compression:  N/A,  N/A,
Severe Plastic Deformation:  N/A,  N/A,  N/A,  N/A,
  N/A,  N/A, Deformation Ratio: N/A, Deformation Speed: N/A,
Spray Processing:  N/A,  N/A,  N/A,  N/A,
Deposition:  N/A, Parameters: N/A,
Friction Processing:  N/A, , ,  N/A,
Laser Processing:  N/A, , Scan Speed: N/A,  N/A,
Alloying:  N/A,  N/A, ,  N/A,
  Normalizing at 1030°C for 40 min,  Tempering at 750–795°C for 1 h, Additional Cold-Rolling 10%, Thermal Aging up to 10000 h/N/A"
29808,"Rolling:  Cold-rolling,,Starting Thickness: N/A,Final Thickness: N/A,Thickness Reduction Ratio: 10/%","Rolling:  Cold-Rolling,  N/A, Starting Thickness: N/A, Final Thickness: N/A, Thickness Reduction Ratio: 10%,
Forge:  N/A,  N/A,  N/A,
  Normalizing,  Temperature: 1030/°C, Time: 40/min,
  Tempering,  Temperature: 750-795/°C, Time: 1/h,
  Thermal Aging,  Time: up to 5000/h"
29809,"Rolling:  Cold-rolling,,Starting Thickness: N/A,Final Thickness: N/A,Thickness Reduction Ratio: 10/%","Rolling:  Additional Cold-Rolling,  N/A, Starting Thickness: N/A, Final Thickness: 90% of original, Thickness Reduction Ratio: 10%,
Forge:  N/A,  1030/°C,  Time: 40/min,
Pressing/Compression:  N/A,  N/A,
Severe Plastic Deformation:  N/A,  N/A,  N/A,  N/A,
  Tempering,  750-795/°C, Deformation Ratio: N/A, Deformation Speed: N/A,
  Normalizing,  Temperature: 1030/°C, Time: 40/min"
29810,N/A,"Rolling: N/A,
Extrusion: N/A,
Forge: N/A,
Pressing/Compression: N/A,
Severe Plastic Deformation: N/A,
 N/A,
Spray Processing: N/A,
Deposition: N/A,
Friction Processing: N/A,
Laser Processing: N/A,
Alloying: N/A,
 
   Normalizing,
    1040/°C,  1/h
,
 
   Tempering,
    750/°C,  1/h
,
 
   Thermal Aging,
    13500/h
"
29811,N/A,"Rolling: N/A,
Extrusion: N/A,
Forge:  N/A,  1050/°C,  N/A,
Pressing/Compression: N/A,
Severe Plastic Deformation: N/A,
 N/A,
Spray Processing: N/A,
Deposition: N/A,
Friction Processing: N/A,
Laser Processing: N/A,
Alloying: N/A,
  Normalizing,  N/A,
  Tempering,  Temperature: 780/°C, Time: 1/h,
  Thermal Aging,  Time: 13500/h"
30101,"Rolling:  Cold rolling,,Starting Thickness: N/A,Final Thickness: 1.05/mm, Thickness Reduction Ratio: N/A","Rolling:  Cold rolling,  N/A, Starting Thickness: N/A, Final Thickness: 1.05/mm, Thickness Reduction Ratio: N/A,
Preparation Processing:  Solution-treated,  N/A,
Preparation Processing:  Quenched in iced water,  N/A,
Preparation Processing:  Naturally aged,  N/A"
30102,N/A,"Deformation: 
Rolling: N/A,
Extrusion: N/A,
Forge:  Forging,  N/A,  N/A,
Pressing/Compression: N/A,
Severe Plastic Deformation: N/A,
 N/A,
Spray Processing: N/A,
Deposition: N/A,
Friction Processing: N/A,
Laser Processing: N/A,
Alloying: N/A,
 N/A
"
30103,N/A,"Rolling: N/A,
Extrusion: N/A,
Forge:  Forging,  1050/°C, 900/°C,  Time: 40/min, Forging ratio: 8:1/N/A,
Pressing/Compression: N/A,
Severe Plastic Deformation: N/A,
 N/A,
Spray Processing: N/A,
Deposition: N/A,
Friction Processing: N/A,
Laser Processing: N/A,
Alloying: N/A,
  Artificial Aging,  Time: 15/min, Temperature: 240/°C/N/A"
30104,N/A,"Artificial Aging, Temperature: 260/°C, Time: 2/Day/N/A

Let me know if you have any other data you'd like me to process!"
30148,"Alloying: Mechanical alloying, 120/h,Rotation speed: N/A, Atmosphere: Ar/N/A, Stearic Acid: 2/wt.%","Mechanical Alloying: N/A, 120/h,  Ar,  Stearic Acid: 2/%, N/A: N/A),
 Annealing,  335/°C,  5/h, N/A: N/A."
30149,"Alloying: Mechanical alloying, 120/h,Rotation speed: N/A, Atmosphere: Ar/N/A, Stearic Acid: 2/wt.%","Mechanical Alloying:  Mechanical Alloying,  up to 120 h,  Ar,  Heat Treatment: Annealing, Temperature: 550/°C, Time: 10/h
  Stearic Acid,  Concentration: 2/wt.%/N/A"
30150,"Alloying: Mechanical alloying, 120/h,Rotation speed: N/A, Atmosphere: Ar/N/A, Stearic Acid: 2/wt.%","Alloying:  Mechanical Alloying,  up to 120/h, ,  Atmosphere: Ar, Stearic Acid: 2 wt.%/N/A,
MP:  Heat treatment,  Annealing: 750°C for 5 h/N/A

Let me know if you need anything else!"
30151,"Alloying: Mechanical alloying, 120/h,Rotation speed: N/A, Atmosphere: Ar/N/A, Stearic Acid: 2/wt.%","Alloying: Mechanical Alloying,  up to 120/h,  Atmosphere: Ar, Stearic Acid: 2/wt.%"
30152,"Alloying: Mechanical alloying, 120/h,Rotation speed: N/A, Atmosphere: Ar/N/A, Stearic Acid: 2/wt.%","Alloying:  Mechanical Alloying,  up to 120/h, Rotation Speed: N/A,  Ar atmosphere, Stearic Acid 2/wt%,
  Heat Treatment,  Annealing: 550/°C, 10/h"
30153,"Alloying: Mechanical alloying, 120/h,Rotation speed: N/A, Atmosphere: Ar/N/A, Stearic Acid: 2/wt.%","Alloying: Mechanical Alloying,  up to 120/h, ,  Atmosphere: Ar, Stearic Acid: 2/wt.%, Heat Treatment: Annealing: 750/°C, Time: 5/h"
30329,"Alloying: Mechanical alloying,,Rotation speed: N/A, N/A,  Blending, N/A,Pressing/Compression:  Hot Isostatic Pressing, Temperature:500/°C,Extrusion:  N/A,  520/°C, Extrusion Ratio: N/A, Extrusion Speed: N/A","Here is the summarized JSON data:

Mechanical Alloying:  Mechanical Alloying,
Extrusion:  Extrusion,  520/°C, Extrusion Ratio: N/A, Extrusion Speed: N/A,
Consolidation:  Hot Isostatic Pressing,  500/°C,
  Blending,  N/A,
  Degassing,  Temperature: 500/°C, Time: 24/h,
  Heat Treatment,  Temperature: 500/°C to 655/°C, Time: up to 750/h,
  Quenching,  Method: Cold water, Time: 40/s"
30330,"Alloying: Mechanical alloying,,Rotation speed: N/A, N/A,  Blending, N/A,Pressing/Compression:  Hot Isostatic Pressing, Temperature:500/°C,Extrusion:  N/A,  520/°C, Extrusion Ratio: N/A, Extrusion Speed: N/A","Mechanical Alloying:  Mechanical Alloying,
Rolling:  N/A,  N/A, Starting Thickness: N/A, Final Thickness: N/A, Thickness Reduction Ratio: N/A,
Extrusion:  Extrusion,  520/°C, Extrusion Ratio: N/A, Extrusion Speed: N/A,
Forge:  N/A,  N/A,  N/A,
Pressing/Compression:  N/A,  N/A,
Severe Plastic Deformation:  N/A,  N/A,  N/A,  N/A,
  N/A,  N/A, Deformation Ratio: N/A, Deformation Speed: N/A,
Spray Processing:  N/A,  N/A,  N/A,  N/A,
Deposition:  N/A, Parameters: N/A,
Friction Processing:  N/A, , ,  N/A,
Laser Processing:  N/A, , Scan Speed: N/A,  N/A,
Alloying:  N/A,  N/A, ,  N/A,
  Blending,  ultrafine TiO2 particles with aluminium, magnesium powder, elemental carbon, and particulate lithium,
Preparation Processing:  Degassing,  500 °C for 24 h,
Preparation Processing:  Consolidation,  Hot Isostatic Pressing at 500 °C,
Preparation Processing:  Heat Treatment,  500 °C to 655 °C for up to 750 h,
Preparation Processing:  Quenching,  Cold water for 40 s"
30378,N/A,   N/A
30379,N/A,   N/A
30380,N/A,   N/A
30381,N/A,   N/A
30382,N/A,   N/A
30383,N/A,   N/A
30384,N/A,   N/A
30385,N/A,   N/A
30386,N/A,   N/A
30387,N/A,   N/A
30400,N/A,   N/A
30401,N/A,   N/A
30402,N/A,   N/A
30403,N/A,   N/A
30404,N/A,   N/A
30405,N/A,   N/A
30674,N/A,   N/A
30676,N/A,   N/A
30878,N/A,   N/A
30879,N/A,   N/A
30885," Casting or hot forming, N/A","Casting or hot forming, N/A, HT1, N/A"
30886," Casting or hot forming, N/A","Casting or Hot Forming, N/A"
31099," Permanent Mould Casting, N/A","Permanent Mould Casting, N/A"
31100,N/A,   N/A
31249,N/A,   N/A
31250,N/A,   N/A
31251,N/A,   N/A
31252,N/A,   N/A
31253,N/A,   N/A
31327," Button-arc melting, Temperature: 1523/K, Time: 1/hour","Button-arc melting, Temperature: 1523/K, Time: 1/hour"
31328," Button-arc melting, Temperature: 1523/K, Time: 1/hour","Button-arc melting, Temperature: 1523/K, Time: 1/hour"
31329,"  Button-arc melting, Time: 1/hour, Temperature: 1523/K"," Button-arc melting, Time: 1/hour, Temperature: 1523/K"
31330,"  Button-arc melting, Temperature: 1523/K, Time: 1/hour"," Button-arc melting, Temperature: 1523/K, Time: 1/hour"
31331," Button-arc melting, Temperature: 1523/K, Time: 1/hour.","Button-arc melting, Temperature: 1523/K, Time: 1/hour."
31332," Button-arc melting, Temperature: 1523/K, Time: 1/hour.","Button-arc melting, Temperature: 1523/K, Time: 1/hour."
31333," Oxidation test, Temperature: 1200/°C","Oxidation test, Temperature: 1200/°C"
31334," Oxidation test, Temperature: 1200/°C","Oxidation test, Temperature: 1200/°C"
31365," Service-exposed, N/A","Service-exposed, N/A"
31366,N/A,   N/A
31367,N/A,   N/A
31368,N/A,   N/A
31369,N/A,   N/A
31594,N/A,   N/A
31595,N/A,   N/A
31596,N/A,   N/A
31597,N/A,   N/A
31598,N/A,   N/A
31599,"Severe Plastic Deformation:  N/A,, , N/A,Friction Processing: Dry sliding friction,Rotation speed: N/A,Processing speed: N/A, N/A","Severe Plastic Deformation:  N/A, 300/°C, , Time: 1/h,Friction Processing: Dry sliding friction,Rotation speed: N/A,Processing speed: N/A, N/A"
31600,"Severe Plastic Deformation:  N/A,, , N/A,Friction Processing: Dry sliding friction,Rotation speed: N/A,Processing speed: N/A, N/A","Severe Plastic Deformation:  N/A, 400/°C, , Time: 1/h,Friction Processing: Dry sliding friction,Rotation speed: N/A,Processing speed: N/A, Temperature: 400/°C, Time: 1/h"
31601,"Severe Plastic Deformation:  N/A,, , N/A,Friction Processing: Dry sliding friction,Rotation speed: N/A,Processing speed: N/A, N/A","Severe Plastic Deformation:  N/A, 480/°C, , Time: 1/h, Friction Processing: Dry sliding friction,Rotation speed: N/A,Processing speed: N/A, N/A"
31602,"Alloying: Mechanical Alloying,,Rotation speed: N/A, N/A, Severe Plastic Deformation:  N/A,, , N/A","Severe Plastic Deformation:  N/A,, , N/A, Mechanical Alloying, N/A"
31603,"Alloying: Mechanical Alloying,,Rotation speed: N/A, N/A","Mechanical alloying, N/A."
31604," , N/A",", N/A"
31605,"Pressing/Compression:  Pressed, N/A","Pressing/Compression:  Pressed, N/A"
31692,N/A,   N/A
31693,N/A,   N/A
31694,N/A,   N/A
31704,"Severe Plastic Deformation:  Megaplastic Deformation,, 4/GPa, Torsion Angle: 2/π/rad, True Strain at 1/2 Disk Radius: 7.0/N/A","Severe Plastic Deformation:  Megaplastic Deformation,, 4/GPa, Torsion Angle: 2/π/rad, True Strain at 1/2 Disk Radius: 7.0/N/A"
31705,"Severe Plastic Deformation:  Megaplastic Deformation,, 4/GPa, Torsion Angle: 10/π/rad, True Strain at 1/2 Disk Radius: 8.6/N/A","Severe Plastic Deformation:  Megaplastic Deformation,, 4/GPa, Torsion Angle: 10/π/rad, True Strain at 1/2 Disk Radius: 8.6/N/A"
31706,"Severe Plastic Deformation:  Megaplastic Deformation,, 4/GPa, Torsion Angle: 20/π/rad, True Strain at 1/2 Disk Radius: 9.3/N/A","Severe Plastic Deformation:  Megaplastic Deformation,, 4/GPa, Torsion Angle: 20/π/rad, True Strain at 1/2 Disk Radius: 9.3/N/A"
31789,N/A,   N/A
31790,N/A,   N/A
31791,N/A,   N/A
31792,N/A,   N/A
31793,N/A,   N/A
31794,N/A,   N/A
31851,N/A,   N/A
31852,"Rolling:  MPR,, Starting Thickness: N/A, Final Thickness: N/A, Thickness Reduction Ratio: 30%","Rolling:  MPR,, Starting Thickness: N/A, Final Thickness: N/A, Thickness Reduction Ratio: 30%"
31853," MPR + PTT, Temperature: 373/K","MPR + PTT, Temperature: 373/K"
31854," MPR + PTT, Temperature: 473/K","MPR + PTT, Temperature: 473/K"
31855," MPR + PTT, Temperature: 573/K","MPR + PTT, Temperature: 573/K"
31856," MPR + PTT, Temperature: 673/K","MPR + PTT, Temperature: 673/K"
31857,"  MPR + PTT,  Temperature: 773/K"," MPR + PTT,  Temperature: 773/K"
31858," MPR + PTT, Temperature: 873/K.","MPR + PTT, Temperature: 873/K."
31859,"  MPR + PTT,  Temperature: 973/K"," MPR + PTT,  Temperature: 973/K"
31860,"Rolling:  Multipass-rolling,, Starting Thickness: N/A, Final Thickness: N/A, Thickness Reduction Ratio: N/A","Rolling:  Multipass-rolling,, Starting Thickness: N/A, Final Thickness: N/A, Thickness Reduction Ratio: N/A, Annealing, N/A"
31942," SEBM, Current: 9.5/mA","SEBM, Current: 9.5/mA"
31943," SEBM, Current: 19.0/mA","SEBM, Current: 19.0/mA"
31944,N/A,   N/A
31945,N/A,   N/A
31946,N/A,   N/A
32004," N/A, Anodization Voltage: 60/V, Time: 3/h, Electrolyte: fluoride ethylene glycol/N/A, Water content: 20/wt.%.","Anodization, Voltage: 60/V, Time: 3/h, Electrolyte: fluoride ethylene glycol/N/A, Water content: 20/wt.%."
32005," N/A, Storage conditions:exposed to environmental conditions for more than four years","N/A, Storage conditions:exposed to environmental conditions for more than four years"
32012,N/A,   N/A
32013,N/A,   N/A
32014,N/A,   N/A
32015,N/A,   N/A
32016,N/A,   N/A
32017,"Severe Plastic Deformation:  ECAP,, , N/A","Severe Plastic Deformation:  ECAP,,, N/A"
32018,"Severe Plastic Deformation:  ECAP,, , N/A","Severe Plastic Deformation:  ECAP,, , N/A"
32019,"Severe Plastic Deformation:  ECAP,, , N/A","Severe Plastic Deformation:  ECAP,, , N/A"
32020,"Severe Plastic Deformation:  ECAP,, , N/A","Severe Plastic Deformation:  ECAP,, , N/A"
32021," Sintering, Time: 1/h, Temperature: 1300/°C, Pressure: 10-6/mbar.","Sintering, Time: 1/h, Temperature: 1300/°C, Pressure: 10-6/mbar."
32022," Sintering, Time: 1/h, Temperature: 1300/°C, Pressure: 10-6/mbar.","Sintering, Time: 1/h, Temperature: 1300/°C, Pressure: 10-6/mbar."
32023," Sintering, Time: 1/h, Temperature: 1300/°C, Pressure: 10-6/mbar.","Sintering, Time: 1/h, Temperature: 1300/°C, Pressure: 10-6/mbar."
32024," Sintering, Time: 1/h, Temperature: 1300/°C, Pressure: 10-6/mbar.","Sintering, Time: 1/h, Temperature: 1300/°C, Pressure: 10-6/mbar."
32038,N/A,   N/A
32039,N/A,   N/A
32040,N/A,   N/A
32041,N/A,   N/A
32042,N/A,   N/A
32043,N/A,   N/A
32044,"  Temperature of heating for TMT, Temperature: 642/°C, Cooling rate to 580°C: 18/°C/h, Cooling rate to 500°C: 8/°C/h"," Temperature of heating for TMT, Temperature: 642/°C, Cooling rate to 580°C: 18/°C/h, Cooling rate to 500°C: 8/°C/h"
32045,"  Temperature of heating for TMT, Temperature: 640/°C, Cooling rate to 580°C: 20/°C/h, Cooling rate to 500°C: 9.36/°C/h"," Temperature of heating for TMT, Temperature: 640/°C, Cooling rate to 580°C: 20/°C/h, Cooling rate to 500°C: 9.36/°C/h"
32046,"  Temperature of heating for TMT, Temperature: 643.4/°C, Cooling rate to 580°C: 20/°C/h, Cooling rate to 500°C: 6/°C/h"," Temperature of heating for TMT, Temperature: 643.4/°C, Cooling rate to 580°C: 20/°C/h, Cooling rate to 500°C: 6/°C/h"
32047,"  Temperature of heating for TMT, Temperature: 638/°C, Cooling rate to 580°C: 22/°C/h, Cooling rate to 500°C: 4/°C/h"," Temperature of heating for TMT, Temperature: 638/°C, Cooling rate to 580°C: 22/°C/h, Cooling rate to 500°C: 4/°C/h"
32048,"  Temperature of heating for TMT, Temperature: 642°C, Cooling rate to 580°C: 22/°C/h, Cooling rate to 500°C: 4/°C/h"," Temperature of heating for TMT, Temperature: 642/°C, Cooling rate to 580°C: 22/°C/h, Cooling rate to 500°C: 4/°C/h"
32049,N/A,   N/A
32095,"Forge:  Thixoforging, ,  Applied Pressure: 110/MPa,","Forge:  Thixoforging, ,  Applied Pressure: 110/MPa"
32096,"Forge:  Thixoforging, ,  Applied Pressure: 110/MPa,","Forge:  Thixoforging, ,  Applied Pressure: 110/MPa"
32097,"Forge:  Thixoforging, ,  Applied Pressure: 110/MPa,","Forge:  Thixoforging, ,  Applied Pressure: 110/MPa"
32098,"Forge:  Thixoforging, ,  Applied Pressure: 140/MPa,","Forge:  Thixoforging, ,  Applied Pressure: 140/MPa"
32099,"Forge:  Thixoforging, ,  Applied Pressure: 140/MPa,","Forge:  Thixoforging, ,  Applied Pressure: 140/MPa"
32100,"Forge:  Thixoforging, ,  Applied Pressure: 140/MPa,","Forge:  Thixoforging, ,  Applied Pressure: 140/MPa"
32101,"Forge:  Thixoforging, ,  Applied Pressure: 170/MPa,","Forge:  Thixoforging, ,  Applied Pressure: 170/MPa"
32102,"Forge:  Thixoforging, ,  Applied Pressure: 170/MPa,","Forge:  Thixoforging, ,  Applied Pressure: 170/MPa"
32103,"Forge:  Thixoforging, ,  Applied Pressure: 170/MPa,","Forge:  Thixoforging, ,  Applied Pressure: 170/MPa"
32127,N/A,   N/A
32128,N/A,   N/A
32129,N/A,   N/A
32130,N/A,   N/A
32200,N/A,   N/A
32201,N/A,   N/A
32202,N/A,   N/A
32206,N/A,   N/A
32207,N/A,   N/A
32208,N/A,   N/A
32209,N/A,   N/A
32210,N/A,   N/A
32211,N/A,   N/A
32212,N/A,   N/A
32213,N/A,   N/A
