ID,GroundTruth_Composition,Extracted_Composition
109,"N/A,N/A, Cu:3.91/wt.%, Mg:0.30/wt.%, Ag:0.38/wt.%, Al:Bal./wt.%,","N/A,N/A, Cu:3.91/wt.%, Mg:0.30/wt.%, Ag:0.38/wt.%, Al:Bal./wt.%,"
110,"N/A,N/A, Cu:3.87/wt.%, Mg:0.29/wt.%, Ag:0.57/wt.%, Al:Bal./wt.%, ","N/A,N/A, Cu:3.87/wt.%, Mg:0.29/wt.%, Ag:0.57/wt.%, Al:Bal./wt.%, "
111,"N/A,N/A, Cu:5.95/wt.%, Mg:0.42/wt.%, Ag:0.59/wt.%, Al:Bal./wt.%,","N/A,N/A, Cu:5.95/wt.%, Mg:0.42/wt.%, Ag:0.59/wt.%, Al:Bal./wt.%,"
226,"Inconel 718,Uncoated, N/A,","Inconel 718,N/A, N/A,"
227,"Inconel 718,TiN,coated, N/A,","Inconel 718,N/A, N/A,"
228,"TiAlSiN/TiSiN/TiAlN,Inconel 718,Nanocomposite,coated,N/A,","TiAlSiN/TiSiN/TiAlN,N/A, Inconel 718:N/A,"
229,"Inconel 718,TiAlN,coated, N/A, ","N/A,N/A, Inconel 718:N/A/unit, "
253,"Ti-6Al-4V,As-Fabricated (AF), Ti:Bal/wt.%, Al:6/wt.%, V:4/wt.%, ","Ti-6Al-4V,As-Fabricated (AF), Ti:Bal/wt.%, Al:6/wt.%, V:4/wt.%, "
254,"Ti-6Al-4V,Water Quenched (WQ), Ti:Bal/wt.%, Al:6/wt.%, V:4/wt.%,","Ti-6Al-4V,Water Quenched (WQ), Ti:Bal/wt.%, Al:6/wt.%, V:4/wt.%,"
255,"Ti-6Al-4V,Air Cooled (AC), Ti:Bal/wt.%, Al:6/wt.%, V:4/wt.%,","Ti-6Al-4V,Air Cooled (AC), Ti:Bal/wt.%, Al:6/wt.%, V:4/wt.%,"
256,"Ti-6Al-4V,Furnace Cooled (FC), Ti:Bal/wt.%, Al:6/wt.%, V:4/wt.%, ","Ti-6Al-4V,Furnace Cooled (FC), Ti:Bal/wt.%, Al:6/wt.%, V:4/wt.%, "
257,"Ti-6Al-4V,N/A, Ti:Bal/wt.%, Al:6/wt.%, V:4/wt.%,","Ti-6Al-4V,N/A, Ti:Bal/wt.%, Al:6/wt.%, V:4/wt.%,"
267,"AISI 316L-1,N/A, Cr:17.5–18/wt.%,Mn:≤2/wt.%,Si:≤0.75/wt.%,C:≤0.3/wt.%,P:≤0.025/wt.%,S:≤0.01/wt.%,Mo:2.25–2.5/wt.%,Ni:12.5–13/wt.%,Fe:Bal./wt.%,","AISI 316L-1,N/A, Cr:17.5–18/wt.%,Mn:≤2/wt.%,Si:≤0.75/wt.%,C:≤0.3/wt.%,P:≤0.025/wt.%,S:≤0.01/wt.%,Mo:2.25–2.5/wt.%,Ni:12.5–13/wt.%,Fe:Bal./wt.%,"
268,"AISI 316L-2,N/A, Cr:17.5–18/wt.%,Mn:≤2/wt.%,Si:≤0.75/wt.%,C:≤0.3/wt.%,P:≤0.025/wt.%,S:≤0.01/wt.%,Mo:2.25–2.5/wt.%,Ni:12.5–13/wt.%,Fe:Bal./wt.%,","AISI 316L-2,N/A, Cr:17.5–18/wt.%,Mn:≤2/wt.%,Si:≤0.75/wt.%,C:≤0.3/wt.%,P:≤0.025/wt.%,S:≤0.01/wt.%,Mo:2.25–2.5/wt.%,Ni:12.5–13/wt.%,Fe:Bal./wt.%,"
269,"AISI 316L-3,N/A, Cr:17.5–18/wt.%,Mn:≤2/wt.%,Si:≤0.75/wt.%,C:≤0.3/wt.%,P:≤0.025/wt.%,S:≤0.01/wt.%,Mo:2.25–2.5/wt.%,Ni:12.5–13/wt.%,Fe:Bal./wt.%,","AISI 316L-3,N/A, Cr:17.5–18/wt.%,Mn:≤2/wt.%,Si:≤0.75/wt.%,C:≤0.3/wt.%,P:≤0.025/wt.%,S:≤0.01/wt.%,Mo:2.25–2.5/wt.%,Ni:12.5–13/wt.%,Fe:Bal./wt.%,"
270,"AISI 316L-4,N/A, Cr:17.5–18/wt.%,Mn:≤2/wt.%,Si:≤0.75/wt.%,C:≤0.3/wt.%,P:≤0.025/wt.%,S:≤0.01/wt.%,Mo:2.25–2.5/wt.%,Ni:12.5–13/wt.%,Fe:Bal./wt.%,","AISI 316L-4,N/A, Cr:17.5–18/wt.%,Mn:≤2/wt.%,Si:≤0.75/wt.%,C:≤0.3/wt.%,P:≤0.025/wt.%,S:≤0.01/wt.%,Mo:2.25–2.5/wt.%,Ni:12.5–13/wt.%,Fe:Bal./wt.%,"
271,"AISI 316L-5,N/A, Cr:17.5–18/wt.%,Mn:≤2/wt.%,Si:≤0.75/wt.%,C:≤0.3/wt.%,P:≤0.025/wt.%,S:≤0.01/wt.%,Mo:2.25–2.5/wt.%,Ni:12.5–13/wt.%,Fe:Bal./wt.%,","AISI 316L-5,N/A, Cr:17.5–18/wt.%,Mn:≤2/wt.%,Si:≤0.75/wt.%,C:≤0.3/wt.%,P:≤0.025/wt.%,S:≤0.01/wt.%,Mo:2.25–2.5/wt.%,Ni:12.5–13/wt.%,Fe:Bal./wt.%,"
272,"N/A,N/A, Cu:3.91/wt.%, Zr:0.09/wt.%, Mg:1.23/wt.%, Zn:0.1/wt.%, Ti:0.04/wt.%, Si:0.06/wt.%, Fe:0.08/wt.%, Mn:0.72/wt.%, Al:93.77/wt.%,","N/A,N/A, Cu:3.91/wt.%, Zr:0.09/wt.%, Mg:1.23/wt.%, Zn:0.1/wt.%, Ti:0.04/wt.%, Si:0.06/wt.%, Fe:0.08/wt.%, Mn:0.72/wt.%, Al:93.77/wt.%,"
273,"N/A,N/A, Cu:3.91/wt.%, Zr:0.09/wt.%,Mg:1.23/wt.%,Zn:0.1/wt.%,Ti:0.04/wt.%,Si:0.06/wt.%,Fe:0.08/wt.%,Mn:0.72/wt.%,Al:93.77/wt.%,","N/A,N/A, Cu:3.91/wt.%, Zr:0.09/wt.%,Mg:1.23/wt.%,Zn:0.1/wt.%,Ti:0.04/wt.%,Si:0.06/wt.%,Fe:0.08/wt.%,Mn:0.72/wt.%,Al:93.77/wt.%,"
274,"N/A,N/A, Cu:3.91/wt.%,Zr:0.09/wt.%,Mg:1.23/wt.%,Zn:0.1/wt.%,Ti:0.04/wt.%,Si:0.06/wt.%,Fe:0.08/wt.%,Mn:0.72/wt.%,Al:93.77/wt.%,","N/A,N/A, Cu:3.91/wt.%,Zr:0.09/wt.%,Mg:1.23/wt.%,Zn:0.1/wt.%,Ti:0.04/wt.%,Si:0.06/wt.%,Fe:0.08/wt.%,Mn:0.72/wt.%,Al:93.77/wt.%,"
388,"N/A,N/A, Ni:Bal/wt.%, Cr:21.98/wt.%, Mo:8.94/wt.%, W:0.54/wt.%, Co:1.48/wt.%, Fe:18.04/wt.%, C:0.082/wt.%, Si:0.01/wt.%, O:115/ppm,","N/A,N/A, Ni:Bal, Cr:21.98/wt.%, Mo:8.94/wt.%, W:0.54/wt.%, Co:1.48/wt.%, Fe:18.04/wt.%, C:0.082/wt.%, Si:0.01/wt.%, O:115/ppm,"
389,"N/A,N/A, Ni:Bal/wt.%, Cr:21.98/wt.%, Mo:8.94/wt.%, W:0.54/wt.%, Co:1.48/wt.%, Fe:18.04/wt.%, C:0.082/wt.%, Si:0.01/wt.%, O:115/ppm,","N/A,N/A, Ni:Bal, Cr:21.98/wt.%, Mo:8.94/wt.%, W:0.54/wt.%, Co:1.48/wt.%, Fe:18.04/wt.%, C:0.082/wt.%, Si:0.01/wt.%, O:115/ppm,"
390,"N/A,N/A, Ni:Bal/wt.%, Cr:21.98/wt.%,Mo:8.94/wt.%,W:0.54/wt.%,Co:1.48/wt.%,Fe:18.04/wt.%,C:0.082/wt.%,Si:0.01/wt.%,O:115/ppm,","N/A,N/A, Ni:Bal, Cr:21.98/wt.%,Mo:8.94/wt.%,W:0.54/wt.%,Co:1.48/wt.%,Fe:18.04/wt.%,C:0.082/wt.%,Si:0.01/wt.%,O:115/ppm,"
391,"N/A,N/A, Ni:Bal/wt.%, Cr:22.25/wt.%,Mo:8.86/wt.%,W:0.60/wt.%,Co:1.54/wt.%,Fe:18.26/wt.%,C:0.073/wt.%,Si:0.01/wt.%,O:86/ppm,Y:0.046/wt.%,","N/A,N/A, Ni:Bal, Cr:22.25/wt.%,Mo:8.86/wt.%,W:0.60/wt.%,Co:1.54/wt.%,Fe:18.26/wt.%,C:0.073/wt.%,Si:0.01/wt.%,O:86/ppm,Y:0.046/wt.%,"
392,"N/A,N/A, Ni:Bal/wt.%, Cr:22.25/wt.%, Mo:8.86/wt.%, W:0.60/wt.%, Co:1.54/wt.%, Fe:18.26/wt.%, C:0.073/wt.%, Si:0.01/wt.%, O:86/ppm, Y:0.046/wt.%,","N/A,N/A, Ni:Bal, Cr:22.25/wt.%, Mo:8.86/wt.%, W:0.60/wt.%, Co:1.54/wt.%, Fe:18.26/wt.%, C:0.073/wt.%, Si:0.01/wt.%, O:86/ppm, Y:0.046/wt.%,"
393,"N/A,N/A, Ni:Bal/wt.%, Cr:22.25/wt.%, Mo:8.86/wt.%, W:0.60/wt.%, Co:1.54/wt.%, Fe:18.26/wt.%, C:0.073/wt.%, Si:0.01/wt.%, O:86/ppm, Y:0.046/wt.%,","N/A,N/A, Ni:Bal, Cr:22.25/wt.%, Mo:8.86/wt.%, W:0.60/wt.%, Co:1.54/wt.%, Fe:18.26/wt.%, C:0.073/wt.%, Si:0.01/wt.%, O:86/ppm, Y:0.046/wt.%,"
428,"Inconel 718,Powder, Ni:55.30/wt.%, Cr:16.30/wt.%, Fe:18.35/wt.%, Mo:3.03/wt.%, Nb:5.05/wt.%, Ti:0.85/wt.%, Al:0.52/wt.%, Ta:0.37/wt.%, Co:0.08/wt.%, C:0.04/wt.%, Mn:0.02/wt.%, Si:0.04/wt.%, P:0.05/wt.%,","Inconel 718,N/A, Ni:55.30/wt.%, Cr:16.30/wt.%, Fe:18.35/wt.%, Mo:3.03/wt.%, Nb:5.05/wt.%, Ti:0.85/wt.%, Al:0.52/wt.%, Ta:0.37/wt.%, Co:0.08/wt.%, C:0.04/wt.%, Mn:0.02/wt.%, Si:0.04/wt.%, P:0.05/wt.%,"
429,"Inconel 718,LPBF-1, N/A,","Inconel 718,N/A, N/A:N/A,"
430,"Inconel 718,LPBF-2, N/A,","Inconel 718,N/A, N/A,"
431,"Inconel 718,ROD-2, N/A,","Inconel 718,N/A, N/A,"
701,"A533B,N/A, N/A,","
   
     A533B,
     N/A,
     
      Element 1: N/A,
      Element 2: N/A
    
  ,
  Others: Sample Name: Performance-1
"
702,"A533B,N/A, N/A,","
   N/A,
  Others: Composition: A533B-type low-alloy pressure vessel steel, Sample Name: Performance-2
"
703,"A533B,N/A, N/A,","
   
     A533B,
     N/A,
     
      A533B-type low-alloy pressure vessel steel: N/A
    
  ,
  Others: Performance-3
"
704,"A533B,N/A, N/A,","
   
     N/A,
     N/A,
     N/A
  ,
  Others: Composition: A533B-type low-alloy pressure vessel steel, Sample Name: Performance-4
"
705,"A533B,N/A, N/A,","
   
     N/A,
     N/A,
     N/A
  ,
  Others: Performance-5
"
706,"A533B,N/A, N/A,","
   
     A533B-type low-alloy pressure vessel steel,
     N/A,
     
      N/A: N/A
    
  ,
  Others: Sample Name: Performance-6
"
707,"A533B,N/A, N/A,","
   
     A533B,
     N/A,
     
      C: N/A/wt.%,
      Mn: N/A/wt.%,
      Si: N/A/wt.%,
      Cr: N/A/wt.%,
      Ni: N/A/wt.%,
      Mo: N/A/wt.%,
      V: N/A/wt.%,
      Al: N/A/wt.%
    
  ,
  Others: Performance-7
"
708,"A533B,N/A, N/A,","
   
     N/A,
     N/A,
     
      A533B-type: low-alloy pressure vessel steel
    
  ,
  Others: Sample Name: Performance-8
"
857,"N/A,As-cast,Cr:28/wt.%,Mo:5/wt.%,C:0.3/wt.%,Si:1.5/wt.%,Co:Rem./wt.%,","N/A,As-cast, Cr:28/%, Mo:5/%, C:0.3/%, Si:1.5/%, Co:Rem./%, "
858,"N/A,Aging: 850 °C for 4 h , Cr:28/wt.%, Mo:5/wt.%, C:0.3/wt.%, Si:1.5/wt.%, Co:Rem./wt.%,","
   
     N/A,
     Aging: 850°C for 4h,
     
      Cr: 28/%,
      Mo: 5/%,
      C: 0.3/%,
      Si: 1.5/%,
      Co: Rem./%
    
  ,
  Others: Sample Name
"
859,"N/A,Aging: 850 °C for 8 h , Cr:28/wt.%, Mo:5/wt.%, C:0.3/wt.%, Si:1.5/wt.%, Co:Rem./wt.%,","N/A,Aging: 850 °C for 8 h, Cr: 28/%, Mo: 5/%, C: 0.3/%, Si: 1.5/%, Co: Rem./%, "
860,"N/A,Aging: 850 °C for 16 h , Cr:28/wt.%, Mo:5/wt.%, C:0.3/wt.%, Si:1.5/wt.%, Co:Rem./wt.%,","
   
     N/A,
     Aging: 850 °C for 16 h,
     
      Cr: 28/%,
      Mo: 5/%,
      C: 0.3/%,
      Si: 1.5/%,
      Co: Rem./%
    
  ,
  Others: Sample Name
"
861,"N/A,Aging: 850 °C for 24 h,Cr:28/wt.%,Mo:5/wt.%,C:0.3/wt.%,Si:1.5/wt.%,Co:Rem./wt.%,","
   
     N/A,
     Aging: 850 °C for 24 h,
     
      Cr: 28/%,
      Mo: 5/%,
      C: 0.3/%,
      Si: 1.5/%,
      Co: Rem./%
    
  ,
  Others: Sample Name
"
1154,"Sn–3.0Ag–0.5Cu–0TiO2,N/A, Sn:96.5/wt.%,Ag:3.0/wt.%,Cu:0.5/wt.%,TiO2:0/wt.%,","Sn–3.0Ag–0.5Cu–0TiO2,N/A, Sn:96.5/wt.%, Ag:3.0/wt.%, Cu:0.5/wt.%, TiO2:0/wt.%,"
1155,"Sn–3.0Ag–0.5Cu–0.02TiO2,N/A, Sn:96.48/wt.%,Ag:3.0/wt.%,Cu:0.5/wt.%,TiO2:0.02/wt.%,","Sn–3.0Ag–0.5Cu–0.02TiO2,N/A, Sn:96.48/wt.%, Ag:3.0/wt.%, Cu:0.5/wt.%, TiO2:0.02/wt.%,"
1156,"Sn–3.0Ag–0.5Cu–0.05TiO2,N/A, Sn:96.45/wt.%,Ag:3.0/wt.%,Cu:0.5/wt.%,TiO2:0.05/wt.%,","Sn-3.0Ag-0.5Cu-0.05TiO2,N/A, Sn: 96.45/wt.%,  Ag: 3.0/wt.%, Cu: 0.5/wt.%, TiO2: 0.05/wt.%,"
1157,"Sn–3.0Ag–0.5Cu–0.1TiO2,N/A, Sn:96.4/wt.%, Ag:3.0/wt.%, Cu:0.5/wt.%, TiO2:0.1/wt.%,","Sn–3.0Ag–0.5Cu–0.1TiO2,N/A, Sn: 96.4/wt.%,  Ag: 3.0/wt.%, Cu: 0.5/wt.%, TiO2: 0.1/wt.%,"
1158,"Sn–3.0Ag–0.5Cu–0.3TiO2,N/A, Sn:96.2/wt.%,Ag:3.0/wt.%,Cu:0.5/wt.%,TiO2:0.3/wt.%,","Sn–3.0Ag–0.5Cu–0.3TiO2,N/A, Sn:96.2/wt.%, Ag:3.0/wt.%, Cu:0.5/wt.%, TiO2:0.3/wt.%, "
1159,"Sn–3.0Ag–0.5Cu–0.6TiO2,N/A, Sn:95.9/wt.%, Ag:3.0/wt.%, Cu:0.5/wt.%, TiO2:0.6/wt.%,","Sn–3.0Ag–0.5Cu–0.6TiO2,N/A, Sn:95.9/wt.%, Ag:3.0/wt.%, Cu:0.5/wt.%, TiO2:0.6/wt.%,"
1255,"Sn-5.5Sb-0.7Cu,SSC-557-1, Sn:Bal/wt.%, Sb:5.5/wt.%, Cu:0.7/wt.%,","Sn-5.5Sb-0.7Cu,N/A, Sn:Bal/wt.%, Sb:5.5/wt.%, Cu:0.7/wt.%,"
1256,"Sn-5.5Sb-0.7Cu,SSC-557-2, Sn:Bal/wt.%, Sb:5.5/wt.%, Cu:0.7/wt.%,","Sn-5.5Sb-0.7Cu,N/A, Sn:Bal/wt.%, Sb:5.5/wt.%, Cu:0.7/wt.%,"
1257,"Sn-5.5Sb-0.7Cu,SSC-557-3, Sn:Bal/wt.%, Sb:5.5/wt.%, Cu:0.7/wt.%,","Sn-5.5Sb-0.7Cu,N/A, Sn:Bal/wt.%, Sb:5.5/wt.%, Cu:0.7/wt.%,"
1258,"Sn-5.5Sb-0.7Cu,SSC-557-4, Sn:Bal/wt.%, Sb:5.5/wt.%, Cu:0.7/wt.%,","Sn-5.5Sb-0.7Cu,N/A, Sn:Bal/wt.%, Sb:5.5/wt.%, Cu:0.7/wt.%,"
1259,"Sn-5.5Sb-0.7Cu,SSC-557-5, Sn:Bal/wt.%, Sb:5.5/wt.%, Cu:0.7/wt.%,","Alloy:Sn-5.5Sb-0.7Cu,N/A, Sn:Bal/wt.%, Sb:5.5/wt.%, Cu:0.7/wt.%, "
1260,"Sn-5.5Sb-0.7Cu,HT,Sn:Bal/wt.%, Sb:5.5/wt.%, Cu:0.7/wt.%,Others:Smaple Name: SSC-557HT-1","Sn-5.5Sb-0.7Cu,HT, Sn:Bal/wt.%, Sb:5.5/wt.%, Cu:0.7/wt.%,"
1261,"Sn-5.5Sb-0.7Cu,HT,Sn:Bal/wt.%, Sb:5.5/wt.%, Cu:0.7/wt.%,Others:Smaple Name: SSC-557HT-2","Sn-5.5Sb-0.7Cu,HT, Sn:Bal/wt.%, Sb:5.5/wt.%, Cu:0.7/wt.%,"
1262,"Sn-5.5Sb-0.7Cu,HT,Sn:Bal/wt.%, Sb:5.5/wt.%, Cu:0.7/wt.%,Others:Smaple Name: SSC-557HT-3","Sn-5.5Sb-0.7Cu,HT, Sn:Bal/wt.%, Sb:5.5/wt.%, Cu:0.7/wt.%,"
1263,"Sn-5.5Sb-0.7Cu,HT,Sn:Bal/wt.%, Sb:5.5/wt.%, Cu:0.7/wt.%,Others:Smaple Name: SSC-557HT-4","Sn-5.5Sb-0.7Cu,HT, Sn:Bal/wt.%, Sb:5.5/wt.%, Cu:0.7/wt.%,"
1264,"Sn-5.5Sb-0.7Cu,HT,Sn:Bal/wt.%, Sb:5.5/wt.%, Cu:0.7/wt.%,Others:Smaple Name: SSC-557HT-5","Sn-5.5Sb-0.7Cu,HT, Sn:Bal/wt.%, Sb:5.5/wt.%, Cu:0.7/wt.%,"
1265,"Sn-5.5Sb-0.7Cu,PHT,Sn:Bal/wt.%, Sb:5.5/wt.%, Cu:0.7/wt.%,","Sn-5.5Sb-0.7Cu,PHT, Sn:Bal/wt.%, Sb:5.5/wt.%, Cu:0.7/wt.%,"
1266,"Sn-5.5Sb-0.7Cu,PHT,Sn:Bal/wt.%, Sb:5.5/wt.%, Cu:0.7/wt.%,","Sn-5.5Sb-0.7Cu,PHT, Sn:Bal/wt.%, Sb:5.5/wt.%, Cu:0.7/wt.%,"
1267,"Sn-5.5Sb-0.7Cu,PHT,Sn:Bal/wt.%, Sb:5.5/wt.%, Cu:0.7/wt.%,","Sn-5.5Sb-0.7Cu,PHT, Sn:Bal/at.%, Sb:5.5/at.%, Cu:0.7/at.%,"
1268,"Sn-5.5Sb-0.7Cu,PHT,Sn:Bal/wt.%, Sb:5.5/wt.%, Cu:0.7/wt.%,","Sn-5.5Sb-0.7Cu,PHT, Sn:Bal/wt.%, Sb:5.5/wt.%, Cu:0.7/wt.%,"
1269,"Sn-5.5Sb-0.7Cu,PHT,Sn:Bal/wt.%, Sb:5.5/wt.%, Cu:0.7/wt.%,","Sn-5.5Sb-0.7Cu,PHT, Sn:Bal/wt.%, Sb:5.5/wt.%, Cu:0.7/wt.%, "
1270,"Sn-5.5Sb-0.7Cu,As-Cast,Sb:5.505/wt.%,Cu:0.704/wt.%,Fe:0.004/wt.%,As:0.006/wt.%,Sn:Bal/wt.%,","Alloy:Sn-5.5Sb-0.7Cu,As-Cast, Sb:5.505/wt.%, Cu:0.704/wt.%, Fe:0.004/wt.%, As:0.006/wt.%, Sn:Bal/wt.%,"
1271,"Sn-5.5Sb-0.7Cu,Heat Treated,Sb:5.505/wt.%, Cu:0.704/wt.%, Fe:0.004/wt.%, As:0.006/wt.%, Sn:Bal/wt.%,","Sn-5.5Sb-0.7Cu,Heat Treated, Sn:Bal, Sb:5.505/wt.%, Cu:0.704/wt.%, Fe:0.004/wt.%, As:0.006/wt.%,"
1272,"Sn-5.5Sb-0.7Cu,Pressure Heat Treated (PHT), Sb:5.505/wt.%, Cu:0.704/wt.%, Fe:0.004/wt.%, As:0.006/wt.%, Sn:Bal/wt.%,","Sn-5.5Sb-0.7Cu,Pressure Heat Treated (PHT), Sb:5.505/wt.%, Cu:0.704/wt.%, Fe:0.004/wt.%, As:0.006/wt.%, Sn:Bal/wt.%, "
1694,"Sm(Co0.65Fe0.26Cu0.07Zr0.02)(7.5),N/A, N/A,","N/A,N/A, Sm:N/A, Co:0.65, Fe:0.26, Cu:0.07, Zr:0.02, Sm(Co0.65Fe0.26Cu0.07Zr0.02)(7.5):N/A, "
1695,"Sm(Co0.65Fe0.26Cu0.07Zr0.02)(7.5),N/A, N/A,","
   
     Sm(Co0.65Fe0.26Cu0.07Zr0.02)(7.5),
     N/A,
     
      Sm: Bal/at.%,
      Co: 0.65/at.%,
      Fe: 0.26/at.%,
      Cu: 0.07/at.%,
      Zr: 0.02/at.%
    
  ,
  Others: Sample Name: W
"
1696,"Sm(Co0.65Fe0.26Cu0.07Zr0.02)(7.5),N/A, N/A,","Sm(Co0.65Fe0.26Cu0.07Zr0.02)(7.5),N/A, Sm:Bal/at.%, Co:0.65/at.%, Fe:0.26/at.%, Cu:0.07/at.%, Zr:0.02/at.%, "
1697,"Sm(Co0.65Fe0.26Cu0.07Zr0.02)(7.5),N/A, N/A,","Alloy:N/A,N/A, Sm:N/A, Co:0.65, Fe:0.26, Cu:0.07, Zr:0.02, 7.5:N/A, "
1698,"Sm(Co0.65Fe0.26Cu0.07Zr0.02)(7.5),N/A, N/A,","Alloy:Sm(Co0.65Fe0.26Cu0.07Zr0.02)(7.5),N/A, Sm:Bal, Co:0.65, Fe:0.26, Cu:0.07, Zr:0.02, 7.5:N/A, "
1699,"Sm(Co0.65Fe0.26Cu0.07Zr0.02)(7.5),N/A, N/A,","Sm(Co0.65Fe0.26Cu0.07Zr0.02)7.5,N/A, Sm:7.5, Co:0.65, Fe:0.26, Cu:0.07, Zr:0.02, "
1923,"Steel St 235JR,N/A, C:0.17/wt.%, Si:0.20/wt.%, Mn:1.40/wt.%, Cu:0.15/wt.%, Cr:0.13/wt.%, Ni:0.06/wt.%, Mo:0.01/wt.%, S:0.042/wt.%, P:0.045/wt.%,","N/AN/A, C:0.17/wt.%, Si:0.20/wt.%, Mn:1.40/wt.%, Cu:0.15/wt.%, Cr:0.13/wt.%, Ni:0.06/wt.%, Mo:0.01/wt.%, S:0.042/wt.%, P:0.045/wt.%, "
1924,"Iron G-X 300 CrMo27,Cast, C:3.10/wt.%, Si:0.40/wt.%, Mn:0.82/wt.%, Cu:0.135/wt.%, Cr:21.8/wt.%, Ni:0.47/wt.%, Mo:1.60/wt.%, S:0.059/wt.%, P:0.002/wt.%,","
   
     N/A,
     N/A,
     
      C: 3.10/wt.%,
      Si: 0.40/wt.%,
      Mn: 0.82/wt.%,
      Cu: 0.135/wt.%,
      Cr: 21.8/wt.%,
      Ni: 0.47/wt.%,
      Mo: 1.60/wt.%,
      S: 0.059/wt.%,
      P: 0.002/wt.%
    
  ,
  Others: Sample Name: Cast Iron G-X 300 CrMo27
"
1925,"low-alloy steel-high-chromium cast iron,N/A, N/A,","N/A,N/A, N/A, "
2009,"ZhS6K-VI,Diagonal-island without heat treatment: 600 mm/sec,N/A,","ZhS6K-VI,Diagonal-island without heat treatment: 600 mm/sec, N/A, "
2010,"ZhS6K-VI,Diagonal-island without heat treatment: 800 mm/sec,N/A,","ZhS6K-VI,Diagonal-island without heat treatment: 800 mm/sec, Zh:N/A, S:N/A, K:N/A, VI:N/A,"
2011,"ZhS6K-VI,Diagonal-island without heat treatment: 1000 mm/sec,N/A,","ZhS6K-VI,Diagonal-island without heat treatment: 1000 mm/sec, ZhS6K:Bal/at.%, VI:N/A/at.%,"
2012,"ZhS6K-VI,Diagonal-island with heat treatment: 600 mm/sec,N/A,","ZhS6K-VI,Diagonal-island with heat treatment: 600 mm/sec, ZhS6K:Bal/at.%, VI:N/A/at.%,"
2013,"ZhS6K-VI,Checkerboard without heat treatment: 600 mm/sec,N/A,","ZhS6K-VI,Checkerboard without heat treatment: 600 mm/sec, N/A, "
2014,"ZhS6K-VI,Checkerboard without heat treatment: 800 mm/sec,N/A,","ZhS6K-VI,Checkerboard without heat treatment: 800 mm/sec, ZhS6K:Bal/wt.%, VI:N/A/wt.%,"
2015,"ZhS6K-VI,Checkerboard without heat treatment: 1000 mm/sec,N/A,","ZhS6K-VI,Checkerboard without heat treatment: 1000 mm/sec, N/A, "
2194,"N/A,Milling-45min,Cu:12.89/At%, In:24.10/At%, Ga:7.14/At%, Se:55.87/At%,",N/A
2195,"N/A,Milling-1.5h,Cu:24.39/at.%,In:21.42/at.%,Ga:7.22/at.%,Se:46.97/at.%,",N/A
2196,"N/A,Milling-3h,Cu:27.76/At%, In:21.07/At%, Ga:7.90/At%, Se:43.27/At%,","
   
     N/A,
     Milling-3h,
     
      Cu: 27.76/at.%,
      In: 21.07/at.%,
      Ga: 7.90/at.%,
      Se: 43.27/at.%
    
  ,
  Others: Sample Name
"
2197,"N/A,Milling-4.5h,Cu:31.93/At%, In:20.19/At%, Ga:4.74/At%, Se:43.15/At%,","N/A Milling-4.5h, Cu:31.93/at.%, In:20.19/at.%, Ga:4.74/at.%, Se:43.15/at.%, "
2198,"N/A,Milling-6h,Cu:33.49/At%, In:20.28/At%, Ga:5.50/At%, Se:42.31/At%,","N/A Milling-6h, Cu: 33.49/at.%,  In: 20.28/at.%, Ga: 5.50/at.%, Se: 42.31/at.%, "
2642,"AA5083-H18,N/A, N/A,","AA5083-H18,N/A, N/A, "
2643,"AA5083-H18,N/A, N/A,","AA5083-H18,N/A, N/A, "
2644,"AA5083-H18,N/A, N/A,","AA5083-H18,N/A, N/A, "
2674,"[CuNi12][NiFe12]2.08,N/A, N/A,","N/A,N/A, CuNi12: N/A, NiFe12: 2.08/N/A,"
2675,"[CuNi12][NiFe12]1.56,N/A, N/A,","N/A,N/A, CuNi12:12/N/A, NiFe12:1.56/N/A,"
2676,"[CuNi12][NiFe12]1.20,N/A, N/A,","N/A,"
2677,"[CuNi12][NiFe12]0.92,N/A, N/A,","
   
     CuNi12NiFe12,
     N/A,
     
      Cu: N/A/wt.%,
      Ni: 12/wt.%,
      Fe: 12/wt.%
    
  ,
  Others: Sample 5
"
2678,"[Cu0.65Ni12][NiFe12]1.66,N/A, N/A,","N/A,N/A, Cu:0.65/N/A, Ni:12/N/A, Fe:12/N/A,"
2679,"[Cu0.83Ni12][NiFe12]1.66,N/A, N/A,",N/A
2680,"[CuNi12][NiFe12]1.66,N/A, N/A,","N/A,"
2681,"[Cu1.18Ni12][NiFe12]1.66,N/A, N/A,","N/A,N/A, Cu:1.18/N/A, Ni:12/N/A, Fe:12/N/A, "
2682,"[Cu1.37Ni12][NiFe12]1.66,N/A, N/A,","
   
     N/A,
     N/A,
     
      Cu: 1.37/N/A,
      Ni: 13.98/N/A,
      Fe: 12/N/A
    
  ,
  Others: Sample Name: Sample 10
"
3546,"N/A,N/A, Sn:96.5/wt.%, Ag:3.5/wt.%,","N/A,N/A, Sn: 96.5/wt.%,  Ag: 3.5/wt.%, "
3547,"N/A,N/A, Sn:96.5/wt.%, Ag:3.5/wt.%,","N/A,N/A, Sn: 96.5/wt.%,  Ag: 3.5/wt.%, "
3548,"N/A,N/A, Sn:96.5/wt.%, Ag:3.5/wt.%,","N/A,N/A, Sn:96.5/wt.%, Ag:3.5/wt.%, "
3549,"N/A,N/A, Sn:96.3/wt.%, Ag:3.0/wt.%, Cu:0.7/wt.%,","N/A,N/A, Sn:96.3/wt.%, Ag:3.0/wt.%, Cu:0.7/wt.%,"
3550,"N/A,N/A, Sn:96.3/wt.%, Ag:3.0/wt.%, Cu:0.7/wt.%,","N/A,N/A, Sn: 96.3/wt.%,  Ag: 3.0/wt.%, Cu: 0.7/wt.%,"
3551,"N/A,N/A, Sn:96.3/wt.%, Ag:3.0/wt.%, Cu:0.7/wt.%,","
   
     N/A,
     N/A,
     
      Sn: 96.3/wt.%,
      Ag: 3.0/wt.%,
      Cu: 0.7/wt.%
    
  ,
  Others: Sample Name: Sample
"
3552,"N/A,N/A, Sn:95.5/wt.%, Ag:3.0/wt.%, Cu:1.5/wt.%,","
   
     N/A,
     N/A,
     
      Sn: 95.5/wt.%,
      Ag: 3.0/wt.%,
      Cu: 1.5/wt.%
    
  ,
  Others: Sample Name: Sample
"
3553,"N/A,N/A, Sn:95.5/wt.%, Ag:3.0/wt.%, Cu:1.5/wt.%,","N/A,N/A, Sn:95.5/wt.%, Ag:3.0/wt.%, Cu:1.5/wt.%,"
3554,"N/A,N/A, Sn:95.5/wt.%, Ag:3.0/wt.%, Cu:1.5/wt.%,","N/A,N/A, Sn:95.5/wt.%, Ag:3.0/wt.%, Cu:1.5/wt.%,"
3555,"N/A,N/A, Sn:95.4/wt.%, Ag:3.7/wt.%, Cu:0.9/wt.%,","
   
     N/A,
     N/A,
     
      Sn: 95.4/wt.%,
      Ag: 3.7/wt.%,
      Cu: 0.9/wt.%
    
  ,
  Others: Sample Name: Sample
"
3556,"N/A,N/A, Sn:95.4/wt.%, Ag:3.7/wt.%, Cu:0.9/wt.%,","N/A,N/A, Sn: 95.4/wt.%,  Ag: 3.7/wt.%, Cu: 0.9/wt.%, "
3557,"N/A,N/A, Sn:95.4/wt.%, Ag:3.7/wt.%, Cu:0.9/wt.%,","N/A,N/A, Sn:95.4/wt.%, Ag:3.7/wt.%, Cu:0.9/wt.%,"
3558,"N/A,N/A, Sn:93.5/wt.%, Ag:6.0/wt.%, Cu:0.5/wt.%,","N/A,N/A, Sn:93.5/wt.%, Ag:6.0/wt.%, Cu:0.5/wt.%,"
3559,"N/A,N/A, Sn:93.5/wt.%, Ag:6.0/wt.%, Cu:0.5/wt.%,","N/A,N/A, Sn: 93.5/wt.%,  Ag: 6.0/wt.%, Cu: 0.5/wt.%, "
3560,"N/A,N/A, Sn:93.5/wt.%, Ag:6.0/wt.%, Cu:0.5/wt.%,","N/A,N/A, Sn:93.5/wt.%, Ag:6.0/wt.%, Cu:0.5/wt.%,"
3743,"N/A,N/A, Si:0.439/wt.%, Fe:0.195/wt.%,Cu:0.004/wt.%,Mn:0.029/wt.%,Mg:0.479/wt.%,Zn:0.007/wt.%,Ti:0.013/wt.%,Cr:0.003/wt.%,Al:Bal/wt.%,","
   \Alloy Formula\:\N/A\,
   N/A,
   \Si\: \0.439/wt.%\, \Fe\: \0.195/wt.%\, \Cu\: \0.004/wt.%\, \Mn\: \0.029/wt.%\, \Mg\: \0.479/wt.%\, \Zn\: \0.007/wt.%\, \Ti\: \0.013/wt.%\, \Cr\: \0.003/wt.%\, \Al\: \Bal/wt.%\,
  Others: Sample Name: Performance-1
"
3744,"N/A,N/A, Si:0.439/wt.%, Fe:0.195/wt.%, Cu:0.004/wt.%, Mn:0.029/wt.%, Mg:0.479/wt.%, Zn:0.007/wt.%, Ti:0.013/wt.%, Cr:0.003/wt.%, Al:Bal/wt.%,","N/A,N/A, Si: 0.439/wt.%,  Fe: 0.195/wt.%, Cu: 0.004/wt.%, Mn: 0.029/wt.%, Mg: 0.479/wt.%, Zn: 0.007/wt.%, Ti: 0.013/wt.%, Cr: 0.003/wt.%, Al: Bal/wt.%, "
4368,"N/A,Unheated, Mg:Base/wt.%, Al:5.97/wt.%, Zn:1.00/wt.%, La:0.43/wt.%, O:0.07/wt.%,","N/A,"
4369,"N/A,Unheated,Mg:Base/wt.%, Al:5.94/wt.%, Zn:0.99/wt.%, La:0.85/wt.%, O:0.15/wt.%,","
   
     N/A,
     N/A,
     
      Mg: Bal/wt.%,
      Al: 5.94/wt.%,
      Zn: 0.99/wt.%,
      La: 0.85/wt.%,
      O: 0.15/wt.%
    
  ,
  Others: Unheated Sample S1
"
4370,"N/A,Unheated,Mg:Base/wt.%, Al:5.88/wt.%, Zn:0.98/wt.%, La:1.70/wt.%, O:0.29/wt.%,","
   
     N/A,
     Unheated,
     
      Mg: Bal/wt.%,
      Al: 5.88/wt.%,
      Zn: 0.98/wt.%,
      La: 1.70/wt.%,
      O: 0.29/wt.%
    
  ,
  Others: Sample Name: Unheated Sample S2
"
4371,"N/A,Heat-Treated,Mg:Base/wt.%, Al:5.97/wt.%, Zn:1.00/wt.%, La:0.43/wt.%, O:0.07/wt.%,",N/A
4372,"N/A,Heat-Treated,Mg:Base/wt.%, Al:5.94/wt.%, Zn:0.99/wt.%, La:0.85/wt.%, O:0.15/wt.%,","
   
     N/A,
     N/A,
     
      Mg: Bal/wt.%,
      Al: 5.94/wt.%,
      Zn: 0.99/wt.%,
      La: 0.85/wt.%,
      O: 0.15/wt.%
    
  ,
  Others: Heat-Treated Sample S1
"
4373,"N/A,Heat-Treated,Mg:Base/wt.%, Al:5.88/wt.%, Zn:0.98/wt.%, La:1.70/wt.%, O:0.29/wt.%,","
   
     N/A,
     N/A,
     
      Mg: Base,
      Al: 5.88/wt.%,
      Zn: 0.98/wt.%,
      La: 1.70/wt.%,
      O: 0.29/wt.%
    
  ,
  Others: Heat-Treated Sample S2
"
4374,"N/A,Aging-Treated,Mg:Base/wt.%, Al:5.88/wt.%, Zn:0.98/wt.%, La:1.70/wt.%, O:0.29/wt.%,","
   
     N/A,
     Aging-Treated Sample S2,
     
      Mg: Base/wt.%,
      Al: 5.88/wt.%,
      Zn: 0.98/wt.%,
      La: 1.70/wt.%,
      O: 0.29/wt.%
    
  ,
  Others: N/A
"
4889,"N/A,CR + 650°C , Ni:55.41/wt.%,W:38.53/wt.%,Co:5.09/wt.%,Ta:0.97/wt.%,","
   
     Ni-W-Co-Ta,
     CR + 650°C,
     
      Ni: 55.41/wt.%,
      W: 38.53/wt.%,
      Co: 5.09/wt.%,
      Ta: 0.97/wt.%
    
  ,
  Others: Sample Name
"
4890,"N/A,CR + 800°C,Ni:55.41/wt.%,W:38.53/wt.%,Co:5.09/wt.%,Ta:0.97/wt.%,","N/A,N/A, N/A, "
4891,"N/A,RTR + 700°C,Ni:55.41/wt.%, W:38.53/wt.%, Co:5.09/wt.%, Ta:0.97/wt.%,","N/A, "
4892,"N/A,RTR + 800°C,Ni:55.41/wt.%, W:38.53/wt.%, Co:5.09/wt.%, Ta:0.97/wt.%,","
   
     Ni-W-Co-Ta,
     RTR + 800°C,
     
      Ni: 55.41/wt.%,
      W: 38.53/wt.%,
      Co: 5.09/wt.%,
      Ta: 0.97/wt.%
    
  ,
  Others: Sample Name
"
4909,"TAZ321-0.6Y,as-cast,Mg:Bal./wt.%,Sn:3.06/wt.%,Al:2.03/wt.%,Zn:1.02/wt.%,Y:0.64/wt.%,","N/A,as-cast, Mg:Bal./wt.%, Sn:3.06/wt.%, Al:2.03/wt.%, Zn:1.02/wt.%, Y:0.64/wt.%, "
4911,"TAZ321-0.6Y,aged, Mg:Bal./wt.%, Sn:3.06/wt.%, Al:2.03/wt.%, Zn:1.02/wt.%, Y:0.64/wt.%,","N/A,TAZ321-0.6Y-aged, Mg:Bal./wt.%, Sn:3.06/wt.%, Al:2.03/wt.%, Zn:1.02/wt.%, Y:0.64/wt.%,"
5046,"N/A,HT25,Fe:21.4/at.%, Co:21.0/at.%, Cr:20.6/at.%, Ni:19.7/at.%, Mo:17.3/at.%,","N/A,N/A, Fe:21.4/at.%, Co:21.0/at.%, Cr:20.6/at.%, Ni:19.7/at.%, Mo:17.3/at.%,"
5047,"N/A,HT650,Fe:21.4/at.%, Co:21.0/at.%, Cr:20.6/at.%, Ni:19.7/at.%, Mo:17.3/at.%,","N/A,N/A, Fe:21.4/at.%, Co:21.0/at.%, Cr:20.6/at.%, Ni:19.7/at.%, Mo:17.3/at.%,"
5048,"N/A,HT750,Fe:21.4/at.%, Co:21.0/at.%, Cr:20.6/at.%, Ni:19.7/at.%, Mo:17.3/at.%,","N/A,N/A, Fe:21.4/at.%, Co:21.0/at.%, Cr:20.6/at.%, Ni:19.7/at.%, Mo:17.3/at.%,"
5049,"N/A,HT850, Fe:21.4/at.%, Co:21.0/at.%, Cr:20.6/at.%, Ni:19.7/at.%, Mo:17.3/at.%,","N/A,N/A, Fe: \21.4/at.%\, Co: \21.0/at.%\, Cr: \20.6/at.%\, Ni: \19.7/at.%\, Mo: \17.3/at.%\,"
5050,"N/A,HT950, Fe:21.4/at.%, Co:21.0/at.%, Cr:20.6/at.%, Ni:19.7/at.%, Mo:17.3/at.%,","Alloy:N/A,N/A, Fe:21.4/at.%, Co:21.0/at.%, Cr:20.6/at.%, Ni:19.7/at.%, Mo:17.3/at.%, "
5051,"N/A,HT1050, Fe:21.4/at.%, Co:21.0/at.%, Cr:20.6/at.%, Ni:19.7/at.%, Mo:17.3/at.%,","N/A,N/A, 'Fe': '21.4/at.%', 'Co': '21.0/at.%', 'Cr': '20.6/at.%', 'Ni': '19.7/at.%', 'Mo': '17.3/at.%',"
5114,"IN718,N/A, C:<0.08/wt.%,Mn:<0.35/wt.%,P:<0.015/wt.%,S:<0.015/wt.%,Si:<0.35/wt.%,Cr:17-21/wt.%,Ni:50-55/wt.%,Mo:2.80-3.30/wt.%,Nb: 4.75-5.50/wt.%,Ti:0.65-1.15/wt.%,Al:0.20-0.80/wt.%,Co:<1.00/wt.%,B:<0.006/wt.%,Cu:<0.30/wt.%, Ta:<0.05/wt.%,Fe:Balance/wt.%,","N/A,N/A, C:<0.08/wt.%, Mn:<0.35/wt.%, P:<0.015/wt.%, S:<0.015/wt.%, Si:<0.35/wt.%, Cr:17-21/wt.%, Ni:50-55/wt.%, Mo:2.80-3.30/wt.%, "
5115,"IN718,N/A, C:<0.08/wt.%,Mn:<0.35/wt.%,P:<0.015/wt.%,S:<0.015/wt.%,Si:<0.35/wt.%,Cr:17-21/wt.%,Ni:50-55/wt.%,Mo:2.80-3.30/wt.%,Nb: 4.75-5.50/wt.%,Ti:0.65-1.15/wt.%,Al:0.20-0.80/wt.%,Co:<1.00/wt.%,B:<0.006/wt.%,Cu:<0.30/wt.%,Ta:<0.05/wt.%,Fe:Balance/wt.%,","
   \Alloy Formula\:\IN718-2\,\States\:\N/A\, \Composition\:\C\:\<0.08/wt.%\, \Mn\:\<0.35/wt.%\, \P\:\<0.015/wt.%\, \S\:\<0.015/wt.%\, \Si\:\<0.35/wt.%\, \Cr\:\17-21/wt.%\, \Ni\:\50-55/wt.%\, \Mo\:\2.80-3.30/wt.%\,\Others\:\Sample Name: IN718-2\
"
5116,"IN718,N/A, C:<0.08/wt.%,Mn:<0.35/wt.%,P:<0.015/wt.%,S:<0.015/wt.%,Si:<0.35/wt.%,Cr:17-21/wt.%,Ni:50-55/wt.%,Mo:2.80-3.30/wt.%,Nb: 4.75-5.50/wt.%,Ti:0.65-1.15/wt.%,Al:0.20-0.80/wt.%,Co:<1.00/wt.%,B:<0.006/wt.%,Cu:<0.30/wt.%,Ta:<0.05/wt.%,Fe:Balance/wt.%,","N/A,C:<0.08/wt.%,Mn:<0.35/wt.%,P:<0.015/wt.%,S:<0.015/wt.%,Si:<0.35/wt.%,Cr:17-21/wt.%,Ni:50-55/wt.%,Mo:2.80-3.30/wt.%,"
5117,"IN718,N/A, C:<0.08/wt.%,Mn:<0.35/wt.%,P:<0.015/wt.%,S:<0.015/wt.%,Si:<0.35/wt.%,Cr:17-21/wt.%,Ni:50-55/wt.%,Mo:2.80-3.30/wt.%,Nb: 4.75-5.50/wt.%,Ti:0.65-1.15/wt.%,Al:0.20-0.80/wt.%,Co:<1.00/wt.%,B:<0.006/wt.%,Cu:<0.30/wt.%,Ta:<0.05/wt.%,Fe:Balance/wt.%,","N/A,N/A, C:<0.08/wt.%, Mn:<0.35/wt.%, P:<0.015/wt.%, S:<0.015/wt.%, Si:<0.35/wt.%, Cr:17-21/wt.%, Ni:50-55/wt.%, Mo:2.80-3.30/wt.%, "
6122,"304L SS,Solution Annealed,C:0.029/wt.%, Si:0.41/wt.%, Mn:1.66/wt.%, Cr:17.45/wt.%, Ni:8.97/wt.%, Mo:0.46/wt.%, S:0.028/wt.%, P:0.031/wt.%, Fe:Bal/wt.%,","N/A,Solution Annealed 304L SS, C:0.029/wt.%, Si:0.41/wt.%, Mn:1.66/wt.%, Cr:17.45/wt.%, Ni:8.97/wt.%, Mo:0.46/wt.%, S:0.028/wt.%, P:0.031/wt.%, Fe:Bal/wt.%,"
6123,"304L SS,Sensitized,C:0.029/wt.%, Si:0.41/wt.%, Mn:1.66/wt.%, Cr:17.45/wt.%, Ni:8.97/wt.%, Mo:0.46/wt.%, S:0.028/wt.%, P:0.031/wt.%, Fe:Bal/wt.%,","
   
     N/A,
     Sensitized,
     
      C: 0.029/wt.%,
      Si: 0.41/wt.%,
      Mn: 1.66/wt.%,
      Cr: 17.45/wt.%,
      Ni: 8.97/wt.%,
      Mo: 0.46/wt.%,
      S: 0.028/wt.%,
      P: 0.031/wt.%,
      Fe: Bal/wt.%
    
  ,
  Others: 304L SS
"
6184,"Ti6Al4V,N/A, N/A,","Ti6Al4V,N/A, Ti:Bal/wt.%, Al:4/wt.%, V:6/wt.%,"
6185,"Ti6Al4V,N/A, N/A,","Ti6Al4V,N/A, Ti:6/wt.%, Al:4/wt.%, V:N/A/wt.%,"
6186,"Ti6Al4V,N/A, N/A,","Ti6Al4V,N/A, Ti:6/wt.%, Al:4/wt.%, V:N/A/wt.%,"
6187,"Ti6Al4V,N/A, N/A,","Ti6Al4V,N/A, Ti:6/wt.%, Al:4/wt.%, V:N/A/wt.%,"
6188,"Ti6Al4V,N/A, N/A,","Ti6Al4V,N/A, Ti:6/wt.%, Al:4/wt.%, V:N/A/wt.%,"
6189,"Ti6Al4V,N/A, N/A,","Ti6Al4V,N/A, Ti:6/wt.%, Al:4/wt.%, V:N/A/wt.%,"
6190,"Ti6Al4V,N/A, N/A,","Ti6Al4V,N/A, Ti:6/wt.%, Al:4/wt.%, V:N/A/wt.%,"
6191,"Ti6Al4V,N/A, N/A,","Ti6Al4V,N/A, Ti:6/wt.%, Al:4/wt.%, V:N/A/wt.%,"
6953,"AZ80-0wt%Nd,as-cast,Al:8.52/wt.%,Zn:0.41/wt.%,Mn:0.27/wt.%,Nd:N/A,Si:≤0.01/wt.%,Mg:Bal/wt.%,","AZ80-0wt%Nd,as-cast, Al:8.52/wt.%, Zn:0.41/wt.%, Mn:0.27/wt.%, Nd:N/A, Si:0.01/wt.%, Mg:Bal/wt.%,"
6954,"AZ80-0.5wt%Nd,as-cast,Al:8.52/wt.%, Zn:0.41/wt.%, Mn:0.27/wt.%, Nd:0.5/wt.%, Si:≤0.01/wt.%, Mg:Bal/wt.%,","AZ80-0.5wt%Nd,as-cast, Al:8.52/wt.%, Zn:0.41/wt.%, Mn:0.27/wt.%, Nd:0.5/wt.%, Si:0.01/wt.%, Mg:Bal/wt.%,"
6955,"AZ80-1.0wt%Nd,as-cast,Al:8.52/wt.%, Zn:0.41/wt.%, Mn:0.27/wt.%, Nd:1.0/wt.%, Si:≤0.01/wt.%, Mg:Bal/wt.%,","Alloy:AZ80-1.0wt%Nd,as-cast, Al:8.52/wt.%, Zn:0.41/wt.%, Mn:0.27/wt.%, Nd:1.0/wt.%, Si:0.01/wt.%, Mg:Bal, "
9346,"N/A,UA, Mg:1.0/wt.%, Si:0.72/wt.%, Cu:0.23/wt.%, Mn:0.13/wt.%, Fe:0.14/wt.%, Cr:0.09/wt.%, Ti:0.01/wt.%, Al:Bal./wt.%,","
   \Alloy Formula\:\N/A\,
   \N/A\:\N/A\,
   \Mg\: \1.0/wt.%\, \Si\: \0.72/wt.%\, \Cu\: \0.23/wt.%\, \Mn\: \0.13/wt.%\, \Fe\: \0.14/wt.%\, \Cr\: \0.09/wt.%\, \Ti\: \0.01/wt.%\, \Al\: \Bal./wt.%\,
  Others: Sample Name: UA sample
"
9347,"N/A,CR40, Mg:1.0/wt.%, Si:0.72/wt.%,Cu:0.23/wt.%,Mn:0.13/wt.%,Fe:0.14/wt.%,Cr:0.09/wt.%,Ti:0.01/wt.%,Al:Bal./wt.%,","Alloy:N/A,N/A, Mg:1.0/wt.%, Si:0.72/wt.%, Cu:0.23/wt.%, Mn:0.13/wt.%, Fe:0.14/wt.%, Cr:0.09/wt.%, Ti:0.01/wt.%, Al:Bal./wt.%,"
9348,"N/A,CR50, Mg:1.0/wt.%, Si:0.72/wt.%, Cu:0.23/wt.%, Mn:0.13/wt.%, Fe:0.14/wt.%, Cr:0.09/wt.%, Ti:0.01/wt.%, Al:Bal./wt.%,","N/A,N/A, Mg:1.0/wt.%, Si:0.72/wt.%, Cu:0.23/wt.%, Mn:0.13/wt.%, Fe:0.14/wt.%, Cr:0.09/wt.%, Ti:0.01/wt.%, Al:Bal./wt.%, "
9349,"N/A,CR70, Mg:1.0/wt.%,Si:0.72/wt.%,Cu:0.23/wt.%,Mn:0.13/wt.%,Fe:0.14/wt.%,Cr:0.09/wt.%,Ti:0.01/wt.%,Al:Bal./wt.%,","N/A,N/A, Mg:1.0/wt.%, Si:0.72/wt.%, Cu:0.23/wt.%, Mn:0.13/wt.%, Fe:0.14/wt.%, Cr:0.09/wt.%, Ti:0.01/wt.%, Al:Bal./wt.%,"
9350,"N/A,CR80, Mg:1.0/wt.%, Si:0.72/wt.%,Cu:0.23/wt.%,Mn:0.13/wt.%,Fe:0.14/wt.%,Cr:0.09/wt.%,Ti:0.01/wt.%,Al:Bal./wt.%,","
   \Alloy Formula\:\N/A\,\States\:\N/A\,\Composition\: \Mg\: \1.0/wt.%\, \Si\: \0.72/wt.%\, \Cu\: \0.23/wt.%\, \Mn\: \0.13/wt.%\, \Fe\: \0.14/wt.%\, \Cr\: \0.09/wt.%\, \Ti\: \0.01/wt.%\, \Al\: \Bal./wt.%\,\Others\:\CR80 sample\
"
9379,"Pure Al,N/A, Al:Base/wt.%, Mn:N/A/wt.%,","N/A,N/A, Al:Base/wt.%, Mn:N/A/wt.%,"
9906,"S690QL,Base Material,C:0.16/wt.%, Si:0.29/wt.%, Mn:1.26/wt.%, Cr:0.05/wt.%, Mo:0.10/wt.%, Ni:0.03/wt.%, Al:0.07/wt.%, Cu:0.04/wt.%, Nb:0.02/wt.%, V:0.005/wt.%,","N/AN/A, C:0.16/wt.%, Si:0.29/wt.%, Mn:1.26/wt.%, Cr:0.05/wt.%, Mo:0.10/wt.%, Ni:0.03/wt.%, Al:0.07/wt.%, Cu:0.04/wt.%, Nb:0.02/wt.%, V:0.005/wt.%,"
9907,"S690QL,Welding Simulated Heat Treatment, 10s Cooling Time,C:0.16/wt.%,Si:0.29/wt.%,Mn:1.26/wt.%,Cr:0.05/wt.%,Mo:0.10/wt.%,Ni:0.03/wt.%,Al:0.07/wt.%,Cu:0.04/wt.%,Nb:0.02/wt.%,V:0.005/wt.%,","
   
     N/A,
     Welding Simulated Heat Treatment, 10s Cooling Time,
     
      C: 0.16/wt.%,
      Si: 0.29/wt.%,
      Mn: 1.26/wt.%,
      Cr: 0.05/wt.%,
      Mo: 0.10/wt.%,
      Ni: 0.03/wt.%,
      Al: 0.07/wt.%,
      Cu: 0.04/wt.%,
      Nb: 0.02/wt.%,
      V: 0.005/wt.%
    
  ,
  Others: Sample Name: S690QL
"
9908,"S690QL,Welding Simulated Heat Treatment, 20s Cooling Time,C:0.16/wt.%,Si:0.29/wt.%,Mn:1.26/wt.%,Cr:0.05/wt.%,Mo:0.10/wt.%,Ni:0.03/wt.%,Al:0.07/wt.%,Cu:0.04/wt.%,Nb:0.02/wt.%,V:0.005/wt.%,","
   
     N/A,
     S690QL Welding Simulated Heat Treatment, 20s Cooling Time,
     
      C: 0.16/wt.%,
      Si: 0.29/wt.%,
      Mn: 1.26/wt.%,
      Cr: 0.05/wt.%,
      Mo: 0.10/wt.%,
      Ni: 0.03/wt.%,
      Al: 0.07/wt.%,
      Cu: 0.04/wt.%,
      Nb: 0.02/wt.%,
      V: 0.005/wt.%
    
  ,
  Others: Sample Name
"
9909,"X80,Base Material, C:0.07/wt.%, Si:0.29/wt.%,Mn:1.95/wt.%,Cr:0.04/wt.%,Mo:0.18/wt.%,Ni:0.30/wt.%,Al:0.03/wt.%,Cu:0.29/wt.%,Nb:0.03/wt.%,V:0.006/wt.%,","N/AN/A, C:0.07/wt.%, Si:0.29/wt.%, Mn:1.95/wt.%, Cr:0.04/wt.%, Mo:0.18/wt.%, Ni:0.30/wt.%, Al:0.03/wt.%, Cu:0.29/wt.%, Nb:0.03/wt.%, V:0.006/wt.%, "
9910,"X80,Welding Simulated Heat Treatment, 10s Cooling Time, C:0.07/wt.%, Si:0.29/wt.%,Mn:1.95/wt.%,Cr:0.04/wt.%,Mo:0.18/wt.%,Ni:0.30/wt.%,Al:0.03/wt.%,Cu:0.29/wt.%,Nb:0.03/wt.%,V:0.006/wt.%,","N/A,N/A, C:0.07/wt.%, Si:0.29/wt.%, Mn:1.95/wt.%, Cr:0.04/wt.%, Mo:0.18/wt.%, Ni:0.30/wt.%, Al:0.03/wt.%, Cu:0.29/wt.%, Nb:0.03/wt.%, V:0.006/wt.%, "
9911,"X80,Welding Simulated Heat Treatment, 20s Cooling Time, C:0.07/wt.%, Si:0.29/wt.%,Mn:1.95/wt.%,Cr:0.04/wt.%,Mo:0.18/wt.%,Ni:0.30/wt.%,Al:0.03/wt.%,Cu:0.29/wt.%,Nb:0.03/wt.%,V:0.006/wt.%,","
   
     N/A,
     X80 Welding Simulated Heat Treatment, 20s Cooling Time,
     
      C: 0.07/wt.%,
      Si: 0.29/wt.%,
      Mn: 1.95/wt.%,
      Cr: 0.04/wt.%,
      Mo: 0.18/wt.%,
      Ni: 0.30/wt.%,
      Al: 0.03/wt.%,
      Cu: 0.29/wt.%,
      Nb: 0.03/wt.%,
      V: 0.006/wt.%
    
  ,
  Others: Sample Name
"
10061,"N/A,De-ionized water exposure, N/A,","N/A,N/A, N/A, "
10062,"N/A,Aviation fuel exposure, N/A,","N/A,N/A, N/A, "
10063,"N/A,Hydraulic fluid exposure, N/A,","N/A,N/A, N/A, "
10064,"N/A,Propylene glycol exposure, N/A,","N/A,N/A, N/A, "
10065,"N/A,Dichloromethane exposure, N/A,","N/A,N/A, N/A, "
10066,"N/A,Urea exposure, N/A,","N/A,N/A,  ,"
10067,"N/A,Sea water exposure, N/A,","N/A,N/A, N/A, "
10188,"N/A,As-Built,Cr:28-30/wt.%,Mo:5.0-6.0/wt.%,Si:0.0-1.0/wt.%,Mn:0.0-1.0/wt.%,Fe:0.0-0.50/wt.%,C:0.0-0.02/wt.%,Co:Balance/wt.%,","
   
     N/A,
     As-Built,
     
      Cr: 28-30/wt.%,
      Mo: 5.0-6.0/wt.%,
      Si: 0.0-1.0/wt.%,
      Mn: 0.0-1.0/wt.%,
      Fe: 0.0-0.50/wt.%,
      C: 0.0-0.02/wt.%,
      Co: Balance
    
  ,
  Others: Sample Name
"
10189,"N/A,HIP, Cr:28-30/wt.%, Mo:5.0-6.0/wt.%, Si:0.0-1.0/wt.%, Mn:0.0-1.0/wt.%, Fe:0.0-0.50/wt.%, C:0.0-0.02/wt.%, Co:Balance/wt.%,","  N/A,  N/A,  Cr: 28-30/wt.%, Mo: 5.0-6.0/wt.%, Si: 0.0-1.0/wt.%, Mn: 0.0-1.0/wt.%, Fe: 0.0-0.50/wt.%, C: 0.0-0.02/wt.%, Co: Balance, Others: Sample Name: HIP"
10190,"N/A,Vacuum Heat Treatment, Cr:28-30/wt.%,Mo:5.0-6.0/wt.%,Si:0.0-1.0/wt.%,Mn:0.0-1.0/wt.%,Fe:0.0-0.50/wt.%,C:0.0-0.02/wt.%,Co:Balance/wt.%,","N/A,Vacuum Heat Treatment, Cr:28-30/wt.%, Mo:5.0-6.0/wt.%, Si:0.0-1.0/wt.%, Mn:0.0-1.0/wt.%, Fe:0.0-0.50/wt.%, C:0.0-0.02/wt.%, Co:Balance/wt.%,"
12429,"Zr–20Nb,N/A, Zr:80.3/at.%, Nb:19.7/at.%,","Zr–20Nb,N/A, Zr:80.3/at.%, Nb:19.7/at.%,"
12430,"Zr–6.3Nb–3.3Mo-4.0Sn,N/A, Zr:87.4/at.%, Nb:6.3/at.%, Mo:3.2/at.%, Sn:3.1/at.%,","Zr87.4Nb6.3Mo3.2Sn3.1,N/A, Zr:87.4/at.%, Nb:6.3/at.%, Mo:3.2/at.%, Sn:3.1/at.%,"
12431,"Zr–6.5Nb–3.3Ti-3.4Mo-4.1Sn,N/A, Zr:81.2/at.%, Nb:6.3/at.%, Ti:6.2/at.%, Mo:3.2/at.%, Sn:3.1/at.%,","Zr81.2Nb6.3Ti6.2Mo3.2Sn3.1,N/A, Zr:81.2/at.%, Nb:6.3/at.%, Ti:6.2/at.%, Mo:3.2/at.%, Sn:3.1/at.%, "
12432,"Ti–3Al–8V–6Cr–4Mo–4Zr,N/A, Ti:77.0/at.%, Al:5.5/at.%, V:7.7/at.%, Cr:5.7/at.%, Mo:2.0/at.%, Zr:2.1/at.%,","Ti77.0Al5.5V7.7Cr5.7Mo2.0Zr2.1,N/A, Ti:77.0/at.%, Al:5.5/at.%, V:7.7/at.%, Cr:5.7/at.%, Mo:2.0/at.%, Zr:2.1/at.%, "
12433,"Ti–10V–2Fe–3Al,N/A, Ti:83.8/at.%, V:9.3/at.%, Fe:1.7/at.%, Al:5.2/at.%,","Ti-10V-2Fe-3Al,N/A, Ti:83.8/at.%, V:9.3/at.%, Fe:1.7/at.%, Al:5.2/at.%,"
12434,"Ti–13V–11Cr–3Al,N/A, Ti:72.5/at.%, V:12.1/at.%, Cr:10.1/at.%, Al:5.3/at.%,","Ti–13V–11Cr–3Al,N/A, Ti:72.5/at.%, V:12.1/at.%, Cr:10.1/at.%, Al:5.3/at.%, "
12435,"Nb–10Hf–1Ti,N/A, Nb:92.6/at.%, Hf:5.4/at.%, Ti:2/at.%,","Nb-10Hf-1Ti,N/A, Nb:92.6/at.%, Hf:5.4/at.%, Ti:2/at.%,"
12436,"Ta–8W–2Hf,N/A, Ta:90.1/at.%, W:7.9/at.%, Hf:2.0/at.%,","Ta–8W–2Hf,N/A, Ta:90.1/at.%, W:7.9/at.%, Hf:2.0/at.%,"
12437,"Mo–41Re,N/A, Mo:73.6/at.%, Re:26.4/at.%, ","Mo–41Re,N/A, Mo:73.6/at.%, Re:26.4/at.%,"
12438,"W–25Re,N/A, W:75.2/at.%, Re:24.8/at.%,","
   
     W-25Re,
     N/A,
     
      W: 75.2/wt.%,
      Re: 24.8/wt.%
    
  ,
  Others: Sample Name: W–25Re
"
12439,"U–10Mo,N/A, U:78.4/at.%, Mo:21.6/at.%,","U–10Mo,N/A, U:78.4/wt.%, Mo:21.6/wt.%,"
12830,"N/A,A1K, Fe:Base/wt.%, Mn:31.4/wt.%, Al:11.4/wt.%, C:0.89/wt.%,","N/A,N/A, Fe:Base/wt.%, Mn:31.4/wt.%, Al:11.4/wt.%, C:0.89/wt.%,"
12831,"N/A,A10K, Fe:Base/wt.%, Mn:31.4/wt.%,Al:11.4/wt.%, C:0.89/wt.%,","N/A,N/A, Fe:Base/wt.%, Mn:31.4/wt.%, Al:11.4/wt.%, C:0.89/wt.%,"
12832,"N/A,A30K, Fe:Base/wt.%, Mn:31.4/wt.%, Al:11.4/wt.%, C:0.89/wt.%,","N/A,N/A, Fe:Base/wt.%, Mn:31.4/wt.%, Al:11.4/wt.%, C:0.89/wt.%,"
12833,"N/A,A100K, Fe:Base/wt.%, Mn:31.4/wt.%, Al:11.4/wt.%, C:0.89/wt.%,","N/A,N/A, Fe:Base/wt.%, Mn:31.4/wt.%, Al:11.4/wt.%, C:0.89/wt.%,"
13377,"Ti-5Al-5Mo-5V-3Cr-1Zr,HT1, Ti:Balance/wt.%, Al:5/wt.%, Mo:5/wt.%, V:5/wt.%, Cr:3/wt.%, Zr:1/wt.%,","Ti-5Al-5Mo-5V-3Cr-1Zr,N/A, Ti:Bal/at.%, Al:5/at.%, Mo:5/at.%, V:5/at.%, Cr:3/at.%, Zr:1/at.%,"
13378,"Ti-5Al-5Mo-5V-3Cr-1Zr,HT3, Ti:Bal/wt.%, Al:5/wt.%, Mo:5/wt.%, V:5/wt.%, Cr:3/wt.%, Zr:1/wt.%,","Alloy:Ti-5Al-5Mo-5V-3Cr-1Zr,N/A, Ti:Bal/at.%, Al:5/at.%, Mo:5/at.%, V:5/at.%, Cr:3/at.%, Zr:1/at.%,"
13379,"Ti-5Al-5Mo-5V-3Cr-1Zr,HT7, Ti:Bal/wt.%, Al:5/wt.%, Mo:5/wt.%, V:5/wt.%, Cr:3/wt.%, Zr:1/wt.%,","Alloy:Ti-5Al-5Mo-5V-3Cr-1Zr,N/A, Ti:Bal/wt.%, Al:5/wt.%, Mo:5/wt.%, V:5/wt.%, Cr:3/wt.%, Zr:1/wt.%,"
13380,"Ti-5Al-5Mo-5V-3Cr-1Zr,HT8, Ti:Bal/wt.%, Al:5/wt.%, Mo:5/wt.%, V:5/wt.%, Cr:3/wt.%, Zr:1/wt.%,","Ti-5Al-5Mo-5V-3Cr-1Zr,N/A, Ti:Bal/wt.%, Al:5/wt.%, Mo:5/wt.%, V:5/wt.%, Cr:3/wt.%, Zr:1/wt.%,"
13381,"Ti-5Al-5Mo-5V-3Cr-1Zr,HT9, Ti:5/wt.%, Al:5/wt.%, Mo:5/wt.%, V:5/wt.%, Cr:3/wt.%, Zr:1/wt.%,","Alloy:Ti-5Al-5Mo-5V-3Cr-1Zr,N/A, Ti:Bal/at.%, Al:5/at.%, Mo:5/at.%, V:5/at.%, Cr:3/at.%, Zr:1/at.%,"
13382,"Ti-5Al-5Mo-5V-3Cr-1Zr,HT10, Ti:N/A, Al:5/wt.%, Mo:5/wt.%, V:5/wt.%, Cr:3/wt.%, Zr:1/wt.%,","Ti-5Al-5Mo-5V-3Cr-1Zr,N/A, Ti:Bal/wt.%,Al:5/wt.%,Mo:5/wt.%,V:5/wt.%,Cr:3/wt.%,Zr:1/wt.%,"
13383,"Ti-5Al-5Mo-5V-3Cr-1Zr,HT11, Ti:Bal/wt.%, Al:5/wt.%, Mo:5/wt.%, V:5/wt.%, Cr:3/wt.%, Zr:1/wt.%,","Ti-5Al-5Mo-5V-3Cr-1Zr,N/A, Ti:Bal/at.%, Al:5/at.%, Mo:5/at.%, V:5/at.%, Cr:3/at.%, Zr:1/at.%,"
13563,"Ti-27Nb,N/A, Ti:Bal/wt.%, Nb:27/wt.%,","Ti-27Nb,N/A, Ti:Bal/at.%, Nb:27/at.%,"
13823,"B319 Al alloy-0Sr-500C,N/A, Si:6.31/wt.%, Cu:3.19/wt.%, Fe:0.76/wt.%, Mn:0.40/wt.%, Mg:0.43/wt.%, Ti:0.13/wt.%, Zn:0.70/wt.%, Ni:0.19/wt.%, Sr:0.0002/wt.%, Other a:0.19/wt.%, Al:bal./wt.%,","N/A,N/A, Al:bal./wt.%, Si:6.31/wt.%, Cu:3.19/wt.%, Fe:0.76/wt.%, Mn:0.40/wt.%, Mg:0.43/wt.%, Ti:0.13/wt.%, Zn:0.70/wt.%, Ni:0.19/wt.%, Sr:0.0002/wt.%, Other a:0.19/wt.%,"
13824,"B319 Al alloy-0Sr-200C,N/A, Si:6.24/wt.%, Cu:2.96/wt.%, Fe:0.72/wt.%, Mn:0.38/wt.%, Mg:0.39/wt.%, Ti:0.13/wt.%, Zn:0.69/wt.%, Ni:0.18/wt.%, Sr:0.0002/wt.%, Other a:0.15/wt.%, Al:bal./wt.%,","B319 Al alloy-0Sr-200C,N/A, Si:6.24/wt.%, Cu:2.96/wt.%, Fe:0.72/wt.%, Mn:0.38/wt.%, Mg:0.39/wt.%, Ti:0.13/wt.%, Zn:0.69/wt.%, Ni:0.18/wt.%, Sr:0.0002/wt.%, Other a:0.15/wt.%, Al:bal./wt.%,"
13825,"B319 Al alloy-150Sr-500C,N/A, Si:6.28/wt.%, Cu:3.21/wt.%, Fe:0.78/wt.%, Mn:0.40/wt.%, Mg:0.45/wt.%, Ti:0.13/wt.%, Zn:0.70/wt.%, Ni:0.20/wt.%, Sr:0.0120/wt.%, Other a:0.17/wt.%, Al:bal./wt.%,","
   \Alloy Formula\:\B319\,\States\:\N/A\, \Composition\:\\\\Al\\\: \\\bal./wt.%\\\, \\\Si\\\: \\\6.28/wt.%\\\, \\\Cu\\\: \\\3.21/wt.%\\\, \\\Fe\\\: \\\0.78/wt.%\\\, \\\Mn\\\: \\\0.40/wt.%\\\, \\\Mg\\\: \\\0.45/wt.%\\\, \\\Ti\\\: \\\0.13/wt.%\\\, \\\Zn\\\: \\\0.70/wt.%\\\, \\\Ni\\\: \\\0.20/wt.%\\\, \\\Sr\\\: \\\0.0120/wt.%\\\, \\\Other a\\\: \\\0.17/wt.%\\\\,
  Others: Sample Name: B319 Al alloy-150Sr-500C
"
13826,"B319 Al alloy-150Sr-200C,N/A, Si:6.21/wt.%, Cu:2.87/wt.%, Fe:0.70/wt.%, Mn:0.38/wt.%, Mg:0.38/wt.%, Ti:0.13/wt.%, Zn:0.70/wt.%, Ni:0.18/wt.%, Sr:0.0092/wt.%, Other a:0.14/wt.%, Al:bal./wt.%,","Alloy:B319 Al alloy-150Sr-200C,N/A, Si:6.21/wt.%, Cu:2.87/wt.%, Fe:0.70/wt.%, Mn:0.38/wt.%, Mg:0.38/wt.%, Ti:0.13/wt.%, Zn:0.70/wt.%, Ni:0.18/wt.%, Sr:0.0092/wt.%, Other a:0.14/wt.%, Al:bal./wt.%, "
13843,"Alloy Z1,N/A, Al:balance/wt.%, Si:2.77/wt.%, Mg:5.84/wt.%, Mn:0.66/wt.%, Zn:0.58/wt.%, Fe:0.14/wt.%, Ti:0.08/wt.%, Be:0.003/wt.%, Cu:0.15/wt.%,","Z1,N/A, Al:balance/wt.%, Si:2.77/wt.%, Mg:5.84/wt.%, Mn:0.66/wt.%, Zn:0.58/wt.%, Fe:0.14/wt.%, Ti:0.08/wt.%, Be:0.003/wt.%, Cu:0.15/wt.%,"
13844,"Alloy Z2,N/A, Al:balance/wt.%, Si:2.73/wt.%,Mg:5.78/wt.%, Mn:0.66/wt.%, Zn:1.20/wt.%, Fe:0.14/wt.%, Ti:0.09/wt.%, Be:0.003/wt.%, Cu:0.15/wt.%,","Alloy:N/A,N/A, Al:balance/wt.%, Si:2.73/wt.%, Mg:5.78/wt.%, Mn:0.66/wt.%, Zn:1.20/wt.%, Fe:0.14/wt.%, Ti:0.09/wt.%, Be:0.003/wt.%, Cu:0.15/wt.%,"
13845,"Alloy Z3,N/A, Al:balance/wt.%, Si:2.70/wt.%,Mg:5.72/wt.%,Mn:0.66/wt.%,Zn:1.83/wt.%,Fe:0.14/wt.%,Ti:0.09/wt.%,Be:0.003/wt.%,Cu:0.15/wt.%,","N/A,N/A, Al:balance/wt.%, Si:2.70/wt.%, Mg:5.72/wt.%, Mn:0.66/wt.%, Zn:1.83/wt.%, Fe:0.14/wt.%, Ti:0.09/wt.%, Be:0.003/wt.%, Cu:0.15/wt.%, "
13846,"Alloy Z4,N/A, Al:balance/wt.%, Si:2.65/wt.%, Mg:5.57/wt.%, Mn:0.65/wt.%, Zn:2.89/wt.%, Fe:0.14/wt.%, Ti:0.09/wt.%, Be:0.003/wt.%, Cu:0.15/wt.%,","Alloy:N/A,N/A, Al:balance/wt.%, Si:2.65/wt.%, Mg:5.57/wt.%, Mn:0.65/wt.%, Zn:2.89/wt.%, Fe:0.14/wt.%, Ti:0.09/wt.%, Be:0.003/wt.%, Cu:0.15/wt.%,"
13847,"Alloy Z5,N/A, Al:balance/wt.%, Si:2.62/wt.%, Mg:5.51/wt.%, Mn:0.65/wt.%, Zn:3.99/wt.%, Fe:0.14/wt.%, Ti:0.09/wt.%, Be:0.003/wt.%, Cu:0.15/wt.%,","Alloy:Z5,N/A, Al:balance/wt.%, Si:2.62/wt.%, Mg:5.51/wt.%, Mn:0.65/wt.%, Zn:3.99/wt.%, Fe:0.14/wt.%, Ti:0.09/wt.%, Be:0.003/wt.%, Cu:0.15/wt.%, "
13848,"Alloy Z6,N/A, Al:balance/wt.%, Si:2.60/wt.%, Mg:5.47/wt.%, Mn:0.65/wt.%, Zn:5.01/wt.%, Fe:0.14/wt.%, Ti:0.08/wt.%, Be:0.003/wt.%, Cu:0.15/wt.%,","Alloy Z6,N/A, Al:balance/wt.%, Si:2.60/wt.%, Mg:5.47/wt.%, Mn:0.65/wt.%, Zn:5.01/wt.%, Fe:0.14/wt.%, Ti:0.08/wt.%, Be:0.003/wt.%, Cu:0.15/wt.%,"
13888,"Al5Cu,T5, Al:Balance/wt.%, Cu:4.90/wt.%, Si:2.43/wt.%, Mg:1.13/wt.%, Mn:0.45/wt.%, Fe:0.16/wt.%,","Al5Cu-T5,N/A, Al:Bal/wt.%, Cu:4.90/wt.%, Si:2.43/wt.%, Mg:1.13/wt.%, Mn:0.45/wt.%, Fe:0.16/wt.%,"
13889,"Al6.6Cu,T5, Al:Balance/wt.%, Cu:6.73/wt.%, Si:2.35/wt.%, Mg:1.14/wt.%, Mn:0.44/wt.%, Fe:0.14/wt.%,","Al6.6Cu-T5,N/A, Al:Balance/wt.%, Cu:6.73/wt.%, Si:2.35/wt.%, Mg:1.14/wt.%, Mn:0.44/wt.%, Fe:0.14/wt.%,"
13890,"Al10.6Cu,T5, Al:Balance/wt.%, Cu:10.75/wt.%, Si:2.32/wt.%, Mg:1.15/wt.%, Mn:0.48/wt.%, Fe:0.15/wt.%,","Al10.6Cu-T5,N/A, Al:Bal/wt.%, Cu:10.75/wt.%, Si:2.32/wt.%, Mg:1.15/wt.%, Mn:0.48/wt.%, Fe:0.15/wt.%,"
13891,"Al5Cu,T6, Al:Balance/wt.%, Cu:4.90/wt.%, Si:2.43/wt.%, Mg:1.13/wt.%, Mn:0.45/wt.%, Fe:0.16/wt.%,","Al5Cu-T6,N/A, Al:Bal/wt.%, Cu:4.90/wt.%, Si:2.43/wt.%, Mg:1.13/wt.%, Mn:0.45/wt.%, Fe:0.16/wt.%, "
13892,"Al6.6Cu,T6, Al:Balance/wt.%, Cu:6.73/wt.%, Si:2.35/wt.%, Mg:1.14/wt.%, Mn:0.44/wt.%, Fe:0.14/wt.%,","Al6.6Cu-T6,N/A, Al:Bal/wt.%, Cu:6.73/wt.%, Si:2.35/wt.%, Mg:1.14/wt.%, Mn:0.44/wt.%, Fe:0.14/wt.%,"
13893,"Al10.6Cu,T6, Al:Balance/wt.%, Cu:10.75/wt.%, Si:2.32/wt.%, Mg:1.15/wt.%, Mn:0.48/wt.%, Fe:0.15/wt.%,","Al10.6Cu-T6,N/A, Al:Balance/wt.%, Cu:10.75/wt.%, Si:2.32/wt.%, Mg:1.15/wt.%, Mn:0.48/wt.%, Fe:0.15/wt.%,"
14247,"Ti0 alloy,N/A, Fe:25/wt.%, Cr:25/wt.%, Co:25/wt.%, Ni:25/wt.%, Ti:0/wt.%,","Ti0,N/A, Fe: 25/wt.%,  Cr: 25/wt.%, Co: 25/wt.%, Ni: 25/wt.%, Ti: 0/wt.%,"
14248,"Ti1 alloy,N/A, Fe:24.75/wt.%, Cr:24.75/wt.%, Co:24.75/wt.%, Ni:24.75/wt.%, Ti:1/wt.%,","Ti1 alloy,N/A, Fe: 24.75/wt.%,  Cr: 24.75/wt.%, Co: 24.75/wt.%, Ni: 24.75/wt.%, Ti: 1/wt.%,"
14249,"Ti3 alloy,N/A, Fe:24.25/wt.%, Cr:24.25/wt.%, Co:24.25/wt.%, Ni:24.25/wt.%, Ti:3/wt.%,","Ti3 alloy,N/A, Fe:24.25/wt.%, Cr:24.25/wt.%, Co:24.25/wt.%, Ni:24.25/wt.%, Ti:3/wt.%,"
14250,"Ti5 alloy,N/A, Fe:23.75/wt.%, Cr:23.75/wt.%, Co:23.75/wt.%, Ni:23.75/wt.%, Ti:5/wt.%,","Ti5 alloy,N/A, Fe:23.75/wt.%, Cr:23.75/wt.%, Co:23.75/wt.%, Ni:23.75/wt.%, Ti:5/wt.%,"
14789,"N/A,as-built sample,Ni:9.26/wt.%, Fe:15.13/wt.%, Cr:3.04/wt.%, Al:3.01/wt.%, Ti:0.31/wt.%, C:0.68/wt.%, Si:0.68/wt.%,","
   \Alloy Formula\:\N/A\,
   N/A,
   \Ni\: \9.26/wt.%\, \Fe\: \15.13/wt.%\, \Cr\: \3.04/wt.%\, \Al\: \3.01/wt.%\, \Ti\: \0.31/wt.%\, \C\: \0.68/wt.%\, \Si\: \0.68/wt.%\,
  Others: Sample Name: as-built sample
"
14790,"N/A,aging heat-treated sample at 6 hours,Ni:9.26/wt.%, Fe:15.13/wt.%, Cr:3.04/wt.%, Al:3.01/wt.%, Ti:0.31/wt.%, C:0.68/wt.%, Si:0.68/wt.%,","
   
     N/A,
     aging heat-treated sample at 6 hours,
     
      Ni: 9.26/wt.%,
      Fe: 15.13/wt.%,
      Cr: 3.04/wt.%,
      Al: 3.01/wt.%,
      Ti: 0.31/wt.%,
      C: 0.68/wt.%,
      Si: 0.68/wt.%
    
  ,
  Others: Sample Name
"
14791,"N/A,aging heat-treated sample at 12 hours,Ni:9.26/wt.%, Fe:15.13/wt.%, Cr:3.04/wt.%, Al:3.01/wt.%, Ti:0.31/wt.%, C:0.68/wt.%, Si:0.68/wt.%,","
   
     Ni-9.26Fe-15.13Cr-3.04Al-3.01Ti-0.31C-0.68Si-0.68,
     aging heat-treated sample at 12 hours,
     
      Ni: 9.26/wt.%,
      Fe: 15.13/wt.%,
      Cr: 3.04/wt.%,
      Al: 3.01/wt.%,
      Ti: 0.31/wt.%,
      C: 0.68/wt.%,
      Si: 0.68/wt.%
    
  ,
  Others: Sample Name
"
14792,"N/A,aging heat-treated sample at 24 hours,Ni:9.26/wt.%, Fe:15.13/wt.%, Cr:3.04/wt.%, Al:3.01/wt.%, Ti:0.31/wt.%, C:0.68/wt.%, Si:0.68/wt.%,","
   
     Ni-9.26Fe-15.13Cr-3.04Al-3.01Ti-0.31C-0.68Si-0.68,
     aging heat-treated sample at 24 hours,
     
      Ni: 9.26/wt.%,
      Fe: 15.13/wt.%,
      Cr: 3.04/wt.%,
      Al: 3.01/wt.%,
      Ti: 0.31/wt.%,
      C: 0.68/wt.%,
      Si: 0.68/wt.%
    
  ,
  Others: Sample Name
"
14793,"N/A,aging heat-treated sample at 48 hours,Ni:9.26/wt.%, Fe:15.13/wt.%, Cr:3.04/wt.%, Al:3.01/wt.%, Ti:0.31/wt.%, C:0.68/wt.%, Si:0.68/wt.%,","
   
     Ni-9.26Fe-15.13Cr-3.04Al-3.01Ti-0.31C-0.68Si-0.68,
     aging heat-treated sample at 48 hours,
     
      Ni: 9.26/wt.%,
      Fe: 15.13/wt.%,
      Cr: 3.04/wt.%,
      Al: 3.01/wt.%,
      Ti: 0.31/wt.%,
      C: 0.68/wt.%,
      Si: 0.68/wt.%
    
  ,
  Others: Sample Name
"
14800,"N/A,N/A, Cu:12.5/wt.%,Ni:5/wt.%,Sn:0/wt.%,Y:0/wt.%,","Cu-Ni-Sn-Y,N/A, Cu: 12.5/wt.%,  Ni: 5/wt.%, Sn: 0/wt.%, Y: 0/wt.%,"
14801,"N/A,N/A, Cu:12.5/wt.%,Ni:5/wt.%,Sn:0/wt.%,Y:0.1/wt.%,","
   
     Cu-Ni-Sn-Y,
     N/A,
     
      Cu: 12.5/wt.%,
      Ni: 5/wt.%,
      Sn: 0/wt.%,
      Y: 0.1/wt.%
    
  ,
  Others: Sample Name: CNS-0.1Y
"
14802,"N/A,N/A, Cu:12.5/wt.%,Ni:5/wt.%,Sn:0/wt.%,Y:0.4/wt.%,","
   \Alloy Formula\:\Cu-Ni-Sn-Y\,
   N/A,
   \Cu\: \12.5/wt.%\, \Ni\: \5/wt.%\, \Sn\: \0/wt.%\, \Y\: \0.4/wt.%\,
  Others: Sample Name: CNS-0.4Y
"
14803,"N/A,N/A, Cu:12.5/wt.%,Ni:5/wt.%,Sn:0/wt.%,Y:0.7/wt.%,","Cu-Ni-Sn-Y,N/A, Cu: 12.5/wt.%,  Ni: 5/wt.%, Sn: 0/wt.%, Y: 0.7/wt.%,"
14804,"N/A,N/A, Cu:12.5/wt.%,Ni:5/wt.%,Sn:0/wt.%,Y:1.0/wt.%,","
   
     N/A,
     N/A,
     
      Cu: 12.5/wt.%,
      Ni: 5/wt.%,
      Sn: 0/wt.%,
      Y: 1.0/wt.%
    
  ,
  Others: Sample Name: CNS-1.0Y
"
14812,"Al-20Mg-9.0Zn-6.0Cu-2.0Mn-0.5Si-0.6Er-0.4Zr,As-cladded,Al:Bal/wt.%,Mg:20/wt.%,Zn:9.0/wt.%,Cu:6.0/wt.%,Mn:2.0/wt.%,Si:0.5/wt.%,Er:0.6/wt.%,Zr:0.4/wt.%,","Alloy:Al-Mg-Zn-Cu-Mn-Si-Er-Zr,As-cladded, Al:Bal/wt.%, Mg:20/wt.%, Zn:9.0/wt.%, Cu:6.0/wt.%, Mn:2.0/wt.%, Si:0.5/wt.%, Er:0.6/wt.%, Zr:0.4/wt.%,"
14813,"N/A,Aged,Al:Bal./wt.%, Mg:20/wt.%, Zn:9.0/wt.%, Cu:6.0/wt.%, Mn:2.0/wt.%, Si:0.5/wt.%, Er:0.6/wt.%, Zr:0.4/wt.%,","Alloy:Al-20Mg-9.0Zn-6.0Cu-2.0Mn-0.5Si-0.6Er-0.4Zr,Aged, Al:Bal/wt.%, Mg:20/wt.%, Zn:9.0/wt.%, Cu:6.0/wt.%, Mn:2.0/wt.%, Si:0.5/wt.%, Er:0.6/wt.%, Zr:0.4/wt.%,"
14814,"Al-Mg-Zn-Cu-Mn-Si-Er-Zr,Annealed,Al:Bal/wt.%, Mg:20/wt.%, Zn:9.0/wt.%, Cu:6.0/wt.%, Mn:2.0/wt.%, Si:0.5/wt.%, Er:0.6/wt.%, Zr:0.4/wt.%,","Bal.Al-20Mg-9.0Zn-6.0Cu-2.0Mn-0.5Si-0.6Er-0.4Zr,Annealed, Al:Bal/wt.%, Mg:20/wt.%, Zn:9.0/wt.%, Cu:6.0/wt.%, Mn:2.0/wt.%, Si:0.5/wt.%, Er:0.6/wt.%, Zr:0.4/wt.%,"
14815,"Al-20Mg-9.0Zn-6.0Cu-2.0Mn-0.5Si-0.6Er-0.4Zr,T6-treated,Al:Bal/wt.%, Mg:20/wt.%, Zn:9.0/wt.%, Cu:6.0/wt.%, Mn:2.0/wt.%, Si:0.5/wt.%, Er:0.6/wt.%, Zr:0.4/wt.%,","Alloy:Bal.Al-20Mg-9.0Zn-6.0Cu-2.0Mn-0.5Si-0.6Er-0.4Zr,T6-treated, Al:Bal/wt.%, Mg:20/wt.%, Zn:9.0/wt.%, Cu:6.0/wt.%, Mn:2.0/wt.%, Si:0.5/wt.%, Er:0.6/wt.%, Zr:0.4/wt.%,"
15036,"Mg alloy AZ31,N/A, Al:3.1382/wt.%, Zn:1.0268/wt.%, Mn:0.4395/wt.%, Si:0.0029/wt.%,Fe:0.0018/wt.%, Ni:0.0007/wt.%, Cu:0.0007/wt.%, Mg:Balance,","Mg-3.14Al-1.03Zn-0.44Mn-0.003Si-0.0018Fe-0.0007Ni-0.0007Cu,N/A, Al:3.1382/wt.%, Zn:1.0268/wt.%, Mn:0.4395/wt.%, Si:0.0029/wt.%, Fe:0.0018/wt.%, Ni:0.0007/wt.%, Cu:0.0007/wt.%, Mg:Balance/wt.%,"
15037,"Mg alloy,(PAH/PAA-GS)10 film, Al:3.1382/wt.%, Zn:1.0268/wt.%, Mn:0.4395/wt.%, Si:0.0029/wt.%,Fe:0.0018/wt.%,Ni:0.0007/wt.%,Cu:0.0007/wt.%,Mg:Balance,","N/A,N/A, Al:3.1382/wt.%, Zn:1.0268/wt.%, Mn:0.4395/wt.%, Si:0.0029/wt.%, Fe:0.0018/wt.%, Ni:0.0007/wt.%, Cu:0.0007/wt.%, Mg:Balance/wt.%,"
15038,"Mg alloy,HT-(PAH/PAA-GS)10 film, Al:3.1382/wt.%, Zn:1.0268/wt.%, Mn:0.4395/wt.%, Si:0.0029/wt.%, Fe:0.0018/wt.%, Ni:0.0007/wt.%, Cu:0.0007/wt.%, Mg:Balance,","
   \Alloy Formula\:\N/A\,
   \N/A\:\N/A\,
   \Al\: \3.1382/wt.%\, \Zn\: \1.0268/wt.%\, \Mn\: \0.4395/wt.%\, \Si\: \0.0029/wt.%\, \Fe\: \0.0018/wt.%\, \Ni\: \0.0007/wt.%\, \Cu\: \0.0007/wt.%\, \Mg\: \Balance/wt.%\,
  Others: Sample Name: Mg alloy with HT-(PAH/PAA-GS)10 film
"
15053,"Al/12F composite,N/A, Al:Bal/wt.%, Mg:1.10/wt.%, Si:18.5/wt.%, Mn:0.45/wt.%, Fe:0.50/wt.%, Cu:1.60/wt.%, Ni:1.2/wt.%, Cr:0.5/wt.%, Zn:0.098/wt.%, Ti:0.019/wt.%, Pb:0.05/wt.%, Co:0.5/wt.%, Sn:0.05/wt.%, WC:12/wt.%,","Al-Bal., Mg-1.10, Si-18.5, Mn-0.45, Fe-0.50, Cu-1.60, Ni-1.2, Cr-0.5, Zn-0.098, Ti-0.019, Pb-0.05, Co-0.5, Sn-0.05, WC-12/wt.% (0.1–20µm),N/A, Al:Bal/wt.%,Mg:1.10/wt.%,Si:18.5/wt.%,Mn:0.45/wt.%,Fe:0.50/wt.%,Cu:1.60/wt.%,Ni:1.2/wt.%,Cr:0.5/wt.%,Zn:0.098/wt.%,Ti:0.019/wt.%,Pb:0.05/wt.%,Co:0.5/wt.%,Sn:0.05/wt.%,WC:12/wt.%,"
15054,"Al/12F composite,T4, Al:Bal./wt.%, Mg:1.10/wt.%, Si:18.5/wt.%,Mn:0.45/wt.%,Fe:0.50/wt.%,Cu:1.60/wt.%,Ni:1.2/wt.%,Cr:0.5/wt.%,Zn:0.098/wt.%,Ti:0.019/wt.%,Pb:0.05/wt.%,Co:0.5/wt.%,Sn:0.05/wt.%,WC:12/wt.%,","Al-Bal.-Mg-1.10-Si-18.5-Mn-0.45-Fe-0.50-Cu-1.60-Ni-1.2-Cr-0.5-Zn-0.098-Ti-0.019-Pb-0.05-Co-0.5-Sn-0.05-WC-12/wt.% (0.1–20µm),N/A, Al:Bal/wt.%, Mg:1.10/wt.%, Si:18.5/wt.%, Mn:0.45/wt.%, Fe:0.50/wt.%, Cu:1.60/wt.%, Ni:1.2/wt.%, Cr:0.5/wt.%, Zn:0.098/wt.%, Ti:0.019/wt.%, Pb:0.05/wt.%, Co:0.5/wt.%, Sn:0.05/wt.%, WC:12/wt.%, "
15055,"Al/12F composite,T6, Al:Bal/wt.%, Mg:1.10/wt.%, Si:18.5/wt.%, Mn:0.45/wt.%, Fe:0.50/wt.%, Cu:1.60/wt.%, Ni:1.2/wt.%, Cr:0.5/wt.%, Zn:0.098/wt.%, Ti:0.019/wt.%, Pb:0.05/wt.%, Co:0.5/wt.%, Sn:0.05/wt.%, WC:12/wt.%,","Al-Bal., Mg-1.10, Si-18.5, Mn-0.45, Fe-0.50, Cu-1.60, Ni-1.2, Cr-0.5, Zn-0.098, Ti-0.019, Pb-0.05, Co-0.5, Sn-0.05, WC-12/wt.% (0.1–20µm),N/A, Al:Bal/wt.%, Mg:1.10/wt.%, Si:18.5/wt.%, Mn:0.45/wt.%, Fe:0.50/wt.%, Cu:1.60/wt.%, Ni:1.2/wt.%, Cr:0.5/wt.%, Zn:0.098/wt.%, Ti:0.019/wt.%, Pb:0.05/wt.%, Co:0.5/wt.%, Sn:0.05/wt.%, WC:12/wt.%,"
15056,"Al/12C composite,N/A, Al:Bal/wt.%, Mg:1.10/wt.%, Si:18.5/wt.%, Mn:0.45/wt.%, Fe:0.50/wt.%, Cu:1.60/wt.%, Ni:1.2/wt.%, Cr:0.5/wt.%, Zn:0.098/wt.%, Ti:0.019/wt.%, Pb:0.05/wt.%, Co:0.5/wt.%, Sn:0.05/wt.%, WC:12/wt.%,","Al,N/A, Al:Bal/wt.%, Mg:1.10/wt.%, Si:18.5/wt.%, Mn:0.45/wt.%, Fe:0.50/wt.%, Cu:1.60/wt.%, Ni:1.20/wt.%, Cr:0.50/wt.%, Zn:0.098/wt.%, Ti:0.019/wt.%, Pb:0.05/wt.%, Co:0.50/wt.%, Sn:0.05/wt.%, WC:12/wt.%,"
15057,"Al/12C composite,T4, Al:Bal/wt.%, Mg:1.10/wt.%, Si:18.5/wt.%, Mn:0.45/wt.%, Fe:0.50/wt.%, Cu:1.60/wt.%, Ni:1.2/wt.%, Cr:0.5/wt.%, Zn:0.098/wt.%, Ti:0.019/wt.%, Pb:0.05/wt.%, Co:0.5/wt.%, Sn:0.05/wt.%, WC:12/wt.%,","Al-Bal., Mg-1.10, Si-18.5, Mn-0.45, Fe-0.50, Cu-1.60, Ni-1.2, Cr-0.5, Zn-0.098, Ti-0.019, Pb-0.05, Co-0.5, Sn-0.05, WC-12/wt.% (60–80µm),N/A, Al:Bal/wt.%, Mg:1.10/wt.%, Si:18.5/wt.%, Mn:0.45/wt.%, Fe:0.50/wt.%, Cu:1.60/wt.%, Ni:1.2/wt.%, Cr:0.5/wt.%, Zn:0.098/wt.%, Ti:0.019/wt.%, Pb:0.05/wt.%, Co:0.5/wt.%, Sn:0.05/wt.%, WC:12/wt.%,"
15058,"Al/12C composite,T6, Al:Bal./wt.%, Mg:1.10/wt.%,Si:18.5/wt.%,Mn:0.45/wt.%,Fe:0.50/wt.%,Cu:1.60/wt.%,Ni:1.2/wt.%,Cr:0.5/wt.%,Zn:0.098/wt.%,Ti:0.019/wt.%,Pb:0.05/wt.%,Co:0.5/wt.%,Sn:0.05/wt.%,WC:12/wt.%,","
   \Alloy Formula\:\Al-Bal.-Mg-1.10-Si-18.5-Mn-0.45-Fe-0.50-Cu-1.60-Ni-1.2-Cr-0.5-Zn-0.098-Ti-0.019-Pb-0.05-Co-0.5-Sn-0.05-WC-12/wt.%\,\States\:\N/A\, \Composition\:\\\\Al\\\: \\\Bal/wt.%\\\, \\\Mg\\\: \\\1.10/wt.%\\\, \\\Si\\\: \\\18.5/wt.%\\\, \\\Mn\\\: \\\0.45/wt.%\\\, \\\Fe\\\: \\\0.50/wt.%\\\, \\\Cu\\\: \\\1.60/wt.%\\\, \\\Ni\\\: \\\1.2/wt.%\\\, \\\Cr\\\: \\\0.5/wt.%\\\, \\\Zn\\\: \\\0.098/wt.%\\\, \\\Ti\\\: \\\0.019/wt.%\\\, \\\Pb\\\: \\\0.05/wt.%\\\, \\\Co\\\: \\\0.5/wt.%\\\, \\\Sn\\\: \\\0.05/wt.%\\\, \\\WC\\\: \\\12/wt.%\\\\, \Others\:\Sample Name: Al/12C-T6 composite\
"
15218,"Ti-6Al-4V,N/A, Ti:Bal/wt.%, Al:6/wt.%, V:4/wt.%,","Ti-6Al-4V,N/A, Ti:Bal/wt.%, Al:6/wt.%, V:4/wt.%,"
15219,"Ti-6Al-4V,N/A, Ti:Bal/wt.%, Al:6/wt.%, V:4/wt.%,","Ti-6Al-4V,N/A, Ti:Bal/wt.%, Al:6/wt.%, V:4/wt.%,"
15220,"Ti-6Al-4V,N/A, Ti:Bal/wt.%, Al:6/wt.%, V:4/wt.%,","Ti-6Al-4V,N/A, Ti:Bal/wt.%, Al:6/wt.%, V:4/wt.%,"
15221,"Ti-6Al-4V,N/A, Ti:Bal/wt.%, Al:6/wt.%, V:4/wt.%,","Ti-6Al-4V,N/A, Ti:Bal/wt.%, Al:6/wt.%, V:4/wt.%,"
15222,"Ti-6Al-4V,N/A, Ti:Bal/wt.%, Al:6/wt.%, V:4/wt.%,","Ti-6Al-4V,N/A, Ti:Bal/wt.%, Al:6/wt.%, V:4/wt.%,"
15270,"N/A,As-manufactured, Si:0.40/wt.%,Fe:0.50/wt.%,Cu:1.5/wt.%,Mn:0.30/wt.%,Mg:2.6/wt.%,Cr:0.22/wt.%,Zn:5.4/wt.%,Ti:0.20/wt.%,Al:bal./wt.%,","
   \Alloy Formula\:\N/A\,
   \As-manufactured state\:\N/A\,
   \Si\: \0.40/wt.%\, \Fe\: \0.50/wt.%\, \Cu\: \1.5/wt.%\, \Mn\: \0.30/wt.%\, \Mg\: \2.6/wt.%\, \Cr\: \0.22/wt.%\, \Zn\: \5.4/wt.%\, \Ti\: \0.20/wt.%\, \Al\: \bal./wt.%\,
  Others: N/A
"
15271,"N/A,Heat treated-A process, Si:0.40/wt.%,Fe:0.50/wt.%,Cu:1.5/wt.%,Mn:0.30/wt.%,Mg:2.6/wt.%,Cr:0.22/wt.%,Zn:5.4/wt.%,Ti:0.20/wt.%,Al:bal./wt.%,","N/A,Heat treated - A process state, Si:0.40/wt.%, Fe:0.50/wt.%, Cu:1.5/wt.%, Mn:0.30/wt.%, Mg:2.6/wt.%, Cr:0.22/wt.%, Zn:5.4/wt.%, Ti:0.20/wt.%, Al:bal./wt.%,"
15272,"N/A,Heat treated-B process,Si:0.40/wt.%,Fe:0.50/wt.%,Cu:1.5/wt.%,Mn:0.30/wt.%,Mg:2.6/wt.%,Cr:0.22/wt.%,Zn:5.4/wt.%,Ti:0.20/wt.%,Al:bal./wt.%,","Alloy:N/A,Heat treated - B process state, Si: 0.40/wt.%,  Fe: 0.50/wt.%, Cu: 1.5/wt.%, Mn: 0.30/wt.%, Mg: 2.6/wt.%, Cr: 0.22/wt.%, Zn: 5.4/wt.%, Ti: 0.20/wt.%, Al: bal./wt.%, "
15390,"AZ91-A,N/A, Mg:Base/wt.%, Al:N/A/wt.%, Zn:N/A/wt.%,","AZ91-A,N/A, Mg:Bal/wt.%, Al:N/A/wt.%, Zn:9/wt.%,"
15391,"AZ91-B1,N/A, Mg:base/wt.%, Al:N/A/wt.%, Zn:N/A/wt.%,","AZ91-B1,N/A, Mg:Bal/wt.%, Al:9/wt.%, Zn:9/wt.%,"
15392,"AZ91-B2,N/A, Mg:Base/wt.%, Al:N/A/wt.%, Zn:N/A/wt.%,","AZ91-B2,N/A, Mg:Bal/wt.%, Al:N/A/wt.%, Zn:N/A/wt.%, B:N/A/wt.%,"
15393,"AZ91-B3,N/A, Mg:base/wt.%, Al:N/A/wt.%, Zn:N/A/wt.%,","Alloy:AZ91-B3,N/A, Mg:Bal/wt.%, Al:N/A/wt.%, Zn:9/wt.%, "
15394,"AZ91-B4,N/A, Mg:Base/wt.%, Al:N/A/wt.%, Zn:N/A/wt.%,","
   \Alloy Formula\:\AZ91-B4\,\States\:\N/A\, \Composition\:\\Mg\:\Bal/wt.%\,\Al\:\9/wt.%\,\Zn\:\1/wt.%\, 
"
15395,"AZ91-B5,N/A, Mg:Base/wt.%, Al:N/A/wt.%, Zn:N/A/wt.%,","AZ91-B5,N/A, Mg:Bal/wt.%, Al:9/wt.%, Zn:N/A/wt.%, "
15474,"N/A,N/A, Ti:Base/wt.%, Al:6.1/wt.%, V:3.9/wt.%, Fe:0.25/wt.%, C:0.08/wt.%, N:0.05/wt.%, O:0.2/wt.%, H:0.009/wt.%,","N/A,N/A, Ti:Base/wt.%, Al:6.1/wt.%, V:3.9/wt.%, Fe:0.25/wt.%, C:0.08/wt.%, N:0.05/wt.%, O:0.2/wt.%, H:0.009/wt.%,"
15475,"N/A,N/A, Ti:Base/wt.%, Al:6.1/wt.%, V:3.9/wt.%,Fe:0.25/wt.%,C:0.08/wt.%,N:0.05/wt.%,O:0.2/wt.%,H:0.009/wt.%,","N/A
N/A,
N/A,
Ti:Base/wt.%, Al:6.1/wt.%, V:3.9/wt.%, Fe:0.25/wt.%, C:0.08/wt.%, N:0.05/wt.%, O:0.2/wt.%, H:0.009/wt.%,
"
15476,"N/A,N/A, Ti:Base/wt.%, Al:6.1/wt.%, V:3.9/wt.%, Fe:0.25/wt.%, C:0.08/wt.%, N:0.05/wt.%, O:0.2/wt.%, H:0.009/wt.%,","N/A,N/A, Ti:Base/wt.%, Al:6.1/wt.%, V:3.9/wt.%, Fe:0.25/wt.%, C:0.08/wt.%, N:0.05/wt.%, O:0.2/wt.%, H:0.009/wt.%,"
15477,"N/A,N/A, Ti:Base/wt.%, Al:6.1/wt.%, V:3.9/wt.%, Fe:0.25/wt.%, C:0.08/wt.%, N:0.05/wt.%, O:0.2/wt.%, H:0.009/wt.%,","
   
     N/A,
     N/A,
     
      Ti: Base/wt.%,
      Al: 6.1/wt.%,
      V: 3.9/wt.%,
      Fe: 0.25/wt.%,
      C: 0.08/wt.%,
      N: 0.05/wt.%,
      O: 0.2/wt.%,
      H: 0.009/wt.%
    
  ,
  Others: Sample Name: Sample
"
15478,"N/A,N/A, Ti:Base/wt.%, Al:6.1/wt.%, V:3.9/wt.%, Fe:0.25/wt.%, C:0.08/wt.%, N:0.05/wt.%, O:0.2/wt.%, H:0.009/wt.%,","
   
     Ti-Al-V-Fe-C-N-O-H,
     N/A,
     
      Ti: Bal/wt.%,
      Al: 6.1/wt.%,
      V: 3.9/wt.%,
      Fe: 0.25/wt.%,
      C: 0.08/wt.%,
      N: 0.05/wt.%,
      O: 0.2/wt.%,
      H: 0.009/wt.%
    
  ,
  Others: Sample Name: Sample
"
15485,"N/A,N/A, Fe:0.15/wt.%, Si:0.048/wt.%, Zn:6.23/wt.%, Mg:2.88/wt.%, Cu:1.58/wt.%, Mn:0.31/wt.%, Ni:<0.01/wt.%, Cr:0.16/wt.%, Ti:0.025/wt.%, Al:Balance,","Alloy:N/A,N/A, Fe: 0.15/wt.%, Si: 0.048/wt.%, Zn: 6.23/wt.%, Mg: 2.88/wt.%, Cu: 1.58/wt.%, Mn: 0.31/wt.%, Ni: <0.01/wt.%, Cr: 0.16/wt.%, Ti: 0.025/wt.%, Al: Balance/wt.%,"
15486,"N/A,N/A, Fe:0.15/wt.%, Si:0.048/wt.%, Zn:6.23/wt.%, Mg:2.88/wt.%, Cu:1.58/wt.%, Mn:0.31/wt.%, Ni:<0.01/wt.%, Cr:0.16/wt.%, Ti:0.025/wt.%, Al:Balance,","N/A,N/A, Fe:0.15/wt.%, Si:0.048/wt.%, Zn:6.23/wt.%, Mg:2.88/wt.%, Cu:1.58/wt.%, Mn:0.31/wt.%, Ni:<0.01/wt.%, Cr:0.16/wt.%, Ti:0.025/wt.%, Al:Balance/wt.%,"
15487,"N/A,N/A, Fe:0.15/wt.%, Si:0.048/wt.%, Zn:6.23/wt.%, Mg:2.88/wt.%, Cu:1.58/wt.%, Mn:0.31/wt.%, Ni:<0.01/wt.%, Cr:0.16/wt.%, Ti:0.025/wt.%, Al:Balance,","N/AAlloy Formula:N/A,N/A, Fe: 0.15/wt.%,  Si: 0.048/wt.%, Zn: 6.23/wt.%, Mg: 2.88/wt.%, Cu: 1.58/wt.%, Mn: 0.31/wt.%, Ni: <0.01/wt.%, Cr: 0.16/wt.%, Ti: 0.025/wt.%, Al: Balance/wt.%, "
15705,"Mg-20Dy,N/A, Dy:18.6/wt.%, Fe:0.009/wt.%, Ni:<0.004/wt.%, Cu:0.01/wt.%, Mg:Balance,"," N/A,  N/A,  Dy:18.6/wt.%, Fe:0.009/wt.%, Ni:<0.004/wt.%, Cu:0.01/wt.%, Mg:Balance/wt.%, Others: Sample Name: Mg-20Dy"
15706,"Mg-20Dy,T6-2,Dy:18.6/wt.%, Fe:0.009/wt.%, Ni:<0.004/wt.%, Cu:0.01/wt.%, Mg:Balance,","N/A,N/A, Dy:18.6/wt.%, Fe:0.009/wt.%, Ni:<0.004/wt.%, Cu:0.01/wt.%, Mg:Balance/wt.%, "
16209,"API X65 pipeline steel,850°C,C:0.19/wt.%, Si:0.39/wt.%, Mn:1.4/wt.%, P:0.02/wt.%, V:0.06/wt.%, Ti:0.02/wt.%, S:0.001/wt.%, Nb:0.03/wt.%, Fe:Balance/wt.%,","
   ,
   N/A,
   850°C,
   
    C: 0.19/wt.%,
    Si: 0.39/wt.%,
    Mn: 1.4/wt.%,
    P: 0.02/wt.%,
    V: 0.06/wt.%,
    Ti: 0.02/wt.%,
    S: 0.001/wt.%,
    Nb: 0.03/wt.%,
    Fe: Balance/wt.%
  ,
  Others: API X65 pipeline steel-850°C
"
16210,"API X65 pipeline steel,950°C,C:0.19/wt.%,Si:0.39/wt.%,Mn:1.4/wt.%,P:0.02/wt.%,V:0.06/wt.%,Ti:0.02/wt.%,S:0.001/wt.%,Nb:0.03/wt.%,Fe:Balance/wt.%,","API X65,950°C, C:0.19/wt.%, Si:0.39/wt.%, Mn:1.4/wt.%, P:0.02/wt.%, V:0.06/wt.%, Ti:0.02/wt.%, S:0.001/wt.%, Nb:0.03/wt.%, Fe:Balance/wt.%,"
16211,"API X65 pipeline steel,1050°C,C:0.19/wt.%,Si:0.39/wt.%,Mn:1.4/wt.%,P:0.02/wt.%,V:0.06/wt.%,Ti:0.02/wt.%,S:0.001/wt.%,Nb:0.03/wt.%,Fe:Balance/wt.%,","N/AAPI X65,1050°C, C:0.19/wt.%, Si:0.39/wt.%, Mn:1.4/wt.%, P:0.02/wt.%, V:0.06/wt.%, Ti:0.02/wt.%, S:0.001/wt.%, Nb:0.03/wt.%, Fe:Balance/wt.%, "
16212,"API X65 pipeline steel,1150°C,C:0.19/wt.%, Si:0.39/wt.%, Mn:1.4/wt.%, P:0.02/wt.%, V:0.06/wt.%, Ti:0.02/wt.%, S:0.001/wt.%, Nb:0.03/wt.%, Fe:Balance/wt.%,","N/A,API X65 pipeline steel-1150°C, C:0.19/wt.%, Si:0.39/wt.%, Mn:1.4/wt.%, P:0.02/wt.%, V:0.06/wt.%, Ti:0.02/wt.%, S:0.001/wt.%, Nb:0.03/wt.%, Fe:Balance/wt.%, "
16642,"Fe–13Cr–4Al-1.5Nb,N/A, Fe:Bal/wt.%, Cr:13/wt.%, Al:4/wt.%, Nb:1.5/wt.%,","Alloy:Fe–13Cr–4Al-1.5Nb,N/A, Fe:Bal/at.%, Cr:13/at.%, Al:4/at.%, Nb:1.5/at.%,"
19226,"TC21,530°C,Ti:Bal/wt.%, Al:5.91/wt.%, Zr:2.44/wt.%, Mo:3.27/wt.%, Nb:2.22/wt.%, V:0.12/wt.%, Zn:0.12/wt.%, Si:0.11/wt.%, Ni:0.1/wt.%,","Alloy:TC21,530°C, Ti:Bal/wt.%, Al:5.91/wt.%, Zr:2.44/wt.%, Mo:3.27/wt.%, Nb:2.22/wt.%, V:0.12/wt.%, Zn:0.12/wt.%, Si:0.11/wt.%, Ni:0.1/wt.%, "
19227,"TC21,560°C,Ti:Bal/wt.%, Al:5.91/wt.%, Zr:2.44/wt.%, Mo:3.27/wt.%, Nb:2.22/wt.%, V:0.12/wt.%, Zn:0.12/wt.%, Si:0.11/wt.%, Ni:0.1/wt.%,","N/A,TC21-560°C, Ti:Bal/wt.%, Al:5.91/wt.%, Zr:2.44/wt.%, Mo:3.27/wt.%, Nb:2.22/wt.%, V:0.12/wt.%, Zn:0.12/wt.%, Si:0.11/wt.%, Ni:0.1/wt.%,"
19228,"TC21,590°C,Ti:Bal/wt.%, Al:5.91/wt.%, Zr:2.44/wt.%, Mo:3.27/wt.%, Nb:2.22/wt.%, V:0.12/wt.%, Zn:0.12/wt.%, Si:0.11/wt.%, Ni:0.1/wt.%,","TC21,590°C, Ti:Bal/wt.%, Al:5.91/wt.%, Zr:2.44/wt.%, Mo:3.27/wt.%, Nb:2.22/wt.%, V:0.12/wt.%, Zn:0.12/wt.%, Si:0.11/wt.%, Ni:0.1/wt.%,"
19294,"NiTi SMA,heat treated,Ti:23.4/at.%, Ni:18.0/at.%, O:58.6/at.%,","NiTi SMA,heat treated, Ti:23.4/at.%, Ni:18.0/at.%, O:58.6/at.%, "
22491,"N/A,N/A, Si:0.50/wt.%, Fe:0.50/wt.%, Cu:4.35/wt.%, Mn:0.64/wt.%, Mg:1.50/wt.%, Cr:0.10/wt.%, Zn:0.25/wt.%, Ti:0.15/wt.%, Al:remainder/wt.%,","N/A,N/A, Si:0.50/wt.%, Fe:0.50/wt.%, Cu:4.35/wt.%, Mn:0.64/wt.%, Mg:1.50/wt.%, Cr:0.10/wt.%, Zn:0.25/wt.%, Ti:0.15/wt.%, Al:remainder, "
22493,"N/A,2h artificial aging+24h EXCO,Si:0.50/wt.%, Fe:0.50/wt.%, Cu:4.35/wt.%, Mn:0.64/wt.%, Mg:1.50/wt.%, Cr:0.10/wt.%, Zn:0.25/wt.%, Ti:0.15/wt.%, Al:remainder/wt.%,","N/A,2h artificial aging+24h EXCO, Si: 0.50/wt.%, Fe: 0.50/wt.%, Cu: 4.35/wt.%, Mn: 0.64/wt.%, Mg: 1.50/wt.%, Cr: 0.10/wt.%, Zn: 0.25/wt.%, Ti: 0.15/wt.%, Al: remainder/wt.%, "
22494,"N/A,4h artificial aging+24h EXCO , Si:0.50/wt.%,Fe:0.50/wt.%,Cu:4.35/wt.%,Mn:0.64/wt.%,Mg:1.50/wt.%,Cr:0.10/wt.%,Zn:0.25/wt.%,Ti:0.15/wt.%,Al:remainder/wt.%,","N/A,4h artificial aging+24h EXCO, Si: \0.50/wt.%\, Fe: \0.50/wt.%\, Cu: \4.35/wt.%\, Mn: \0.64/wt.%\, Mg: \1.50/wt.%\, Cr: \0.10/wt.%\, Zn: \0.25/wt.%\, Ti: \0.15/wt.%\, Al: \Bal/wt.%\,"
22496,"N/A,8h artificial aging+24h EXCO, Si:0.50/wt.%, Fe:0.50/wt.%, Cu:4.35/wt.%, Mn:0.64/wt.%, Mg:1.50/wt.%, Cr:0.10/wt.%, Zn:0.25/wt.%, Ti:0.15/wt.%, Al:remainder/wt.%,","
   
     N/A,
     8h artificial aging+24h EXCO,
     
      Si: 0.50/wt.%,
      Fe: 0.50/wt.%,
      Cu: 4.35/wt.%,
      Mn: 0.64/wt.%,
      Mg: 1.50/wt.%,
      Cr: 0.10/wt.%,
      Zn: 0.25/wt.%,
      Ti: 0.15/wt.%,
      Al: remainder
    
  ,
  Others: Sample Name
"
24466,"N/A,As-Cast, N/A,","N/A,As-Cast, N/A, "
24467,"N/A,As-Quenched, N/A,","
   
     N/A,
     As-Quenched,
     
       N/A
    
  ,
  Others: Sample Name
"
24468,"N/A,Aged, N/A,","N/A:N/A,"
24469,"N/A,Optimum Heat Treated, N/A,","N/A,Optimum Heat Treated, N/A, "
25843,"N/A,T6 aging treatment, Zn:8.11/wt.%, Cu:2.43/wt.%, Mg:1.89/wt.%, Zr:0.12/wt.%, Si:0.026/wt.%, Fe:0.055/wt.%, Mn:0.0015/wt.%, Ti:0.001/wt.%,  Al:Balance/wt.%,","N/A,T6 aging treatment, Zn: 8.11/wt.%,  Cu: 2.43/wt.%,  Mg: 1.89/wt.%,  Zr: 0.12/wt.%,  Si: 0.026/wt.%,  Fe: 0.055/wt.%,  Mn: 0.0015/wt.%,  Ti: 0.001/wt.%,  others: 0.03/wt.%,  Al: Bal/wt.%, "
25844,"N/A,DA aging treatment,Zn:8.11/wt.%, Cu:2.43/wt.%, Mg:1.89/wt.%, Zr:0.12/wt.%, Si:0.026/wt.%, Fe:0.055/wt.%, Mn:0.0015/wt.%, Ti:0.001/wt.%,  Al:Balance/wt.%,","N/A,DA aging treatment,Zn:8.11/wt.%, Cu:2.43/wt.%, Mg:1.89/wt.%, Zr:0.12/wt.%, Si:0.026/wt.%, Fe:0.055/wt.%, Mn:0.0015/wt.%, Ti:0.001/wt.%,  Al:Balance/wt.%,"
26825,"N/A,N/A, Ni:52.52/wt.%, Fe:17.02/wt.%,Co:0.75/wt.%,Cu:0.2/wt.%,Cr:19.47/wt.%,Mo:3.04/wt.%,Mn:0.17/wt.%,Si:0.18/wt.%,Nb:4.90/wt.%,Al:0.68/wt.%,Ti:1.01/wt.%,C:0.05/wt.%,","N/A,N/A, Ni:52.52/wt.%, Fe:17.02/wt.%,Co:0.75/wt.%,Cu:0.2/wt.%,Cr:19.47/wt.%,Mo:3.04/wt.%,Mn:0.17/wt.%,Si:0.18/wt.%,Nb:4.90/wt.%,Al:0.68/wt.%,Ti:1.01/wt.%,C:0.05/wt.%,"
26826,"N/A,N/A, Ni:52.30/wt.%,Fe:16.94/wt.%,Co:0.74/wt.%,Cu:0.20/wt.%,Cr:19.39/wt.%,Mo:3.03/wt.%,Mn:0.17/wt.%,Si:0.18/wt.%,Nb:5.48/wt.%,Al:0.51/wt.%,Ti:1.01/wt.%,C:0.05/wt.%,","N/A,N/A, Ni:52.30/wt.%,Fe:16.94/wt.%,Co:0.74/wt.%,Cu:0.20/wt.%,Cr:19.39/wt.%,Mo:3.03/wt.%,Mn:0.17/wt.%,Si:0.18/wt.%,Nb:5.48/wt.%,Al:0.51/wt.%,Ti:1.01/wt.%,C:0.05/wt.%,"
26827,"N/A,N/A, Ni:52.04/wt.%, Fe:16.98/wt.%, Co:0.75/wt.%, Cu:0.20/wt.%, Cr:19.43/wt.%, Mo:3.03/wt.%, Mn:0.17/wt.%, Si:0.18/wt.%, Nb:5.49/wt.%, Al:0.68/wt.%, Ti:1.01/wt.%, C:0.05/wt.%,","Ni-Fe-Co-Cu-Cr-Mo-Mn-Si-Nb-Al-Ti-C,N/A, Ni:52.04/wt.%, Fe:16.98/wt.%, Co:0.75/wt.%, Cu:0.20/wt.%, Cr:19.43/wt.%, Mo:3.03/wt.%, Mn:0.17/wt.%, Si:0.18/wt.%, Nb:5.49/wt.%, Al:0.68/wt.%, Ti:1.01/wt.%, C:0.05/wt.%,"
26828,"N/A,N/A, Ni:52.79/wt.%, Fe:16.98/wt.%, Co:0.75/wt.%, Cu:0.20/wt.%,Cr:19.43/wt.%,Mo:3.04/wt.%,Mn:0.17/wt.%,Si:0.18/wt.%,Nb:4.89/wt.%,Al:0.51/wt.%,Ti:1.01/wt.%,C:0.05/wt.%,","N/A,N/A, Ni:52.79/wt.%, Fe:16.98/wt.%, Co:0.75/wt.%, Cu:0.20/wt.%,Cr:19.43/wt.%,Mo:3.04/wt.%,Mn:0.17/wt.%,Si:0.18/wt.%,Nb:4.89/wt.%,Al:0.51/wt.%,Ti:1.01/wt.%,C:0.05/wt.%,"
29211,"N/A,HT1, Ti:74.54/wt.%, Al:8.21/wt.%, V:3.30/wt.%, C:6.38/wt.%, O:7.45/wt.%, Fe:0.13/wt.%,","N/A,N/A, Ti:74.54/wt.%, Al:8.21/wt.%, V:3.30/wt.%, C:6.38/wt.%, O:7.45/wt.%, Fe:0.13/wt.%,"
29212,"N/A,HT3, Ti:62.47/wt.%, Al:6.58/wt.%, V:2.73/wt.%, C:19.23/wt.%, O:8.83/wt.%, Fe:0.17/wt.%,","N/A,N/A, Ti:62.47/wt.%, Al:6.58/wt.%, V:2.73/wt.%, C:19.23/wt.%, O:8.83/wt.%, Fe:0.17/wt.%,"
29213,"N/A,HT5, Ti:70.19/wt.%, Al:7.44/wt.%, V:3.07/wt.%, C:8.22/wt.%, O:11.00/wt.%, Fe:0.07/wt.%,","Ti-Al-V-C-O-Fe,N/A, Ti:70.19/wt.%, Al:7.44/wt.%, V:3.07/wt.%, C:8.22/wt.%, O:11.00/wt.%, Fe:0.07/wt.%,"
29214,"N/A,HT7, Ti:75.50/wt.%, Al:8.09/wt.%, V:3.42/wt.%, C:5.49/wt.%, O:7.37/wt.%, Fe:0.14/wt.%,","N/A,N/A, Ti:75.50/wt.%, Al:8.09/wt.%, V:3.42/wt.%, C:5.49/wt.%, O:7.37/wt.%, Fe:0.14/wt.%,"
29215,"N/A,HT9, Ti:73.01/wt.%, Al:8.01/wt.%, V:3.17/wt.%, C:7.09/wt.%, O:8.64/wt.%, Fe:0.08/wt.%,","N/A,N/A, Ti:73.01/wt.%, Al:8.01/wt.%, V:3.17/wt.%, C:7.09/wt.%, O:8.64/wt.%, Fe:0.08/wt.%,"
29716,"ADC14 aluminum alloy,N/A, N/A,","ADC14-1,N/A, ADC14 aluminum alloy:N/A,"
29717,"ADC14 aluminum alloy,N/A, N/A,","ADC14-2,N/A, ADC14 aluminum alloy,"
29718,"ADC14 aluminum alloy,N/A, N/A,","ADC14,N/A, Al:Bal, ,"
29719,"Fe-W/Al2O3 composite,As-deposited,N/A,","Fe-W/Al2O3,As-deposited,Fe-W:Bal/wt.%, Al2O3:11/wt.%,"
29720,"Fe-W/Al2O3 composite,Annealed,N/A,","Fe-W/Al2O3,Annealed,Fe:N/A, W:N/A, Al2O3:11/wt.%,"
29721,"Hard Chromium,As-deposited,N/A,","Hard Chromium,As-deposited,Chromium coating:N/A,"
29722,"Hard Chromium,Annealed,N/A,","Hard Chromium,Annealed,\Chromium coating\:\N/A\,"
29804,"LA12TaLN,N/A, C:0.165/wt.%, Si:0.02/wt.%, Mn:0.84/wt.%, Cr:9.04/wt.%, V:0.24/wt.%, W:0.75/wt.%, N:0.0048/wt.%, Ta:0.10/wt.%,","LA12TaLN,N/A, C:0.165/wt.%, Si:0.02/wt.%, Mn:0.84/wt.%, Cr:9.04/wt.%, V:0.24/wt.%, W:0.75/wt.%, N:0.0048/wt.%, Ta:0.10/wt.%,"
29805,"LA12Ta,N/A, C:0.155/wt.%, Si:0.03/wt.%, Mn:0.88/wt.%, Cr:9.86/wt.%, V:0.28/wt.%, W:0.84/wt.%, N:0.0430/wt.%, Ta:0.10/wt.%,","
   \Alloy Formula\:\LA12Ta\,\States\:\N/A\,\Composition\:\C\:\0.155/wt.%\, \Si\:\0.03/wt.%\, \Mn\:\0.88/wt.%\, \Cr\:\9.86/wt.%\, \V\:\0.28/wt.%\, \W\:\0.84/wt.%\, \N\:\0.0430/wt.%\, \Ta\:\0.10/wt.%\,\Others\:\Sample Name: LA12Ta\
"
29806,"LA13Ta,N/A, C:0.179/wt.%, Si:0.04/wt.%, Mn:0.79/wt.%, Cr:8.39/wt.%, V:0.24/wt.%, W:2.79/wt.%, N:0.0480/wt.%, Ta:0.09/wt.%,","LA13Ta,N/A, C:0.179/wt.%, Si:0.04/wt.%, Mn:0.79/wt.%, Cr:8.39/wt.%, V:0.24/wt.%, W:2.79/wt.%, N:0.0480/wt.%, Ta:0.09/wt.%,"
29807,"LA4Ta,N/A, C:0.142/wt.%, Si:0.03/wt.%, Mn:0.78/wt.%, Cr:11.08/wt.%, V:0.23/wt.%, W:0.72/wt.%, N:0.0410/wt.%, Ta:0.07/wt.%,","LA4Ta,N/A, C:0.142/wt.%, Si:0.03/wt.%, Mn:0.78/wt.%, Cr:11.08/wt.%, V:0.23/wt.%, W:0.72/wt.%, N:0.0410/wt.%, Ta:0.07/wt.%,"
29808,"LA12LC,N/A, C:0.089/wt.%, Si:0.03/wt.%, Mn:1.13/wt.%, Cr:8.92/wt.%, V:0.30/wt.%, W:0.73/wt.%, N:0.035/wt.%, Ta:0.01/wt.%,","N/A,N/A, C:0.089/wt.%, Si:0.03/wt.%, Mn:1.13/wt.%, Cr:8.92/wt.%, V:0.30/wt.%, W:0.73/wt.%, N:0.035/wt.%, Ta:0.01/wt.%,"
29809,"LA12TaLC,N/A, C:0.090/wt.%, Si:0.03/wt.%, Mn:1.13/wt.%, Cr:8.80/wt.%, V:0.30/wt.%, W:0.73/wt.%, N:0.019/wt.%, Ta:0.10/wt.%,","
   \Alloy Formula\:\LA12TaLC\,\States\:\N/A\, \Composition\:\\\\C\\\: \\\0.090/wt.%\\\, \\\Si\\\: \\\0.03/wt.%\\\, \\\Mn\\\: \\\1.13/wt.%\\\, \\\Cr\\\: \\\8.80/wt.%\\\, \\\V\\\: \\\0.30/wt.%\\\, \\\W\\\: \\\0.73/wt.%\\\, \\\N\\\: \\\0.019/wt.%\\\, \\\Ta\\\: \\\0.10/wt.%\\\\,\Others\:\Sample Name: LA12TaLC\
"
29810,"F82H,N/A, C:0.087/wt.%, Si:0.10/wt.%, Mn:0.21/wt.%, Cr:7.46/wt.%, V:0.15/wt.%, W:1.96/wt.%, N:0.0066/wt.%, Ta:0.023/wt.%,","N/A,N/A, C:0.087/wt.%, Si:0.10/wt.%, Mn:0.21/wt.%, Cr:7.46/wt.%, V:0.15/wt.%, W:1.96/wt.%, N:0.0066/wt.%, Ta:0.023/wt.%, "
29811,"JLF-1,N/A, C:0.106/wt.%, Si:0.05/wt.%,Mn:0.52/wt.%,Cr:8.70/wt.%,V:0.18/wt.%,W:1.91/wt.%,N:0.028/wt.%,Ta:0.08/wt.%,","N/A N/A, C:0.106/wt.%, Si:0.05/wt.%, Mn:0.52/wt.%, Cr:8.70/wt.%, V:0.18/wt.%, W:1.91/wt.%, N:0.028/wt.%, Ta:0.08/wt.%, "
30101,"Naturally aged,N/A, Al:Balance/wt.%, Mg:0.56/wt.%, Si:1.21/wt.%, Fe:0.12/wt.%, Cu:0.05/wt.%, Mn:0.08/wt.%,","
   
     N/A,
     Naturally aged,
     
      Al: Balance/wt.%,
      Mg: 0.56/wt.%,
      Si: 1.21/wt.%,
      Fe: 0.12/wt.%,
      Cu: 0.05/wt.%,
      Mn: 0.08/wt.%
    
  ,
  Others: Sample Name
"
30102,"Under-aged,N/A, Al:Balance/wt.%, Mg:0.56/wt.%, Si:1.21/wt.%, Fe:0.12/wt.%, Cu:0.05/wt.%, Mn:0.08/wt.%,","N/A,Under-aged, Al:Balance/wt.%, Mg:0.56/wt.%, Si:1.21/wt.%, Fe:0.12/wt.%, Cu:0.05/wt.%, Mn:0.08/wt.%,"
30103,"Peak-aged (T6),N/A, Al:Balance/wt.%, Mg:0.56/wt.%, Si:1.21/wt.%, Fe:0.12/wt.%, Cu:0.05/wt.%, Mn:0.08/wt.%,","Alloy:N/A,Peak-aged (T6), Al:Balance/wt.%, Mg:0.56/wt.%, Si:1.21/wt.%, Fe:0.12/wt.%, Cu:0.05/wt.%, Mn:0.08/wt.%,"
30104,"Strongly over-aged,N/A, Al:Balance/wt.%, Mg:0.56/wt.%, Si:1.21/wt.%, Fe:0.12/wt.%, Cu:0.05/wt.%, Mn:0.08/wt.%,","N/A,Strongly over-aged, Al:Balance/wt.%, Mg:0.56/wt.%, Si:1.21/wt.%, Fe:0.12/wt.%, Cu:0.05/wt.%, Mn:0.08/wt.%,"
30148,"Al65Cu20Fe15-1,N/A, Al:65/at.%, Cu:20/at.%, Fe:15/at.%,","Al65Cu20Fe15-1,N/A, Al:65/at.%, Cu:20/at.%, Fe:15/at.%,"
30149,"Al65Cu20Fe15-2,N/A, Al:65/at.%, Cu:20/at.%, Fe:15/at.%,","Al65Cu20Fe15,N/A, Al:65/at.%, Cu:20/at.%, Fe:15/at.%,"
30150,"Al65Cu20Fe15-3,N/A, Al:65/at.%, Cu:20/at.%, Fe:15/at.%,","Alloy:Al65Cu20Fe15,N/A, Al:65/at.%, Cu:20/at.%, Fe:15/at.%,"
30151,"Al65Cu20Fe10Si5-1,N/A, Al:65/at.%, Cu:20/at.%, Fe:10/at.%, Si:5/at.%,","Al65Cu20Fe10Si5,N/A, Al:65/at.%, Cu:20/at.%, Fe:10/at.%, Si:5/at.%,"
30152,"Al65Cu20Fe10Si5-2,N/A, Al:65/at.%, Cu:20/at.%, Fe:10/at.%, Si:5/at.%,","Al65Cu20Fe10Si5,N/A, Al:65/at.%, Cu:20/at.%, Fe:10/at.%, Si:5/at.%,"
30153,"Al65Cu20Fe10Si5-3,N/A, Al:65/at.%, Cu:20/at.%, Fe:10/at.%, Si:5/at.%,","Al65Cu20Fe10Si5,N/A, Al:65/at.%, Cu:20/at.%, Fe:10/at.%, Si:5/at.%,"
30329,"N/A,N/A, Al:Base/wt.%, Li:0.35/wt.%, Mg:1/wt.%, C:0.25/wt.%, TiO2:7.5/vol.%,","N/A,N/A, Al:Base/wt.%, Li:0.35/wt.%, Mg:1/wt.%, C:0.25/wt.%, TiO2:7.5/vol.%,"
30330,"N/A,N/A, Al:Base/wt.%, Li:0.35/wt.%, Mg:1/wt.%, C:0.25/wt.%, TiO2:7.5/vol.%,","N/A,N/A, Al:Base/wt.%, Li:0.35/wt.%, Mg:1/wt.%, C:0.25/wt.%, TiO2:7.5/vol.%, "
30378,"Al–4Cu-SC-1,N/A, Al:Base, Cu:4/wt.%,","Al–4Cu-SC-1,N/A, Al:Base, Cu:4/wt.%,"
30379,"Al–4Cu-SC-2,N/A, Al:Base, Cu:4/wt.%,","Al–4Cu-SC-2,N/A, Al:Base, Cu:4/wt.%,"
30380,"Al–4Cu-SC-3,N/A, Al:Base, Cu:4/wt.%,","Al–4Cu-SC-3,N/A, Al:Base, Cu:4/wt.%,"
30381,"Al–4Cu-SC-4,N/A, Al:Base, Cu:4/wt.%,","Al–4Cu-SC-4,N/A, Al:Base, Cu:4/wt.%,"
30382,"Al–4Cu-SC-5,N/A, Al:Base, Cu:4/wt.%,","Al–4Cu-SC-5,N/A, Al:Base, Cu:4/wt.%,"
30383,"Al–4Cu-SC-6,N/A, Al:Base, Cu:4/wt.%,","Al–4Cu-SC-6,N/A, Al:Base, Cu:4/wt.%,"
30384,"Al–4Cu-SC-7,N/A, Al:Base, Cu:4/wt.%,","Al–4Cu-SC-7,N/A, Al:Base, Cu:4/wt.%,"
30385,"Al–4Cu-SC-8,N/A, Al:Base/wt.%, Cu:4/wt.%,","Al–4Cu-SC-8,N/A, Al:Base/wt.%, Cu:4/wt.%,"
30386,"Al–4Cu-SC-9,N/A, Al:Base, Cu:4/wt.%,","Al–4Cu-SC-9,N/A, Al:Base, Cu:4/wt.%,"
30387,"Al–4Cu-SC-10,N/A, Al:Base, Cu:4/wt.%,","Al–4Cu-SC-10,N/A, Al:Base, Cu:4/wt.%,"
30400,"Fe–29Mn–9Al–0.9C–0.4Mo–0.8W–0.5Nb,N/A, Fe:Bal/wt.%, Mn:29/wt.%, Al:9/wt.%, C:0.9/wt.%, Mo:0.4/wt.%, W:0.8/wt.%, Nb:0.5/wt.%,","Fe–29Mn–9Al–0.9C–0.4Mo–0.8W–0.5Nb,N/A, Fe:Bal/wt.%, Mn:29/wt.%, Al:9/wt.%, C:0.9/wt.%, Mo:0.4/wt.%, W:0.8/wt.%, Nb:0.5/wt.%,"
30401,"Fe–29Mn–9Al–0.9C–0.4Mo–0.8W–0.5Nb,N/A, Fe:Bal/wt.%, Mn:29/wt.%, Al:9/wt.%, C:0.9/wt.%, Mo:0.4/wt.%, W:0.8/wt.%, Nb:0.5/wt.%,","Fe–29Mn–9Al–0.9C–0.4Mo–0.8W–0.5Nb,N/A, Fe:Bal/wt.%, Mn:29/wt.%, Al:9/wt.%, C:0.9/wt.%, Mo:0.4/wt.%, W:0.8/wt.%, Nb:0.5/wt.%,"
30402,"FeMnAlC,N/A, Fe:N/A/wt.%,Mn:N/A/wt.%,Al:N/A/wt.%,C:N/A/wt.%,Si:1.25/wt.%,","FeMnAlC,N/A, Si:1.25/wt.%,"
30403,"Al–4Cu,N/A, Al:Base/wt.%, Cu:4/wt.%,","Al–4Cu,N/A, Al:Base/wt.%, Cu:4/wt.%,"
30404,"Al–4Cu–0.3Mg,N/A, Al:Base/wt.%, Cu:4/wt.%, Mg:0.3/wt.%,","Al–4Cu–0.3Mg,N/A, Al:Base/wt.%, Cu:4/wt.%, Mg:0.3/wt.%,"
30405,"Alloy 7005,N/A, Al:Base/wt.%, Zn:4.6/wt.%, Mg:1.4/wt.%, Mn:0.5/wt.%,","Alloy 7005,N/A, Al:Base/wt.%, Zn:4.6/wt.%, Mg:1.4/wt.%, Mn:0.5/wt.%,"
30674,"WE93,extrusion,N/A,","WE93-extrusion,extruded, N:N/A,"
30676,"WE93,peaked-aged,N/A,","Alloy:N/A,peaked-aged, N/A, "
30878,"Mg-10Gd-3Y-0.5Zr-1,N/A, Mg:Base/wt.%, Gd:10/wt.%, Y:3/wt.%, Zr:0.5/wt.%,","Mg-10Gd-3Y-0.5Zr-1,N/A, Mg:Base/wt.%, Gd:10/wt.%, Y:3/wt.%, Zr:0.5/wt.%,"
30879,"Mg-10Gd-3Y-0.5Zr-2,N/A, Mg:Base/wt.%, Gd:10/wt.%, Y:3/wt.%, Zr:0.5/wt.%,","
   
     Mg-10Gd-3Y-0.5Zr-2,
     N/A,
     
      Mg: Bal/wt.%,
      Gd: 10/wt.%,
      Y: 3/wt.%,
      Zr: 0.5/wt.%
    
  ,
  Others: Sample Name: Mg-10Gd-3Y-0.5Zr-2
"
30885,"IN939 superalloy,HT1, N/A,","IN939,N/A, IN939:N/A, "
30886,"IN939 superalloy,HT2,N/A,","IN939,N/A, N/A, "
31099,"N/A,As-cast condition,Al:Base/wt.%,Si:12/wt.%,Cu:3/wt.%,Mg:0.5-2.5/wt.%,","N/A,As-cast condition, Al:Base/wt.%, Si:12/wt.%, Cu:3/wt.%, Mg:0.5-2.5/wt.%,"
31100,"N/A,T6-treated condition,Al:Base/wt.%, Si:12/wt.%,Cu:3/wt.%,Mg:0.5-2.5/wt.%,","
   \Alloy Formula\:\AlSi12Cu3Mg\,\States\:\T6-treated condition \, \Composition\:\\\\Al\\\: \\\Bal/wt.%\\\, \\\Si\\\: \\\12/wt.%\\\, \\\Cu\\\: \\\3/wt.%\\\, \\\Mg\\\: \\\0.5-2.5/wt.%\\\\,\Others\:\Sample Name\
"
31249,"multicomponent Fe-base solid solutions,N/A, N/A,","
   
     N/A,
     N/A,
     
      Fe: Bal,
      Others: multicomponent solid solutions
    
  ,
  Others: Sample Name: multicomponent Fe-base solid solutions
"
31250,"Alloy AF1410,N/A, C:0.160/wt.%, Co:14.25/wt.%, Cr:2.10/wt.%, Mo:1.05/wt.%, Ni:10.15/wt.%, Fe:balance/wt.%,","Alloy:AF1410,N/A, C: 0.160/wt.%, Co: 14.25/wt.%, Cr: 2.10/wt.%, Mo: 1.05/wt.%, Ni: 10.15/wt.%, Fe: balance/wt.%, "
31251,"Alloy AerMet100,N/A, C:0.240/wt.%, Co:13.50/wt.%, Cr:3.00/wt.%, Mo:1.00/wt.%, Ni:11.00/wt.%, Fe:balance/wt.%,","
   \Alloy Formula\:\AerMet100\,\States\:\N/A\, \Composition\: \C: '0.240/wt.%', Co: '13.50/wt.%', Cr: '3.00/wt.%', Mo: '1.00/wt.%', Ni: '11.00/wt.%', Fe: 'balance'\,\Others\:\Sample Name:  Alloy AerMet100\
"
31252,"Alloy C3B2,N/A, C:0.170/wt.%, Co:28.32/wt.%, Cr:4.95/wt.%, Mo:2.53/wt.%, Ni:3.14/wt.%, Fe:balance/wt.%,","C3B2,N/A, C:0.170/wt.%, Co:28.32/wt.%, Cr:4.95/wt.%, Mo:2.53/wt.%, Ni:3.14/wt.%, Fe:Bal/wt.%,"
31253,"α-Fe,N/A, N/A,","N/A,N/A, Fe:N/A/at.%, "
31327,"Fe-20Cr-5Al + 2 wt% Ru,N/A, Fe:Bal/wt.%, Cr:20/wt.%, Al:5/wt.%, Ru:2/wt.%,","Fe-20Cr-5Al+2Ru,N/A, Fe:Bal/wt.%, Cr:20/wt.%, Al:5/wt.%, Ru:2/wt.%,"
31328,"Fe-20Cr-5Al + 4 wt% Ru,N/A, Fe:Bal/wt.%, Cr:20/wt.%, Al:5/wt.%, Ru:4/wt.%,","Fe-20Cr-5Al + 4 wt% Ru,N/A, Fe:Bal/at.%, Cr:20/at.%, Al:5/at.%, Ru:4/wt.%, "
31329,"Fe-35Cr-5Al + 2 wt% Ru,N/A, Fe:Bal/wt.%, Cr:35/wt.%, Al:5/wt.%, Ru:2/wt.%,","Fe-35Cr-5Al + 2 wt% Ru,N/A, Fe:Bal/wt.%, Cr:35/wt.%, Al:5/wt.%, Ru:2/wt.%,"
31330,"Fe-35Cr-5Al + 4 wt% Ru,N/A, Fe:Bal/wt.%, Cr:35/wt.%, Al:5/wt.%, Ru:4/wt.%,","
   \Alloy Formula\:\Fe-35Cr-5Al + 4 wt% Ru\,\States\:\N/A\, \Composition\:\Fe\:\Bal/wt.%\,\Cr\:\35/wt.%\,\Al\:\5/wt.%\,\Ru\:\4/wt.%\,\Others\:\Sample Name: Fe-35Cr-5Al + 4 wt% Ru\
"
31331,"Fe-20Cr-1Al-3.75Ru,N/A, Fe:74.6/wt.%, Cr:21.3/wt.%, Al:2.1/wt.%, Ru:2.1/wt.%,","Fe-20Cr-1Al-3.75Ru,N/A, Fe:74.6/wt.%, Cr:21.3/wt.%, Al:2.1/wt.%, Ru:2.1/wt.%,"
31332,"Fe-35Cr-1Al-3.75Ru,N/A, Fe:59.1/wt.%, Cr:36.9/wt.%, Al:2.0/wt.%, Ru:2.0/wt.%,","Fe-35Cr-1Al-3.75Ru,N/A, Fe:59.1/at.%, Cr:36.9/at.%, Al:2.0/at.%, Ru:2.0/at.%,"
31333,"Fe-20Cr,N/A, Fe:Bal/wt.%, Cr:20/wt.%, Ru:higher levels/wt.%,","Fe-20Cr-Ru,N/A, Fe:Bal/at.%, Cr:20/at.%, Ru:N/A/at.%,"
31334,"Fe-35Cr + 4 wt% Ru,N/A, Fe:Bal/wt.%, Cr:35/wt.%, Ru:4/wt.%,","Fe-35Cr+4 wt%Ru,N/A, Fe:Bal/wt.%, Cr:35/wt.%, Ru:4/wt.%, "
31365,"Inconel 625,SE,N/A,","625,N/A, Ni:52-58/wt.%, Cr:21-23/wt.%, Mo:8.5-10/wt.%, Fe:33-37/wt.%, Nb:3.15-4.15/wt.%, Ti:3.15-4.15/wt.%, Al:<0.4/wt.%, Cu:<0.5/wt.%, Mn:<0.5/wt.%, Si:<0.5/wt.%, P:<0.015/wt.%, S:<0.015/wt.%, B:<0.005/wt.%, Zr:<0.08/wt.%, C:<0.1/wt.%, Co:N/A/wt.%, Ag:N/A/wt.%, Sn:N/A/wt.%,"
31366,"Inconel 625,Aged,N/A,",Error
31367,"Inconel 625,Resolution Annealed,N/A,","625,Resolution Annealed, Ni:N/A/wt.%, Cr:N/A/wt.%, Mo:N/A/wt.%, Fe:N/A/wt.%, Nb:N/A/wt.%, Ti:N/A/wt.%,"
31368,"Inconel 625,Aged 923K 10h,N/A,","
   \Alloy Formula\:\Inconel 625\,
   \Aged 923K 10h\,
   N/A,
  Others: Sample Name: Inconel 625
"
31369,"Inconel 625,Aged 1123K 1h,N/A,","625,Inconel 625-Aged 1123K 1h, Ni:Bal/wt.%, Cr:21.5/wt.%, Mo:9/wt.%, Fe:N/A/wt.%, Nb:4.5/wt.%, Ti:3.6/wt.%, Al:0.4/wt.%, Cu:N/A/wt.%, Mn:N/A/wt.%, Si:N/A/wt.%, C:N/A/wt.%,"
31594,"Mo92O8,Stage 1, Mo:92/wt.%, O:8/wt.%, Fe-57:1/at.%,","N/A,"
31595,"Mo92O8,Stage 2, Mo:92/wt.%, O:8/wt.%, Fe-57:1/at.%,",N/A
31596,"Mo92O8,Stage 3, Mo:92/wt.%, O:8/wt.%, Fe-57:1/at.%,","Mo92O8-1Fe-57,N/A, Mo:92/at.%, O:8/at.%, Fe:1/at.%, "
31597,"IMP-BAZALM-1,N/A, Zr:51/at.%, Ti:31/at.%, Nb:18/at.%,","ZrTiNb,N/A, Zr: 51/at.%,  Ti: 31/at.%, Nb: 18/at.%,"
31598,"IMP-BAZALM-2,N/A, Zr:51/at.%, Ti:31/at.%, Nb:18/at.%,","ZrTiNb,N/A, Zr: 51/at.%,  Ti: 31/at.%, Nb: 18/at.%,"
31599,"Ti49.4Ni50.6,N/A, Ti:49.4/wt.%, Ni:50.6/wt.%, ","Ti49.4Ni50.6,N/A, Ti: 49.4/at.%, Ni: 50.6/at.%,"
31600,"Ti49.4Ni50.6,N/A, Ti:49.4/wt.%, Ni:50.6/wt.%, ","Alloy:Ti49.4Ni50.6,N/A, Ti:49.4/at.%, Ni:50.6/at.%, , "
31601,"Ti49.4Ni50.6,N/A, Ti:49.4/wt.%, Ni:50.6/wt.%, ","Ti49.4Ni50.6,N/A, Ti:49.4/at.%, Ni:50.6/at.%,"
31602,"N/A,N/A, N/A,","N/A,N/A, N/A, "
31603,"Fe-25at%C-1,N/A, Fe:75/at.%, C:25/at.%,","Fe-25at%C-1,N/A, Fe: 75/at.%,  C: 25/at.%,"
31604,"Ti-Ni-Nb,Cast,N/A,","Ti-Ni-Nb,N/A, Ti:N/A/at.%, Ni:N/A/at.%, Nb:N/A/at.%,"
31605,"Ti-Ni-Nb,Pressed,N/A,","Ti-Ni-Nb,N/A, Ti:Bal/at.%, Ni:N/A/at.%, Nb:N/A/at.%, "
31692,"Alloy 1,N/A, Ti:24.3/at.%, Al:24.8/at.%, Nb:24.8/at.%, Zr:1.0/at.%, V:1.4/at.%, Mo:0.6/at.%, Si:0.3/at.%, Hydrogen:8.5/at.%,","Ti-24.3Al-24.8Nb-24.8Zr-1.0V-1.4Mo-0.6Si-0.3H-8.5,N/A, Ti:24.3/at.%, Al:24.8/at.%, Nb:24.8/at.%, Zr:1.0/at.%, V:1.4/at.%, Mo:0.6/at.%, Si:0.3/at.%, H:8.5/at.%,"
31693,"Alloy 2,N/A, Ti:24.3/at.%, Al:24.8/at.%, Nb:24.8/at.%, Zr:1.0/at.%, V:1.4/at.%, Mo:0.6/at.%, Si:0.3/at.%, Hydrogen:8.5/at.%,","Ti24.3Al24.8Nb24.8Zr1.0V1.4Mo0.6Si0.3H8.5,N/A, Ti:24.3/at.%, Al:24.8/at.%, Nb:24.8/at.%, Zr:1.0/at.%, V:1.4/at.%, Mo:0.6/at.%, Si:0.3/at.%, H:8.5/at.%,"
31694,"Alloy 3,N/A, Ti:24.3/at.%, Al:24.8/at.%, Nb:24.8/at.%, Zr:1.0/at.%, V:1.4/at.%, Mo:0.6/at.%, Si:0.3/at.%, Hydrogen:8.5/at.%,","Ti24.3Al24.8Nb24.8Zr1.0V1.4Mo0.6Si0.3,N/A, Ti:24.3/at.%, Al:24.8/at.%, Nb:24.8/at.%, Zr:1.0/at.%, V:1.4/at.%, Mo:0.6/at.%, Si:0.3/at.%, H:8.5/at.%,"
31704,"Alloy 1461-1,N/A, Cu:2.8/wt.%, Li:1.8/wt.%,Zr:0.08/wt.%,Sc:0.09/wt.%,Zn:0.66/wt.%,Mg:0.5/wt.%,Al:Balance/wt.%,","N/A,N/A, Cu:2.8/wt.%, Li:1.8/wt.%, Zr:0.08/wt.%, Sc:0.09/wt.%, Zn:0.66/wt.%, Mg:0.5/wt.%, Al:Balance/wt.%,"
31705,"Alloy 1461-2,N/A, Al:Balance/wt.%, Cu:2.8/wt.%, Li:1.8/wt.%, Zr:0.08/wt.%, Sc:0.09/wt.%, Zn:0.66/wt.%, Mg:0.5/wt.%,","N/A,N/A, Al:Balance/wt.%, Cu:2.8/wt.%, Li:1.8/wt.%, Zr:0.08/wt.%, Sc:0.09/wt.%, Zn:0.66/wt.%, Mg:0.5/wt.%,"
31706,"Alloy 1461-3,N/A, Cu:2.8/wt.%,Li:1.8/wt.%,Zr:0.08/wt.%,Sc:0.09/wt.%,Zn:0.66/wt.%,Mg:0.5/wt.%,Al:Balance/wt.%,","N/A,N/A, Cu:2.8/wt.%,Li:1.8/wt.%,Zr:0.08/wt.%,Sc:0.09/wt.%,Zn:0.66/wt.%,Mg:0.5/wt.%,Al:Balance,"
31789,"Ti-15V-3Al-3Sn-3Cr,Solution-treated,Ti:Bal/wt.%, V:15/wt.%, Al:3/wt.%, Sn:3/wt.%, Cr:3/wt.%,","Ti-15V-3Al-3Sn-3Cr,Solution-treated,Ti:Bal/wt.%, V:15/wt.%, Al:3/wt.%, Sn:3/wt.%, Cr:3/wt.%,"
31790,"Ti-15V-3Al-3Sn-3Cr,Single-step aged,Ti:Bal/wt.%, V:15/wt.%, Al:3/wt.%, Sn:3/wt.%, Cr:3/wt.%,","Ti-15V-3Al-3Sn-3Cr,N/A, Ti:Bal/wt.%, V:15/wt.%, Al:3/wt.%, Sn:3/wt.%, Cr:3/wt.%,"
31791,"Ti-15V-3Al-3Sn-3Cr,Duplex aged,Ti:Bal/wt.%, V:15/wt.%, Al:3/wt.%, Sn:3/wt.%, Cr:3/wt.%,","Ti-15V-3Al-3Sn-3Cr,N/A, Ti:Bal/wt.%, V:15/wt.%, Al:3/wt.%, Sn:3/wt.%, Cr:3/wt.%,"
31792,"Ti-15V-3Al-3Sn-3Cr,Cryogenic treated,Ti:Bal/wt.%, V:15/wt.%, Al:3/wt.%, Sn:3/wt.%, Cr:3/wt.%,","Ti-15V-3Al-3Sn-3Cr,Cryogenic treated,N/A,"
31793,"Ti-15V-3Al-3Sn-3Cr,Cryogenic treated plus single-step aged,Ti:Bal/wt.%, V:15/wt.%, Al:3/wt.%, Sn:3/wt.%, Cr:3/wt.%,","Ti-15V-3Al-3Sn-3Cr,Cryogenic treated plus single-step aged,Ti:N/A, V:15/wt.%, Al:3/wt.%, Sn:3/wt.%, Cr:3/wt.%,"
31794,"Ti-15V-3Al-3Sn-3Cr,Cryogenic treated plus duplex aged,Ti:Bal/wt.%, V:15/wt.%, Al:3/wt.%, Sn:3/wt.%, Cr:3/wt.%,","Ti-15V-3Al-3Sn-3Cr,Cryogenic treated plus duplex aged,Ti:Bal/wt.%, V:15/wt.%, Al:3/wt.%, Sn:3/wt.%, Cr:3/wt.%,"
31851,"Ti49Ni51,Quenching,Ti:49/at.%,Ni:51/at.%,","Ti49Ni51,Quenching,Ti:49/at.%,Ni:51/at.%,"
31852,"Ti49Ni51,MPR 30%,Ti:49/at.%,Ni:51/at.%,","Ti49Ni51-MPR 30%,N/A, Ti:49/at.%, Ni:51/at.%,"
31853,"Ti49Ni51,MPR + PTT 373 K,Ti:49/at.%,Ni:51/at.%,","Ti49Ni51-MPR,PTT 373 K, Ti:49/at.%, Ni:51/at.%,"
31854,"Ti49Ni51,MPR + PTT 473 K,Ti:49/at.%,Ni:51/at.%,","Ti49Ni51-MPR,PTT 473 K,Ti:49/at.%,Ni:51/at.%,"
31855,"Ti49Ni51,MPR + PTT 573 K,Ti:49/at.%,Ni:51/at.%,","Ti49Ni51-MPR,PTT 573 K,Ti:49/at.%,Ni:51/at.%,"
31856,"Ti49Ni51,MPR + PTT 673 K,Ti:49/at.%,Ni:51/at.%,","Ti49Ni51-MPR,PTT 673 K,Ti:49/at.%,Ni:51/at.%,"
31857,"Ti49Ni51,MPR + PTT 773 K,Ti:49/at.%,Ni:51/at.%,","Ti49Ni51-MPR,PTT 773 K,Ti:49/at.%,Ni:51/at.%,"
31858,"Ti49Ni51,MPR + PTT 873 K,Ti:49/at.%,Ni:51/at.%,","Ti49Ni51-MPR,PTT 873 K, Ti:49/at.%, Ni:51/at.%,"
31859,"Ti49Ni51,MPR + PTT 973 K,Ti:49/at.%,Ni:51/at.%,","Ti49Ni51-MPR,PTT 973 K,Ti:49/at.%,Ni:51/at.%,"
31860,"Ti-51Ni,UFG, Ti:49/at.%, Ni:51/at.%,","Ti-51Ni-UFG,N/A, Ti:49/at.%, Ni:51/at.%,"
31942,"N/A,SEBM1 (I = 9.5 mA), Ti:44.5/at.%, Al:31.0/at.%, V:2.5/at.%,Nb:2.5/at.%, Cr:2.5/at.%, Gd:0.4/at.%,","N/A,N/A, Ti:44.5/at.%, Al:31.0/at.%, V:2.5/at.%,Nb:2.5/at.%, Cr:2.5/at.%, Gd:0.4/at.%,"
31943,"N/A,SEBM2 (I = 19.0 mA), Ti:44.5/at.%, Al:31.0/at.%, V:2.5/at.%,Nb:2.5/at.%, Cr:2.5/at.%, Gd:0.4/at.%,","N/A,N/A, Ti:44.5/at.%, Al:31.0/at.%, V:2.5/at.%,Nb:2.5/at.%, Cr:2.5/at.%, Gd:0.4/at.%,"
31944,"N/A,HT1, Ti:44.5/at.%, Al:31.0/at.%, V:2.5/at.%, Nb:2.5/at.%, Cr:2.5/at.%, Gd:0.4/at.%,","N/A,N/A, Ti:44.5/at.%, Al:31.0/at.%, V:2.5/at.%, Nb:2.5/at.%, Cr:2.5/at.%, Gd:0.4/at.%,"
31945,"N/A,HT2,Ti:44.5/at.%,Al:31.0/at.%,V:2.5/at.%,Nb:2.5/at.%,Cr:2.5/at.%,Gd:0.4/at.%,","N/A,HT2,Ti:44.5/at.%,Al:31.0/at.%,V:2.5/at.%,Nb:2.5/at.%,Cr:2.5/at.%,Gd:0.4/at.%,"
31946,"N/A,As-cast,Ti:44.5/at.%,Al:31.0/at.%,V:2.5/at.%,Nb:2.5/at.%,Cr:2.5/at.%,Gd:0.4/at.%,","N/A,As-cast,Ti:44.5/at.%,Al:31.0/at.%,V:2.5/at.%,Nb:2.5/at.%,Cr:2.5/at.%,Gd:0.4/at.%,"
32004,"Ti-6Al-4V,Freshly Synthesized, Ti:95.028/wt.%, V:4.045/wt.%, O:0.4574/wt.%, Al:0.4696/wt.%,","Ti-6Al-4V,N/A, Ti:95.028/wt.%, V:4.045/wt.%, O:0.4574/wt.%, Al:0.4696/wt.%,"
32005,"Ti-6Al-4V,Aged,Ti:95.028/wt.%,V:4.045/wt.%,O:0.4574/wt.%,Al:4696/ppm,","Ti-6Al-4V,Aged,Ti:95.028/wt.%,V:4.045/wt.%,O:0.4574/wt.%,Al:4696/ppm,"
32012,"Ni–Fe–Co–P,As-deposited,N/A,","Ni–Fe–Co–P,As-deposited,N/A,"
32013,"Ni–Fe–Co–P/CeO2,400°C,NiSO4 ⋅ 6H2O:120/wt.%,NiCl2 ⋅ 6H2O:40/wt.%,FeSO4 ⋅ 6H2O:20/wt.%,CoCl2 ⋅ 6H2O:10/wt.%,H3PO3:30/wt.%,H3BO3:30/wt.%,C6H8O7:10/wt.%,CeO2:1g/L,","Ni–Fe–Co–P/CeO2,400°C,NiSO4 ⋅ 6H2O:120/wt.%,NiCl2 ⋅ 6H2O:40/wt.%,FeSO4 ⋅ 6H2O:20/wt.%,CoCl2 ⋅ 6H2O:10/wt.%,H3PO3:30/wt.%,H3BO3:30/wt.%,C6H8O7:10/wt.%,CeO2:1g/L,"
32014,"Ni–Fe–Co–P/CeO2 Composite Coating,Heat Treated,NiSO4 ⋅ 6H2O:120/wt.%,NiCl2 ⋅ 6H2O:40/wt.%,FeSO4 ⋅ 6H2O:20/wt.%,CoCl2 ⋅ 6H2O:10/wt.%,H3PO3:30/wt.%,H3BO3:30/wt.%,C6H8O7:10/wt.%,CeO2:1/g/L,","Ni–Fe–Co–P/CeO2,Heat Treated,NiSO4 ⋅ 6H2O:120/wt.%,NiCl2 ⋅ 6H2O:40/wt.%,FeSO4 ⋅ 6H2O:20/wt.%,CoCl2 ⋅ 6H2O:10/wt.%,H3PO3:30/wt.%,H3BO3:30/wt.%,C6H8O7:10/wt.%,CeO2:1/g/L,"
32015,"N/A,N/A, Ti:Base/wt.%, Al:5.4/wt.%, Mo:4.1/wt.%, V:5/wt.%, Cr:3/wt.%, Zr:1/wt.%,","N/A,N/A, Ti:Base/wt.%, Al:5.4/wt.%, Mo:4.1/wt.%, V:5/wt.%, Cr:3/wt.%, Zr:1/wt.%,"
32016,"N/A,N/A, Ti:Base/wt.%, Al:5.4/wt.%, Mo:4.1/wt.%, V:5/wt.%, Cr:3/wt.%, Zr:1/wt.%,","N/A,N/A, Ti:Base/wt.%, Al:5.4/wt.%, Mo:4.1/wt.%, V:5/wt.%, Cr:3/wt.%, Zr:1/wt.%,"
32017,"N/A,N/A, Ti:Base/wt.%, Al:5.4/wt.%, Mo:4.1/wt.%, V:5/wt.%, Cr:3/wt.%, Zr:1/wt.%,","N/A,N/A, Ti:Base/wt.%, Al:5.4/wt.%, Mo:4.1/wt.%, V:5/wt.%, Cr:3/wt.%, Zr:1/wt.%,"
32018,"N/A,N/A, Ti:Base/wt.%, Al:5.4/wt.%, Mo:4.1/wt.%, V:5/wt.%, Cr:3/wt.%, Zr:1/wt.%,","N/A,N/A, Ti:Base/wt.%, Al:5.4/wt.%, Mo:4.1/wt.%, V:5/wt.%, Cr:3/wt.%, Zr:1/wt.%,"
32019,"N/A,N/A, Ti:Base/wt.%, Al:5.4/wt.%, Mo:4.1/wt.%, V:5/wt.%, Cr:3/wt.%, Zr:1/wt.%,","N/A,N/A, Ti:Base/wt.%, Al:5.4/wt.%, Mo:4.1/wt.%,V:5/wt.%,Cr:3/wt.%,Zr:1/wt.%,"
32020,"N/A,N/A, Ti:Base/wt.%, Al:5.4/wt.%, Mo:4.1/wt.%, V:5/wt.%, Cr:3/wt.%, Zr:1/wt.%,","N/A,N/A, Ti:Base/wt.%, Al:5.4/wt.%, Mo:4.1/wt.%, V:5/wt.%, Cr:3/wt.%, Zr:1/wt.%,"
32021,"17-4 PH 0.15% Ta,N/A, Cr:17/wt.%, Cu:4/wt.%, Ni:4/wt.%, Mn:1/wt.%, Si:1/wt.%, Ta:0.15/wt.%, Nb:0.3/wt.%, C:0.07/wt.%, Fe:Bal./wt.%,","17-4 PH 0.15% Ta,N/A, Cr:17/wt.%, Cu:4/wt.%, Ni:4/wt.%, Mn:1/wt.%, Si:1/wt.%, Ta:0.15/wt.%, Nb:0.3/wt.%, C:0.07/wt.%, Fe:Bal./wt.%,"
32022,"17-4 PH 0.30% Ta,N/A, Cr:17/wt.%, Cu:4/wt.%, Ni:4/wt.%, Mn:1/wt.%, Si:1/wt.%, Ta:0.30/wt.%, Nb:0.3/wt.%, C:0.07/wt.%, Fe:Bal./wt.%,","17-4 PH 0.30% Ta,N/A, Cr:17/wt.%, Cu:4/wt.%, Ni:4/wt.%, Mn:1/wt.%, Si:1/wt.%, Ta:0.30/wt.%, Nb:0.3/wt.%, C:0.07/wt.%, Fe:Bal./wt.%,"
32023,"17-4 PH 0.45% Ta,N/A, Cr:17/wt.%,Cu:4/wt.%,Ni:4/wt.%,Mn:1/wt.%,Si:1/wt.%,Ta:0.45/wt.%,Nb:0.3/wt.%,C:0.07/wt.%,Fe:Bal./wt.%,","17-4 PH 0.45% Ta,N/A, Cr:17/wt.%,Cu:4/wt.%,Ni:4/wt.%,Mn:1/wt.%,Si:1/wt.%,Ta:0.45/wt.%,Nb:0.3/wt.%,C:0.07/wt.%,Fe:Bal./wt.%,"
32024,"17-4 PH 0.60% Ta,N/A, Cr:17/wt.%,Cu:4/wt.%,Ni:4/wt.%,Mn:1/wt.%,Si:1/wt.%,Ta:0.60/wt.%,Nb:0.3/wt.%,C:0.07/wt.%,Fe:Bal./wt.%,","17-4 PH 0.60% Ta,N/A, Cr:17/wt.%,Cu:4/wt.%,Ni:4/wt.%,Mn:1/wt.%,Si:1/wt.%,Ta:0.60/wt.%,Nb:0.3/wt.%,C:0.07/wt.%,Fe:Bal./wt.%,"
32038,"V-1469,high-strength, N/A, ","V-1469,N/A, N/A, "
32039,"V-1469,high-crack-resistance, N/A,","V-1469,N/A, N/A,"
32040,"Mg-Y,N/A, Mg:Bal/wt.%, Y:8/wt.%,","Mg-Y,N/A, Mg:8/wt.%, Y:N/A,"
32041,"Mg-Y-0.6%Sm,N/A, Mg:Bal/wt.%, Y:8/wt.%, Sm:0.6/wt.%,","Mg-Y-0.6%Sm,N/A, Mg:8/wt.%, Y:0.6/wt.%, Sm:0.6/wt.%,"
32042,"Mg-Y-1.2%Sm,N/A, Mg:Bal/wt.%, Y:8/wt.%, Sm:1.2/wt.%,","Mg-Y-1.2%Sm,N/A, Mg:8/wt.%, Y:1.2/wt.%, Sm:1.2/wt.%,"
32043,"Mg-Y-1.8%Sm,N/A, Mg:Bal/wt.%, Y:8/wt.%, Sm:1.8/wt.%,","Mg-Y-1.8%Sm,N/A, Mg:8/wt.%, Y:1.8/wt.%, Sm:1.8/wt.%,"
32044,"Fe-30Cr-12Co,N/A, Fe:Bal/wt.%, Cr:30/wt.%, Co:12/wt.%,","Fe-30Cr-12Co,N/A, Fe:Bal/wt.%, Cr:30/wt.%, Co:12/wt.%,"
32045,"Fe-30Cr-12Co,N/A, Fe:Bal/wt.%, Cr:30/wt.%, Co:12/wt.%,","Fe-30Cr-12Co,N/A, Fe:Bal/wt.%, Cr:30/wt.%, Co:12/wt.%,"
32046,"Fe-30Cr-12Co,N/A, Fe:Bal/wt.%, Cr:30/wt.%, Co:12/wt.%,","Fe-30Cr-12Co,N/A, Fe:Bal/wt.%, Cr:30/wt.%, Co:12/wt.%,"
32047,"Fe-30Cr-12Co,N/A, Fe:Bal/wt.%, Cr:30/wt.%, Co:12/wt.%,","Fe-30Cr-12Co,N/A, Fe:Bal/wt.%, Cr:30/wt.%, Co:12/wt.%,"
32048,"Fe-30Cr-12Co,N/A, Fe:Bal/wt.%, Cr:30/wt.%, Co:12/wt.%,","Fe-30Cr-12Co,N/A, Fe:Bal/wt.%, Cr:30/wt.%, Co:12/wt.%,"
32049,"Fe-30Cr-12Co,N/A, Fe:Bal/wt.%, Cr:30/wt.%, Co:12/wt.%,","Fe-30Cr-12Co,N/A, Fe:Bal/wt.%, Cr:30/wt.%, Co:12/wt.%,"
32095,"357 Al,N/A, N/A,","357 Al-1,N/A, Al:Bal/wt.%,"
32096,"357 Al,N/A, N/A,","357 Al-2,N/A, 357 Al:N/A,"
32097,"357 Al,N/A, N/A,","357 Al-3,N/A, Al:N/A,"
32098,"357 Al,N/A, N/A,","357 Al-4,N/A, 357 Al:N/A,"
32099,"357 Al,N/A, N/A,","357 Al-5,N/A, 357 Al:N/A,"
32100,"357 Al,N/A, N/A,","357 Al-6,N/A, Al:Bal/wt.%,"
32101,"357 Al,N/A, N/A,","357 Al-7,N/A, N/A,"
32102,"357 Al,N/A, N/A,","357 Al-8,N/A, Al:N/A,"
32103,"357 Al,N/A, N/A,","357 Al-9,N/A, Al:N/A,"
32127,"N/A,N/A, Cr:57.26/wt.%, Mo:19.62/wt.%, C:2.85/wt.%, Al:0.40/wt.%, Co:4.39/wt.%, N:1.10/wt.%, Ti:0.13/wt.%, Ni:14.26/wt.%,","N/A,N/A, Cr:57.26/wt.%, Mo:19.62/wt.%, C:2.85/wt.%, Al:0.40/wt.%, Co:4.39/wt.%, N:1.10/wt.%, Ti:0.13/wt.%, Ni:14.26/wt.%,"
32128,"N/A,N/A, Cr:21.48/wt.%, Mo:45.17/wt.%, C:3.22/wt.%, Al:0.48/wt.%, Co:6.09/wt.%, N:2.03/wt.%, Ti:0.77/wt.%, Ni:20.77/wt.%,","N/A,N/A, Cr:21.48/wt.%, Mo:45.17/wt.%, C:3.22/wt.%, Al:0.48/wt.%, Co:6.09/wt.%, N:2.03/wt.%, Ti:0.77/wt.%, Ni:20.77/wt.%,"
32129,"N/A,N/A, Cr:28.00/wt.%, Mo:9.14/wt.%, C:1.81/wt.%, Al:0.53/wt.%, Co:4.26/wt.%, N:15.53/wt.%, Ti:22.05/wt.%, Ni:18.69/wt.%,","N/A,N/A, Cr:28.00/wt.%, Mo:9.14/wt.%, C:1.81/wt.%, Al:0.53/wt.%, Co:4.26/wt.%, N:15.53/wt.%, Ti:22.05/wt.%, Ni:18.69/wt.%,"
32130,"0.036C-21.63Cr-9.15Mo-0.29Fe-1.02Al-12.00Co-0.0057B-0.041Nb-0.48Ti-Ni,N/A, C:0.036/wt.%, Cr:21.63/wt.%, Mo:9.15/wt.%, Fe:0.29/wt.%, Al:1.02/wt.%, Co:12.00/wt.%, B:0.0057/wt.%, Nb:0.041/wt.%, Ti:0.48/wt.%, Ni:Bal./wt.%,","0.036C-21.63Cr-9.15Mo-0.29Fe-1.02Al-12.00Co-0.0057B-0.041Nb-0.48Ti-Ni,N/A, C:0.036/wt.%, Cr:21.63/wt.%, Mo:9.15/wt.%, Fe:0.29/wt.%, Al:1.02/wt.%, Co:12.00/wt.%, B:0.0057/wt.%, Nb:0.041/wt.%, Ti:0.48/wt.%, Ni:Bal./wt.%,"
32200,"AlCoCrFeNi2 EHEA,N/A, N/A,","AlCoCrFeNi2,N/A, N/A,"
32201,"AlCoCrFeNi2 EHEA,N/A, N/A,","AlCoCrFeNi2,N/A, N/A,"
32202,"AlCoCrFeNi2 EHEA,N/A, N/A,","AlCoCrFeNi2,N/A, N/A, "
32206,"Cu–30% Zn,5.0 × 10^4 s−1,Cu:70/wt.%, Zn:30/wt.%,","Cu–30% Zn,5.0 × 10^4 s−1,Cu:70/wt.%, Zn:30/wt.%,"
32207,"Cu–30% Zn,6.0 × 10^4 s−1,Cu:70/wt.%, Zn:30/wt.%,","Cu–30% Zn,6.0 × 10^4 s−1,Cu:70/wt.%, Zn:30/wt.%,"
32208,"Copper,5.0 × 10^4 s−1,Cu:100/wt.%,","Cu,5.0 × 10^4 s−1,Cu:100/wt.%,"
32209,"Copper,6.0 × 10^4 s−1 , Cu:100/wt.%,","N/A,N/A, Cu:100/wt.%,"
32210,"Al-11.0Zn-3.1Mg-1.22Cu-0.1Sr-0.2Zr-0.1Ti-0.45Y,S1, Al:N/A, Zn:11.0/wt.%, Mg:3.1/wt.%, Cu:1.22/wt.%, Sr:0.1/wt.%, Zr:0.2/wt.%, Ti:0.1/wt.%, Y:0.45/wt.%,","Al-11.0Zn-3.1Mg-1.22Cu-0.1Sr-0.2Zr-0.1Ti-0.45Y,N/A, Al:N/A, Zn:11.0/wt.%, Mg:3.1/wt.%, Cu:1.22/wt.%, Sr:0.1/wt.%, Zr:0.2/wt.%, Ti:0.1/wt.%, Y:0.45/wt.%,"
32211,"Al-11.0Zn-3.1Mg-1.22Cu-0.1Sr-0.2Zr-0.1Ti-0.45Y,S2, Al:Bal/wt.%, Zn:11.0/wt.%,Mg:3.1/wt.%,Cu:1.22/wt.%,Sr:0.1/wt.%,Zr:0.2/wt.%,Ti:0.1/wt.%,Y:0.45/wt.%,","Al-11.0Zn-3.1Mg-1.22Cu-0.1Sr-0.2Zr-0.1Ti-0.45Y,N/A, Al:Bal/wt.%, Zn:11.0/wt.%,Mg:3.1/wt.%,Cu:1.22/wt.%,Sr:0.1/wt.%,Zr:0.2/wt.%,Ti:0.1/wt.%,Y:0.45/wt.%,"
32212,"Al-11.0Zn-3.1Mg-1.22Cu-0.1Sr-0.2Zr-0.1Ti-0.45Y,S3, Al:Bal/wt.%, Zn:11.0/wt.%, Mg:3.1/wt.%, Cu:1.22/wt.%, Sr:0.1/wt.%, Zr:0.2/wt.%, Ti:0.1/wt.%, Y:0.45/wt.%,","Al-11.0Zn-3.1Mg-1.22Cu-0.1Sr-0.2Zr-0.1Ti-0.45Y,N/A, Al:Bal/wt.%, Zn:11.0/wt.%, Mg:3.1/wt.%, Cu:1.22/wt.%, Sr:0.1/wt.%, Zr:0.2/wt.%, Ti:0.1/wt.%, Y:0.45/wt.%,"
32213,"Al-11.0Zn-3.1Mg-1.22Cu-0.1Sr-0.2Zr-0.1Ti-0.45Y,S4, Al:Bal/wt.%, Zn:11.0/wt.%, Mg:3.1/wt.%, Cu:1.22/wt.%, Sr:0.1/wt.%, Zr:0.2/wt.%, Ti:0.1/wt.%, Y:0.45/wt.%,","Al-11.0Zn-3.1Mg-1.22Cu-0.1Sr-0.2Zr-0.1Ti-0.45Y,N/A, Al:Bal/wt.%, Zn:11.0/wt.%, Mg:3.1/wt.%, Cu:1.22/wt.%, Sr:0.1/wt.%, Zr:0.2/wt.%, Ti:0.1/wt.%, Y:0.45/wt.%,"
