ID,GroundTruth_Heat_treatment2,Extracted_Heat_treatment2
109,"Rolling:N/A,N/A,Starting_Thickness:N/A,Final_Thickness:1.5/mm,Thickness_Reduction_Ratio:N/A","Rolling:  N/A,, Starting Thickness: N/A, Final Thickness: 1.5/mm, Thickness Reduction Ratio: N/A"
110,"Rolling:N/A,N/A,Starting_Thickness:N/A,Final_Thickness:1.5/mm,Thickness_Reduction_Ratio:N/A","Rolling:  N/A, N/A,Starting Thickness: N/A,Final Thickness: 1.5/mm,Thickness Reduction Ratio: N/A"
111,"Rolling:N/A,N/A,Starting_Thickness:N/A,Final_Thickness:1.5/mm,Thickness_Reduction_Ratio:N/A","Rolling:  N/A,, Starting Thickness: N/A, Final Thickness: 1.5/mm, Thickness Reduction Ratio: N/A"
226," Milling, Condition: dry/N/A, Tool Coating: Uncoated/N/A","Milling, Condition: dry/N/A, Tool Coating: Uncoated/N/A"
227," Milling, Condition: dry/N/A, Tool Coating: TiN/N/A","Milling, Condition: dry/N/A, Tool Coating: TiN/N/A"
228," Milling, Condition: dry/N/A, Tool Coating: Nanocomposite TiAlSiN/TiSiN/TiAlN/N/A","Milling, Condition: dry/N/A, Tool Coating: Nanocomposite TiAlSiN/TiSiN/TiAlN/N/A"
229," Milling, Condition: dry/N/A, Tool Coating: TiAlN/N/A","Milling, Condition: dry/N/A, Tool Coating: TiAlN/N/A"
253,"Laser Processing: L-PBF,Laser Power: 285/W,Scan Speed: 1200/mm/s, System: EOS M290, Substrate Material: Ti, Powder Description: Gas atomized, air dried, Mean Particle Diameter: 35/μm, Powder Layer Thickness: 30/μm, Laser Spot Diameter: 100/μm, Shielding Gas Type: Argon, Shielding Gas Inlet Temperature: 20/°C, Shielding Gas Inlet Flow Rate: 0.25/m3/s","Laser Processing: L-PBF,Laser Power: 285/W,Scan Speed: 1200/mm/s, System: EOS M290, Substrate Material: Ti, Powder Description: Gas atomized, air dried, Mean Particle Diameter: 35/μm, Powder Layer Thickness: 30/μm, Laser Spot Diameter: 100/μm, Shielding Gas Type: Argon, Shielding Gas Inlet Temperature: 20/°C, Shielding Gas Inlet Flow Rate: 0.25/m3/s"
254,N/A,   N/A
255,N/A,   N/A
256,N/A,   N/A
257,N/A,   N/A
267,"Laser Processing: SLM,Laser Power: 70/W,Scan Speed: 1200/mm/s, Energy Density: 48/J/mm3， HIP","Laser Processing: SLM,Laser Power: 70/W,Scan Speed: 1200/mm/s, Energy Density: 48/J/mm3"
268,"Laser Processing: SLM,Laser Power: 130/W,Scan Speed: 700/mm/s, Energy Density: 155/J/mm3, HIP, Temperature: 1150/°C, Pressure: 50/bar, Time: 3/h","Laser Processing: SLM,Laser Power: 130/W,Scan Speed: 700/mm/s, Energy Density: 155/J/mm3/N/A, HIP, Temperature: 1150/°C, Pressure: 50/bar, Time: 3/h"
269,"Laser Processing: SLM,Laser Power: 130/W,Scan Speed: 700/mm/s, Energy Density: 155/J/mm3, HIP, Temperature: 1150/°C, Pressure: 1050/bar, Time: 3/h","Laser Processing: SLM,Laser Power: 130/W,Scan Speed: 700/mm/s, Energy Density: 155/J/mm3, HIP, Temperature: 1150/°C, Pressure: 1050/bar, Time: 3/h"
270,"Laser Processing: SLM,Laser Power: 130/W,Scan Speed: 700/mm/s, Energy Density: 155/J/mm3, HIP, Temperature: 1150/°C, Pressure: 2000/bar, Time: 3/h","Laser Processing: SLM,Laser Power: 130/W,Scan Speed: 700/mm/s, Energy Density: 155/J/mm3,  HIP, Temperature: 1150/°C, Pressure: 2000/bar, Time: 3/h"
271,"Laser Processing: SLM, HIP","Laser Processing: SLM, HIP"
272,"Pressing/Compression:  Squeeze, Pressure: 120/MPa","Pressing/Compression:  Squeeze, Pressure: 120/MPa"
273,"Pressing/Compression:  Squeeze, Pressure: 120/MPa","Pressing/Compression:  Squeeze, Pressure: 120/MPa"
274,"Pressing/Compression:  Squeeze, Pressure: 70/MPa","Pressing/Compression:  Squeeze, Pressure: 120/MPa"
388,"Laser Processing:  LPBF, , Scan Speed: N/A,  N/A","Laser Processing:  Laser Powder Bed Fusion (LPBF), , Scan Speed: N/A,  N/A"
389,"Laser Processing:  LPBF, , Scan Speed: N/A,  N/A","Laser Processing:  Laser Powder Bed Fusion (LPBF), , Scan Speed: N/A,  N/A"
390,"Laser Processing:  LPBF, , Scan Speed: N/A,  N/A","Laser Processing:  Laser Powder Bed Fusion (LPBF), , Scan Speed: N/A,  N/A"
391,"Laser Processing:LPBF,Laser Power:N/A,Scan Speed:N/A,N/A,Alloying:Yttrium addition,N/A,Rotation speed:N/A,","LPBF, N/A,Alloying: Yttrium addition,,Rotation speed: N/A, N/A"
392,"Laser Processing:LPBF,Laser Power:N/A,Scan Speed:N/A,N/A,Alloying:Yttrium addition,N/A,Rotation speed:N/A,","LPBF, N/A, Yttrium addition, N/A"
393,"Laser Processing:LPBF,Laser Power:N/A,Scan Speed:N/A,N/A,Alloying:Yttrium addition,N/A,Rotation speed:N/A,","LPBF, N/A, Yttrium addition, N/A"
428,N/A,   N/A
429,"Pressing/Compression:Simulated HIP,","Pressing/Compression:Simulated HIP,"
430,"Pressing/Compression:Simulated HIP,","Pressing/Compression:Simulated HIP,"
431,"Pressing/Compression:Simulated HIP,","Pressing/Compression:Simulated HIP,"
701,N/A,   N/A
702,N/A,   N/A
703,N/A,   N/A
704,N/A,   N/A
705,N/A,   N/A
706,N/A,   N/A
707,N/A,   N/A
708,N/A,   N/A
857,N/A,   N/A
858,N/A,   N/A
859,N/A,   N/A
860,N/A,   N/A
861,N/A,   N/A
1154,N/A,   N/A
1155,N/A,   N/A
1156,N/A,   N/A
1157,N/A,   N/A
1158,N/A,   N/A
1159,N/A,   N/A
1255," N/A,,Deformation Ratio: N/A, Deformation Speed: 4.3 × 10–5/s−1","N/A,,Deformation Ratio: N/A, Deformation Speed: 4.3 × 10–5/s−1"
1256," N/A,,Deformation Ratio: N/A, Deformation Speed: 5.5 × 10–4/s−1","N/A,,Deformation Ratio: N/A, Deformation Speed: 5.5 × 10–4/s−1"
1257," N/A,,Deformation Ratio: N/A, Deformation Speed: 1.5 × 10–4/s−1","N/A,,Deformation Ratio: N/A, Deformation Speed: 1.5 × 10–4/s−1"
1258," N/A,,Deformation Ratio: N/A, Deformation Speed: 3.5 × 10–3/s−1","N/A,,Deformation Ratio: N/A, Deformation Speed: 3.5 × 10–3/s−1"
1259," N/A,,Deformation Ratio: N/A, Deformation Speed: 7.5 × 10–3/s−1","N/A,,Deformation Ratio: N/A, Deformation Speed: 7.5 × 10–3/s−1"
1260," N/A,,Deformation Ratio: N/A, Deformation Speed: 4.3 × 10–5/s−1","N/A,,Deformation Ratio: N/A, Deformation Speed: 4.3 × 10–5/s−1"
1261," N/A,,Deformation Ratio: N/A, Deformation Speed: 5.5 × 10–4/s−1","N/A,,Deformation Ratio: N/A, Deformation Speed: 5.5 × 10–4/s−1"
1262," N/A,,Deformation Ratio: N/A, Deformation Speed: 1.5 × 10–4/s−1","N/A,,Deformation Ratio: N/A, Deformation Speed: 1.5 × 10–4/s−1"
1263,"  N/A, N/A,Deformation Ratio: N/A,Deformation Speed: 3.5 × 10–3/s−1"," N/A, N/A,Deformation Ratio: N/A,Deformation Speed: 3.5 × 10–3/s−1"
1264," N/A,,Deformation Ratio: N/A, Deformation Speed: 7.5 × 10–3/s−1","N/A,,Deformation Ratio: N/A, Deformation Speed: 7.5 × 10–3/s−1"
1265," N/A,,Deformation Ratio: N/A, Deformation Speed: 4.3 × 10–5/s−1","N/A,,Deformation Ratio: N/A, Deformation Speed: 4.3 × 10–5/s−1"
1266,"  N/A,,Deformation Ratio: N/A,Deformation Speed: 5.5 × 10–4/s−1"," N/A,,Deformation Ratio: N/A,Deformation Speed: 5.5 × 10–4/s−1"
1267,"  N/A, N/A,Deformation Ratio: N/A,Deformation Speed: 1.5 × 10–4/s−1"," N/A, N/A,Deformation Ratio: N/A,Deformation Speed: 1.5 × 10–4/s−1"
1268,"  N/A, N/A,Deformation Ratio: N/A,Deformation Speed: 3.5 × 10–3/s−2"," N/A, N/A,Deformation Ratio: N/A,Deformation Speed: 3.5 × 10–3/s−2"
1269,"   N/A,  N/A, Deformation Ratio: N/A, Deformation Speed: 7.5 × 10–3/s−1","  N/A,  N/A, Deformation Ratio: N/A, Deformation Speed: 7.5 × 10–3/s−1"
1270," , N/A",", N/A"
1271,N/A,   N/A
1272,N/A,   N/A
1694,N/A,   N/A
1695,N/A,   N/A
1696,N/A,   N/A
1697,N/A,   N/A
1698,N/A,   N/A
1699,N/A,   N/A
1923," Successive Sand Casting, N/A","Successive Sand Casting, N/A"
1924," Successive Sand Casting, N/A","successive sand casting, N/A"
1925," Successive Sand Casting, N/A"," Successive sand casting, N/A"
2009,"Laser Processing:   Selective laser melting, Laser Power: N/A, Scan Speed: 600/mm/sec Hatching: Diagonal-island/N/A","Laser Processing:   Selective laser melting,  Hatching: Diagonal-island/N/A,Scan Speed: 600/mm/sec "
2010,"Laser Processing:   Selective laser melting, Laser Power: N/A, Scan Speed: 800/mm/sec Hatching: Diagonal-island/N/A","Laser Processing: Selective laser melting,Laser Power: N/A,Scan Speed: 800/mm/sec, Hatching: Diagonal-island/N/A"
2011,"Laser Processing:   Selective laser melting, Laser Power: N/A, Scan Speed: 1000/mm/sec Hatching: Diagonal-island/N/A","Laser Processing: Selective laser melting,Scan Speed: 1000/mm/sec, Hatching: Diagonal-island/N/A"
2012,"Laser Processing:   Selective laser melting, Laser Power: N/A, Scan Speed: 600/mm/sec Hatching: Diagonal-island/N/A","Laser Processing: Selective laser melting,Scan Speed: 600/mm/sec, Hatching: Diagonal-island/N/A"
2013,"Laser Processing: Selective laser melting,Laser Power: N/A,Scan Speed: 600/mm/sec, Hatching: Checkerboard/N/A","Laser Processing: Selective laser melting,Laser Power: N/A,Scan Speed: 600/mm/sec, Hatching: Checkerboard/N/A"
2014,"Laser Processing: Selective laser melting,,Scan Speed: 800/mm/sec, Hatching: Checkerboard/N/A","Laser Processing: Selective laser melting,,Scan Speed: 800/mm/sec, Hatching: Checkerboard/N/A"
2015,"Laser Processing: Selective laser melting,Laser Power: N/A,Scan Speed: 1000/mm/sec, Hatching: Checkerboard/N/A","Laser Processing: Selective laser melting,Laser Power: N/A,Scan Speed: 1000/mm/sec, Hatching: Checkerboard/N/A"
2194," Ball milling, Time: 45/min, Rotation speed: 1200/rpm","Ball milling, Time: 45/min, Rotation speed: 1200/rpm"
2195," Ball milling, Time: 1.5/h, Rotation speed: 1200/rpm","Ball milling, Time: 1.5/h, Rotation speed: 1200/rpm"
2196,"  Ball milling, Time: 3/h, Rotation speed: 1200/rpm"," Ball milling, Time: 3/h, Rotation speed: 1200/rpm"
2197," Ball milling, Time: 4.5/h, Rotation speed: 1200/rpm","Ball milling, Time: 4.5/h, Rotation speed: 1200/rpm"
2198," Ball milling, Time: 6/h, Rotation speed: 1200/rpm","Ball milling, Time: 6/h, Rotation speed: 1200/rpm"
2642,"Friction Processing:  FSW,Rotation speed: 1000/rpm,Processing speed: 300/mm/min,  Heat Index 1: 56/N/A, Heat Index 2: 3.3/N/A, Peak Temperature: 732/K, 673/K, Average Peak Temperature: 703/K, Time above 573K: 2.6/s, Time above 673K: 0.7/s","Friction Processing:  Friction Stir Welding (FSW),Rotation speed: 1000/rpm,Processing speed: 300/mm/min,  Heat Index 1: 56/N/A, Heat Index 2: 3.3/N/A, Peak Temperature: 732/K, 673/K, Average Peak Temperature: 703/K, Time above 573K: 2.6/s, Time above 673K: 0.7/s"
2643,"Friction Processing: FSW,Rotation speed: 1000/rpm,Processing speed: 100/mm/min,  Heat index 1: 163/N/A, Heat index 2: 9.8/N/A, Peak temperature: 795-749/K, Average peak temperature: 772/K, Time above 573K: 10.8/s, Time above 673K: 5.6/s","Friction Processing: FSW,Rotation speed: 1000/rpm,Processing speed: 100/mm/min,  Heat index 1: 163/N/A, Heat index 2: 9.8/N/A, Peak temperature: 795-749/K, Average peak temperature: 772/K, Time above 573K: 10.8/s, Time above 673K: 5.6/s"
2644,"Friction Processing: FSW,Rotation speed: 1500/rpm,Processing speed: 150/mm/min,  Heat index 1: 250/N/A, Heat index 2: 10.0/N/A, Peak temperature: 799-773/K, Average peak temperature: 786/K, Time above 573K: 6.5/s, Time above 673K: 4.1/s","Friction Processing: FSW,Rotation speed: 1500/rpm,Processing speed: 150/mm/min, Heat index 1: 250/N/A, Heat index 2: 10.0/N/A, Peak temperature: 799/K, 773/K, Average peak temperature: 786/K, Time above 573K: 6.5/s, Time above 673K: 4.1/s"
2674,N/A,   N/A
2675,N/A,   N/A
2676,N/A,   N/A
2677,N/A,   N/A
2678,N/A,   N/A
2679,N/A,   N/A
2680,N/A,   N/A
2681,N/A,   N/A
2682,N/A,   N/A
3546,N/A,   N/A
3547,N/A,   N/A
3548,N/A,   N/A
3549,N/A,   N/A
3550,N/A,   N/A
3551,N/A,   N/A
3552,N/A,   N/A
3553,N/A,   N/A
3554,N/A,   N/A
3555,N/A,   N/A
3556,N/A,   N/A
3557,N/A,   N/A
3558,N/A,   N/A
3559,N/A,   N/A
3560,N/A,   N/A
3743,"Friction Processing: As-Welded,Rotation speed: 800/rpm, 1120/rpm, 1600/rpm,Processing speed: 200/mm/min, 315/mm/min, N/A","Friction Processing: as-welded,Rotation speed: 800/rpm, 1120/rpm, 1600/rpm,Processing speed: 200/mm/min, 315/mm/min, N/A"
3744,"Friction Processing: As-Welded,Rotation speed: 800/rpm, 1120/rpm, 1600/rpm,Processing speed: 200/mm/min, 315/mm/min, N/A","Friction Processing: as-welded,Rotation speed: 800/rpm, 1120/rpm, 1600/rpm,Processing speed: 200/mm/min, 315/mm/min, N/A"
4368,"Laser Processing:   N/A, Laser Power: 120/W, Scan Speed: 10/mm/s,  Hatching Spacing: 1.5/mm,Pulse Width: 3.0/ms,Frequency: 30/Hz,Laser Spot Size: 0.1/mm,Layer Thickness: 0.04/mm","Laser Processing:   N/A, Laser Power: 120/W, Scan Speed: 10/mm/s,  Hatching Spacing: 1.5/mm,Pulse Width: 3.0/ms,Frequency: 30/Hz,Laser Spot Size: 0.1/mm,Layer Thickness: 0.04/mm "
4369,"Laser Processing:  N/A,Laser Power: 120/W,Scan Speed: 10/mm/s, Hatching Spacing: 1.5/mm, Pulse Width: 3.0/ms, Frequency: 30/Hz, Laser Spot Size: 0.1/mm, Layer Thickness: 0.04/mm","Laser Processing:  N/A,Laser Power: 120/W,Scan Speed: 10/mm/s, Hatching Spacing: 1.5/mm, Pulse Width: 3.0/ms, Frequency: 30/Hz, Laser Spot Size: 0.1/mm, Layer Thickness: 0.04/mm"
4370,"Laser Processing: N/A,Laser Power: 120/W,Scan Speed: 10/mm/s, Hatching Spacing: 1.5/mm, Pulse Width: 3.0/ms, Frequency: 30/Hz, Laser Spot Size: 0.1/mm, Layer Thickness: 0.04/mm","Laser Processing: N/A,Laser Power: 120/W,Scan Speed: 10/mm/s, Hatching Spacing: 1.5/mm, Pulse Width: 3.0/ms, Frequency: 30/Hz, Laser Spot Size: 0.1/mm, Layer Thickness: 0.04/mm"
4371,N/A,   N/A
4372,N/A,   N/A
4373,N/A,   N/A
4374,N/A,   N/A
4889,"Rolling:  Cold-Rolled,,Starting Thickness: N/A, Final Thickness: N/A, Thickness Reduction Ratio: N/A","Rolling:  Cold-Rolled,,Starting Thickness: N/A, Final Thickness: N/A, Thickness Reduction Ratio: N/A"
4890,"Rolling:  Cold-Rolled,,Starting Thickness: N/A, Final Thickness: N/A, Thickness Reduction Ratio: N/A","Rolling:  Cold-Rolled,,Starting Thickness: N/A, Final Thickness: N/A, Thickness Reduction Ratio: N/A"
4891,"Rolling:  Room Temperature Rolled, Room Temperature/N/A, Starting Thickness: N/A,Final Thickness: N/A, Thickness Reduction Ratio: N/A","Rolling:  N/A, Room Temperature/N/A, Starting Thickness: N/A,Final Thickness: N/A, Thickness Reduction Ratio: N/A"
4892,"Rolling:  Room Temperature Rolled, Room Temperature/N/A, Starting Thickness: N/A, Final Thickness: N/A, Thickness Reduction Ratio: N/A","Rolling:  Room Temperature Rolled,, Starting Thickness: N/A, Final Thickness: N/A, Thickness Reduction Ratio: N/A"
4909,N/A,"As-cast refers to a material or product that has been cast in its initial state, without any further processing. This term is commonly used in the context of metals and alloys, where casting involves pouring molten metal into a mold to create a solid shape. The resulting casting retains the original structure and properties of the molten metal, which can vary significantly depending on the composition and casting conditions.

In materials science and engineering, as-cast structures often exhibit characteristics such as:

1. **Segregation**: Different elements within the alloy may not distribute evenly throughout the casting, leading to regions with higher concentrations of certain elements.
2. **Porosity**: Small voids or pores can form within the casting due to gases that were trapped during the solidification process.
3. **Grain Structure**: The grain size and distribution can be influenced by the cooling rate and the thermal gradients during solidification.
4. **Microstructure**: The microstructure can include various phases, precipitates, and inclusions that are characteristic of the specific alloy being cast.

The properties of an as-cast material can be quite different from those of the same material after heat treatment or other forms of processing. For example, the strength and hardness of an as-cast alloy might be lower than those achieved through subsequent processes like forging, extrusion, or heat treating.

As-cast materials are often used in applications where their unique properties are advantageous, such as in tooling, bearings, and structural components where the natural grain structure and porosity can contribute to desired mechanical properties. However, for many applications, additional processing steps are necessary to refine and improve the material's performance."
4911,N/A,"Ageing, 850/°C, 760/°C,  500/h, 1000/h"
5046,"Laser Processing: N/A,Laser Power: 1400/W,Scan Speed: 450/mm/min, Powder feeding rate: 7.5/g/min, Shielding gas flow rate: 10/L/min.","
  Laser Processing: 
     N/A,
    Laser Power: 1400/W,
    Scan Speed: 450/mm·min^-1,
     Powder Feeding Rate: 7.5/g·min^-1, Shielding Gas Flow Rate: 10/L·min^-1, Heat Treatment Temperature: 25/°C
  
"
5047,"Laser Processing: N/A,Laser Power: 1400/W,Scan Speed: 450/mm/min, Powder feeding rate: 7.5/g/min, Shielding gas flow rate: 10/L/min.","
  Laser Processing: 
     N/A,
    Laser Power: 1400/W,
    Scan Speed: 450/mm·min-1,
     Powder Feeding Rate: 7.5/g·min-1, Shielding Gas Flow Rate: 10/L·min-1, Heat Treatment Temperature: 650/°C
  
"
5048,"Laser Processing: N/A,Laser Power: 1400/W,Scan Speed: 450/mm/min, Powder feeding rate: 7.5/g/min, Shielding gas flow rate: 10/L/min.","
  Laser Processing: 
     N/A,
    Laser Power: 1400/W,
    Scan Speed: 450/mm·min^-1,
     
      Powder Feeding Rate: 7.5/g·min^-1,
      Shielding Gas Flow Rate: 10/L·min^-1,
      Heat Treatment Temperature: 750/°C
    
  
"
5049,"Laser Processing: N/A,Laser Power: 1400/W,Scan Speed: 450/mm/min, Powder feeding rate: 7.5/g/min, Shielding gas flow rate: 10/L/min.","
  Laser Processing: 
     N/A,
    Laser Power: 1400/W,
    Scan Speed: 450/mm·min⁻¹,
     
      Powder Feeding Rate: 7.5/g·min⁻¹,
      Shielding Gas Flow Rate: 10/L·min⁻¹,
      Heat Treatment Temperature: 850/°C
    
  
"
5050,"Laser Processing: N/A,Laser Power: 1400/W,Scan Speed: 450/mm/min, Powder feeding rate: 7.5/g/min, Shielding gas flow rate: 10/L/min.","
  Laser Processing: 
     N/A,
    Laser Power: 1400/W,
    Scan Speed: 450/mm·min^-1,
     Powder Feeding Rate: 7.5/g·min^-1, Shielding Gas Flow Rate: 10/L·min^-1
  ,
   
     Heat treatment,
     Temperature: 950/°C
  
"
5051,"Laser Processing: N/A,Laser Power: 1400/W,Scan Speed: 450/mm/min, Powder feeding rate: 7.5/g/min, Shielding gas flow rate: 10/L/min.","
  Laser Processing: 
     N/A,
    Laser Power: 1400/W,
    Scan Speed: 450/mm·min-1,
     Powder Feeding Rate: 7.5/g·min-1, Shielding Gas Flow Rate: 10/L·min-1, Heat Treatment Temperature: 1050/°C
  
"
5114,"Laser Processing: LPBF,Laser Power: 260/W,Scan Speed: N/A, N/A","
  Laser Powder Bed Fusion: 
    Laser Power: 260/W,
    Stress Relieving: 
       1060/°C,
       60/mins
    ,
    Solutionizing: 
       1060/°C,
       40/mins
    ,
    Double Aging: [
      
         718/°C,
         8/h
      ,
      
         621/°C,
         18/h
      
    ]
  
"
5115,"Laser Processing: LPBF,Laser Power: 280/W,Scan Speed: N/A, N/A","
  Rolling:  N/A,  N/A, Starting Thickness: N/A, Final Thickness: N/A, Thickness Reduction Ratio: N/A,
  Extrusion:  N/A,  N/A, Extrusion Ratio: N/A, Extrusion Speed: N/A,
  Forge:  N/A,  N/A,  N/A,
  Pressing/Compression:  N/A,  N/A,
  Severe Plastic Deformation:  N/A,  N/A,  N/A,  N/A,
   N/A,  N/A, Deformation Ratio: N/A, Deformation Speed: N/A,
  Spray Processing:  N/A,  N/A,  N/A,  N/A,
  Deposition:  N/A, Parameters: N/A,
  Friction Processing: N/A, , ,  N/A,
  Laser Processing: N/A, Laser Power: 280W, Scan Speed: N/A,  N/A,
  Alloying: N/A,  N/A, ,  N/A,
   LPBF,  Stress Relieved: 1060°C for 60 mins, Solutionized: 1060°C for 40 mins, Double Aging: 718°C and 621°C for 8 and 18 h, respectively
"
5116,"Laser Processing: LPBF,Laser Power: 300/W,Scan Speed: N/A, N/A","
  Rolling:  N/A,  N/A, Starting Thickness: N/A, Final Thickness: N/A, Thickness Reduction Ratio: N/A,
  Extrusion:  N/A,  N/A, Extrusion Ratio: N/A, Extrusion Speed: N/A,
  Forge:  N/A,  N/A,  N/A,
  Pressing/Compression:  N/A,  N/A,
  Severe Plastic Deformation:  LPBF,  N/A,  N/A,  N/A,
   N/A,  N/A, Deformation Ratio: N/A, Deformation Speed: N/A,
  Spray Processing:  N/A,  N/A,  N/A,  N/A,
  Deposition:  N/A, Parameters: N/A,
  Friction Processing: N/A, , ,  N/A,
  Laser Processing: N/A, Laser Power: 300W, Scan Speed: N/A,  N/A,
  Alloying: N/A,  N/A, ,  N/A,
   Solutionizing and Aging,  Stress Relief: 1060°C for 60 mins, Solutionizing: 1060°C for 40 mins, Double Aging: [718°C for 8 h, 621°C for 18 h]
"
5117,"Laser Processing: LPBF,Laser Power: 320/W,Scan Speed: N/A, N/A","
  Rolling:  N/A,  N/A, Starting Thickness: N/A, Final Thickness: N/A, Thickness Reduction Ratio: N/A,
  Extrusion:  N/A,  N/A, Extrusion Ratio: N/A, Extrusion Speed: N/A,
  Forge:  N/A,  N/A,  N/A,
  Pressing/Compression:  N/A,  N/A,
  Severe Plastic Deformation:  N/A,  N/A,  N/A,  N/A,
    LPBF,  N/A, Deformation Ratio: N/A, Deformation Speed: N/A,
  Spray Processing:  N/A,  N/A,  N/A,  N/A,
  Deposition:  N/A, Parameters: N/A,
  Friction Processing:  N/A, , ,  N/A,
  Laser Processing:  320W, Laser Power: 320W, Scan Speed: N/A,  N/A,
  Alloying:  N/A,  N/A, ,  N/A,
    Solutionized,  Time: 40/min, Temperature: 1060°C
"
6122,N/A,"Solution annealing, N/A"
6123,N/A,"
  Rolling:  N/A,  N/A, Starting Thickness: N/A, Final Thickness: N/A, Thickness Reduction Ratio: N/A,
  Extrusion:  N/A,  N/A, Extrusion Ratio: N/A, Extrusion Speed: N/A,
  Forge:  N/A,  N/A,  N/A,
  Pressing/Compression:  N/A,  N/A,
  Severe Plastic Deformation:  N/A,  N/A,  N/A,  N/A,
   N/A,  N/A, Deformation Ratio: N/A, Deformation Speed: N/A,
  Spray Processing:  N/A,  N/A,  N/A,  N/A,
  Deposition:  N/A, Parameters: N/A,
  Friction Processing: N/A, , Processing speed: N/A,  N/A,
  Laser Processing: N/A, , Scan Speed: N/A,  N/A,
  Alloying: N/A,  N/A, ,  N/A,
   N/A,  N/A
"
6184,N/A,"
  Annealed: 
     N/A,
     700/°C,
     N/A
  
"
6185,N/A,"
   
     Shallow Cryo-treatment,
     -80/°C,
     12/h
  ,
  Tempering: 
     N/A,
     170/°C,
     3/h
  
"
6186,N/A,"
   
     Shallow cryo-treatment,
     -80/°C,
     24/h
  ,
  Tempering: 
     N/A,
     170/°C,
     3/h
  
"
6187,N/A,"
  Deep Cryo-Treatment: 
     Cryo-Treatment,
     -196/°C,
    Duration: 24/h
  ,
  Tempering: 
     Tempering,
     170/°C,
    Duration: 3/h
  
"
6188,N/A,"
  Deep Cryo-Treatment: 
     Cryo-Treatment,
     -196/°C,
     36/h
  ,
  Tempering: 
     Tempering,
     170/°C,
     3/h
  
"
6189,N/A,"
   
     Solution treatment,
     920/°C,
     1/h
  ,
  Aging: 
     650/°C,
     3/h
  
"
6190,N/A,"
  Rolling:  N/A,  N/A, Starting Thickness: N/A, Final Thickness: N/A, Thickness Reduction Ratio: N/A,
  Extrusion:  N/A,  N/A, Extrusion Ratio: N/A, Extrusion Speed: N/A,
  Forge:  N/A,  N/A,  N/A,
  Pressing/Compression:  N/A,  N/A,
  Severe Plastic Deformation:  N/A,  N/A,  N/A,  N/A,
    N/A,  N/A, Deformation Ratio: N/A, Deformation Speed: N/A,
  Spray Processing:  N/A,  N/A,  N/A,  N/A,
  Deposition:  N/A, Parameters: N/A,
  Friction Processing:  N/A, , ,  N/A,
  Laser Processing:  N/A, , Scan Speed: N/A,  N/A,
  Alloying:  N/A,  N/A, ,  N/A,
    Solution treatment, quenching, deep cryo-treated, Aging,  
    Solution Treatment:  920/°C,  1/h,
    Quenching:  N/A,
    Deep Cryo-Treatment:  -196/°C,  24/h,
    Aging:  650/°C,  3/h
  
"
6191,N/A,"
   
     1 h solution treatment,
     920/°C,
     1/h
  ,
   
     Water quenching,
     N/A,
     N/A
  ,
   
     36 h deep cryo-treated,
     −196/°C,
     36/h
  ,
   
     3 h Aging,
     650/°C,
     3/h
  
"
6953,"  ,  N/A","  N/A, N/A"
6954,"  ,  N/A","  N/A, N/A"
6955,"  ,  N/A","  N/A, N/A"
9346,N/A,"
   
     Solution treatment,
     550/°C,
     1h/N/A
  ,
   
     Under-Aging,
     180/°C,
     1h/N/A
  
"
9347,"Rolling:  Cold-rolling,,Starting Thickness: N/A,Final Thickness: N/A, Thickness Reduction Ratio: 40/%","
  Rolling: 
     Cold-rolled,
    Thickness Reduction Ratio: 40%
  
"
9348,"Rolling:  Cold rolling,,Starting Thickness: N/A,Final Thickness: N/A,Thickness Reduction Ratio: 50/%","
  Rolling: 
     Cold-rolled,
    Thickness Reduction Ratio: 50%
  
"
9349,"Rolling:  Cold-rolling,,Starting Thickness: N/A,Final Thickness: N/A,Thickness Reduction Ratio: 70/%","
  Rolling: 
     Cold-rolled,
    Thickness Reduction Ratio: 70%
  
"
9350,"Rolling:  Cold rolling,,Starting Thickness: N/A,Final Thickness: N/A,Thickness Reduction Ratio: 80/%","
  Rolling: 
     Cold-rolled,
     N/A,
    Starting Thickness: N/A,
    Final Thickness: N/A,
    Thickness Reduction Ratio: 80%
  
"
9379,"Deposition:Sputtering,Parameters:Power:200/W,Argon 5.9×10−3/Torr,Substrate preparation:Etching Solution: 1:20 hydrofluoric acid water solution","  N/A, N/A"
9906,N/A,"  N/A, N/A"
9907," Simulated_Welding, Heating Rate: 360/°C/s, Peak Temperature: 1350/°C, Cooling Time t8/5: 10/s","
  Simulated_Welding: 
    Heating Rate: 360/°C·s-1,
    Peak Temperature: 1350/°C,
    Cooling Time t8/5: 10/s
  
"
9908," Simulated_Welding, Heating Rate: 360/°C/s, Peak Temperature: 1350/°C, Cooling Time t8/5: 20/s","
  Simulated_Welding: 
    Heating Rate: 360/°C·s⁻¹,
    Peak Temperature: 1350/°C,
    Cooling Time t8/5: 20/s
  
"
9909,N/A,"  N/A, N/A"
9910," Simulated_Welding, Heating Rate: 360/°C/s, Peak Temperature: 1350/°C, Cooling Time t8/5: 10/s","
  Simulated_Welding: 
    Heating Rate: 360/°C·s⁻¹,
    Peak Temperature: 1350/°C,
    Cooling Time t8/5: 10/s
  
"
9911," Simulated_Welding, Heating Rate: 360/°C/s, Peak Temperature: 1350/°C, Cooling Time t8/5: 20/s","
  Simulated_Welding: 
    Heating Rate: 360/°C·s⁻¹,
    Peak Temperature: 1350/°C,
    Cooling Time t8/5: 20/s
  
"
10061," Exposure to de-ionized water, Temperature: 65/°C, Time: 730/days","
   
     Exposure to De-ionized Water,
     65/°C,
    Duration: up to 730/days
  
"
10062,"  Exposure to aviation fuel,   65/°C,  730/days","Exposure to aviation fuel, particularly at elevated temperatures like 65°C (149°F), can pose significant health risks. Aviation fuels, such as Jet A or Jet A-1, are complex mixtures of hydrocarbons and may contain various additives. Prolonged exposure to these substances, especially in a heated environment, can lead to both acute and chronic health issues. Here are some potential risks and considerations:

### Health Risks

1. **Inhalation**:
   - **Short-term**: Inhaling fumes from aviation fuel can cause respiratory irritation, dizziness, headaches, nausea, and eye irritation.
   - **Long-term**: Chronic exposure can lead to more severe respiratory problems, neurological damage, and potential cancer risks due to the presence of benzene and other carcinogenic compounds.

2. **Skin Contact**:
   - **Short-term**: Can cause skin irritation, redness, and burns.
   - **Long-term**: Repeated exposure may result in dermatitis or other skin conditions.

3. **Ingestion**:
   - Accidental ingestion can cause gastrointestinal distress, including vomiting and diarrhea.

4. **Thermal Exposure**:
   - Working in high temperatures can lead to heat stress, dehydration, and heatstroke if proper precautions are not taken.

### Safety Precautions

1. **Personal Protective Equipment (PPE)**:
   - Use appropriate PPE such as chemical-resistant gloves, goggles, and respirators with organic vapor cartridges.
   - Wear protective clothing to minimize skin contact.

2. **Ventilation**:
   - Ensure adequate ventilation in the working area to reduce fume concentration.
   - Use exhaust fans or localized ventilation systems if possible.

3. **Regular Monitoring**:
   - Conduct regular health check-ups for individuals exposed to aviation fuel.
   - Monitor air quality in the workplace using gas detectors.

4. **Emergency Procedures**:
   - Have clear procedures in place for handling spills and exposure incidents.
   - Ensure that first aid kits and safety showers are readily accessible.

5. **Training and Awareness**:
   - Train employees on the safe handling, storage, and disposal of aviation fuel.
   - Educate them about the potential hazards and symptoms of overexposure.

6. **Engineering Controls**:
   - Use closed systems for fuel transfer and storage to minimize exposure.
   - Implement automated monitoring systems to detect leaks or excessive fume levels.

### Regulatory Compliance

Ensure compliance with occupational health and safety regulations set by relevant authorities, such as OSHA in the United States or similar bodies in other countries. These regulations often provide guidelines on permissible exposure limits (PELs) and safe handling practices for hazardous materials.

### Conclusion

Prolonged exposure to aviation fuel at 65°C is highly risky and requires stringent safety measures to protect health. It is crucial to implement comprehensive safety protocols, use appropriate PPE, ensure good ventilation, and regularly monitor both environmental conditions and employee health."
10063," Exposure to hydraulic fluid, Temperature: 65/°C, Time: 730/days","
   
     Exposure to Hydraulic Fluid,
     65/°C,
     730/days
  
"
10064," Exposure to propylene glycol, Temperature: 65/°C, Time: 730/days","  N/A, N/A"
10065," Exposure to dichloromethane, Temperature: 65/°C, Time: 150/days","Exposure to dichloromethane (DCM) at elevated temperatures, such as 65°C, for extended periods (up to 150 days) can pose significant health risks. Dichloromethane is a volatile organic compound commonly used as a solvent and in industrial processes. It has several known hazards:

### Health Risks
1. **Acute Exposure**:
   - **Neurological Effects**: High levels of DCM exposure can cause headaches, dizziness, fatigue, nausea, and loss of coordination.
   - **Respiratory Issues**: Inhalation of DCM vapors can irritate the respiratory tract and cause coughing or shortness of breath.
   - **Skin and Eye Irritation**: Direct contact with DCM can cause skin and eye irritation.

2. **Chronic Exposure**:
   - **Liver and Kidney Damage**: Long-term exposure to DCM can lead to liver and kidney damage.
   - **Cancer Risk**: DCM is classified as a potential human carcinogen by organizations such as the International Agency for Research on Cancer (IARC). Chronic exposure increases the risk of cancer, particularly liver cancer.
   - **Neurological Damage**: Prolonged exposure can result in permanent neurological damage, leading to symptoms like memory loss, tremors, and difficulty walking.

3. **Thermal Decomposition**: At high temperatures like 65°C, DCM can decompose, potentially forming more toxic substances such as phosgene (COCl₂), hydrogen chloride (HCl), and chlorine gas (Cl₂). These byproducts are highly toxic and can cause severe respiratory issues and other health problems.

### Safety Measures
To mitigate these risks, it's crucial to implement appropriate safety measures:

1. **Personal Protective Equipment (PPE)**: Use appropriate PPE such as chemical-resistant gloves, goggles, and respirators designed for organic vapors.
2. **Ventilation**: Ensure proper ventilation in the workplace to reduce the concentration of DCM vapors.
3. **Monitoring**: Regularly monitor air quality and worker exposure levels to ensure they remain within safe limits.
4. **Training**: Provide training on the safe handling, storage, and disposal of DCM.
5. **Medical Surveillance**: Conduct regular health check-ups for workers exposed to DCM to detect any early signs of adverse health effects.

### Regulatory Guidelines
Various regulatory bodies have set permissible exposure limits (PELs) for DCM. For example, the Occupational Safety and Health Administration (OSHA) in the United States has set the permissible exposure limit (PEL) for dichloromethane at 250 ppm (500 mg/m³) as an 8-hour time-weighted average (TWA). However, these guidelines may need to be more stringent given the conditions of prolonged and high-temperature exposure.

### Conclusion
Prolonged exposure to dichloromethane at 65°C for up to 150 days is highly hazardous and can lead to severe health issues, including acute and chronic health effects, and an increased risk of cancer. It is essential to follow strict safety protocols and regulatory guidelines to protect workers from harm."
10066," Exposure to aqueous urea solution, Temperature: 65/°C, Time: 730/days","  N/A, N/A"
10067," Exposure to sea water, Temperature: 65/°C, Time: 400/days","
   
     Exposure to Sea Water,
     65/°C,
    Duration: 400/days
  
"
10188,"Laser Processing: SLM, Layer Thickness: 30/µm, Hatching Distance: 10/µm","
   
     SLM,
    Layer Thickness: 30 µm,
    Hatching Distance: 10 µm
  
"
10189,"Pressing/Compression:  HIP, Temperature: 1200/°C, Pressure: 1020/bar, Time: 4/h, Atmosphere: Argon/N/A","
  Forge: 
     HIP,
     1200/°C,
     Pressure: 1020/bar, Time: 4h
  
"
10190,N/A,   N/A
12429,N/A,   N/A
12430,N/A,   N/A
12431,N/A,   N/A
12432,N/A,   N/A
12433,N/A,   N/A
12434,N/A,   N/A
12435,N/A,   N/A
12436,N/A,   N/A
12437,N/A,   N/A
12438,N/A,   N/A
12439,N/A,   N/A
12830,"Rolling:  Hot-Rolling, >900/°C, Starting Thickness: N/A, Final Thickness: 8/mm, Thickness Reduction Ratio: 90/%","Rolling:  Hot-Rolling, >900/°C, Starting Thickness: N/A, Final Thickness: 8/mm, Thickness Reduction Ratio: 90/%."
12831,"Rolling:  Hot-Rolling, >900/°C, Starting Thickness: N/A, Final Thickness: 8/mm, Thickness Reduction Ratio: 90/%","Rolling:  Hot-Rolling, >900/°C,Starting Thickness: N/A,Final Thickness: 8/mm,Thickness Reduction Ratio: 90/%"
12832,"Rolling:  Hot-Rolling, >900/°C, Starting Thickness: N/A, Final Thickness: 8/mm, Thickness Reduction Ratio: 90/%","Rolling:  Hot-Rolling, >900/°C, Starting Thickness: N/A,Final Thickness: 8/mm, Thickness Reduction Ratio: 90/%."
12833,"Rolling:  Hot-Rolling, >900/°C, Starting Thickness: N/A, Final Thickness: 8/mm, Thickness Reduction Ratio: 90/%","Rolling:  Hot-Rolling, >900/°C, Starting Thickness: N/A,Final Thickness: 8/mm, Thickness Reduction Ratio: 90/%."
13377,N/A,   N/A
13378,N/A,   N/A
13379,N/A,   N/A
13380,N/A,   N/A
13381,N/A,   N/A
13382,N/A,   N/A
13383,N/A,   N/A
13563," Water Washing, Time: 5/min, Acid Pickling, Acid Concentration: 10%/HCl, Time: 5/min","Water Washing, Time: 5/min, Acid Pickling, Acid Concentration: 10%/HCl, Time: 5/min"
13823," Gravity die casting, Mold Temperature: 500/°C","Gravity die casting, Mold Temperature: 500/°C"
13824," Gravity die casting, Mold Temperature: 200/°C","Gravity die casting, Mold Temperature: 200/°C"
13825," Gravity die casting, Mold Temperature: 500/°C","Gravity die casting, Mold Temperature: 500/°C"
13826," Gravity die casting, Mold Temperature: 200/°C","Gravity die casting, Mold Temperature: 200/°C"
13843,N/A,   N/A
13844,N/A,   N/A
13845,N/A,   N/A
13846,N/A,   N/A
13847,N/A,   N/A
13848,N/A,   N/A
13888,N/A,   N/A
13889,N/A,   N/A
13890,N/A,   N/A
13891,N/A,   N/A
13892,N/A,   N/A
13893,N/A,   N/A
14247,"Rolling:  hot-rolling,,Starting Thickness: N/A,Final Thickness: 2/mm,Thickness Reduction Ratio: N/A","Rolling:  hot-rolling,,Starting Thickness: N/A,Final Thickness: 2/mm,Thickness Reduction Ratio: N/A"
14248,"Rolling:  hot-rolling,,Starting Thickness: N/A,Final Thickness: 2/mm,Thickness Reduction Ratio: N/A","Rolling:  hot-rolling,,Starting Thickness: N/A,Final Thickness: 2/mm,Thickness Reduction Ratio: N/A"
14249,"Rolling:  hot-rolling,,Starting Thickness: N/A,Final Thickness: 2/mm,Thickness Reduction Ratio: N/A","Rolling:  hot-rolling,,Starting Thickness: N/A,Final Thickness: 2/mm,Thickness Reduction Ratio: N/A"
14250,"Rolling:  hot-rolling,,Starting Thickness: N/A,Final Thickness: 2/mm,Thickness Reduction Ratio: N/A","Rolling:  hot-rolling,,Starting Thickness: N/A,Final Thickness: 2/mm,Thickness Reduction Ratio: N/A"
14789," EBF3, Voltage: 20/KV, Current: 45/mA, Wire Feeding Speed: 400/mm/min, Travel Speed: 180/mm/min.","EBF3, Voltage: 20/KV, Current: 45/mA, Wire Feeding Speed: 400/mm/min, Travel Speed: 180/mm/min."
14790,N/A,   N/A
14791,N/A,   N/A
14792,N/A,   N/A
14793,N/A,   N/A
14800,"Pressing/Compression:  SPS, Temperature: 870±5/°C, Time: 25-30/min, Stress: 25/MPa","Pressing/Compression:  SPS, Temperature: 870±5/°C, Time: 25-30/min, Stress: 25/MPa"
14801,"Pressing/Compression:  SPS, Temperature: 870±5/°C, Time: 25-30/min, Stress: 25/MPa","Pressing/Compression:  SPS, Temperature: 870±5/°C, Time: 25-30/min, Stress: 25/MPa."
14802,"Pressing/Compression:  SPS, Temperature: 870±5/°C, Time: 25-30/min, Stress: 25/MPa","Pressing/Compression:  SPS, Temperature: 870±5/°C, Time: 25-30/min, Stress: 25/MPa"
14803,"Pressing/Compression:  SPS, Temperature: 870±5/°C, Time: 25-30/min, Stress: 25/MPa","Pressing/Compression:  SPS, Temperature: 870±5/°C, Time: 25-30/min, Stress: 25/MPa."
14804,"Pressing/Compression:  SPS, Temperature: 870±5/°C, Time: 25-30/min, Stress: 25/MPa","Pressing/Compression:  SPS, Temperature: 870±5/°C, Time: 25-30/min, Stress: 25/MPa."
14812,"Laser Processing:  Laser powder bed fusion, , Scan Speed: N/A,  N/A.","Laser Processing:  Laser powder bed fusion, , Scan Speed: N/A,  N/A."
14813,N/A,   N/A
14814,N/A,   N/A
14815,N/A,   N/A
15036," [  Grinding,  Final grit size: 1500/N/A","[  Grinding,  Final grit size: 1500/N/A]"
15037," [  Grinding,  Final grit size: 1500/N/A","[  Grinding,  Final Grit Size: 1500/N/A]"
15038," [  Grinding,  Final grit size: 1500/N/A","[ Grinding,  Final grit size: 1500/N/A]"
15053,"  Stir Casting,   400/°C,  12-15/min, Rotation speed: 400/rpm"," Stir Casting,   400/°C,  12-15/min, Rotation speed: 400/rpm"
15054,"Stir Casting,400/°C,12-15/min,Rotation speed:400/rpm"," Stir Casting,   400/°C,  12-15/min, Rotation speed: 400/rpm"
15055,"Stir Casting,400/°C,12-15/min,Rotation speed:400/rpm"," Stir Casting,   400/°C,  12-15/min, Rotation speed: 400/rpm"
15056,"  Stir Casting,   400/°C,  12-15/min, Rotation speed: 400/rpm"," Stir Casting,   400/°C,  12-15/min, Rotation speed: 400/rpm"
15057,"Stir Casting,400/°C,12-15/min,Rotation speed:400/rpm"," Stir Casting,   400/°C,  12-15/min, Rotation speed: 400/rpm"
15058,"Stir Casting,400/°C,12-15/min,Rotation speed:400/rpm"," Stir Casting,   400/°C,  12-15/min, Rotation speed: 400/rpm"
15218,N/A,   N/A
15219,N/A,   N/A
15220,N/A,   N/A
15221,N/A,   N/A
15222," Welding, N/A","Welding, N/A"
15270,"Laser Processing: SLM_Processing,Laser Power: 150/W,Scan Speed: 150/mm/s, Layer Thickness: 60/μm, Laser Spot Diameter: 60/μm, Protective Gas: Ar, Sample Size: 20x20x100/mm^3","Laser Processing: SLM_Processing,Laser Power: 150/W,Scan Speed: 150/mm/s, Layer Thickness: 60/μm, Laser Spot Diameter: 60/μm, Protective Gas: Ar, Sample Size: 20x20x100/mm^3"
15271,N/A,   N/A
15272,N/A,   N/A
15390," , N/A",", N/A"
15391,N/A,   N/A
15392,N/A,   N/A
15393,N/A,   N/A
15394,N/A,   N/A
15395,N/A,   N/A
15474," GTAW, Current: 55/A, Voltage: 12/V, Processing Speed: 72/mm/min, Gas Flow: 9/l/min, Heat Input: 550/J/mm","GTAW, Current: 55/A, Voltage: 12/V, Processing Speed: 72/mm/min, Gas Flow: 9/l/min, Heat Input: 550/J/mm."
15475,"  GTAW, Current: 55/A, Voltage: 12/V, Processing Speed: 72/mm/min, Gas Flow: 9/l/min, Heat Input: 550/J/mm"," GTAW, Current: 55/A, Voltage: 12/V, Processing Speed: 72/mm/min, Gas Flow: 9/l/min, Heat Input: 550/J/mm"
15476," GTAW, Current: 55/A, Voltage: 12/V, Processing speed: 72/mm/min, Gas flow: 9/l/min, Heat input: 550/J/mm","GTAW, Current: 55/A, Voltage: 12/V, Processing speed: 72/mm/min, Gas flow: 9/l/min, Heat input: 550/J/mm."
15477," GTAW, Current: 55/A, Voltage: 12/V, Processing speed: 72/mm/min, Gas flow: 9/l/min, Heat input: 550/J/mm","GTAW, Current: 55/A, Voltage: 12/V, Processing speed: 72/mm/min, Gas flow: 9/l/min, Heat input: 550/J/mm."
15478," GTAW, Current: 55/A, Voltage: 12/V, Processing Speed: 72/mm/min, Gas Flow: 9/l/min, Heat Input: 550/J/mm","GTAW, Current: 55/A, Voltage: 12/V, Processing Speed: 72/mm/min, Gas Flow: 9/l/min, Heat Input: 550/J/mm."
15485,"  Cold Stretching, Deformation Ratio: 2-2.2/%","  Cold Stretching, Deformation Ratio: 2-2.2/%"
15486,"  Cold Stretching, Deformation Ratio: 2-2.2/%","  Cold Stretching, Deformation Ratio: 2-2.2/%"
15487,"  Cold Stretching, Deformation Ratio: 2-2.2/%","  Cold Stretching, Deformation Ratio: 2-2.2/%"
15705,N/A,   N/A
15706,N/A,   N/A
16209,N/A,   N/A
16210,N/A,   N/A
16211,N/A,   N/A
16212,N/A,   N/A
16642,N/A,   N/A
19226,"Forge:  Forging,  931/°C,  Time: 49/min","Forge:  Forging,  931/°C,  Time: 49/min"
19227,"Forge:  Forging,  931/°C,  Time: 49/min","Forge:  Forging,  931/°C,  Time: 49/min, N/A: N/A"
19228,"Forge:  Forging,  931/°C,  Time: 49/min","Forge:  Forging,  931/°C,  Time: 49/min."
19294,N/A,   N/A
22491,N/A,   N/A
22493,N/A,   N/A
22494,N/A,   N/A
22496,N/A,   N/A
24466," , N/A",", N/A"
24467,N/A,   N/A
24468,N/A,   N/A
24469,N/A,   N/A
25843,N/A,   N/A
25844,N/A,   N/A
26825,"Rolling:  Cold-rolling,, Starting Thickness: N/A, Final Thickness: 1.5/mm, Thickness Reduction Ratio: N/A","Rolling:  Cold-rolling,, Starting Thickness: N/A, Final Thickness: 1.5/mm, Thickness Reduction Ratio: N/A."
26826,"Rolling:  Cold-rolling,, Starting Thickness: N/A, Final Thickness: 1.5/mm, Thickness Reduction Ratio: N/A","Rolling:  Cold-rolling,, Starting Thickness: N/A, Final Thickness: 1.5/mm, Thickness Reduction Ratio: N/A."
26827,"Rolling:  Cold-rolling,, Starting Thickness: N/A, Final Thickness: 1.5/mm, Thickness Reduction Ratio: N/A"," N/A,Rolling:  Cold-rolling,, Starting Thickness: N/A, Final Thickness: 1.5/mm, Thickness Reduction Ratio: N/A."
26828,"Rolling:  Cold-rolling,, Starting Thickness: N/A, Final Thickness: 1.5/mm, Thickness Reduction Ratio: N/A"," N/A,Rolling:  Cold-rolling,, Starting Thickness: N/A, Final Thickness: 1.5/mm, Thickness Reduction Ratio: N/A"
29211," EPBF, Beam Current: 21/mA, Scanning Speed: 4800/mm/s, Line Spacing: 0.1/mm, Focus Current: 560/mA","EPBF, Beam Current: 21/mA, Scanning Speed: 4800/mm/s, Line Spacing: 0.1/mm, Focus Current: 560/mA"
29212,N/A,   N/A
29213,N/A,   N/A
29214,N/A,   N/A
29215,N/A,   N/A
29716," Pulsed anodizing, Temperature: 0/°C, Time: 120/min, Sealing, Temperature: 95/°C, Time: 30/min","Pulsed anodizing, Temperature: 0/°C, Time: 120/min, Sealing, Temperature: 95/°C, Time: 30/min"
29717," Pulsed anodizing, Temperature: 0/°C, Time: 120/min, Sealing, Temperature: 95/°C, Time: 30/min","Pulsed anodizing, Temperature: 0/°C, Time: 120/min, Sealing, Temperature: 95/°C, Time: 30/min"
29718," Pulsed anodizing, Temperature: 0/°C, Time: 120/min, Sealing, Temperature: 95/°C, Time: 30/min","Pulsed anodizing, Temperature: 0/°C, Time: 120/min, Sealing, Temperature: 95/°C, Time: 30/min"
29719,"Deposition:  Electrodeposition,Parameters: Temperature: 65/°C, Time: 1/h, Current density: 40/mA/cm2, Coating Thickness: 20±2/μm","Deposition:  Electrodeposition,Parameters: Temperature: 65/°C, Time: 1/h, Current density: 40/mA/cm2, Coating Thickness: 20±2/μm"
29720,"Deposition:  Electrodeposition,Parameters: Temperature: 65/°C, Time: 1/h, Current Density: 40/mA/cm2, Coating Thickness: 20±2/μm","Deposition:  Electrodeposition,Parameters: Temperature: 65/°C, Time: 1/h, Current Density: 40/mA/cm2, Coating Thickness: 20±2/μm"
29721,"Deposition:  Electrodeposition,Parameters: Temperature: 51/°C, Time: 1/h 30/min, Current Density: 300/mA/cm2, Coating Thickness: 20±1/μm","Deposition:  Electrodeposition,Parameters: Temperature: 51/°C, Time: 1h 30min/h, Current Density: 300/mA/cm2, Coating Thickness: 20±1/μm"
29722,"Deposition:  Electrodeposition,Parameters: Temperature: 51/°C, Time: 1/h 30/min, Current Density: 300/mA/cm2, Coating Thickness: 20±1/μm","Deposition:  Electrodeposition,Parameters: Temperature: 51/°C, Time: 1h 30min, Current Density: 300/mA/cm2, Coating Thickness: 20±1/μm"
29804,"Rolling:  Cold-rolling,,Starting Thickness: N/A,Final Thickness: N/A,Thickness Reduction Ratio: 10/%","Additional Cold-Rolling,,Deformation Ratio: 10/%, Deformation Speed: N/A"
29805,"Rolling:  Cold-rolling,,Starting Thickness: N/A,Final Thickness: N/A,Thickness Reduction Ratio: 10/%","Additional Cold-Rolling, Deformation Ratio: 10/%/N/A"
29806,"Rolling:  Cold-rolling,,Starting Thickness: N/A,Final Thickness: N/A,Thickness Reduction Ratio: 10/%","Additional Cold-Rolling, Deformation Ratio: 10/%/N/A, Temperature: N/A, Deformation Speed: N/A"
29807,"Rolling:  Cold-rolling,,Starting Thickness: N/A,Final Thickness: N/A,Thickness Reduction Ratio: 10/%","Additional Cold-Rolling, N/A,Deformation Ratio: 10/%, Deformation Speed: N/A, Thermal Aging, Time: 10000/h"
29808,"Rolling:  Cold-rolling,,Starting Thickness: N/A,Final Thickness: N/A,Thickness Reduction Ratio: 10/%","Additional Cold-Rolling,,Deformation Ratio: 10/%, Deformation Speed: N/A, Thermal Aging, Time: 5000/h"
29809,"Rolling:  Cold-rolling,,Starting Thickness: N/A,Final Thickness: N/A,Thickness Reduction Ratio: 10/%","Additional Cold-Rolling, Deformation Ratio: 10/%/N/A, Thermal Aging, Time: 5000/h/N/A"
29810,N/A,   N/A
29811,N/A,   N/A
30101,"Rolling:  Cold rolling,,Starting Thickness: N/A,Final Thickness: 1.05/mm, Thickness Reduction Ratio: N/A","Rolling:  Cold rolling,,Starting Thickness: N/A,Final Thickness: 1.05/mm, Thickness Reduction Ratio: N/A"
30102,N/A,   N/A
30103,N/A,   N/A
30104,N/A,   N/A
30148,"Alloying: Mechanical alloying, 120/h,Rotation speed: N/A, Atmosphere: Ar/N/A, Stearic Acid: 2/wt.%","Mechanical alloying, Time: 120/h, Atmosphere: Ar/N/A, Stearic Acid: 2/wt.%"
30149,"Alloying: Mechanical alloying, 120/h,Rotation speed: N/A, Atmosphere: Ar/N/A, Stearic Acid: 2/wt.%","Mechanical alloying, Time: 120/h, Atmosphere: Ar/N/A, Additives: Stearic Acid 2/wt.%"
30150,"Alloying: Mechanical alloying, 120/h,Rotation speed: N/A, Atmosphere: Ar/N/A, Stearic Acid: 2/wt.%","Mechanical alloying, Time: 120/h, Atmosphere: Ar/N/A, Additive: Stearic Acid 2/wt.%"
30151,"Alloying: Mechanical alloying, 120/h,Rotation speed: N/A, Atmosphere: Ar/N/A, Stearic Acid: 2/wt.%","Mechanical alloying, Time: 120/h, Atmosphere: Ar/N/A, Additives: Stearic Acid 2/wt.%,"
30152,"Alloying: Mechanical alloying, 120/h,Rotation speed: N/A, Atmosphere: Ar/N/A, Stearic Acid: 2/wt.%"," Mechanical alloying,  Time: 120/h, Atmosphere: Ar/N/A, Stearic Acid: 2/wt.%"
30153,"Alloying: Mechanical alloying, 120/h,Rotation speed: N/A, Atmosphere: Ar/N/A, Stearic Acid: 2/wt.%","Mechanical alloying, Time: 120/h, Atmosphere: Ar/N/A, Additive: Stearic Acid 2/wt.%"
30329,"Alloying: Mechanical alloying,,Rotation speed: N/A, N/A,  Blending, N/A,Pressing/Compression:  Hot Isostatic Pressing, Temperature:500/°C,Extrusion:  N/A,  520/°C, Extrusion Ratio: N/A, Extrusion Speed: N/A","Mechanical Alloying, N/A, Blending, N/A, Degassing, Temperature: 500/°C, Time: 24/h, Consolidation, Method: Hot Isostatic Pressing, Temperature: 500/°C,Extrusion:  N/A,  520/°C, Extrusion Ratio: N/A, Extrusion Speed: N/A"
30330,"Alloying: Mechanical alloying,,Rotation speed: N/A, N/A,  Blending, N/A,Pressing/Compression:  Hot Isostatic Pressing, Temperature:500/°C,Extrusion:  N/A,  520/°C, Extrusion Ratio: N/A, Extrusion Speed: N/A","Mechanical Alloying, N/A, Blending, N/A, Degassing, Temperature: 500/°C, Time: 24/h,Pressing/Compression:  Hot Isostatic Pressing, Temperature: 500/°C,Extrusion:  N/A,  520/°C, Extrusion Ratio: N/A, Extrusion Speed: N/A"
30378,N/A,   N/A
30379,N/A,   N/A
30380,N/A,   N/A
30381,N/A,   N/A
30382,N/A,   N/A
30383,N/A,   N/A
30384,N/A,   N/A
30385,N/A,   N/A
30386,N/A,   N/A
30387,N/A,   N/A
30400,N/A,   N/A
30401,N/A,   N/A
30402,N/A,   N/A
30403,N/A,   N/A
30404,N/A,   N/A
30405,N/A,   N/A
30674,N/A,   N/A
30676,N/A,   N/A
30878,N/A,   N/A
30879,N/A,   N/A
30885," Casting or hot forming, N/A","Casting or hot forming, N/A, HT1, N/A"
30886," Casting or hot forming, N/A","Casting or Hot Forming, N/A"
31099," Permanent Mould Casting, N/A","Permanent Mould Casting, N/A"
31100,N/A,   N/A
31249,N/A,   N/A
31250,N/A,   N/A
31251,N/A,   N/A
31252,N/A,   N/A
31253,N/A,   N/A
31327," Button-arc melting, Temperature: 1523/K, Time: 1/hour","Button-arc melting, Temperature: 1523/K, Time: 1/hour"
31328," Button-arc melting, Temperature: 1523/K, Time: 1/hour","Button-arc melting, Temperature: 1523/K, Time: 1/hour"
31329,"  Button-arc melting, Time: 1/hour, Temperature: 1523/K"," Button-arc melting, Time: 1/hour, Temperature: 1523/K"
31330,"  Button-arc melting, Temperature: 1523/K, Time: 1/hour"," Button-arc melting, Temperature: 1523/K, Time: 1/hour"
31331," Button-arc melting, Temperature: 1523/K, Time: 1/hour.","Button-arc melting, Temperature: 1523/K, Time: 1/hour."
31332," Button-arc melting, Temperature: 1523/K, Time: 1/hour.","Button-arc melting, Temperature: 1523/K, Time: 1/hour."
31333," Oxidation test, Temperature: 1200/°C","Oxidation test, Temperature: 1200/°C"
31334," Oxidation test, Temperature: 1200/°C","Oxidation test, Temperature: 1200/°C"
31365," Service-exposed, N/A","Service-exposed, N/A"
31366,N/A,   N/A
31367,N/A,   N/A
31368,N/A,   N/A
31369,N/A,   N/A
31594,N/A,   N/A
31595,N/A,   N/A
31596,N/A,   N/A
31597,N/A,   N/A
31598,N/A,   N/A
31599,"Severe Plastic Deformation:  N/A,, , N/A,Friction Processing: Dry sliding friction,Rotation speed: N/A,Processing speed: N/A, N/A","Severe Plastic Deformation:  N/A, 300/°C, , Time: 1/h,Friction Processing: Dry sliding friction,Rotation speed: N/A,Processing speed: N/A, N/A"
31600,"Severe Plastic Deformation:  N/A,, , N/A,Friction Processing: Dry sliding friction,Rotation speed: N/A,Processing speed: N/A, N/A","Severe Plastic Deformation:  N/A, 400/°C, , Time: 1/h,Friction Processing: Dry sliding friction,Rotation speed: N/A,Processing speed: N/A, Temperature: 400/°C, Time: 1/h"
31601,"Severe Plastic Deformation:  N/A,, , N/A,Friction Processing: Dry sliding friction,Rotation speed: N/A,Processing speed: N/A, N/A","Severe Plastic Deformation:  N/A, 480/°C, , Time: 1/h, Friction Processing: Dry sliding friction,Rotation speed: N/A,Processing speed: N/A, N/A"
31602,"Alloying: Mechanical Alloying,,Rotation speed: N/A, N/A, Severe Plastic Deformation:  N/A,, , N/A","Severe Plastic Deformation:  N/A,, , N/A, Mechanical Alloying, N/A"
31603,"Alloying: Mechanical Alloying,,Rotation speed: N/A, N/A","Mechanical alloying, N/A."
31604," , N/A",", N/A"
31605,"Pressing/Compression:  Pressed, N/A","Pressing/Compression:  Pressed, N/A"
31692,N/A,   N/A
31693,N/A,   N/A
31694,N/A,   N/A
31704,"Severe Plastic Deformation:  Megaplastic Deformation,, 4/GPa, Torsion Angle: 2/π/rad, True Strain at 1/2 Disk Radius: 7.0/N/A","Severe Plastic Deformation:  Megaplastic Deformation,, 4/GPa, Torsion Angle: 2/π/rad, True Strain at 1/2 Disk Radius: 7.0/N/A"
31705,"Severe Plastic Deformation:  Megaplastic Deformation,, 4/GPa, Torsion Angle: 10/π/rad, True Strain at 1/2 Disk Radius: 8.6/N/A","Severe Plastic Deformation:  Megaplastic Deformation,, 4/GPa, Torsion Angle: 10/π/rad, True Strain at 1/2 Disk Radius: 8.6/N/A"
31706,"Severe Plastic Deformation:  Megaplastic Deformation,, 4/GPa, Torsion Angle: 20/π/rad, True Strain at 1/2 Disk Radius: 9.3/N/A","Severe Plastic Deformation:  Megaplastic Deformation,, 4/GPa, Torsion Angle: 20/π/rad, True Strain at 1/2 Disk Radius: 9.3/N/A"
31789,N/A,   N/A
31790,N/A,   N/A
31791,N/A,   N/A
31792,N/A,   N/A
31793,N/A,   N/A
31794,N/A,   N/A
31851,N/A,   N/A
31852,"Rolling:  MPR,, Starting Thickness: N/A, Final Thickness: N/A, Thickness Reduction Ratio: 30%","Rolling:  MPR,, Starting Thickness: N/A, Final Thickness: N/A, Thickness Reduction Ratio: 30%"
31853," MPR + PTT, Temperature: 373/K","MPR + PTT, Temperature: 373/K"
31854," MPR + PTT, Temperature: 473/K","MPR + PTT, Temperature: 473/K"
31855," MPR + PTT, Temperature: 573/K","MPR + PTT, Temperature: 573/K"
31856," MPR + PTT, Temperature: 673/K","MPR + PTT, Temperature: 673/K"
31857,"  MPR + PTT,  Temperature: 773/K"," MPR + PTT,  Temperature: 773/K"
31858," MPR + PTT, Temperature: 873/K.","MPR + PTT, Temperature: 873/K."
31859,"  MPR + PTT,  Temperature: 973/K"," MPR + PTT,  Temperature: 973/K"
31860,"Rolling:  Multipass-rolling,, Starting Thickness: N/A, Final Thickness: N/A, Thickness Reduction Ratio: N/A","Rolling:  Multipass-rolling,, Starting Thickness: N/A, Final Thickness: N/A, Thickness Reduction Ratio: N/A, Annealing, N/A"
31942," SEBM, Current: 9.5/mA","SEBM, Current: 9.5/mA"
31943," SEBM, Current: 19.0/mA","SEBM, Current: 19.0/mA"
31944,N/A,   N/A
31945,N/A,   N/A
31946,N/A,   N/A
32004," N/A, Anodization Voltage: 60/V, Time: 3/h, Electrolyte: fluoride ethylene glycol/N/A, Water content: 20/wt.%.","Anodization, Voltage: 60/V, Time: 3/h, Electrolyte: fluoride ethylene glycol/N/A, Water content: 20/wt.%."
32005," N/A, Storage conditions:exposed to environmental conditions for more than four years","N/A, Storage conditions:exposed to environmental conditions for more than four years"
32012,N/A,   N/A
32013,N/A,   N/A
32014,N/A,   N/A
32015,N/A,   N/A
32016,N/A,   N/A
32017,"Severe Plastic Deformation:  ECAP,, , N/A","Severe Plastic Deformation:  ECAP,,, N/A"
32018,"Severe Plastic Deformation:  ECAP,, , N/A","Severe Plastic Deformation:  ECAP,, , N/A"
32019,"Severe Plastic Deformation:  ECAP,, , N/A","Severe Plastic Deformation:  ECAP,, , N/A"
32020,"Severe Plastic Deformation:  ECAP,, , N/A","Severe Plastic Deformation:  ECAP,, , N/A"
32021," Sintering, Time: 1/h, Temperature: 1300/°C, Pressure: 10-6/mbar.","Sintering, Time: 1/h, Temperature: 1300/°C, Pressure: 10-6/mbar."
32022," Sintering, Time: 1/h, Temperature: 1300/°C, Pressure: 10-6/mbar.","Sintering, Time: 1/h, Temperature: 1300/°C, Pressure: 10-6/mbar."
32023," Sintering, Time: 1/h, Temperature: 1300/°C, Pressure: 10-6/mbar.","Sintering, Time: 1/h, Temperature: 1300/°C, Pressure: 10-6/mbar."
32024," Sintering, Time: 1/h, Temperature: 1300/°C, Pressure: 10-6/mbar.","Sintering, Time: 1/h, Temperature: 1300/°C, Pressure: 10-6/mbar."
32038,N/A,   N/A
32039,N/A,   N/A
32040,N/A,   N/A
32041,N/A,   N/A
32042,N/A,   N/A
32043,N/A,   N/A
32044,"  Temperature of heating for TMT, Temperature: 642/°C, Cooling rate to 580°C: 18/°C/h, Cooling rate to 500°C: 8/°C/h"," Temperature of heating for TMT, Temperature: 642/°C, Cooling rate to 580°C: 18/°C/h, Cooling rate to 500°C: 8/°C/h"
32045,"  Temperature of heating for TMT, Temperature: 640/°C, Cooling rate to 580°C: 20/°C/h, Cooling rate to 500°C: 9.36/°C/h"," Temperature of heating for TMT, Temperature: 640/°C, Cooling rate to 580°C: 20/°C/h, Cooling rate to 500°C: 9.36/°C/h"
32046,"  Temperature of heating for TMT, Temperature: 643.4/°C, Cooling rate to 580°C: 20/°C/h, Cooling rate to 500°C: 6/°C/h"," Temperature of heating for TMT, Temperature: 643.4/°C, Cooling rate to 580°C: 20/°C/h, Cooling rate to 500°C: 6/°C/h"
32047,"  Temperature of heating for TMT, Temperature: 638/°C, Cooling rate to 580°C: 22/°C/h, Cooling rate to 500°C: 4/°C/h"," Temperature of heating for TMT, Temperature: 638/°C, Cooling rate to 580°C: 22/°C/h, Cooling rate to 500°C: 4/°C/h"
32048,"  Temperature of heating for TMT, Temperature: 642°C, Cooling rate to 580°C: 22/°C/h, Cooling rate to 500°C: 4/°C/h"," Temperature of heating for TMT, Temperature: 642/°C, Cooling rate to 580°C: 22/°C/h, Cooling rate to 500°C: 4/°C/h"
32049,N/A,   N/A
32095,"Forge:  Thixoforging, ,  Applied Pressure: 110/MPa,","Forge:  Thixoforging, ,  Applied Pressure: 110/MPa"
32096,"Forge:  Thixoforging, ,  Applied Pressure: 110/MPa,","Forge:  Thixoforging, ,  Applied Pressure: 110/MPa"
32097,"Forge:  Thixoforging, ,  Applied Pressure: 110/MPa,","Forge:  Thixoforging, ,  Applied Pressure: 110/MPa"
32098,"Forge:  Thixoforging, ,  Applied Pressure: 140/MPa,","Forge:  Thixoforging, ,  Applied Pressure: 140/MPa"
32099,"Forge:  Thixoforging, ,  Applied Pressure: 140/MPa,","Forge:  Thixoforging, ,  Applied Pressure: 140/MPa"
32100,"Forge:  Thixoforging, ,  Applied Pressure: 140/MPa,","Forge:  Thixoforging, ,  Applied Pressure: 140/MPa"
32101,"Forge:  Thixoforging, ,  Applied Pressure: 170/MPa,","Forge:  Thixoforging, ,  Applied Pressure: 170/MPa"
32102,"Forge:  Thixoforging, ,  Applied Pressure: 170/MPa,","Forge:  Thixoforging, ,  Applied Pressure: 170/MPa"
32103,"Forge:  Thixoforging, ,  Applied Pressure: 170/MPa,","Forge:  Thixoforging, ,  Applied Pressure: 170/MPa"
32127,N/A,   N/A
32128,N/A,   N/A
32129,N/A,   N/A
32130,N/A,   N/A
32200,N/A,   N/A
32201,N/A,   N/A
32202,N/A,   N/A
32206,N/A,   N/A
32207,N/A,   N/A
32208,N/A,   N/A
32209,N/A,   N/A
32210,N/A,   N/A
32211,N/A,   N/A
32212,N/A,   N/A
32213,N/A,   N/A
