{{"ID": 109},
{"Unstructured_Strengthening_Mechanism": "precipitation strengthening"},
{"Structured_Strengthening_Mechanism": ""Strengthening Mechanism":"{"Strengthening mechanism and proportion":"{precipitation strengthening}"}""}},

{{"ID": 110},
{"Unstructured_Strengthening_Mechanism": "precipitation strengthening"},
{"Structured_Strengthening_Mechanism": ""Strengthening Mechanism":"{"Strengthening mechanism and proportion":"{precipitation strengthening}"}""}},

{{"ID": 111},
{"Unstructured_Strengthening_Mechanism": "precipitation strengthening"},
{"Structured_Strengthening_Mechanism": ""Strengthening Mechanism":"{"Strengthening mechanism and proportion":"{precipitation strengthening}"}""}},

{{"ID": 226},
{"Unstructured_Strengthening_Mechanism": "N/A"},
{"Structured_Strengthening_Mechanism": "N/A"}},

{{"ID": 227},
{"Unstructured_Strengthening_Mechanism": "N/A"},
{"Structured_Strengthening_Mechanism": "N/A"}},

{{"ID": 228},
{"Unstructured_Strengthening_Mechanism": "N/A"},
{"Structured_Strengthening_Mechanism": "N/A"}},

{{"ID": 229},
{"Unstructured_Strengthening_Mechanism": "N/A"},
{"Structured_Strengthening_Mechanism": "N/A"}},

{{"ID": 253},
{"Unstructured_Strengthening_Mechanism": "N/A"},
{"Structured_Strengthening_Mechanism": "N/A"}},

{{"ID": 254},
{"Unstructured_Strengthening_Mechanism": "N/A"},
{"Structured_Strengthening_Mechanism": "N/A"}},

{{"ID": 255},
{"Unstructured_Strengthening_Mechanism": "N/A"},
{"Structured_Strengthening_Mechanism": "N/A"}},

{{"ID": 256},
{"Unstructured_Strengthening_Mechanism": "N/A"},
{"Structured_Strengthening_Mechanism": "N/A"}},

{{"ID": 257},
{"Unstructured_Strengthening_Mechanism": "N/A"},
{"Structured_Strengthening_Mechanism": "N/A"}},

{{"ID": 267},
{"Unstructured_Strengthening_Mechanism": "N/A"},
{"Structured_Strengthening_Mechanism": "N/A"}},

{{"ID": 268},
{"Unstructured_Strengthening_Mechanism": "N/A"},
{"Structured_Strengthening_Mechanism": "N/A"}},

{{"ID": 269},
{"Unstructured_Strengthening_Mechanism": "N/A"},
{"Structured_Strengthening_Mechanism": "N/A"}},

{{"ID": 270},
{"Unstructured_Strengthening_Mechanism": "N/A"},
{"Structured_Strengthening_Mechanism": "N/A"}},

{{"ID": 271},
{"Unstructured_Strengthening_Mechanism": "N/A"},
{"Structured_Strengthening_Mechanism": "N/A"}},

{{"ID": 272},
{"Unstructured_Strengthening_Mechanism": "N/A"},
{"Structured_Strengthening_Mechanism": "N/A"}},

{{"ID": 273},
{"Unstructured_Strengthening_Mechanism": "N/A"},
{"Structured_Strengthening_Mechanism": "N/A"}},

{{"ID": 274},
{"Unstructured_Strengthening_Mechanism": "N/A"},
{"Structured_Strengthening_Mechanism": "N/A"}},

{{"ID": 388},
{"Unstructured_Strengthening_Mechanism": "N/A"},
{"Structured_Strengthening_Mechanism": "N/A"}},

{{"ID": 389},
{"Unstructured_Strengthening_Mechanism": "N/A"},
{"Structured_Strengthening_Mechanism": "N/A"}},

{{"ID": 390},
{"Unstructured_Strengthening_Mechanism": "N/A"},
{"Structured_Strengthening_Mechanism": "N/A"}},

{{"ID": 391},
{"Unstructured_Strengthening_Mechanism": "solid solution, dispersion of Y-rich oxides"},
{"Structured_Strengthening_Mechanism": ""Strengthening Mechanism":"{"Strengthening Effect":"{solid solution, dispersion of Y-rich oxides}"}""}},

{{"ID": 392},
{"Unstructured_Strengthening_Mechanism": "solid solution, dispersion of Y-rich oxides"},
{"Structured_Strengthening_Mechanism": ""Strengthening Mechanism":"{"Strengthening Effect":"{solid solution, dispersion of Y-rich oxides}"}""}},

{{"ID": 393},
{"Unstructured_Strengthening_Mechanism": "solid solution, dispersion of Y-rich oxides"},
{"Structured_Strengthening_Mechanism": ""Strengthening Mechanism":"{"Strengthening Effect":"{solid solution, dispersion of Y-rich oxides}"}""}},

{{"ID": 428},
{"Unstructured_Strengthening_Mechanism": "N/A"},
{"Structured_Strengthening_Mechanism": "N/A"}},

{{"ID": 429},
{"Unstructured_Strengthening_Mechanism": "N/A"},
{"Structured_Strengthening_Mechanism": "N/A"}},

{{"ID": 430},
{"Unstructured_Strengthening_Mechanism": "N/A"},
{"Structured_Strengthening_Mechanism": "N/A"}},

{{"ID": 431},
{"Unstructured_Strengthening_Mechanism": "N/A"},
{"Structured_Strengthening_Mechanism": "N/A"}},

{{"ID": 701},
{"Unstructured_Strengthening_Mechanism": "N/A"},
{"Structured_Strengthening_Mechanism": "N/A"}},

{{"ID": 702},
{"Unstructured_Strengthening_Mechanism": "N/A"},
{"Structured_Strengthening_Mechanism": "N/A"}},

{{"ID": 703},
{"Unstructured_Strengthening_Mechanism": "N/A"},
{"Structured_Strengthening_Mechanism": "N/A"}},

{{"ID": 704},
{"Unstructured_Strengthening_Mechanism": "N/A"},
{"Structured_Strengthening_Mechanism": "N/A"}},

{{"ID": 705},
{"Unstructured_Strengthening_Mechanism": "N/A"},
{"Structured_Strengthening_Mechanism": "N/A"}},

{{"ID": 706},
{"Unstructured_Strengthening_Mechanism": "N/A"},
{"Structured_Strengthening_Mechanism": "N/A"}},

{{"ID": 707},
{"Unstructured_Strengthening_Mechanism": "N/A"},
{"Structured_Strengthening_Mechanism": "N/A"}},

{{"ID": 708},
{"Unstructured_Strengthening_Mechanism": "N/A"},
{"Structured_Strengthening_Mechanism": "N/A"}},

{{"ID": 857},
{"Unstructured_Strengthening_Mechanism": "N/A"},
{"Structured_Strengthening_Mechanism": "N/A"}},

{{"ID": 858},
{"Unstructured_Strengthening_Mechanism": "Precipitation strengthening"},
{"Structured_Strengthening_Mechanism": ""Strengthening Mechanism":"{"Strengthening mechanism and proportion":"{precipitation strengthening}"}""}},

{{"ID": 859},
{"Unstructured_Strengthening_Mechanism": "Precipitation strengthening"},
{"Structured_Strengthening_Mechanism": ""Strengthening Mechanism":"{"Strengthening mechanism and proportion":"{precipitation strengthening}"}""}},

{{"ID": 860},
{"Unstructured_Strengthening_Mechanism": "Precipitation strengthening, Phase transformation"},
{"Structured_Strengthening_Mechanism": ""Strengthening Mechanism":"{"Strengthening Phase":"{Precipitation strengthening, Phase transformation strengthening}"}""}},

{{"ID": 861},
{"Unstructured_Strengthening_Mechanism": "Precipitation strengthening"},
{"Structured_Strengthening_Mechanism": ""Strengthening Mechanism":"{"Strengthening mechanism and proportion":"{precipitation strengthening}"}""}},

{{"ID": 1154},
{"Unstructured_Strengthening_Mechanism": "N/A"},
{"Structured_Strengthening_Mechanism": "N/A"}},

{{"ID": 1155},
{"Unstructured_Strengthening_Mechanism": "N/A"},
{"Structured_Strengthening_Mechanism": "N/A"}},

{{"ID": 1156},
{"Unstructured_Strengthening_Mechanism": "N/A"},
{"Structured_Strengthening_Mechanism": "N/A"}},

{{"ID": 1157},
{"Unstructured_Strengthening_Mechanism": "N/A"},
{"Structured_Strengthening_Mechanism": "N/A"}},

{{"ID": 1158},
{"Unstructured_Strengthening_Mechanism": "N/A"},
{"Structured_Strengthening_Mechanism": "N/A"}},

{{"ID": 1159},
{"Unstructured_Strengthening_Mechanism": "N/A"},
{"Structured_Strengthening_Mechanism": "N/A"}},

{{"ID": 1255},
{"Unstructured_Strengthening_Mechanism": "N/A"},
{"Structured_Strengthening_Mechanism": "N/A"}},

{{"ID": 1256},
{"Unstructured_Strengthening_Mechanism": "N/A"},
{"Structured_Strengthening_Mechanism": "N/A"}},

{{"ID": 1257},
{"Unstructured_Strengthening_Mechanism": "N/A"},
{"Structured_Strengthening_Mechanism": "N/A"}},

{{"ID": 1258},
{"Unstructured_Strengthening_Mechanism": "N/A"},
{"Structured_Strengthening_Mechanism": "N/A"}},

{{"ID": 1259},
{"Unstructured_Strengthening_Mechanism": "N/A"},
{"Structured_Strengthening_Mechanism": "N/A"}},

{{"ID": 1260},
{"Unstructured_Strengthening_Mechanism": "N/A"},
{"Structured_Strengthening_Mechanism": "N/A"}},

{{"ID": 1261},
{"Unstructured_Strengthening_Mechanism": "N/A"},
{"Structured_Strengthening_Mechanism": "N/A"}},

{{"ID": 1262},
{"Unstructured_Strengthening_Mechanism": "N/A"},
{"Structured_Strengthening_Mechanism": "N/A"}},

{{"ID": 1263},
{"Unstructured_Strengthening_Mechanism": "N/A"},
{"Structured_Strengthening_Mechanism": "N/A"}},

{{"ID": 1264},
{"Unstructured_Strengthening_Mechanism": "N/A"},
{"Structured_Strengthening_Mechanism": "N/A"}},

{{"ID": 1265},
{"Unstructured_Strengthening_Mechanism": "N/A"},
{"Structured_Strengthening_Mechanism": "N/A"}},

{{"ID": 1266},
{"Unstructured_Strengthening_Mechanism": "N/A"},
{"Structured_Strengthening_Mechanism": "N/A"}},

{{"ID": 1267},
{"Unstructured_Strengthening_Mechanism": "N/A"},
{"Structured_Strengthening_Mechanism": "N/A"}},

{{"ID": 1268},
{"Unstructured_Strengthening_Mechanism": "N/A"},
{"Structured_Strengthening_Mechanism": "N/A"}},

{{"ID": 1269},
{"Unstructured_Strengthening_Mechanism": "N/A"},
{"Structured_Strengthening_Mechanism": "N/A"}},

{{"ID": 1270},
{"Unstructured_Strengthening_Mechanism": "N/A"},
{"Structured_Strengthening_Mechanism": "N/A"}},

{{"ID": 1271},
{"Unstructured_Strengthening_Mechanism": "N/A"},
{"Structured_Strengthening_Mechanism": "N/A"}},

{{"ID": 1272},
{"Unstructured_Strengthening_Mechanism": "Grain strengthening, Dislocation strengthening, Solid–solution strengthening"},
{"Structured_Strengthening_Mechanism": ""Strengthening Mechanism":"{"Strengthening mechanism and proportion":"{Grain strengthening, Dislocation strengthening, Solid–solution strengthening}"}""}},

{{"ID": 1694},
{"Unstructured_Strengthening_Mechanism": "N/A"},
{"Structured_Strengthening_Mechanism": "N/A"}},

{{"ID": 1695},
{"Unstructured_Strengthening_Mechanism": "N/A"},
{"Structured_Strengthening_Mechanism": "N/A"}},

{{"ID": 1696},
{"Unstructured_Strengthening_Mechanism": "N/A"},
{"Structured_Strengthening_Mechanism": "N/A"}},

{{"ID": 1697},
{"Unstructured_Strengthening_Mechanism": "N/A"},
{"Structured_Strengthening_Mechanism": "N/A"}},

{{"ID": 1698},
{"Unstructured_Strengthening_Mechanism": "N/A"},
{"Structured_Strengthening_Mechanism": "N/A"}},

{{"ID": 1699},
{"Unstructured_Strengthening_Mechanism": "N/A"},
{"Structured_Strengthening_Mechanism": "N/A"}},

{{"ID": 1923},
{"Unstructured_Strengthening_Mechanism": "N/A"},
{"Structured_Strengthening_Mechanism": "N/A"}},

{{"ID": 1924},
{"Unstructured_Strengthening_Mechanism": "N/A"},
{"Structured_Strengthening_Mechanism": "N/A"}},

{{"ID": 1925},
{"Unstructured_Strengthening_Mechanism": "N/A"},
{"Structured_Strengthening_Mechanism": "N/A"}},

{{"ID": 2009},
{"Unstructured_Strengthening_Mechanism": "N/A"},
{"Structured_Strengthening_Mechanism": "N/A"}},

{{"ID": 2010},
{"Unstructured_Strengthening_Mechanism": "N/A"},
{"Structured_Strengthening_Mechanism": "N/A"}},

{{"ID": 2011},
{"Unstructured_Strengthening_Mechanism": "N/A"},
{"Structured_Strengthening_Mechanism": "N/A"}},

{{"ID": 2012},
{"Unstructured_Strengthening_Mechanism": "N/A"},
{"Structured_Strengthening_Mechanism": "N/A"}},

{{"ID": 2013},
{"Unstructured_Strengthening_Mechanism": "N/A"},
{"Structured_Strengthening_Mechanism": "N/A"}},

{{"ID": 2014},
{"Unstructured_Strengthening_Mechanism": "N/A"},
{"Structured_Strengthening_Mechanism": "N/A"}},

{{"ID": 2015},
{"Unstructured_Strengthening_Mechanism": "N/A"},
{"Structured_Strengthening_Mechanism": "N/A"}},

{{"ID": 2194},
{"Unstructured_Strengthening_Mechanism": "N/A"},
{"Structured_Strengthening_Mechanism": "N/A"}},

{{"ID": 2195},
{"Unstructured_Strengthening_Mechanism": "N/A"},
{"Structured_Strengthening_Mechanism": "N/A"}},

{{"ID": 2196},
{"Unstructured_Strengthening_Mechanism": "N/A"},
{"Structured_Strengthening_Mechanism": "N/A"}},

{{"ID": 2197},
{"Unstructured_Strengthening_Mechanism": "N/A"},
{"Structured_Strengthening_Mechanism": "N/A"}},

{{"ID": 2198},
{"Unstructured_Strengthening_Mechanism": "N/A"},
{"Structured_Strengthening_Mechanism": "N/A"}},

{{"ID": 2642},
{"Unstructured_Strengthening_Mechanism": "abnormal grain growth (AGG)"},
{"Structured_Strengthening_Mechanism": ""Strengthening Mechanism":"{"Strengthening Effect":"{abnormal grain growth (AGG)}"}""}},

{{"ID": 2643},
{"Unstructured_Strengthening_Mechanism": "abnormal grain growth (AGG)"},
{"Structured_Strengthening_Mechanism": ""Strengthening Mechanism":"{"Strengthening Effect":"{abnormal grain growth (AGG)}"}""}},

{{"ID": 2644},
{"Unstructured_Strengthening_Mechanism": "abnormal grain growth (AGG)"},
{"Structured_Strengthening_Mechanism": ""Strengthening Mechanism":"{"Strengthening Effect":"{abnormal grain growth (AGG)}"}""}},

{{"ID": 2674},
{"Unstructured_Strengthening_Mechanism": "N/A"},
{"Structured_Strengthening_Mechanism": "N/A"}},

{{"ID": 2675},
{"Unstructured_Strengthening_Mechanism": "N/A"},
{"Structured_Strengthening_Mechanism": "N/A"}},

{{"ID": 2676},
{"Unstructured_Strengthening_Mechanism": "N/A"},
{"Structured_Strengthening_Mechanism": "N/A"}},

{{"ID": 2677},
{"Unstructured_Strengthening_Mechanism": "N/A"},
{"Structured_Strengthening_Mechanism": "N/A"}},

{{"ID": 2678},
{"Unstructured_Strengthening_Mechanism": "N/A"},
{"Structured_Strengthening_Mechanism": "N/A"}},

{{"ID": 2679},
{"Unstructured_Strengthening_Mechanism": "N/A"},
{"Structured_Strengthening_Mechanism": "N/A"}},

{{"ID": 2680},
{"Unstructured_Strengthening_Mechanism": "N/A"},
{"Structured_Strengthening_Mechanism": "N/A"}},

{{"ID": 2681},
{"Unstructured_Strengthening_Mechanism": "N/A"},
{"Structured_Strengthening_Mechanism": "N/A"}},

{{"ID": 2682},
{"Unstructured_Strengthening_Mechanism": "N/A"},
{"Structured_Strengthening_Mechanism": "N/A"}},

{{"ID": 3546},
{"Unstructured_Strengthening_Mechanism": "N/A"},
{"Structured_Strengthening_Mechanism": "N/A"}},

{{"ID": 3547},
{"Unstructured_Strengthening_Mechanism": "N/A"},
{"Structured_Strengthening_Mechanism": "N/A"}},

{{"ID": 3548},
{"Unstructured_Strengthening_Mechanism": "N/A"},
{"Structured_Strengthening_Mechanism": "N/A"}},

{{"ID": 3549},
{"Unstructured_Strengthening_Mechanism": "N/A"},
{"Structured_Strengthening_Mechanism": "N/A"}},

{{"ID": 3550},
{"Unstructured_Strengthening_Mechanism": "N/A"},
{"Structured_Strengthening_Mechanism": "N/A"}},

{{"ID": 3551},
{"Unstructured_Strengthening_Mechanism": "N/A"},
{"Structured_Strengthening_Mechanism": "N/A"}},

{{"ID": 3552},
{"Unstructured_Strengthening_Mechanism": "N/A"},
{"Structured_Strengthening_Mechanism": "N/A"}},

{{"ID": 3553},
{"Unstructured_Strengthening_Mechanism": "N/A"},
{"Structured_Strengthening_Mechanism": "N/A"}},

{{"ID": 3554},
{"Unstructured_Strengthening_Mechanism": "N/A"},
{"Structured_Strengthening_Mechanism": "N/A"}},

{{"ID": 3555},
{"Unstructured_Strengthening_Mechanism": "N/A"},
{"Structured_Strengthening_Mechanism": "N/A"}},

{{"ID": 3556},
{"Unstructured_Strengthening_Mechanism": "N/A"},
{"Structured_Strengthening_Mechanism": "N/A"}},

{{"ID": 3557},
{"Unstructured_Strengthening_Mechanism": "N/A"},
{"Structured_Strengthening_Mechanism": "N/A"}},

{{"ID": 3558},
{"Unstructured_Strengthening_Mechanism": "N/A"},
{"Structured_Strengthening_Mechanism": "N/A"}},

{{"ID": 3559},
{"Unstructured_Strengthening_Mechanism": "N/A"},
{"Structured_Strengthening_Mechanism": "N/A"}},

{{"ID": 3560},
{"Unstructured_Strengthening_Mechanism": "N/A"},
{"Structured_Strengthening_Mechanism": "N/A"}},

{{"ID": 3743},
{"Unstructured_Strengthening_Mechanism": "N/A"},
{"Structured_Strengthening_Mechanism": "N/A"}},

{{"ID": 3744},
{"Unstructured_Strengthening_Mechanism": "N/A"},
{"Structured_Strengthening_Mechanism": "N/A"}},

{{"ID": 4368},
{"Unstructured_Strengthening_Mechanism": "N/A"},
{"Structured_Strengthening_Mechanism": "N/A"}},

{{"ID": 4369},
{"Unstructured_Strengthening_Mechanism": "N/A"},
{"Structured_Strengthening_Mechanism": "N/A"}},

{{"ID": 4370},
{"Unstructured_Strengthening_Mechanism": "N/A"},
{"Structured_Strengthening_Mechanism": "N/A"}},

{{"ID": 4371},
{"Unstructured_Strengthening_Mechanism": "N/A"},
{"Structured_Strengthening_Mechanism": "N/A"}},

{{"ID": 4372},
{"Unstructured_Strengthening_Mechanism": "N/A"},
{"Structured_Strengthening_Mechanism": "N/A"}},

{{"ID": 4373},
{"Unstructured_Strengthening_Mechanism": "N/A"},
{"Structured_Strengthening_Mechanism": "N/A"}},

{{"ID": 4374},
{"Unstructured_Strengthening_Mechanism": "N/A"},
{"Structured_Strengthening_Mechanism": "N/A"}},

{{"ID": 4889},
{"Unstructured_Strengthening_Mechanism": "Precipitation strengthening, grain boundary strengthening"},
{"Structured_Strengthening_Mechanism": ""Strengthening Mechanism":"{"Strengthening mechanism and proportion":"{precipitation strengthening,  grain boundary strengthening}"}""}},

{{"ID": 4890},
{"Unstructured_Strengthening_Mechanism": "Precipitation strengthening, grain boundary strengthening"},
{"Structured_Strengthening_Mechanism": ""Strengthening Mechanism":"{"Strengthening mechanism and proportion":"{precipitation strengthening,  grain boundary strengthening}"}""}},

{{"ID": 4891},
{"Unstructured_Strengthening_Mechanism": "Precipitation strengthening, grain boundary strengthening"},
{"Structured_Strengthening_Mechanism": ""Strengthening Mechanism":"{"Strengthening mechanism and proportion":"{precipitation strengthening,  grain boundary strengthening}"}""}},

{{"ID": 4892},
{"Unstructured_Strengthening_Mechanism": "Precipitation strengthening, grain boundary strengthening"},
{"Structured_Strengthening_Mechanism": ""Strengthening Mechanism":"{"Strengthening mechanism and proportion":"{precipitation strengthening,  grain boundary strengthening}"}""}},

{{"ID": 4909},
{"Unstructured_Strengthening_Mechanism": "N/A"},
{"Structured_Strengthening_Mechanism": "N/A"}},

{{"ID": 4911},
{"Unstructured_Strengthening_Mechanism": "N/A"},
{"Structured_Strengthening_Mechanism": "N/A"}},

{{"ID": 5046},
{"Unstructured_Strengthening_Mechanism": "N/A"},
{"Structured_Strengthening_Mechanism": "N/A"}},

{{"ID": 5047},
{"Unstructured_Strengthening_Mechanism": "N/A"},
{"Structured_Strengthening_Mechanism": "N/A"}},

{{"ID": 5048},
{"Unstructured_Strengthening_Mechanism": "N/A"},
{"Structured_Strengthening_Mechanism": "N/A"}},

{{"ID": 5049},
{"Unstructured_Strengthening_Mechanism": "precipitation strengthening"},
{"Structured_Strengthening_Mechanism": ""Strengthening Mechanism":"{"Strengthening mechanism and proportion":"{precipitation strengthening}"}""}},

{{"ID": 5050},
{"Unstructured_Strengthening_Mechanism": "N/A"},
{"Structured_Strengthening_Mechanism": "N/A"}},

{{"ID": 5051},
{"Unstructured_Strengthening_Mechanism": "N/A"},
{"Structured_Strengthening_Mechanism": "N/A"}},

{{"ID": 5114},
{"Unstructured_Strengthening_Mechanism": "dislocation activity"},
{"Structured_Strengthening_Mechanism": ""Strengthening Mechanism":"{"Strengthening Effect":"{dislocation activity}"}""}},

{{"ID": 5115},
{"Unstructured_Strengthening_Mechanism": "dislocation activity"},
{"Structured_Strengthening_Mechanism": ""Strengthening Mechanism":"{"Strengthening Effect":"{dislocation activity}"}""}},

{{"ID": 5116},
{"Unstructured_Strengthening_Mechanism": "dislocation activity"},
{"Structured_Strengthening_Mechanism": ""Strengthening Mechanism":"{"Strengthening Effect":"{dislocation activity}"}""}},

{{"ID": 5117},
{"Unstructured_Strengthening_Mechanism": "dislocation activity"},
{"Structured_Strengthening_Mechanism": ""Strengthening Mechanism":"{"Strengthening Effect":"{dislocation activity}"}""}},

{{"ID": 6122},
{"Unstructured_Strengthening_Mechanism": "N/A"},
{"Structured_Strengthening_Mechanism": "N/A"}},

{{"ID": 6123},
{"Unstructured_Strengthening_Mechanism": "N/A"},
{"Structured_Strengthening_Mechanism": "N/A"}},

{{"ID": 6184},
{"Unstructured_Strengthening_Mechanism": "N/A"},
{"Structured_Strengthening_Mechanism": "N/A"}},

{{"ID": 6185},
{"Unstructured_Strengthening_Mechanism": "N/A"},
{"Structured_Strengthening_Mechanism": "N/A"}},

{{"ID": 6186},
{"Unstructured_Strengthening_Mechanism": "N/A"},
{"Structured_Strengthening_Mechanism": "N/A"}},

{{"ID": 6187},
{"Unstructured_Strengthening_Mechanism": "N/A"},
{"Structured_Strengthening_Mechanism": "N/A"}},

{{"ID": 6188},
{"Unstructured_Strengthening_Mechanism": "N/A"},
{"Structured_Strengthening_Mechanism": "N/A"}},

{{"ID": 6189},
{"Unstructured_Strengthening_Mechanism": "N/A"},
{"Structured_Strengthening_Mechanism": "N/A"}},

{{"ID": 6190},
{"Unstructured_Strengthening_Mechanism": "N/A"},
{"Structured_Strengthening_Mechanism": "N/A"}},

{{"ID": 6191},
{"Unstructured_Strengthening_Mechanism": "N/A"},
{"Structured_Strengthening_Mechanism": "N/A"}},

{{"ID": 6953},
{"Unstructured_Strengthening_Mechanism": "N/A"},
{"Structured_Strengthening_Mechanism": "N/A"}},

{{"ID": 6954},
{"Unstructured_Strengthening_Mechanism": "N/A"},
{"Structured_Strengthening_Mechanism": "N/A"}},

{{"ID": 6955},
{"Unstructured_Strengthening_Mechanism": "N/A"},
{"Structured_Strengthening_Mechanism": "N/A"}},

{{"ID": 9346},
{"Unstructured_Strengthening_Mechanism": "N/A"},
{"Structured_Strengthening_Mechanism": "N/A"}},

{{"ID": 9347},
{"Unstructured_Strengthening_Mechanism": "N/A"},
{"Structured_Strengthening_Mechanism": "N/A"}},

{{"ID": 9348},
{"Unstructured_Strengthening_Mechanism": "N/A"},
{"Structured_Strengthening_Mechanism": "N/A"}},

{{"ID": 9349},
{"Unstructured_Strengthening_Mechanism": "N/A"},
{"Structured_Strengthening_Mechanism": "N/A"}},

{{"ID": 9350},
{"Unstructured_Strengthening_Mechanism": "N/A"},
{"Structured_Strengthening_Mechanism": "N/A"}},

{{"ID": 9379},
{"Unstructured_Strengthening_Mechanism": "N/A"},
{"Structured_Strengthening_Mechanism": "N/A"}},

{{"ID": 9906},
{"Unstructured_Strengthening_Mechanism": "N/A"},
{"Structured_Strengthening_Mechanism": "N/A"}},

{{"ID": 9907},
{"Unstructured_Strengthening_Mechanism": "N/A"},
{"Structured_Strengthening_Mechanism": "N/A"}},

{{"ID": 9908},
{"Unstructured_Strengthening_Mechanism": "N/A"},
{"Structured_Strengthening_Mechanism": "N/A"}},

{{"ID": 9909},
{"Unstructured_Strengthening_Mechanism": "N/A"},
{"Structured_Strengthening_Mechanism": "N/A"}},

{{"ID": 9910},
{"Unstructured_Strengthening_Mechanism": "N/A"},
{"Structured_Strengthening_Mechanism": "N/A"}},

{{"ID": 9911},
{"Unstructured_Strengthening_Mechanism": "N/A"},
{"Structured_Strengthening_Mechanism": "N/A"}},

{{"ID": 10061},
{"Unstructured_Strengthening_Mechanism": "N/A"},
{"Structured_Strengthening_Mechanism": "N/A"}},

{{"ID": 10062},
{"Unstructured_Strengthening_Mechanism": "N/A"},
{"Structured_Strengthening_Mechanism": "N/A"}},

{{"ID": 10063},
{"Unstructured_Strengthening_Mechanism": "N/A"},
{"Structured_Strengthening_Mechanism": "N/A"}},

{{"ID": 10064},
{"Unstructured_Strengthening_Mechanism": "N/A"},
{"Structured_Strengthening_Mechanism": "N/A"}},

{{"ID": 10065},
{"Unstructured_Strengthening_Mechanism": "N/A"},
{"Structured_Strengthening_Mechanism": "N/A"}},

{{"ID": 10066},
{"Unstructured_Strengthening_Mechanism": "N/A"},
{"Structured_Strengthening_Mechanism": "N/A"}},

{{"ID": 10067},
{"Unstructured_Strengthening_Mechanism": "N/A"},
{"Structured_Strengthening_Mechanism": "N/A"}},

{{"ID": 10188},
{"Unstructured_Strengthening_Mechanism": "N/A"},
{"Structured_Strengthening_Mechanism": "N/A"}},

{{"ID": 10189},
{"Unstructured_Strengthening_Mechanism": "N/A"},
{"Structured_Strengthening_Mechanism": "N/A"}},

{{"ID": 10190},
{"Unstructured_Strengthening_Mechanism": "N/A"},
{"Structured_Strengthening_Mechanism": "N/A"}},

{{"ID": 12429},
{"Unstructured_Strengthening_Mechanism": "N/A"},
{"Structured_Strengthening_Mechanism": "N/A"}},

{{"ID": 12430},
{"Unstructured_Strengthening_Mechanism": "N/A"},
{"Structured_Strengthening_Mechanism": "N/A"}},

{{"ID": 12431},
{"Unstructured_Strengthening_Mechanism": "N/A"},
{"Structured_Strengthening_Mechanism": "N/A"}},

{{"ID": 12432},
{"Unstructured_Strengthening_Mechanism": "N/A"},
{"Structured_Strengthening_Mechanism": "N/A"}},

{{"ID": 12433},
{"Unstructured_Strengthening_Mechanism": "N/A"},
{"Structured_Strengthening_Mechanism": "N/A"}},

{{"ID": 12434},
{"Unstructured_Strengthening_Mechanism": "N/A"},
{"Structured_Strengthening_Mechanism": "N/A"}},

{{"ID": 12435},
{"Unstructured_Strengthening_Mechanism": "N/A"},
{"Structured_Strengthening_Mechanism": "N/A"}},

{{"ID": 12436},
{"Unstructured_Strengthening_Mechanism": "N/A"},
{"Structured_Strengthening_Mechanism": "N/A"}},

{{"ID": 12437},
{"Unstructured_Strengthening_Mechanism": "N/A"},
{"Structured_Strengthening_Mechanism": "N/A"}},

{{"ID": 12438},
{"Unstructured_Strengthening_Mechanism": "N/A"},
{"Structured_Strengthening_Mechanism": "N/A"}},

{{"ID": 12439},
{"Unstructured_Strengthening_Mechanism": "N/A"},
{"Structured_Strengthening_Mechanism": "N/A"}},

{{"ID": 12830},
{"Unstructured_Strengthening_Mechanism": "N/A"},
{"Structured_Strengthening_Mechanism": "N/A"}},

{{"ID": 12831},
{"Unstructured_Strengthening_Mechanism": "N/A"},
{"Structured_Strengthening_Mechanism": "N/A"}},

{{"ID": 12832},
{"Unstructured_Strengthening_Mechanism": "N/A"},
{"Structured_Strengthening_Mechanism": "N/A"}},

{{"ID": 12833},
{"Unstructured_Strengthening_Mechanism": "N/A"},
{"Structured_Strengthening_Mechanism": "N/A"}},

{{"ID": 13377},
{"Unstructured_Strengthening_Mechanism": "N/A"},
{"Structured_Strengthening_Mechanism": "N/A"}},

{{"ID": 13378},
{"Unstructured_Strengthening_Mechanism": "N/A"},
{"Structured_Strengthening_Mechanism": "N/A"}},

{{"ID": 13379},
{"Unstructured_Strengthening_Mechanism": "N/A"},
{"Structured_Strengthening_Mechanism": "N/A"}},

{{"ID": 13380},
{"Unstructured_Strengthening_Mechanism": "N/A"},
{"Structured_Strengthening_Mechanism": "N/A"}},

{{"ID": 13381},
{"Unstructured_Strengthening_Mechanism": "N/A"},
{"Structured_Strengthening_Mechanism": "N/A"}},

{{"ID": 13382},
{"Unstructured_Strengthening_Mechanism": "N/A"},
{"Structured_Strengthening_Mechanism": "N/A"}},

{{"ID": 13383},
{"Unstructured_Strengthening_Mechanism": "N/A"},
{"Structured_Strengthening_Mechanism": "N/A"}},

{{"ID": 13563},
{"Unstructured_Strengthening_Mechanism": "N/A"},
{"Structured_Strengthening_Mechanism": "N/A"}},

{{"ID": 13823},
{"Unstructured_Strengthening_Mechanism": "Precipitation strengthening"},
{"Structured_Strengthening_Mechanism": ""Strengthening Mechanism":"{"Strengthening mechanism and proportion":"{precipitation strengthening}"}""}},

{{"ID": 13824},
{"Unstructured_Strengthening_Mechanism": "Precipitation strengthening"},
{"Structured_Strengthening_Mechanism": ""Strengthening Mechanism":"{"Strengthening mechanism and proportion":"{precipitation strengthening}"}""}},

{{"ID": 13825},
{"Unstructured_Strengthening_Mechanism": "Precipitation strengthening"},
{"Structured_Strengthening_Mechanism": ""Strengthening Mechanism":"{"Strengthening mechanism and proportion":"{precipitation strengthening}"}""}},

{{"ID": 13826},
{"Unstructured_Strengthening_Mechanism": "Precipitation strengthening"},
{"Structured_Strengthening_Mechanism": ""Strengthening Mechanism":"{"Strengthening mechanism and proportion":"{precipitation strengthening}"}""}},

{{"ID": 13843},
{"Unstructured_Strengthening_Mechanism": "N/A"},
{"Structured_Strengthening_Mechanism": "N/A"}},

{{"ID": 13844},
{"Unstructured_Strengthening_Mechanism": "N/A"},
{"Structured_Strengthening_Mechanism": "N/A"}},

{{"ID": 13845},
{"Unstructured_Strengthening_Mechanism": "N/A"},
{"Structured_Strengthening_Mechanism": "N/A"}},

{{"ID": 13846},
{"Unstructured_Strengthening_Mechanism": "N/A"},
{"Structured_Strengthening_Mechanism": "N/A"}},

{{"ID": 13847},
{"Unstructured_Strengthening_Mechanism": "N/A"},
{"Structured_Strengthening_Mechanism": "N/A"}},

{{"ID": 13848},
{"Unstructured_Strengthening_Mechanism": "N/A"},
{"Structured_Strengthening_Mechanism": "N/A"}},

{{"ID": 13888},
{"Unstructured_Strengthening_Mechanism": "precipitation strengthening"},
{"Structured_Strengthening_Mechanism": ""Strengthening Mechanism":"{"Strengthening mechanism and proportion":"{Precipitation strengthening}"}""}},

{{"ID": 13889},
{"Unstructured_Strengthening_Mechanism": "precipitation strengthening"},
{"Structured_Strengthening_Mechanism": ""Strengthening Mechanism":"{"Strengthening mechanism and proportion":"{Precipitation strengthening}"}""}},

{{"ID": 13890},
{"Unstructured_Strengthening_Mechanism": "precipitation strengthening"},
{"Structured_Strengthening_Mechanism": ""Strengthening Mechanism":"{"Strengthening mechanism and proportion":"{Precipitation strengthening}"}""}},

{{"ID": 13891},
{"Unstructured_Strengthening_Mechanism": "precipitation strengthening"},
{"Structured_Strengthening_Mechanism": ""Strengthening Mechanism":"{"Strengthening mechanism and proportion":"{Precipitation strengthening}"}""}},

{{"ID": 13892},
{"Unstructured_Strengthening_Mechanism": "precipitation strengthening"},
{"Structured_Strengthening_Mechanism": ""Strengthening Mechanism":"{"Strengthening mechanism and proportion":"{Precipitation strengthening}"}""}},

{{"ID": 13893},
{"Unstructured_Strengthening_Mechanism": "precipitation strengthening"},
{"Structured_Strengthening_Mechanism": ""Strengthening Mechanism":"{"Strengthening mechanism and proportion":"{Precipitation strengthening}"}""}},

{{"ID": 14247},
{"Unstructured_Strengthening_Mechanism": "dislocation strengthening"},
{"Structured_Strengthening_Mechanism": ""Strengthening Mechanism":"{"Strengthening mechanism and proportion":"{Dislocation strengthening}""}},

{{"ID": 14248},
{"Unstructured_Strengthening_Mechanism": "N/A"},
{"Structured_Strengthening_Mechanism": "N/A"}},

{{"ID": 14249},
{"Unstructured_Strengthening_Mechanism": "dislocation and stack fault"},
{"Structured_Strengthening_Mechanism": ""Strengthening Mechanism":"{"Strengthening Effect":"{dislocation, stack fault}"}""}},

{{"ID": 14250},
{"Unstructured_Strengthening_Mechanism": "stack fault-controlled"},
{"Structured_Strengthening_Mechanism": ""Strengthening Mechanism":"{"Strengthening Effect":"{stack fault-controlled}"}""}},

{{"ID": 14789},
{"Unstructured_Strengthening_Mechanism": "N/A"},
{"Structured_Strengthening_Mechanism": "N/A"}},

{{"ID": 14790},
{"Unstructured_Strengthening_Mechanism": "N/A"},
{"Structured_Strengthening_Mechanism": "N/A"}},

{{"ID": 14791},
{"Unstructured_Strengthening_Mechanism": "N/A"},
{"Structured_Strengthening_Mechanism": "N/A"}},

{{"ID": 14792},
{"Unstructured_Strengthening_Mechanism": "N/A"},
{"Structured_Strengthening_Mechanism": "N/A"}},

{{"ID": 14793},
{"Unstructured_Strengthening_Mechanism": "N/A"},
{"Structured_Strengthening_Mechanism": "N/A"}},

{{"ID": 14800},
{"Unstructured_Strengthening_Mechanism": "N/A"},
{"Structured_Strengthening_Mechanism": "N/A"}},

{{"ID": 14801},
{"Unstructured_Strengthening_Mechanism": "N/A"},
{"Structured_Strengthening_Mechanism": "N/A"}},

{{"ID": 14802},
{"Unstructured_Strengthening_Mechanism": "N/A"},
{"Structured_Strengthening_Mechanism": "N/A"}},

{{"ID": 14803},
{"Unstructured_Strengthening_Mechanism": "N/A"},
{"Structured_Strengthening_Mechanism": "N/A"}},

{{"ID": 14804},
{"Unstructured_Strengthening_Mechanism": "N/A"},
{"Structured_Strengthening_Mechanism": "N/A"}},

{{"ID": 14812},
{"Unstructured_Strengthening_Mechanism": "N/A"},
{"Structured_Strengthening_Mechanism": "N/A"}},

{{"ID": 14813},
{"Unstructured_Strengthening_Mechanism": "precipitation strengthening"},
{"Structured_Strengthening_Mechanism": ""Strengthening Mechanism":"{"Strengthening mechanism and proportion":"{precipitation strengthening}"}""}},

{{"ID": 14814},
{"Unstructured_Strengthening_Mechanism": "solid-solution strengthening"},
{"Structured_Strengthening_Mechanism": ""Strengthening Mechanism":"{"Strengthening mechanism and proportion":"{Solid-solution strengthening}""}},

{{"ID": 14815},
{"Unstructured_Strengthening_Mechanism": "precipitation and solid-solution strengthening"},
{"Structured_Strengthening_Mechanism": ""Strengthening Mechanism":"{"Strengthening mechanism and proportion":"{Precipitation Strengthening, Solid Solution Strengthening}"}""}},

{{"ID": 15036},
{"Unstructured_Strengthening_Mechanism": "N/A"},
{"Structured_Strengthening_Mechanism": "N/A"}},

{{"ID": 15037},
{"Unstructured_Strengthening_Mechanism": "N/A"},
{"Structured_Strengthening_Mechanism": "N/A"}},

{{"ID": 15038},
{"Unstructured_Strengthening_Mechanism": "N/A"},
{"Structured_Strengthening_Mechanism": "N/A"}},

{{"ID": 15053},
{"Unstructured_Strengthening_Mechanism": "particle reinforcement"},
{"Structured_Strengthening_Mechanism": ""Strengthening Mechanism":"{"Strengthening Effect":"{Particle reinforcement, Heat treatment}"}""}},

{{"ID": 15054},
{"Unstructured_Strengthening_Mechanism": "particle reinforcement, heat treatment"},
{"Structured_Strengthening_Mechanism": ""Strengthening Mechanism":"{"Strengthening Effect":"{Particle reinforcement, Heat treatment}"}""}},

{{"ID": 15055},
{"Unstructured_Strengthening_Mechanism": "particle reinforcement, heat treatment"},
{"Structured_Strengthening_Mechanism": ""Strengthening Mechanism":"{"Strengthening Effect":"{Particle reinforcement, Heat treatment}"}""}},

{{"ID": 15056},
{"Unstructured_Strengthening_Mechanism": "particle reinforcement"},
{"Structured_Strengthening_Mechanism": ""Strengthening Mechanism":"{"Strengthening Effect":"{Particle reinforcement, Heat treatment}"}""}},

{{"ID": 15057},
{"Unstructured_Strengthening_Mechanism": "particle reinforcement, heat treatment"},
{"Structured_Strengthening_Mechanism": ""Strengthening Mechanism":"{"Strengthening Effect":"{Particle reinforcement, Heat treatment}"}""}},

{{"ID": 15058},
{"Unstructured_Strengthening_Mechanism": "particle reinforcement, heat treatment"},
{"Structured_Strengthening_Mechanism": ""Strengthening Mechanism":"{"Strengthening Effect":"{Particle reinforcement, Heat treatment}"}""}},

{{"ID": 15218},
{"Unstructured_Strengthening_Mechanism": "N/A"},
{"Structured_Strengthening_Mechanism": "N/A"}},

{{"ID": 15219},
{"Unstructured_Strengthening_Mechanism": "N/A"},
{"Structured_Strengthening_Mechanism": "N/A"}},

{{"ID": 15220},
{"Unstructured_Strengthening_Mechanism": "N/A"},
{"Structured_Strengthening_Mechanism": "N/A"}},

{{"ID": 15221},
{"Unstructured_Strengthening_Mechanism": "N/A"},
{"Structured_Strengthening_Mechanism": "N/A"}},

{{"ID": 15222},
{"Unstructured_Strengthening_Mechanism": "N/A"},
{"Structured_Strengthening_Mechanism": "N/A"}},

{{"ID": 15270},
{"Unstructured_Strengthening_Mechanism": "N/A"},
{"Structured_Strengthening_Mechanism": "N/A"}},

{{"ID": 15271},
{"Unstructured_Strengthening_Mechanism": "N/A"},
{"Structured_Strengthening_Mechanism": "N/A"}},

{{"ID": 15272},
{"Unstructured_Strengthening_Mechanism": "N/A"},
{"Structured_Strengthening_Mechanism": "N/A"}},

{{"ID": 15390},
{"Unstructured_Strengthening_Mechanism": "solid–solution strengthening"},
{"Structured_Strengthening_Mechanism": ""Strengthening Mechanism":"{"Strengthening mechanism and proportion":"{Solid–solution strengthening}""}},

{{"ID": 15391},
{"Unstructured_Strengthening_Mechanism": "precipitation strengthening"},
{"Structured_Strengthening_Mechanism": ""Strengthening Mechanism":"{"Strengthening mechanism and proportion":"{precipitation strengthening}"}""}},

{{"ID": 15392},
{"Unstructured_Strengthening_Mechanism": "precipitation strengthening"},
{"Structured_Strengthening_Mechanism": ""Strengthening Mechanism":"{"Strengthening mechanism and proportion":"{precipitation strengthening}"}""}},

{{"ID": 15393},
{"Unstructured_Strengthening_Mechanism": "precipitation strengthening"},
{"Structured_Strengthening_Mechanism": ""Strengthening Mechanism":"{"Strengthening mechanism and proportion":"{precipitation strengthening}"}""}},

{{"ID": 15394},
{"Unstructured_Strengthening_Mechanism": "precipitation strengthening"},
{"Structured_Strengthening_Mechanism": ""Strengthening Mechanism":"{"Strengthening mechanism and proportion":"{precipitation strengthening}"}""}},

{{"ID": 15395},
{"Unstructured_Strengthening_Mechanism": "precipitation strengthening"},
{"Structured_Strengthening_Mechanism": ""Strengthening Mechanism":"{"Strengthening mechanism and proportion":"{precipitation strengthening}"}""}},

{{"ID": 15474},
{"Unstructured_Strengthening_Mechanism": "N/A"},
{"Structured_Strengthening_Mechanism": "N/A"}},

{{"ID": 15475},
{"Unstructured_Strengthening_Mechanism": "N/A"},
{"Structured_Strengthening_Mechanism": "N/A"}},

{{"ID": 15476},
{"Unstructured_Strengthening_Mechanism": "N/A"},
{"Structured_Strengthening_Mechanism": "N/A"}},

{{"ID": 15477},
{"Unstructured_Strengthening_Mechanism": "N/A"},
{"Structured_Strengthening_Mechanism": "N/A"}},

{{"ID": 15478},
{"Unstructured_Strengthening_Mechanism": "N/A"},
{"Structured_Strengthening_Mechanism": "N/A"}},

{{"ID": 15485},
{"Unstructured_Strengthening_Mechanism": "precipitation strengthening"},
{"Structured_Strengthening_Mechanism": ""Strengthening Mechanism":"{"Strengthening mechanism and proportion":"{precipitation strengthening}"}""}},

{{"ID": 15486},
{"Unstructured_Strengthening_Mechanism": "precipitation strengthening"},
{"Structured_Strengthening_Mechanism": ""Strengthening Mechanism":"{"Strengthening mechanism and proportion":"{precipitation strengthening}"}""}},

{{"ID": 15487},
{"Unstructured_Strengthening_Mechanism": "precipitation strengthening"},
{"Structured_Strengthening_Mechanism": ""Strengthening Mechanism":"{"Strengthening mechanism and proportion":"{precipitation strengthening}"}""}},

{{"ID": 15705},
{"Unstructured_Strengthening_Mechanism": "N/A"},
{"Structured_Strengthening_Mechanism": "N/A"}},

{{"ID": 15706},
{"Unstructured_Strengthening_Mechanism": "N/A"},
{"Structured_Strengthening_Mechanism": "N/A"}},

{{"ID": 16209},
{"Unstructured_Strengthening_Mechanism": "N/A"},
{"Structured_Strengthening_Mechanism": "N/A"}},

{{"ID": 16210},
{"Unstructured_Strengthening_Mechanism": "N/A"},
{"Structured_Strengthening_Mechanism": "N/A"}},

{{"ID": 16211},
{"Unstructured_Strengthening_Mechanism": "N/A"},
{"Structured_Strengthening_Mechanism": "N/A"}},

{{"ID": 16212},
{"Unstructured_Strengthening_Mechanism": "N/A"},
{"Structured_Strengthening_Mechanism": "N/A"}},

{{"ID": 16642},
{"Unstructured_Strengthening_Mechanism": "precipitation strengthening, grain growth"},
{"Structured_Strengthening_Mechanism": ""Strengthening Mechanism":"{"Strengthening mechanism and proportion":"{Precipitation strengthening}", "Strengthening Effect":"{Grain growth}"}""}},

{{"ID": 19226},
{"Unstructured_Strengthening_Mechanism": "αlaths and αfine lamellae"},
{"Structured_Strengthening_Mechanism": ""Strengthening Mechanism":"{"Strengthening Phase":"{αlaths and αfine lamellae}"}""}},

{{"ID": 19227},
{"Unstructured_Strengthening_Mechanism": "αlaths and αfine lamellae"},
{"Structured_Strengthening_Mechanism": ""Strengthening Mechanism":"{"Strengthening Phase":"{αlaths and αfine lamellae}"}""}},

{{"ID": 19228},
{"Unstructured_Strengthening_Mechanism": "αlaths and αfine lamellae"},
{"Structured_Strengthening_Mechanism": ""Strengthening Mechanism":"{"Strengthening Phase":"{αlaths and αfine lamellae}"}""}},

{{"ID": 19294},
{"Unstructured_Strengthening_Mechanism": "oxide layer formation"},
{"Structured_Strengthening_Mechanism": ""Strengthening Mechanism":"{"Strengthening Effect":"{Oxide layer formation}"}""}},

{{"ID": 22491},
{"Unstructured_Strengthening_Mechanism": "N/A"},
{"Structured_Strengthening_Mechanism": "N/A"}},

{{"ID": 22493},
{"Unstructured_Strengthening_Mechanism": "N/A"},
{"Structured_Strengthening_Mechanism": "N/A"}},

{{"ID": 22494},
{"Unstructured_Strengthening_Mechanism": "N/A"},
{"Structured_Strengthening_Mechanism": "N/A"}},

{{"ID": 22496},
{"Unstructured_Strengthening_Mechanism": "N/A"},
{"Structured_Strengthening_Mechanism": "N/A"}},

{{"ID": 24466},
{"Unstructured_Strengthening_Mechanism": "N/A"},
{"Structured_Strengthening_Mechanism": "N/A"}},

{{"ID": 24467},
{"Unstructured_Strengthening_Mechanism": "solid solution strengthening"},
{"Structured_Strengthening_Mechanism": ""Strengthening Mechanism":"{"Strengthening mechanism and proportion":"{solid Solution Strengthening}"}""}},

{{"ID": 24468},
{"Unstructured_Strengthening_Mechanism": "aging precipitation strengthening"},
{"Structured_Strengthening_Mechanism": ""Strengthening Mechanism":"{"Strengthening mechanism and proportion":"{precipitation strengthening}"}""}},

{{"ID": 24469},
{"Unstructured_Strengthening_Mechanism": "N/A"},
{"Structured_Strengthening_Mechanism": "N/A"}},

{{"ID": 25843},
{"Unstructured_Strengthening_Mechanism": "precipitation strengthening"},
{"Structured_Strengthening_Mechanism": ""Strengthening Mechanism":"{"Strengthening mechanism and proportion":"{precipitation strengthening}"}""}},

{{"ID": 25844},
{"Unstructured_Strengthening_Mechanism": "precipitation strengthening"},
{"Structured_Strengthening_Mechanism": ""Strengthening Mechanism":"{"Strengthening mechanism and proportion":"{precipitation strengthening}"}""}},

{{"ID": 26825},
{"Unstructured_Strengthening_Mechanism": "precipitation strengthening"},
{"Structured_Strengthening_Mechanism": ""Strengthening Mechanism":"{"Strengthening mechanism and proportion":"{precipitation strengthening}"}""}},

{{"ID": 26826},
{"Unstructured_Strengthening_Mechanism": "precipitation strengthening"},
{"Structured_Strengthening_Mechanism": ""Strengthening Mechanism":"{"Strengthening mechanism and proportion":"{precipitation strengthening}"}""}},

{{"ID": 26827},
{"Unstructured_Strengthening_Mechanism": "precipitation strengthening"},
{"Structured_Strengthening_Mechanism": ""Strengthening Mechanism":"{"Strengthening mechanism and proportion":"{precipitation strengthening}"}""}},

{{"ID": 26828},
{"Unstructured_Strengthening_Mechanism": "precipitation strengthening"},
{"Structured_Strengthening_Mechanism": ""Strengthening Mechanism":"{"Strengthening mechanism and proportion":"{precipitation strengthening}"}""}},

{{"ID": 29211},
{"Unstructured_Strengthening_Mechanism": "N/A"},
{"Structured_Strengthening_Mechanism": "N/A"}},

{{"ID": 29212},
{"Unstructured_Strengthening_Mechanism": "N/A"},
{"Structured_Strengthening_Mechanism": "N/A"}},

{{"ID": 29213},
{"Unstructured_Strengthening_Mechanism": "N/A"},
{"Structured_Strengthening_Mechanism": "N/A"}},

{{"ID": 29214},
{"Unstructured_Strengthening_Mechanism": "N/A"},
{"Structured_Strengthening_Mechanism": "N/A"}},

{{"ID": 29215},
{"Unstructured_Strengthening_Mechanism": "N/A"},
{"Structured_Strengthening_Mechanism": "N/A"}},

{{"ID": 29716},
{"Unstructured_Strengthening_Mechanism": "N/A"},
{"Structured_Strengthening_Mechanism": "N/A"}},

{{"ID": 29717},
{"Unstructured_Strengthening_Mechanism": "N/A"},
{"Structured_Strengthening_Mechanism": "N/A"}},

{{"ID": 29718},
{"Unstructured_Strengthening_Mechanism": "N/A"},
{"Structured_Strengthening_Mechanism": "N/A"}},

{{"ID": 29719},
{"Unstructured_Strengthening_Mechanism": "N/A"},
{"Structured_Strengthening_Mechanism": "N/A"}},

{{"ID": 29720},
{"Unstructured_Strengthening_Mechanism": "N/A"},
{"Structured_Strengthening_Mechanism": "N/A"}},

{{"ID": 29721},
{"Unstructured_Strengthening_Mechanism": "N/A"},
{"Structured_Strengthening_Mechanism": "N/A"}},

{{"ID": 29722},
{"Unstructured_Strengthening_Mechanism": "N/A"},
{"Structured_Strengthening_Mechanism": "N/A"}},

{{"ID": 29804},
{"Unstructured_Strengthening_Mechanism": "N/A"},
{"Structured_Strengthening_Mechanism": "N/A"}},

{{"ID": 29805},
{"Unstructured_Strengthening_Mechanism": "N/A"},
{"Structured_Strengthening_Mechanism": "N/A"}},

{{"ID": 29806},
{"Unstructured_Strengthening_Mechanism": "N/A"},
{"Structured_Strengthening_Mechanism": "N/A"}},

{{"ID": 29807},
{"Unstructured_Strengthening_Mechanism": "N/A"},
{"Structured_Strengthening_Mechanism": "N/A"}},

{{"ID": 29808},
{"Unstructured_Strengthening_Mechanism": "N/A"},
{"Structured_Strengthening_Mechanism": "N/A"}},

{{"ID": 29809},
{"Unstructured_Strengthening_Mechanism": "N/A"},
{"Structured_Strengthening_Mechanism": "N/A"}},

{{"ID": 29810},
{"Unstructured_Strengthening_Mechanism": "N/A"},
{"Structured_Strengthening_Mechanism": "N/A"}},

{{"ID": 29811},
{"Unstructured_Strengthening_Mechanism": "N/A"},
{"Structured_Strengthening_Mechanism": "N/A"}},

{{"ID": 30101},
{"Unstructured_Strengthening_Mechanism": "N/A"},
{"Structured_Strengthening_Mechanism": "N/A"}},

{{"ID": 30102},
{"Unstructured_Strengthening_Mechanism": "Precipitation strengthening"},
{"Structured_Strengthening_Mechanism": ""Strengthening Mechanism":"{"Strengthening mechanism and proportion":"{Precipitation strengthening}"}""}},

{{"ID": 30103},
{"Unstructured_Strengthening_Mechanism": "Precipitation strengthening"},
{"Structured_Strengthening_Mechanism": ""Strengthening Mechanism":"{"Strengthening mechanism and proportion":"{Precipitation strengthening}"}""}},

{{"ID": 30104},
{"Unstructured_Strengthening_Mechanism": "Over-aging leading to coarsening of precipitates"},
{"Structured_Strengthening_Mechanism": ""Strengthening Mechanism":"{"Strengthening Effect":"{Over-aging leading to coarsening of precipitates}"}""}},

{{"ID": 30148},
{"Unstructured_Strengthening_Mechanism": "N/A"},
{"Structured_Strengthening_Mechanism": "N/A"}},

{{"ID": 30149},
{"Unstructured_Strengthening_Mechanism": "N/A"},
{"Structured_Strengthening_Mechanism": "N/A"}},

{{"ID": 30150},
{"Unstructured_Strengthening_Mechanism": "N/A"},
{"Structured_Strengthening_Mechanism": "N/A"}},

{{"ID": 30151},
{"Unstructured_Strengthening_Mechanism": "N/A"},
{"Structured_Strengthening_Mechanism": "N/A"}},

{{"ID": 30152},
{"Unstructured_Strengthening_Mechanism": "N/A"},
{"Structured_Strengthening_Mechanism": "N/A"}},

{{"ID": 30153},
{"Unstructured_Strengthening_Mechanism": "N/A"},
{"Structured_Strengthening_Mechanism": "N/A"}},

{{"ID": 30329},
{"Unstructured_Strengthening_Mechanism": "Dispersion strengthening, grain boundary strengthening"},
{"Structured_Strengthening_Mechanism": ""Strengthening Mechanism":"{"Strengthening mechanism and proportion":"{Grain boundary strengthening}"}""}},

{{"ID": 30330},
{"Unstructured_Strengthening_Mechanism": "Dispersion strengthening, grain boundary strengthening"},
{"Structured_Strengthening_Mechanism": ""Strengthening Mechanism":"{"Strengthening mechanism and proportion":"{Dispersion Strengthening, Grain Boundary Strengthening}"}""}},

{{"ID": 30378},
{"Unstructured_Strengthening_Mechanism": "precipitation strengthening"},
{"Structured_Strengthening_Mechanism": ""Strengthening Mechanism":"{"Strengthening mechanism and proportion":"{precipitation strengthening}"}""}},

{{"ID": 30379},
{"Unstructured_Strengthening_Mechanism": "precipitation strengthening"},
{"Structured_Strengthening_Mechanism": ""Strengthening Mechanism":"{"Strengthening mechanism and proportion":"{precipitation strengthening}"}""}},

{{"ID": 30380},
{"Unstructured_Strengthening_Mechanism": "precipitation strengthening"},
{"Structured_Strengthening_Mechanism": ""Strengthening Mechanism":"{"Strengthening mechanism and proportion":"{precipitation strengthening}"}""}},

{{"ID": 30381},
{"Unstructured_Strengthening_Mechanism": "precipitation strengthening"},
{"Structured_Strengthening_Mechanism": ""Strengthening Mechanism":"{"Strengthening mechanism and proportion":"{precipitation strengthening}"}""}},

{{"ID": 30382},
{"Unstructured_Strengthening_Mechanism": "precipitation strengthening"},
{"Structured_Strengthening_Mechanism": ""Strengthening Mechanism":"{"Strengthening mechanism and proportion":"{precipitation strengthening}"}""}},

{{"ID": 30383},
{"Unstructured_Strengthening_Mechanism": "precipitation strengthening"},
{"Structured_Strengthening_Mechanism": ""Strengthening Mechanism":"{"Strengthening mechanism and proportion":"{precipitation strengthening}"}""}},

{{"ID": 30384},
{"Unstructured_Strengthening_Mechanism": "precipitation strengthening"},
{"Structured_Strengthening_Mechanism": ""Strengthening Mechanism":"{"Strengthening mechanism and proportion":"{precipitation strengthening}"}""}},

{{"ID": 30385},
{"Unstructured_Strengthening_Mechanism": "precipitation strengthening"},
{"Structured_Strengthening_Mechanism": ""Strengthening Mechanism":"{"Strengthening mechanism and proportion":"{precipitation strengthening}"}""}},

{{"ID": 30386},
{"Unstructured_Strengthening_Mechanism": "precipitation strengthening"},
{"Structured_Strengthening_Mechanism": ""Strengthening Mechanism":"{"Strengthening mechanism and proportion":"{precipitation strengthening}"}""}},

{{"ID": 30387},
{"Unstructured_Strengthening_Mechanism": "precipitation strengthening"},
{"Structured_Strengthening_Mechanism": ""Strengthening Mechanism":"{"Strengthening mechanism and proportion":"{precipitation strengthening}"}""}},

{{"ID": 30400},
{"Unstructured_Strengthening_Mechanism": "N/A"},
{"Structured_Strengthening_Mechanism": "N/A"}},

{{"ID": 30401},
{"Unstructured_Strengthening_Mechanism": "N/A"},
{"Structured_Strengthening_Mechanism": "N/A"}},

{{"ID": 30402},
{"Unstructured_Strengthening_Mechanism": "Initial Stage:Spinodal decomposition, Second Stage:Elastic and interface stresses from κ phase particles"},
{"Structured_Strengthening_Mechanism": ""Strengthening Mechanism":"{"Strengthening Effect":"{Initial Stage:Spinodal decomposition, Second Stage:Elastic and interface stresses from κ phase particles}"}""}},

{{"ID": 30403},
{"Unstructured_Strengthening_Mechanism": "N/A"},
{"Structured_Strengthening_Mechanism": "N/A"}},

{{"ID": 30404},
{"Unstructured_Strengthening_Mechanism": "N/A"},
{"Structured_Strengthening_Mechanism": "N/A"}},

{{"ID": 30405},
{"Unstructured_Strengthening_Mechanism": "N/A"},
{"Structured_Strengthening_Mechanism": "N/A"}},

{{"ID": 30674},
{"Unstructured_Strengthening_Mechanism": "N/A"},
{"Structured_Strengthening_Mechanism": "N/A"}},

{{"ID": 30676},
{"Unstructured_Strengthening_Mechanism": "N/A"},
{"Structured_Strengthening_Mechanism": "N/A"}},

{{"ID": 30878},
{"Unstructured_Strengthening_Mechanism": "N/A"},
{"Structured_Strengthening_Mechanism": "N/A"}},

{{"ID": 30879},
{"Unstructured_Strengthening_Mechanism": "N/A"},
{"Structured_Strengthening_Mechanism": "N/A"}},

{{"ID": 30885},
{"Unstructured_Strengthening_Mechanism": "N/A"},
{"Structured_Strengthening_Mechanism": "N/A"}},

{{"ID": 30886},
{"Unstructured_Strengthening_Mechanism": "N/A"},
{"Structured_Strengthening_Mechanism": "N/A"}},

{{"ID": 31099},
{"Unstructured_Strengthening_Mechanism": "N/A"},
{"Structured_Strengthening_Mechanism": "N/A"}},

{{"ID": 31100},
{"Unstructured_Strengthening_Mechanism": "N/A"},
{"Structured_Strengthening_Mechanism": "N/A"}},

{{"ID": 31249},
{"Unstructured_Strengthening_Mechanism": "N/A"},
{"Structured_Strengthening_Mechanism": "N/A"}},

{{"ID": 31250},
{"Unstructured_Strengthening_Mechanism": "N/A"},
{"Structured_Strengthening_Mechanism": "N/A"}},

{{"ID": 31251},
{"Unstructured_Strengthening_Mechanism": "N/A"},
{"Structured_Strengthening_Mechanism": "N/A"}},

{{"ID": 31252},
{"Unstructured_Strengthening_Mechanism": "N/A"},
{"Structured_Strengthening_Mechanism": "N/A"}},

{{"ID": 31253},
{"Unstructured_Strengthening_Mechanism": "N/A"},
{"Structured_Strengthening_Mechanism": "N/A"}},

{{"ID": 31327},
{"Unstructured_Strengthening_Mechanism": "N/A"},
{"Structured_Strengthening_Mechanism": "N/A"}},

{{"ID": 31328},
{"Unstructured_Strengthening_Mechanism": "N/A"},
{"Structured_Strengthening_Mechanism": "N/A"}},

{{"ID": 31329},
{"Unstructured_Strengthening_Mechanism": "N/A"},
{"Structured_Strengthening_Mechanism": "N/A"}},

{{"ID": 31330},
{"Unstructured_Strengthening_Mechanism": "N/A"},
{"Structured_Strengthening_Mechanism": "N/A"}},

{{"ID": 31331},
{"Unstructured_Strengthening_Mechanism": "N/A"},
{"Structured_Strengthening_Mechanism": "N/A"}},

{{"ID": 31332},
{"Unstructured_Strengthening_Mechanism": "N/A"},
{"Structured_Strengthening_Mechanism": "N/A"}},

{{"ID": 31333},
{"Unstructured_Strengthening_Mechanism": "N/A"},
{"Structured_Strengthening_Mechanism": "N/A"}},

{{"ID": 31334},
{"Unstructured_Strengthening_Mechanism": "N/A"},
{"Structured_Strengthening_Mechanism": "N/A"}},

{{"ID": 31365},
{"Unstructured_Strengthening_Mechanism": "Intra-granular precipitation, Grain boundary carbide films"},
{"Structured_Strengthening_Mechanism": ""Strengthening Mechanism":"{"Strengthening Phase":"{Intra-granular precipitation, Grain boundary carbide films}"}""}},

{{"ID": 31366},
{"Unstructured_Strengthening_Mechanism": "Precipitation of δ phase with prolonged aging"},
{"Structured_Strengthening_Mechanism": ""Strengthening Mechanism":"{"Strengthening Effect":"{Precipitation of δ phase with prolonged aging}"}""}},

{{"ID": 31367},
{"Unstructured_Strengthening_Mechanism": "Dissolution of intermetallic and carbide phases"},
{"Structured_Strengthening_Mechanism": ""Strengthening Mechanism":"{"Strengthening Effect":"{Dissolution of intermetallic and carbide phases}"}""}},

{{"ID": 31368},
{"Unstructured_Strengthening_Mechanism": "Dissolution of Ni2(Cr, Mo) phase"},
{"Structured_Strengthening_Mechanism": ""Strengthening Mechanism":"{"Strengthening Effect":"{Dissolution of Ni2(Cr, Mo) phase}"}""}},

{{"ID": 31369},
{"Unstructured_Strengthening_Mechanism": "Precipitation of δ phase with prolonged aging"},
{"Structured_Strengthening_Mechanism": ""Strengthening Mechanism":"{"Strengthening Effect":"{Precipitation of δ phase with prolonged aging}"}""}},

{{"ID": 31594},
{"Unstructured_Strengthening_Mechanism": "N/A"},
{"Structured_Strengthening_Mechanism": "N/A"}},

{{"ID": 31595},
{"Unstructured_Strengthening_Mechanism": "N/A"},
{"Structured_Strengthening_Mechanism": "N/A"}},

{{"ID": 31596},
{"Unstructured_Strengthening_Mechanism": "N/A"},
{"Structured_Strengthening_Mechanism": "N/A"}},

{{"ID": 31597},
{"Unstructured_Strengthening_Mechanism": "N/A"},
{"Structured_Strengthening_Mechanism": "N/A"}},

{{"ID": 31598},
{"Unstructured_Strengthening_Mechanism": "N/A"},
{"Structured_Strengthening_Mechanism": "N/A"}},

{{"ID": 31599},
{"Unstructured_Strengthening_Mechanism": "N/A"},
{"Structured_Strengthening_Mechanism": "N/A"}},

{{"ID": 31600},
{"Unstructured_Strengthening_Mechanism": "N/A"},
{"Structured_Strengthening_Mechanism": "N/A"}},

{{"ID": 31601},
{"Unstructured_Strengthening_Mechanism": "N/A"},
{"Structured_Strengthening_Mechanism": "N/A"}},

{{"ID": 31602},
{"Unstructured_Strengthening_Mechanism": "solid-solution strengthening"},
{"Structured_Strengthening_Mechanism": ""Strengthening Mechanism":"{"Strengthening mechanism and proportion":"{solid-solution strengthening}"}""}},

{{"ID": 31603},
{"Unstructured_Strengthening_Mechanism": "N/A"},
{"Structured_Strengthening_Mechanism": "N/A"}},

{{"ID": 31604},
{"Unstructured_Strengthening_Mechanism": "N/A"},
{"Structured_Strengthening_Mechanism": "N/A"}},

{{"ID": 31605},
{"Unstructured_Strengthening_Mechanism": "N/A"},
{"Structured_Strengthening_Mechanism": "N/A"}},

{{"ID": 31692},
{"Unstructured_Strengthening_Mechanism": "N/A"},
{"Structured_Strengthening_Mechanism": "N/A"}},

{{"ID": 31693},
{"Unstructured_Strengthening_Mechanism": "N/A"},
{"Structured_Strengthening_Mechanism": "N/A"}},

{{"ID": 31694},
{"Unstructured_Strengthening_Mechanism": "N/A"},
{"Structured_Strengthening_Mechanism": "N/A"}},

{{"ID": 31704},
{"Unstructured_Strengthening_Mechanism": "Relaxation of elastic stresses, transformation of the initial nanofragmented structure"},
{"Structured_Strengthening_Mechanism": ""Strengthening Mechanism":"{"Strengthening Effect":"{Relaxation of elastic stresses, transformation of the initial nanofragmented structure}"}""}},

{{"ID": 31705},
{"Unstructured_Strengthening_Mechanism": "Relaxation of elastic stresses, transformation of the initial nanofragmented structure"},
{"Structured_Strengthening_Mechanism": ""Strengthening Mechanism":"{"Strengthening Effect":"{Relaxation of elastic stresses, transformation of the initial nanofragmented structure}"}""}},

{{"ID": 31706},
{"Unstructured_Strengthening_Mechanism": "Relaxation of elastic stresses, transformation of the initial nanofragmented structure"},
{"Structured_Strengthening_Mechanism": ""Strengthening Mechanism":"{"Strengthening Effect":"{Relaxation of elastic stresses, transformation of the initial nanofragmented structure}"}""}},

{{"ID": 31789},
{"Unstructured_Strengthening_Mechanism": "N/A"},
{"Structured_Strengthening_Mechanism": "N/A"}},

{{"ID": 31790},
{"Unstructured_Strengthening_Mechanism": "N/A"},
{"Structured_Strengthening_Mechanism": "N/A"}},

{{"ID": 31791},
{"Unstructured_Strengthening_Mechanism": "N/A"},
{"Structured_Strengthening_Mechanism": "N/A"}},

{{"ID": 31792},
{"Unstructured_Strengthening_Mechanism": "N/A"},
{"Structured_Strengthening_Mechanism": "N/A"}},

{{"ID": 31793},
{"Unstructured_Strengthening_Mechanism": "N/A"},
{"Structured_Strengthening_Mechanism": "N/A"}},

{{"ID": 31794},
{"Unstructured_Strengthening_Mechanism": "N/A"},
{"Structured_Strengthening_Mechanism": "N/A"}},

{{"ID": 31851},
{"Unstructured_Strengthening_Mechanism": "N/A"},
{"Structured_Strengthening_Mechanism": "N/A"}},

{{"ID": 31852},
{"Unstructured_Strengthening_Mechanism": "N/A"},
{"Structured_Strengthening_Mechanism": "N/A"}},

{{"ID": 31853},
{"Unstructured_Strengthening_Mechanism": "N/A"},
{"Structured_Strengthening_Mechanism": "N/A"}},

{{"ID": 31854},
{"Unstructured_Strengthening_Mechanism": "N/A"},
{"Structured_Strengthening_Mechanism": "N/A"}},

{{"ID": 31855},
{"Unstructured_Strengthening_Mechanism": "N/A"},
{"Structured_Strengthening_Mechanism": "N/A"}},

{{"ID": 31856},
{"Unstructured_Strengthening_Mechanism": "N/A"},
{"Structured_Strengthening_Mechanism": "N/A"}},

{{"ID": 31857},
{"Unstructured_Strengthening_Mechanism": "N/A"},
{"Structured_Strengthening_Mechanism": "N/A"}},

{{"ID": 31858},
{"Unstructured_Strengthening_Mechanism": "N/A"},
{"Structured_Strengthening_Mechanism": "N/A"}},

{{"ID": 31859},
{"Unstructured_Strengthening_Mechanism": "N/A"},
{"Structured_Strengthening_Mechanism": "N/A"}},

{{"ID": 31860},
{"Unstructured_Strengthening_Mechanism": "Highly disperse phase of precipitation, recrystallization"},
{"Structured_Strengthening_Mechanism": ""Strengthening Mechanism":"{"Strengthening Phase":"{Highly disperse phase}","Strengthening Effect":"{Precipitation， Recrystallization}"}""}},

{{"ID": 31942},
{"Unstructured_Strengthening_Mechanism": "N/A"},
{"Structured_Strengthening_Mechanism": "N/A"}},

{{"ID": 31943},
{"Unstructured_Strengthening_Mechanism": "N/A"},
{"Structured_Strengthening_Mechanism": "N/A"}},

{{"ID": 31944},
{"Unstructured_Strengthening_Mechanism": "N/A"},
{"Structured_Strengthening_Mechanism": "N/A"}},

{{"ID": 31945},
{"Unstructured_Strengthening_Mechanism": "N/A"},
{"Structured_Strengthening_Mechanism": "N/A"}},

{{"ID": 31946},
{"Unstructured_Strengthening_Mechanism": "N/A"},
{"Structured_Strengthening_Mechanism": "N/A"}},

{{"ID": 32004},
{"Unstructured_Strengthening_Mechanism": "N/A"},
{"Structured_Strengthening_Mechanism": "N/A"}},

{{"ID": 32005},
{"Unstructured_Strengthening_Mechanism": "N/A"},
{"Structured_Strengthening_Mechanism": "N/A"}},

{{"ID": 32012},
{"Unstructured_Strengthening_Mechanism": "N/A"},
{"Structured_Strengthening_Mechanism": "N/A"}},

{{"ID": 32013},
{"Unstructured_Strengthening_Mechanism": "Dispersion strengthening, fine grain strengthening"},
{"Structured_Strengthening_Mechanism": ""Strengthening Mechanism":"{"Strengthening mechanism and proportion":"{Dispersion strengthening, fine grain strengthening}"}""}},

{{"ID": 32014},
{"Unstructured_Strengthening_Mechanism": "Dispersion strengthening, fine grain strengthening"},
{"Structured_Strengthening_Mechanism": ""Strengthening Mechanism":"{"Strengthening mechanism and proportion":"{Dispersion strengthening, fine grain strengthening}"}""}},

{{"ID": 32015},
{"Unstructured_Strengthening_Mechanism": "N/A"},
{"Structured_Strengthening_Mechanism": "N/A"}},

{{"ID": 32016},
{"Unstructured_Strengthening_Mechanism": "N/A"},
{"Structured_Strengthening_Mechanism": "N/A"}},

{{"ID": 32017},
{"Unstructured_Strengthening_Mechanism": "N/A"},
{"Structured_Strengthening_Mechanism": "N/A"}},

{{"ID": 32018},
{"Unstructured_Strengthening_Mechanism": "N/A"},
{"Structured_Strengthening_Mechanism": "N/A"}},

{{"ID": 32019},
{"Unstructured_Strengthening_Mechanism": "N/A"},
{"Structured_Strengthening_Mechanism": "N/A"}},

{{"ID": 32020},
{"Unstructured_Strengthening_Mechanism": "N/A"},
{"Structured_Strengthening_Mechanism": "N/A"}},

{{"ID": 32021},
{"Unstructured_Strengthening_Mechanism": "N/A"},
{"Structured_Strengthening_Mechanism": "N/A"}},

{{"ID": 32022},
{"Unstructured_Strengthening_Mechanism": "N/A"},
{"Structured_Strengthening_Mechanism": "N/A"}},

{{"ID": 32023},
{"Unstructured_Strengthening_Mechanism": "N/A"},
{"Structured_Strengthening_Mechanism": "N/A"}},

{{"ID": 32024},
{"Unstructured_Strengthening_Mechanism": "N/A"},
{"Structured_Strengthening_Mechanism": "N/A"}},

{{"ID": 32038},
{"Unstructured_Strengthening_Mechanism": "N/A"},
{"Structured_Strengthening_Mechanism": "N/A"}},

{{"ID": 32039},
{"Unstructured_Strengthening_Mechanism": "N/A"},
{"Structured_Strengthening_Mechanism": "N/A"}},

{{"ID": 32040},
{"Unstructured_Strengthening_Mechanism": "N/A"},
{"Structured_Strengthening_Mechanism": "N/A"}},

{{"ID": 32041},
{"Unstructured_Strengthening_Mechanism": "N/A"},
{"Structured_Strengthening_Mechanism": "N/A"}},

{{"ID": 32042},
{"Unstructured_Strengthening_Mechanism": "N/A"},
{"Structured_Strengthening_Mechanism": "N/A"}},

{{"ID": 32043},
{"Unstructured_Strengthening_Mechanism": "N/A"},
{"Structured_Strengthening_Mechanism": "N/A"}},

{{"ID": 32044},
{"Unstructured_Strengthening_Mechanism": "N/A"},
{"Structured_Strengthening_Mechanism": "N/A"}},

{{"ID": 32045},
{"Unstructured_Strengthening_Mechanism": "N/A"},
{"Structured_Strengthening_Mechanism": "N/A"}},

{{"ID": 32046},
{"Unstructured_Strengthening_Mechanism": "N/A"},
{"Structured_Strengthening_Mechanism": "N/A"}},

{{"ID": 32047},
{"Unstructured_Strengthening_Mechanism": "N/A"},
{"Structured_Strengthening_Mechanism": "N/A"}},

{{"ID": 32048},
{"Unstructured_Strengthening_Mechanism": "N/A"},
{"Structured_Strengthening_Mechanism": "N/A"}},

{{"ID": 32049},
{"Unstructured_Strengthening_Mechanism": "N/A"},
{"Structured_Strengthening_Mechanism": "N/A"}},

{{"ID": 32095},
{"Unstructured_Strengthening_Mechanism": "N/A"},
{"Structured_Strengthening_Mechanism": "N/A"}},

{{"ID": 32096},
{"Unstructured_Strengthening_Mechanism": "N/A"},
{"Structured_Strengthening_Mechanism": "N/A"}},

{{"ID": 32097},
{"Unstructured_Strengthening_Mechanism": "N/A"},
{"Structured_Strengthening_Mechanism": "N/A"}},

{{"ID": 32098},
{"Unstructured_Strengthening_Mechanism": "N/A"},
{"Structured_Strengthening_Mechanism": "N/A"}},

{{"ID": 32099},
{"Unstructured_Strengthening_Mechanism": "N/A"},
{"Structured_Strengthening_Mechanism": "N/A"}},

{{"ID": 32100},
{"Unstructured_Strengthening_Mechanism": "N/A"},
{"Structured_Strengthening_Mechanism": "N/A"}},

{{"ID": 32101},
{"Unstructured_Strengthening_Mechanism": "N/A"},
{"Structured_Strengthening_Mechanism": "N/A"}},

{{"ID": 32102},
{"Unstructured_Strengthening_Mechanism": "N/A"},
{"Structured_Strengthening_Mechanism": "N/A"}},

{{"ID": 32103},
{"Unstructured_Strengthening_Mechanism": "N/A"},
{"Structured_Strengthening_Mechanism": "N/A"}},

{{"ID": 32127},
{"Unstructured_Strengthening_Mechanism": "coarsening of M6C and γ′ phases controlled by interface and volume diffusion"},
{"Structured_Strengthening_Mechanism": ""Strengthening Mechanism":"{"Strengthening Effect":"{coarsening of M6C and γ′ phases controlled by interface and volume diffusion}"}""}},

{{"ID": 32128},
{"Unstructured_Strengthening_Mechanism": "coarsening of M6C and γ′ phases controlled by interface and volume diffusion"},
{"Structured_Strengthening_Mechanism": ""Strengthening Mechanism":"{"Strengthening Effect":"{coarsening of M6C and γ′ phases controlled by interface and volume diffusion}"}""}},

{{"ID": 32129},
{"Unstructured_Strengthening_Mechanism": "coarsening of M6C and γ′ phases controlled by interface and volume diffusion"},
{"Structured_Strengthening_Mechanism": ""Strengthening Mechanism":"{"Strengthening Effect":"{coarsening of M6C and γ′ phases controlled by interface and volume diffusion}"}""}},

{{"ID": 32130},
{"Unstructured_Strengthening_Mechanism": "N/A"},
{"Structured_Strengthening_Mechanism": "N/A"}},

{{"ID": 32200},
{"Unstructured_Strengthening_Mechanism": "N/A"},
{"Structured_Strengthening_Mechanism": "N/A"}},

{{"ID": 32201},
{"Unstructured_Strengthening_Mechanism": "N/A"},
{"Structured_Strengthening_Mechanism": "N/A"}},

{{"ID": 32202},
{"Unstructured_Strengthening_Mechanism": "N/A"},
{"Structured_Strengthening_Mechanism": "N/A"}},

{{"ID": 32206},
{"Unstructured_Strengthening_Mechanism": "Negative strain rate hardening due to dynamic strain aging"},
{"Structured_Strengthening_Mechanism": ""Strengthening Mechanism":"{"Strengthening mechanism and proportion":"{Negative strain rate hardening due to dynamic strain aging}"}""}},

{{"ID": 32207},
{"Unstructured_Strengthening_Mechanism": "Negative strain rate hardening due to dynamic strain aging"},
{"Structured_Strengthening_Mechanism": ""Strengthening Mechanism":"{"Strengthening mechanism and proportion":"{Negative strain rate hardening due to dynamic strain aging}"}""}},

{{"ID": 32208},
{"Unstructured_Strengthening_Mechanism": "Positive strain rate hardening"},
{"Structured_Strengthening_Mechanism": ""Strengthening Mechanism":"{"Strengthening mechanism and proportion":"{Positive strain rate hardening}"}""}},

{{"ID": 32209},
{"Unstructured_Strengthening_Mechanism": "Positive strain rate hardening"},
{"Structured_Strengthening_Mechanism": ""Strengthening Mechanism":"{"Strengthening mechanism and proportion":"{Positive strain rate hardening}"}""}},

{{"ID": 32210},
{"Unstructured_Strengthening_Mechanism": "N/A"},
{"Structured_Strengthening_Mechanism": "N/A"}},

{{"ID": 32211},
{"Unstructured_Strengthening_Mechanism": "N/A"},
{"Structured_Strengthening_Mechanism": "N/A"}},

{{"ID": 32212},
{"Unstructured_Strengthening_Mechanism": "N/A"},
{"Structured_Strengthening_Mechanism": "N/A"}},

{{"ID": 32213},
{"Unstructured_Strengthening_Mechanism": "N/A"},
{"Structured_Strengthening_Mechanism": "N/A"}},
