{
  "Main Idea": "The study investigates the effects of hot isostatic pressing and heat treatment on the microstructure and mechanical properties of a Ti-44.5Al-2V-1Nb-2Cr-0.1Gd alloy produced by selective electron beam melting (SEBM), achieving comparable mechanical properties to the as-cast state.",
  "Research_object": "Ti-44.5Al-2V-1Nb-2Cr-0.1Gd alloy",
  "Processing_route": "SEBM → Hot Isostatic Pressing (HIP) → Two-stage annealing in (alpha + gamma)- and (alpha(2) + gamma + beta)-phase fields or thermal cycling in (alpha + gamma)-phase field",
  "Investigated performance": {
    "Grain size": "5-14 μm (as-built), <150 μm (after combined postprocessing)",
    "Residual porosity": "<0.5 vol%",
    "UTS at 20°C": "525 ± 5 MPa",
    "UTS at 750°C": "405 ± 10 MPa",
    "Elongation at 20°C": "1.1%",
    "Elongation at 750°C": "3.8%"
  }
}