{
    "Main idea": "Researchers have developed an optimized alloy composition for Inconel 718 using a cluster formula approach, achieving a soft solution state and high strength levels after aging with reduced coarsening rate.",
    "Research_object": "Inconel 718 superalloy",
    "Processing_route": "Cluster formula approach → [(Nb,Al,Ti)(1)-(Ni,Fe,Cr,Mo)(12)](Ni,Fe,Cr,Mo)(5) → (Nb,Al,Ti) = 0.93, 1, and 1.06, with 4.9 and 5.5 wt % Nb, 0.68 and 0.5 wt % Al, and 1.10 wt% Ti",
    "Investigated performance": {
        "Tensile strength (UTS)": "825 MPa, 1400 MPa, 1100 MPa",
        "Elongation (EL)": "70.3 %, 23.4 %, 10.2 %",
        "Coarsening rate": "4-7 x 10(-3) nm(3) s(-1)"
    }
}