ID,Input,Output,,
1,"{""Table 2"": ""EXAFS catalysts"", ""values"": [[""<thead><tr><th: >"", ""<th: >"", ""<th colspan=3:Cu–O>"", ""<th colspan=3:Cu–Cu>"", ""<th colspan=3:Cu–Ru></tr>""], [""<tr><th:Sample>"", ""<th:Pre-treatment>"", ""<th:N1>"", ""<th:R1>"", ""<th:σ21>"", ""<th:N2>"", ""<th:R2>"", ""<th:σ22>"", ""<th:N3>"", ""<th:R3></tr></thead>""], [[""<tfoot><tr><th colspan=100:1 Parameters fixed R2 = 2.55 Å, constrain: E02 = E03 are not listed.></tr></tfoot>""]], [[""<tbody><tr><td:Ru10Cu20>"", ""<td:As-leached>"", ""<td:4.1>"", ""<td:1.92>"", ""<td:0.0066>"", ""<td:5.5>"", ""<td:2.54>"", ""<td:0.0098>"", ""<td:—>"", ""<td: ></tr>""], [""<tr><td: >"", ""<td:250 °C>"", ""<td:2.2>"", ""<td:1.93>"", ""<td:0.0077>"", ""<td:7.1>"", ""<td:2.53>"", ""<td:0.0089>"", ""<td:—>"", ""<td: ></tr>""], [""<tr><td:Ru22Cu7>"", ""<td:As-leached>"", ""<td:2.9>"", ""<td:1.89>"", ""<td:0.0083>"", ""<td:7.4>"", ""<td:2.55>"", ""<td:0.0200>"", ""<td:4.2>"", ""<td:2.65></tr>""]]]}","{""Table 2: ""EXAFS catalysts."",""Table Foot: ""1 Parameters fixed R2 = 2.55 Å, constrain: E02 = E03 are not listed.""
###<Sample><Ru10Cu20><Pre-treatment><As-leached><Cu–O><N1>=<4.1>###, 
###<Sample><Ru10Cu20><Pre-treatment><As-leached><Cu–O><R1>=<1.92>###, 
###<Sample><Ru10Cu20><Pre-treatment><As-leached><Cu–O><σ21>=<0.0066>###, 
###<Sample><Ru10Cu20><Pre-treatment><As-leached><Cu–Cu><N2>=<5.5>###, 
###<Sample><Ru10Cu20><Pre-treatment><As-leached><Cu–Cu><R2>=<2.54>###, 
###<Sample><Ru10Cu20><Pre-treatment><As-leached><Cu–Cu><σ22>=<0.0098>###, 
###<Sample><Ru10Cu20><Pre-treatment><As-leached><Cu–Ru><N3>=<—>###, 
###<Sample><Ru10Cu20><Pre-treatment><250 °C><Cu–O><N1>=<2.2>###, 
###<Sample><Ru10Cu20><Pre-treatment><250 °C><Cu–O><R1>=<1.93>###, 
###<Sample><Ru10Cu20><Pre-treatment><250 °C><Cu–O><σ21>=<0.0077>###, 
###<Sample><Ru10Cu20><Pre-treatment><250 °C><Cu–Cu><N2>=<7.1>###, 
###<Sample><Ru10Cu20><Pre-treatment><250 °C><Cu–Cu><R2>=<2.53>###, 
###<Sample><Ru10Cu20><Pre-treatment><250 °C><Cu–Cu><σ22>=<0.0089>###, 
###<Sample><Ru10Cu20><Pre-treatment><250 °C><Cu–Ru><N3>=<—>###, 
###<Sample><Ru22Cu7><Pre-treatment><As-leached><Cu–O><N1>=<2.9>###, 
###<Sample><Ru22Cu7><Pre-treatment><As-leached><Cu–O><R1>=<1.89>###, 
###<Sample><Ru22Cu7><Pre-treatment><As-leached><Cu–O><σ21>=<0.0083>###, 
###<Sample><Ru22Cu7><Pre-treatment><As-leached><Cu–Cu><N2>=<7.4>###, 
###<Sample><Ru22Cu7><Pre-treatment><As-leached><Cu–Cu><R2>=<2.55>###, 
###<Sample><Ru22Cu7><Pre-treatment><As-leached><Cu–Cu><σ22>=<0.0200>###, 
###<Sample><Ru22Cu7><Pre-treatment><As-leached><Cu–Ru><N3>=<4.2>###, 
###<Sample><Ru22Cu7><Pre-treatment><As-leached><Cu–Ru><R3>=<2.65>###}",,
2,"{""Table 1"": ""Surface crack width."", ""values"": [[""<thead><tr><th:Samples>"", ""<th colspan=6:Crack width (μm)></tr></thead>""], [[""<tbody><tr><td rowspan=2:Ti-MA-GRa>"", ""<td:Maximum>"", ""<td:13.46>"", ""<td:Minimum>"", ""<td:7.21>"", ""<td:Mean width>"", ""<td:11.34></tr>""], [""<tr><td colspan=4:Self-healing ratio>"", ""<td colspan=2:68.25%></tr>""], [""<tr><td rowspan=2:Ti-MA-GNs>"", ""<td:Maximum>"", ""<td:11.70>"", ""<td:Minimum>"", ""<td:2.35>"", ""<td:Mean width>"", ""<td:10.05></tr>""], [""<tr><td colspan=4:Self-healing ratio>"", ""<td colspan=2:71.86%></tr>""]]]}
","{""Table 1: ""Surface crack width.""
###<Samples><Ti-MA-GRa><Crack width (μm)><Maximum>=<13.46>###, 
###<Samples><Ti-MA-GRa><Crack width (μm)><Minimum>=<7.21>###, 
###<Samples><Ti-MA-GRa><Crack width (μm)><Mean width>=<11.34>###, 
###<Samples><Ti-MA-GRa><Crack width (μm)><Self-healing ratio>=<68.25%>###, 
###<Samples><Ti-MA-GNs><Crack width (μm)><Maximum>=<11.70>###, 
###<Samples><Ti-MA-GNs><Crack width (μm)><Minimum>=<2.35>###, 
###<Samples><Ti-MA-GNs><Crack width (μm)><Mean width>=<10.05>###, 
###<Samples><Ti-MA-GNs><Crack width (μm)><Self-healing ratio>=<71.86%>###}",,
