ID,Input,Output
1,"{""title"": ""Table 1: Diffusion coefficient of Sm(III) ions. "", ""values"": [[""<thead><row><entry>"", ""<entry namest=col2 nameend=col7:D Sm(III)></row>""], [""<row><entry>"", ""<entry:T>"", ""<entry:673>"", ""<entry:698>"", ""<entry:723>"", ""<entry:773>"", ""<entry:823></row></thead>""], [[""<tbody><row><entry morerows=2:LiCl–KCl>"", ""<entry:CV>"", ""<entry:4.1±0.8>"", ""<entry:–>"", ""<entry:7.0±1.5>"", ""<entry:10.4±2.7>"", ""<entry:11.0±3.9></row>""], [""<row><entry:Convolution>"", ""<entry:4.8±0.3>"", ""<entry:–>"", ""<entry:7.5±1.1>"", ""<entry:11.8±2.6>"", ""<entry:11.5±3.5></row>""], [""<row><entry:CP>"", ""<entry:4.5±0.9>"", ""<entry:5.4±0.8>"", ""<entry:7.5±0.9>"", ""<entry:10.1±2.1>"", ""<entry:11.9±1.2></row>""], [""<row><entry namest=col1 nameend=col7:></row>""]]]}","{""Table 1: ""Diffusion coefficient of Sm(III) ions.""
###<D Sm(III)><LiCl–KCl><CV><T><673>=<4.1±0.8>###, 
###<D Sm(III)><T><LiCl–KCl><CV><698>=<->###, 
###<LiCl–KCl><D Sm(III)><T><CV><723>=<7.0±1.5>###, 
###<LiCl–KCl><D Sm(III)><T><CV><773>=<10.4±2.7>###, 
###<LiCl–KCl><D Sm(III)><T><CV><823>=<11.0±3.9>###, 
###<LiCl–KCl><D Sm(III)><T><Convolution><673>=<4.8±0.3>###, 
###<LiCl–KCl><D Sm(III)><T><Convolution><698>=<->###, 
###<LiCl–KCl><D Sm(III)><T><Convolution><723>=<7.5±1.1>###, 
###<LiCl–KCl><D Sm(III)><T><Convolution><773>=<11.8±2.6>###, 
###<LiCl–KCl><D Sm(III)><T><Convolution><823>=<11.5±3.5>###, 
###<D Sm(III)><LiCl–KCl><T><CP><673>=<4.5±0.9>###, 
###<D Sm(III)><LiCl–KCl><T><CP><698>=<5.4±0.8>###, 
###<D Sm(III)><T><LiCl–KCl><CP><723>=<7.5±0.9>###, 
###<D Sm(III)><T><LiCl–KCl><CP><773>=<10.1±2.1>###, 
###<D Sm(III)><T><LiCl–KCl><CP><823>=<11.9±1.2>###}"
2,"{""title"": ""Table 2: Total number of each type of atoms used for the DFT calculations. "", ""values"": [[""<thead><row><entry:Phase>"", ""<entry namest=col2 nameend=col3:AMn2Al10 Orthorhombic>"", ""<entry namest=col4 nameend=col5:Tetragonal></row>""], [""<row><entry morerows=1:Space group>"", ""<entry namest=col2 nameend=col3:Cmcm>"", ""<entry namest=col4 nameend=col5:P4/nmm></row>""], [""<row><entry:Lattice>"", ""<entry:Unit>"", ""<entry:Lattice>"", ""<entry:Unit></row></thead>""], [[""<tbody><row><entry:Number>"", ""<entry:52>"", ""<entry:26>"", ""<entry:51>"", ""<entry:53></row>""], [""<row><entry:A atoms>"", ""<entry:4>"", ""<entry:2>"", ""<entry:1>"", ""<entry:5></row>""]]]}","{""Table 2: ""Total number of each type of atoms used for the DFT calculations. ""
###<Phase><Tetragonal><Space group><Cmcm><Lattice><Number>=<52>###,  
###<Phase><Tetragonal><Space group><Cmcm><Unit><Number>=<26>###, 
###<Phase><Tetragonal><Space group><P4/nmm><Lattice><Number>=<51>###,  
###<Phase><Tetragonal><Space group><P4/nmm><Unit><Number>=<53>###, 
###<Phase><Tetragonal><Space group><Cmcm><Lattice><A atoms>=<4>###,  
###<Phase><Tetragonal><Space group><Cmcm><Unit><A atoms>=<2>###, 
###<Phase><Tetragonal><Space group><P4/nmm><Lattice><A atoms>=<1>###,  
###<Phase><Tetragonal><Space group><P4/nmm><Unit><A atoms>=<5>###}"
