{
    "DOI": "10.1016/j.triboint.2023.108485",
    "Journal": "Tribology International",
    "Keywords": [
        "Electron powder bed fusion",
        "Anti-friction",
        "Wear resistance",
        "Ti6Al4V titanium alloy"
    ],
    "Sections": [
        {
            "content": [
                "The EPBF manufacturing samples were prepared using the electron beam selective melting additive manufacturing equipment jointly developed by the Beihang University and the Aviation Industry Manufacturing Technology Research Institute. Ti6Al4V powder was provided by AVIC Matt Additive Technology (Beijing) Co., Ltd. EPBF samples were provided by professionals in Table 1.",
                "The additively manufactured samples were heat-treated at 600 °C for different hours using a muffle furnace (SG-QF1400, Shanghai Sager Furnace Co., Limited, China). When heat treatment at 600 °C, the elements, structure, and properties of TC4 change , so we set the experiment at 600 °C too. The samples were put into the muffle furnace and heated with the furnace for 1 h, 3 h, 5 h, 7 h, and 9 h to 600 °C, kept for 1 h, and then cooled with the furnace, named HT1, HT3, HT5, HT7, and HT9 respectively in Fig. 1. We maintained a furnace cooling rate of 100 °C/h. Using a wire electric discharge machine (MV series, Mitsubishi, Japan), the prepared samples were cut into geometric shapes of 10 × 10 × 2 mm3 and polished with sandpaper (grit 500, 1000, 2000).",
                "A reciprocating friction tester (SRV5, Optimol, German) was used for the test under dry friction conditions at a temperature of 22 °C and a humidity of 24%. The diameter of Si3N4 ceramic balls (Yast Company, China) was 4 mm with a hardness ranging from 1400 to 1700 HV. The loading force was 5 N, with a speed of 10 mm/s, a stroke of 5 mm, and a friction test time of 30 min. After tribology, the name of the sample was marked with F.",
                "A scanning electron microscope (SEM) (MIRA LMS, TESCAN, Czech Republic) was used to observe the surface morphology of the samples before and after tribology, and a supporting Energy Dispersive Spectroscopy (EDS) was used to measure the surface composition. The three-dimensional topography and wear volume of the wear scar surface were measured using a white light interferometer (Q8 MAGELLAN, Bruker, Germany). Abrasion mass loss was measured using a balance (Meilen, China). Surface chemical bonds and chemical compositions were characterized using X-ray photoelectron spectroscopy (XPS) (ESCALAB 250Xi, Thermo Scientific, USA). The electron backscatter diffraction system (EBSD) (Hikari Plus, EDAX, USA) was used to characterize the crystal microstructure and other characteristics.Hardness values of samples were measured by a hardness tester (INNOVATEST FALCON 500, Netherlands) at 100gf."
            ],
            "name": "Experiment",
            "type": "ce_section"
        }
    ],
    "Title": "Tribology properties of additively manufactured Ti6Al4V alloy after heat treatment",
    "abstract": "Ti6Al4V titanium alloy has poor friction and wear resistance. Metal heat treatment can improve the performance of the material by changing the microstructure. In this paper, Ti6Al4V titanium alloys are manufactured by heat-treating electron powder bed fusion, and the friction and wear properties of samples under dry friction conditions after various heat treatments are analyzed, and the tribological mechanism is explored. It is found that HT3 has the smallest coefficient of friction (COF) but the largest amount of wear (AOW), and abrasive wear and adhesive wear mainly occur. The COF of HT9 is a little smaller while the AOW is much smaller than HT3, and adhesive wear and corrosive wear mainly occur. This work has reference significance for improving the performance of Ti6Al4V titanium alloy manufactured by EPBF."
}