{
    "DOI": "10.1016/j.jallcom.2024.175833",
    "Journal": "Journal of Alloys and Compounds",
    "Keywords": [
        "TiC-γ'/Ni-Fe-Cr composite",
        "Aging heat treatment",
        "Precipitates",
        "Mechanical properties",
        "Carbide transformation mechanism"
    ],
    "Sections": [
        {
            "content": [
                {
                    "content": [
                        "The wire utilized in this study was a self-made nickel-based powder-cored wire. The sheath was made of pure nickel strip with a thickness of 0.3 mm and a width of 8 mm, while the core consisted of mechanically mixed powders. The morphologies of the mixed powder and various pure powders with sizes ranging from 5 μm to 80 μm are depicted in Fig. 1(a). SiC, Fe, and Cr powders exhibit irregular shapes, while Al and Ti powders display a spherical morphology. The proportions of various powders were calculated based on the designed composition before preparing the powder-cored wire. Subsequently, they were mixed in a mechanical blender for 8 hours, as depicted in Fig. 1(b). The schematic diagram of the preparation process for nickel-based powder-cored wire is illustrated in Fig. 1(c). Initially, a pure nickel strip was shaped into a U-shaped strip using U-shaped rollers, and then the mixed powder was filled into the strip at a filling rate of 30 wt% (The filling rate is defined as the ratio of the mass of powders to the total mass of wire per unit length). Subsequently, the U-shaped strip was closed by employing a drawing die with a diameter of 2.8 mm. The wire diameter was ultimately reduced to 1.6 mm through a series of drawing processes using drawing dies. Following surface cleaning and drying, it became ready for experimental utilization. Moreover, 316 L stainless steel plates measuring 120 mm×100 mm x 10 mm are employed as substrates. The chemical composition of the deposited composite, determined by inductively coupled plasma optical emission spectrometry (ICP-OES), is presented in Table 1."
                    ],
                    "name": "Materials",
                    "type": "ce_section"
                },
                {
                    "content": [
                        "Fig. 2(a) illustrates the electron beam freeform fabrication set-up, comprising a motion mechanism, electron beam gun, wire feeder, and a rotating platform. A reciprocating path was achieved by combining a movable gun with a rotating platform. In this experiment, a single-pass multilayer deposition strategy and a liquid bridge transfer mode were utilized, as depicted in Fig. 2(b). The process parameters of the electron beam freeform fabrication are listed in Table 2. To achieve a stable microstructure at high temperature, the deposited composites were subjected to aging heat treatment at 850 °C in a muffle furnace (KF1600) with a temperature control accuracy of ± 1 ºC. The aging times were set at 6 h, 12 h, 24 h, and 48 h, respectively, and the cooling method employed in all cases was air cooling (AC), as demonstrated in Fig. 2(c)."
                    ],
                    "name": "Experimental methods and procedures",
                    "type": "ce_section"
                },
                {
                    "content": [
                        "The schematic diagram for the specimen extraction location and the dimensions of the tensile test samples are illustrated in Fig. 3. The metallographic samples were meticulously prepared through sandpaper grinding and mechanical polishing, followed by electrochemical etching in a solution of 48 ml H2SO4 + 40 ml HNO3 + 12 ml H3PO4, with the voltage set at 5 V for a duration of 3–5 s. A Hitachi S-4700 scanning electron microscope (SEM) was utilized to characterize the microstructure, fracture morphology, and fracture path of the samples. The phase composition was determined using X-ray diffraction (XRD, DX-2700) analysis, with a collection range of 20–100º. The transformation of carbides during the aging heat treatment and the orientation relationship of the precipitates were analyzed using an FEI-Themis Z Transmission Electron Microscope (TEM). The microhardness of the samples was measured using an HV-1000 type microhardness tester, applying a load of 500 g for a dwell time of 15 s. The tensile properties of the samples were assessed using an INSTRON-5967 universal testing machine equipped with a video extensometer, employing a loading rate of 0.2 mm/min."
                    ],
                    "name": "Microstructural characterization and performance testing",
                    "type": "ce_section"
                }
            ],
            "name": "Materials and methods",
            "type": "ce_section"
        },
        {
            "content": [
                {
                    "content": [
                        "The wire utilized in this study was a self-made nickel-based powder-cored wire. The sheath was made of pure nickel strip with a thickness of 0.3 mm and a width of 8 mm, while the core consisted of mechanically mixed powders. The morphologies of the mixed powder and various pure powders with sizes ranging from 5 μm to 80 μm are depicted in Fig. 1(a). SiC, Fe, and Cr powders exhibit irregular shapes, while Al and Ti powders display a spherical morphology. The proportions of various powders were calculated based on the designed composition before preparing the powder-cored wire. Subsequently, they were mixed in a mechanical blender for 8 hours, as depicted in Fig. 1(b). The schematic diagram of the preparation process for nickel-based powder-cored wire is illustrated in Fig. 1(c). Initially, a pure nickel strip was shaped into a U-shaped strip using U-shaped rollers, and then the mixed powder was filled into the strip at a filling rate of 30 wt% (The filling rate is defined as the ratio of the mass of powders to the total mass of wire per unit length). Subsequently, the U-shaped strip was closed by employing a drawing die with a diameter of 2.8 mm. The wire diameter was ultimately reduced to 1.6 mm through a series of drawing processes using drawing dies. Following surface cleaning and drying, it became ready for experimental utilization. Moreover, 316 L stainless steel plates measuring 120 mm×100 mm x 10 mm are employed as substrates. The chemical composition of the deposited composite, determined by inductively coupled plasma optical emission spectrometry (ICP-OES), is presented in Table 1."
                    ],
                    "name": "Materials",
                    "type": "ce_section"
                },
                {
                    "content": [
                        "Fig. 2(a) illustrates the electron beam freeform fabrication set-up, comprising a motion mechanism, electron beam gun, wire feeder, and a rotating platform. A reciprocating path was achieved by combining a movable gun with a rotating platform. In this experiment, a single-pass multilayer deposition strategy and a liquid bridge transfer mode were utilized, as depicted in Fig. 2(b). The process parameters of the electron beam freeform fabrication are listed in Table 2. To achieve a stable microstructure at high temperature, the deposited composites were subjected to aging heat treatment at 850 °C in a muffle furnace (KF1600) with a temperature control accuracy of ± 1 ºC. The aging times were set at 6 h, 12 h, 24 h, and 48 h, respectively, and the cooling method employed in all cases was air cooling (AC), as demonstrated in Fig. 2(c)."
                    ],
                    "name": "Experimental methods and procedures",
                    "type": "ce_section"
                },
                {
                    "content": [
                        "The schematic diagram for the specimen extraction location and the dimensions of the tensile test samples are illustrated in Fig. 3. The metallographic samples were meticulously prepared through sandpaper grinding and mechanical polishing, followed by electrochemical etching in a solution of 48 ml H2SO4 + 40 ml HNO3 + 12 ml H3PO4, with the voltage set at 5 V for a duration of 3–5 s. A Hitachi S-4700 scanning electron microscope (SEM) was utilized to characterize the microstructure, fracture morphology, and fracture path of the samples. The phase composition was determined using X-ray diffraction (XRD, DX-2700) analysis, with a collection range of 20–100º. The transformation of carbides during the aging heat treatment and the orientation relationship of the precipitates were analyzed using an FEI-Themis Z Transmission Electron Microscope (TEM). The microhardness of the samples was measured using an HV-1000 type microhardness tester, applying a load of 500 g for a dwell time of 15 s. The tensile properties of the samples were assessed using an INSTRON-5967 universal testing machine equipped with a video extensometer, employing a loading rate of 0.2 mm/min."
                    ],
                    "name": "Microstructural characterization and performance testing",
                    "type": "ce_section"
                }
            ],
            "name": "Materials and methods",
            "type": "ce_section"
        },
        {
            "content": [
                {
                    "content": [
                        "The wire utilized in this study was a self-made nickel-based powder-cored wire. The sheath was made of pure nickel strip with a thickness of 0.3 mm and a width of 8 mm, while the core consisted of mechanically mixed powders. The morphologies of the mixed powder and various pure powders with sizes ranging from 5 μm to 80 μm are depicted in Fig. 1(a). SiC, Fe, and Cr powders exhibit irregular shapes, while Al and Ti powders display a spherical morphology. The proportions of various powders were calculated based on the designed composition before preparing the powder-cored wire. Subsequently, they were mixed in a mechanical blender for 8 hours, as depicted in Fig. 1(b). The schematic diagram of the preparation process for nickel-based powder-cored wire is illustrated in Fig. 1(c). Initially, a pure nickel strip was shaped into a U-shaped strip using U-shaped rollers, and then the mixed powder was filled into the strip at a filling rate of 30 wt% (The filling rate is defined as the ratio of the mass of powders to the total mass of wire per unit length). Subsequently, the U-shaped strip was closed by employing a drawing die with a diameter of 2.8 mm. The wire diameter was ultimately reduced to 1.6 mm through a series of drawing processes using drawing dies. Following surface cleaning and drying, it became ready for experimental utilization. Moreover, 316 L stainless steel plates measuring 120 mm×100 mm x 10 mm are employed as substrates. The chemical composition of the deposited composite, determined by inductively coupled plasma optical emission spectrometry (ICP-OES), is presented in Table 1."
                    ],
                    "name": "Materials",
                    "type": "ce_section"
                },
                {
                    "content": [
                        "Fig. 2(a) illustrates the electron beam freeform fabrication set-up, comprising a motion mechanism, electron beam gun, wire feeder, and a rotating platform. A reciprocating path was achieved by combining a movable gun with a rotating platform. In this experiment, a single-pass multilayer deposition strategy and a liquid bridge transfer mode were utilized, as depicted in Fig. 2(b). The process parameters of the electron beam freeform fabrication are listed in Table 2. To achieve a stable microstructure at high temperature, the deposited composites were subjected to aging heat treatment at 850 °C in a muffle furnace (KF1600) with a temperature control accuracy of ± 1 ºC. The aging times were set at 6 h, 12 h, 24 h, and 48 h, respectively, and the cooling method employed in all cases was air cooling (AC), as demonstrated in Fig. 2(c)."
                    ],
                    "name": "Experimental methods and procedures",
                    "type": "ce_section"
                },
                {
                    "content": [
                        "The schematic diagram for the specimen extraction location and the dimensions of the tensile test samples are illustrated in Fig. 3. The metallographic samples were meticulously prepared through sandpaper grinding and mechanical polishing, followed by electrochemical etching in a solution of 48 ml H2SO4 + 40 ml HNO3 + 12 ml H3PO4, with the voltage set at 5 V for a duration of 3–5 s. A Hitachi S-4700 scanning electron microscope (SEM) was utilized to characterize the microstructure, fracture morphology, and fracture path of the samples. The phase composition was determined using X-ray diffraction (XRD, DX-2700) analysis, with a collection range of 20–100º. The transformation of carbides during the aging heat treatment and the orientation relationship of the precipitates were analyzed using an FEI-Themis Z Transmission Electron Microscope (TEM). The microhardness of the samples was measured using an HV-1000 type microhardness tester, applying a load of 500 g for a dwell time of 15 s. The tensile properties of the samples were assessed using an INSTRON-5967 universal testing machine equipped with a video extensometer, employing a loading rate of 0.2 mm/min."
                    ],
                    "name": "Microstructural characterization and performance testing",
                    "type": "ce_section"
                }
            ],
            "name": "Materials and methods",
            "type": "ce_section"
        }
    ],
    "Title": "Mechanism of carbide transformation and its impact on the mechanical properties of electron beam freeform fabricated TiC-γ'/Ni-Fe-Cr composite during aging treatment",
    "abstract": "The inherent instability of the microstructure in nickel matrix composites fabricated via additive manufacturing limits their application in high-temperature environments. This research proposed and prepared a Ni-Fe-Cr matrix composite reinforced with in-situ micron-size TiC and nano-size gamma' phases using electron beam freeform fabrication (EBF3) with nickel-based powder-cored wire. To attain a stable microstructure at high temperature, the deposited composite was subjected to aging treatment for different durations. The mechanism of carbide transformation from TiC to Cr23C6 and its influence on the mechanical properties were thoroughly investigated. After aging heat treatment, the gamma' particles coarsened from around 10 nm to over 100 nm. TiC phase partially decomposed and transformed into Cr23C6 carbides through the TiC+gamma -> Cr23C6+gamma ' reaction. A distinct Cr23C6/gamma'/gamma transition layer was formed around the TiC phase. The ideal work of adhesion of the phase interfaces was calculated by first-principles calculations, and the gamma' (200)/Cr23C6 (200) interface exhibits the lowest value. With prolonged aging time, the ongoing reaction leads to an increased proportion of mixed carbides, exhibiting a continuous aggregated distribution along grain boundaries. This phenomenon adversely affects the toughness due to weak bonding at the gamma'/Cr23C6 interface. As a result, the ultimate tensile strength of the aging treated composites initially increased and then decreased, while the elongation continuously decreased with the extension of aging time."
}