{
    "DOI": "10.1016/S1359-6462(01)00965-4",
    "Journal": "Scripta Materialia",
    "Keywords": [
        "Inconel 625, Aging",
        "Mechanical properties",
        "TEM"
    ],
    "Sections": [
        {
            "content": [
                "The current investigation was conducted on Alloy 625 tube obtained from an ammonia cracker plant after 60,000 hours of service at approximately 873K. Blanks of 60 × 10 × 9 mm were cut from the tube and subsequently subjected to various heat treatments ranging from 1 h to 200 h at temperatures 923K, 1023K and 1123K. The nominal chemical composition of the alloy in wt % is as follows: Cr-20 to 30%, Fe-5% max, Mo-8 to 10%, (Nb + Ta)-3.15 to 4.15%, C-0.1%, Mn-0.5%, Si-0.5%, P-0.015%, S-0.015%, Al-0.40%, Ti-0.4%, Co-1% and Ni-balance. Tensile test specimens of 4 mm diameter and 25 mm gauge length were machined from the service exposed and the heat-treated blanks. They were tensile tested at room temperature using a floor model 1195 Instron Universal testing machine at a constant strain rate of 3 × 10−4 s−1. The fractured surfaces after testing were cleaned ultrasonically in methanol and observed in Scanning Electron Microscope (SEM). Specimens for Transmission Electron Microscopy (TEM) were prepared from 1 mm slices taken from the blanks. The slices were ground mechanically to a thickness of about 0.10 to 0.15 mm and thinned by employing the dual jet electro polishing technique at ∼20 volts in a medium containing one part of perchloric acid and four parts of ethanol. Temperature of the bath was maintained at ∼230 K during electro polishing."
            ],
            "name": "Experimental details",
            "type": "ce_section"
        }
    ],
    "Title": "Room temperature tensile behavior of service exposed and thermally aged service exposed alloy 625",
    "abstract": ""
}