{
    "DOI": "10.1016/j.matchar.2024.114270",
    "Journal": "Materials Characterization",
    "Keywords": [
        "TC21 forgings",
        "Quasi β forging",
        "Aging temperatures",
        "Basket-weave microstructure",
        "Mechanical properties"
    ],
    "Sections": [
        {
            "content": [
                {
                    "content": [
                        "The raw material employed in this study was the TC21 alloy provided by the Northwest Nonferrous Metal Research Institute of China. The chemical composition of the alloy is presented in Table 1 , and its microstructure comprises the α phase (α-Ti) and β phase (β-Ti). The α/β transition temperature (Tβ) was determined to be around 971 °C using the metallographic method. A second quasi-β forging of the TC21 alloy was conducted to ensure the homogeneity of its composition (Fig. 1a). The first forging was performed at a temperature of 931 °C for 49 min, followed by heating up to 986 °C for 25 min. The second forging was conducted at 931 °C for 49 min, and the temperature was then raised to 976 °C for a further 25 min.",
                        "The initial temperatures for the first and second forging processes were 986 °C and 976 °C, respectively, with final temperatures remained above 820 °C. Subsequently, a solution treatment was carried out at 900 °C for 1.5 h using a high-temperature electric furnace, followed by air cooling to room temperature. The aging treatment was carried out at three different temperatures (530 °C, 560 °C, and 590 °C) for 4 h, and then the forgings were cooled in air to complete the aging process (Fig. 1a). However, the intersection of αlaths with different sizes after the second quasi-β forging resulted in inhomogeneous microstructure regions on both sides of the grain boundaries (Fig. 1b). Therefore, it is necessary to optimize the microstructure through heat treatment after forging."
                    ],
                    "name": "Materials and treatment process",
                    "type": "ce_section"
                },
                {
                    "content": [
                        "After the forging process and heat treatment, samples were cut from the forgings for the purpose of evaluating their tensile properties, impact toughness, and fracture toughness. The dimensions of the tensile samples were selected in accordance with the specifications outlined in ASTM standard E8M. The parallel end of the samples had a diameter of 5 mm and a length of 40 mm, while the clamped end had a diameter of 10 mm and a length of 30 mm. Tensile tests were carried out utilizing an MTS 810 universal tester equipped with an extensometer, with a controlled rate of 1 mm/min. Charpy V-notched impact samples were prepared for the impact toughness tests, which were conducted using an NI300C variance impact tester. The specimen size was 10 × 10 × 55 mm3, the notch depth was 2 mm, and the notch radius was 0.25 mm. Compact tensile (CT) specimens were used for fracture toughness tests. The tests were performed in accordance with ASTM standard E-1820, where the specimen dimensions were specified as thickness B = 25 mm, width W = 50 mm. The fatigue crack was prefabricated with sine wave loading, the stress ratio R = 0.1 and the length of the minimum prefabricated crack was >1.3 mm or 2.5% width. The fracture toughness and prefabricated fatigue crack were tested using an MTS instrument. In order to assure the accuracy of the results, three samples were tested at each treatment condition.",
                        "The microstructure, fracture morphology, and fracture profile were analyzed utilizing various techniques, including optical microscopy (OM, Leica DMI5000M), scanning electron microscopy (SEM, SUPRA40), and laser scanning confocal microscopy (LSCM, OLS500). The Image Pro Plus 6.0 (IPP6.0) analysis software was employed to determine the microstructure parameters at different aging temperatures, including the αlaths diameter, αfine lamellae size, and α phase volume fraction. Numerous images (at least 10 images for each condition) were quantitatively analyzed and and identified using the IPP 6.0 software to ensure the statistical accuracy of the results. The element content was determined using energy-dispersive spectroscopy (EDS) in combination with SEM. Furthermore, by analyzing the SEM image of the impact fracture surface, accurately identify and mark the region where crack initiation occurs. Achieve a smooth surface by polishing the rough surface with coarse sandpaper, paying particular attention to the surface of the crack initiation zone is protruding and preferentially polished to smooth. Utilize wire cutting equipment to precisely section slices with a thickness of approximately 0.3 mm while maintaining parallel to the polished crack initiation zone. Then, using sandpaper with a mesh size of 800–3000 to reduce the sample thickness to 100 μm. Take a meticulous approach by gradually reducing its thickness using 3000 mesh sandpaper and then further refining it with 5000 mesh until achieving a final size of 80 μm. Finally, the TEM foils were further thinned using a Gatan 691 ion thinning instrument. The inclination angles of the three thinning stages were 8°, 5°, and 3°, and the working voltages were 5.3, 4.5, and 3.6 keV, respectively. The features of the microstructure deformation close to the impact crack initiation region of the impact specimens were characterized via transmission electron microscopy (TEM, FEI Tecnai G2 F20) to study the deformation mechanism of the microstructures during the impact. Finally, electron backscatter diffraction (EBSD) experiments were conducted at an accelerating voltage of 20 kV and a step size of 0.03 μm to analyze the misorientation distribution of the lath boundaries."
                    ],
                    "name": "Mechanical properties testing and characterization",
                    "type": "ce_section"
                }
            ],
            "name": "Experimental materials and methods",
            "type": "ce_section"
        },
        {
            "content": [
                {
                    "content": [
                        "The raw material employed in this study was the TC21 alloy provided by the Northwest Nonferrous Metal Research Institute of China. The chemical composition of the alloy is presented in Table 1 , and its microstructure comprises the α phase (α-Ti) and β phase (β-Ti). The α/β transition temperature (Tβ) was determined to be around 971 °C using the metallographic method. A second quasi-β forging of the TC21 alloy was conducted to ensure the homogeneity of its composition (Fig. 1a). The first forging was performed at a temperature of 931 °C for 49 min, followed by heating up to 986 °C for 25 min. The second forging was conducted at 931 °C for 49 min, and the temperature was then raised to 976 °C for a further 25 min.",
                        "The initial temperatures for the first and second forging processes were 986 °C and 976 °C, respectively, with final temperatures remained above 820 °C. Subsequently, a solution treatment was carried out at 900 °C for 1.5 h using a high-temperature electric furnace, followed by air cooling to room temperature. The aging treatment was carried out at three different temperatures (530 °C, 560 °C, and 590 °C) for 4 h, and then the forgings were cooled in air to complete the aging process (Fig. 1a). However, the intersection of αlaths with different sizes after the second quasi-β forging resulted in inhomogeneous microstructure regions on both sides of the grain boundaries (Fig. 1b). Therefore, it is necessary to optimize the microstructure through heat treatment after forging."
                    ],
                    "name": "Materials and treatment process",
                    "type": "ce_section"
                },
                {
                    "content": [
                        "After the forging process and heat treatment, samples were cut from the forgings for the purpose of evaluating their tensile properties, impact toughness, and fracture toughness. The dimensions of the tensile samples were selected in accordance with the specifications outlined in ASTM standard E8M. The parallel end of the samples had a diameter of 5 mm and a length of 40 mm, while the clamped end had a diameter of 10 mm and a length of 30 mm. Tensile tests were carried out utilizing an MTS 810 universal tester equipped with an extensometer, with a controlled rate of 1 mm/min. Charpy V-notched impact samples were prepared for the impact toughness tests, which were conducted using an NI300C variance impact tester. The specimen size was 10 × 10 × 55 mm3, the notch depth was 2 mm, and the notch radius was 0.25 mm. Compact tensile (CT) specimens were used for fracture toughness tests. The tests were performed in accordance with ASTM standard E-1820, where the specimen dimensions were specified as thickness B = 25 mm, width W = 50 mm. The fatigue crack was prefabricated with sine wave loading, the stress ratio R = 0.1 and the length of the minimum prefabricated crack was >1.3 mm or 2.5% width. The fracture toughness and prefabricated fatigue crack were tested using an MTS instrument. In order to assure the accuracy of the results, three samples were tested at each treatment condition.",
                        "The microstructure, fracture morphology, and fracture profile were analyzed utilizing various techniques, including optical microscopy (OM, Leica DMI5000M), scanning electron microscopy (SEM, SUPRA40), and laser scanning confocal microscopy (LSCM, OLS500). The Image Pro Plus 6.0 (IPP6.0) analysis software was employed to determine the microstructure parameters at different aging temperatures, including the αlaths diameter, αfine lamellae size, and α phase volume fraction. Numerous images (at least 10 images for each condition) were quantitatively analyzed and and identified using the IPP 6.0 software to ensure the statistical accuracy of the results. The element content was determined using energy-dispersive spectroscopy (EDS) in combination with SEM. Furthermore, by analyzing the SEM image of the impact fracture surface, accurately identify and mark the region where crack initiation occurs. Achieve a smooth surface by polishing the rough surface with coarse sandpaper, paying particular attention to the surface of the crack initiation zone is protruding and preferentially polished to smooth. Utilize wire cutting equipment to precisely section slices with a thickness of approximately 0.3 mm while maintaining parallel to the polished crack initiation zone. Then, using sandpaper with a mesh size of 800–3000 to reduce the sample thickness to 100 μm. Take a meticulous approach by gradually reducing its thickness using 3000 mesh sandpaper and then further refining it with 5000 mesh until achieving a final size of 80 μm. Finally, the TEM foils were further thinned using a Gatan 691 ion thinning instrument. The inclination angles of the three thinning stages were 8°, 5°, and 3°, and the working voltages were 5.3, 4.5, and 3.6 keV, respectively. The features of the microstructure deformation close to the impact crack initiation region of the impact specimens were characterized via transmission electron microscopy (TEM, FEI Tecnai G2 F20) to study the deformation mechanism of the microstructures during the impact. Finally, electron backscatter diffraction (EBSD) experiments were conducted at an accelerating voltage of 20 kV and a step size of 0.03 μm to analyze the misorientation distribution of the lath boundaries."
                    ],
                    "name": "Mechanical properties testing and characterization",
                    "type": "ce_section"
                }
            ],
            "name": "Experimental materials and methods",
            "type": "ce_section"
        },
        {
            "content": [
                {
                    "content": [
                        "The raw material employed in this study was the TC21 alloy provided by the Northwest Nonferrous Metal Research Institute of China. The chemical composition of the alloy is presented in Table 1 , and its microstructure comprises the α phase (α-Ti) and β phase (β-Ti). The α/β transition temperature (Tβ) was determined to be around 971 °C using the metallographic method. A second quasi-β forging of the TC21 alloy was conducted to ensure the homogeneity of its composition (Fig. 1a). The first forging was performed at a temperature of 931 °C for 49 min, followed by heating up to 986 °C for 25 min. The second forging was conducted at 931 °C for 49 min, and the temperature was then raised to 976 °C for a further 25 min.",
                        "The initial temperatures for the first and second forging processes were 986 °C and 976 °C, respectively, with final temperatures remained above 820 °C. Subsequently, a solution treatment was carried out at 900 °C for 1.5 h using a high-temperature electric furnace, followed by air cooling to room temperature. The aging treatment was carried out at three different temperatures (530 °C, 560 °C, and 590 °C) for 4 h, and then the forgings were cooled in air to complete the aging process (Fig. 1a). However, the intersection of αlaths with different sizes after the second quasi-β forging resulted in inhomogeneous microstructure regions on both sides of the grain boundaries (Fig. 1b). Therefore, it is necessary to optimize the microstructure through heat treatment after forging."
                    ],
                    "name": "Materials and treatment process",
                    "type": "ce_section"
                },
                {
                    "content": [
                        "After the forging process and heat treatment, samples were cut from the forgings for the purpose of evaluating their tensile properties, impact toughness, and fracture toughness. The dimensions of the tensile samples were selected in accordance with the specifications outlined in ASTM standard E8M. The parallel end of the samples had a diameter of 5 mm and a length of 40 mm, while the clamped end had a diameter of 10 mm and a length of 30 mm. Tensile tests were carried out utilizing an MTS 810 universal tester equipped with an extensometer, with a controlled rate of 1 mm/min. Charpy V-notched impact samples were prepared for the impact toughness tests, which were conducted using an NI300C variance impact tester. The specimen size was 10 × 10 × 55 mm3, the notch depth was 2 mm, and the notch radius was 0.25 mm. Compact tensile (CT) specimens were used for fracture toughness tests. The tests were performed in accordance with ASTM standard E-1820, where the specimen dimensions were specified as thickness B = 25 mm, width W = 50 mm. The fatigue crack was prefabricated with sine wave loading, the stress ratio R = 0.1 and the length of the minimum prefabricated crack was >1.3 mm or 2.5% width. The fracture toughness and prefabricated fatigue crack were tested using an MTS instrument. In order to assure the accuracy of the results, three samples were tested at each treatment condition.",
                        "The microstructure, fracture morphology, and fracture profile were analyzed utilizing various techniques, including optical microscopy (OM, Leica DMI5000M), scanning electron microscopy (SEM, SUPRA40), and laser scanning confocal microscopy (LSCM, OLS500). The Image Pro Plus 6.0 (IPP6.0) analysis software was employed to determine the microstructure parameters at different aging temperatures, including the αlaths diameter, αfine lamellae size, and α phase volume fraction. Numerous images (at least 10 images for each condition) were quantitatively analyzed and and identified using the IPP 6.0 software to ensure the statistical accuracy of the results. The element content was determined using energy-dispersive spectroscopy (EDS) in combination with SEM. Furthermore, by analyzing the SEM image of the impact fracture surface, accurately identify and mark the region where crack initiation occurs. Achieve a smooth surface by polishing the rough surface with coarse sandpaper, paying particular attention to the surface of the crack initiation zone is protruding and preferentially polished to smooth. Utilize wire cutting equipment to precisely section slices with a thickness of approximately 0.3 mm while maintaining parallel to the polished crack initiation zone. Then, using sandpaper with a mesh size of 800–3000 to reduce the sample thickness to 100 μm. Take a meticulous approach by gradually reducing its thickness using 3000 mesh sandpaper and then further refining it with 5000 mesh until achieving a final size of 80 μm. Finally, the TEM foils were further thinned using a Gatan 691 ion thinning instrument. The inclination angles of the three thinning stages were 8°, 5°, and 3°, and the working voltages were 5.3, 4.5, and 3.6 keV, respectively. The features of the microstructure deformation close to the impact crack initiation region of the impact specimens were characterized via transmission electron microscopy (TEM, FEI Tecnai G2 F20) to study the deformation mechanism of the microstructures during the impact. Finally, electron backscatter diffraction (EBSD) experiments were conducted at an accelerating voltage of 20 kV and a step size of 0.03 μm to analyze the misorientation distribution of the lath boundaries."
                    ],
                    "name": "Mechanical properties testing and characterization",
                    "type": "ce_section"
                }
            ],
            "name": "Experimental materials and methods",
            "type": "ce_section"
        },
        {
            "content": [
                {
                    "content": [
                        "The raw material employed in this study was the TC21 alloy provided by the Northwest Nonferrous Metal Research Institute of China. The chemical composition of the alloy is presented in Table 1 , and its microstructure comprises the α phase (α-Ti) and β phase (β-Ti). The α/β transition temperature (Tβ) was determined to be around 971 °C using the metallographic method. A second quasi-β forging of the TC21 alloy was conducted to ensure the homogeneity of its composition (Fig. 1a). The first forging was performed at a temperature of 931 °C for 49 min, followed by heating up to 986 °C for 25 min. The second forging was conducted at 931 °C for 49 min, and the temperature was then raised to 976 °C for a further 25 min.",
                        "The initial temperatures for the first and second forging processes were 986 °C and 976 °C, respectively, with final temperatures remained above 820 °C. Subsequently, a solution treatment was carried out at 900 °C for 1.5 h using a high-temperature electric furnace, followed by air cooling to room temperature. The aging treatment was carried out at three different temperatures (530 °C, 560 °C, and 590 °C) for 4 h, and then the forgings were cooled in air to complete the aging process (Fig. 1a). However, the intersection of αlaths with different sizes after the second quasi-β forging resulted in inhomogeneous microstructure regions on both sides of the grain boundaries (Fig. 1b). Therefore, it is necessary to optimize the microstructure through heat treatment after forging."
                    ],
                    "name": "Materials and treatment process",
                    "type": "ce_section"
                },
                {
                    "content": [
                        "After the forging process and heat treatment, samples were cut from the forgings for the purpose of evaluating their tensile properties, impact toughness, and fracture toughness. The dimensions of the tensile samples were selected in accordance with the specifications outlined in ASTM standard E8M. The parallel end of the samples had a diameter of 5 mm and a length of 40 mm, while the clamped end had a diameter of 10 mm and a length of 30 mm. Tensile tests were carried out utilizing an MTS 810 universal tester equipped with an extensometer, with a controlled rate of 1 mm/min. Charpy V-notched impact samples were prepared for the impact toughness tests, which were conducted using an NI300C variance impact tester. The specimen size was 10 × 10 × 55 mm3, the notch depth was 2 mm, and the notch radius was 0.25 mm. Compact tensile (CT) specimens were used for fracture toughness tests. The tests were performed in accordance with ASTM standard E-1820, where the specimen dimensions were specified as thickness B = 25 mm, width W = 50 mm. The fatigue crack was prefabricated with sine wave loading, the stress ratio R = 0.1 and the length of the minimum prefabricated crack was >1.3 mm or 2.5% width. The fracture toughness and prefabricated fatigue crack were tested using an MTS instrument. In order to assure the accuracy of the results, three samples were tested at each treatment condition.",
                        "The microstructure, fracture morphology, and fracture profile were analyzed utilizing various techniques, including optical microscopy (OM, Leica DMI5000M), scanning electron microscopy (SEM, SUPRA40), and laser scanning confocal microscopy (LSCM, OLS500). The Image Pro Plus 6.0 (IPP6.0) analysis software was employed to determine the microstructure parameters at different aging temperatures, including the αlaths diameter, αfine lamellae size, and α phase volume fraction. Numerous images (at least 10 images for each condition) were quantitatively analyzed and and identified using the IPP 6.0 software to ensure the statistical accuracy of the results. The element content was determined using energy-dispersive spectroscopy (EDS) in combination with SEM. Furthermore, by analyzing the SEM image of the impact fracture surface, accurately identify and mark the region where crack initiation occurs. Achieve a smooth surface by polishing the rough surface with coarse sandpaper, paying particular attention to the surface of the crack initiation zone is protruding and preferentially polished to smooth. Utilize wire cutting equipment to precisely section slices with a thickness of approximately 0.3 mm while maintaining parallel to the polished crack initiation zone. Then, using sandpaper with a mesh size of 800–3000 to reduce the sample thickness to 100 μm. Take a meticulous approach by gradually reducing its thickness using 3000 mesh sandpaper and then further refining it with 5000 mesh until achieving a final size of 80 μm. Finally, the TEM foils were further thinned using a Gatan 691 ion thinning instrument. The inclination angles of the three thinning stages were 8°, 5°, and 3°, and the working voltages were 5.3, 4.5, and 3.6 keV, respectively. The features of the microstructure deformation close to the impact crack initiation region of the impact specimens were characterized via transmission electron microscopy (TEM, FEI Tecnai G2 F20) to study the deformation mechanism of the microstructures during the impact. Finally, electron backscatter diffraction (EBSD) experiments were conducted at an accelerating voltage of 20 kV and a step size of 0.03 μm to analyze the misorientation distribution of the lath boundaries."
                    ],
                    "name": "Mechanical properties testing and characterization",
                    "type": "ce_section"
                }
            ],
            "name": "Experimental materials and methods",
            "type": "ce_section"
        },
        {
            "content": [
                {
                    "content": [
                        "The raw material employed in this study was the TC21 alloy provided by the Northwest Nonferrous Metal Research Institute of China. The chemical composition of the alloy is presented in Table 1 , and its microstructure comprises the α phase (α-Ti) and β phase (β-Ti). The α/β transition temperature (Tβ) was determined to be around 971 °C using the metallographic method. A second quasi-β forging of the TC21 alloy was conducted to ensure the homogeneity of its composition (Fig. 1a). The first forging was performed at a temperature of 931 °C for 49 min, followed by heating up to 986 °C for 25 min. The second forging was conducted at 931 °C for 49 min, and the temperature was then raised to 976 °C for a further 25 min.",
                        "The initial temperatures for the first and second forging processes were 986 °C and 976 °C, respectively, with final temperatures remained above 820 °C. Subsequently, a solution treatment was carried out at 900 °C for 1.5 h using a high-temperature electric furnace, followed by air cooling to room temperature. The aging treatment was carried out at three different temperatures (530 °C, 560 °C, and 590 °C) for 4 h, and then the forgings were cooled in air to complete the aging process (Fig. 1a). However, the intersection of αlaths with different sizes after the second quasi-β forging resulted in inhomogeneous microstructure regions on both sides of the grain boundaries (Fig. 1b). Therefore, it is necessary to optimize the microstructure through heat treatment after forging."
                    ],
                    "name": "Materials and treatment process",
                    "type": "ce_section"
                },
                {
                    "content": [
                        "After the forging process and heat treatment, samples were cut from the forgings for the purpose of evaluating their tensile properties, impact toughness, and fracture toughness. The dimensions of the tensile samples were selected in accordance with the specifications outlined in ASTM standard E8M. The parallel end of the samples had a diameter of 5 mm and a length of 40 mm, while the clamped end had a diameter of 10 mm and a length of 30 mm. Tensile tests were carried out utilizing an MTS 810 universal tester equipped with an extensometer, with a controlled rate of 1 mm/min. Charpy V-notched impact samples were prepared for the impact toughness tests, which were conducted using an NI300C variance impact tester. The specimen size was 10 × 10 × 55 mm3, the notch depth was 2 mm, and the notch radius was 0.25 mm. Compact tensile (CT) specimens were used for fracture toughness tests. The tests were performed in accordance with ASTM standard E-1820, where the specimen dimensions were specified as thickness B = 25 mm, width W = 50 mm. The fatigue crack was prefabricated with sine wave loading, the stress ratio R = 0.1 and the length of the minimum prefabricated crack was >1.3 mm or 2.5% width. The fracture toughness and prefabricated fatigue crack were tested using an MTS instrument. In order to assure the accuracy of the results, three samples were tested at each treatment condition.",
                        "The microstructure, fracture morphology, and fracture profile were analyzed utilizing various techniques, including optical microscopy (OM, Leica DMI5000M), scanning electron microscopy (SEM, SUPRA40), and laser scanning confocal microscopy (LSCM, OLS500). The Image Pro Plus 6.0 (IPP6.0) analysis software was employed to determine the microstructure parameters at different aging temperatures, including the αlaths diameter, αfine lamellae size, and α phase volume fraction. Numerous images (at least 10 images for each condition) were quantitatively analyzed and and identified using the IPP 6.0 software to ensure the statistical accuracy of the results. The element content was determined using energy-dispersive spectroscopy (EDS) in combination with SEM. Furthermore, by analyzing the SEM image of the impact fracture surface, accurately identify and mark the region where crack initiation occurs. Achieve a smooth surface by polishing the rough surface with coarse sandpaper, paying particular attention to the surface of the crack initiation zone is protruding and preferentially polished to smooth. Utilize wire cutting equipment to precisely section slices with a thickness of approximately 0.3 mm while maintaining parallel to the polished crack initiation zone. Then, using sandpaper with a mesh size of 800–3000 to reduce the sample thickness to 100 μm. Take a meticulous approach by gradually reducing its thickness using 3000 mesh sandpaper and then further refining it with 5000 mesh until achieving a final size of 80 μm. Finally, the TEM foils were further thinned using a Gatan 691 ion thinning instrument. The inclination angles of the three thinning stages were 8°, 5°, and 3°, and the working voltages were 5.3, 4.5, and 3.6 keV, respectively. The features of the microstructure deformation close to the impact crack initiation region of the impact specimens were characterized via transmission electron microscopy (TEM, FEI Tecnai G2 F20) to study the deformation mechanism of the microstructures during the impact. Finally, electron backscatter diffraction (EBSD) experiments were conducted at an accelerating voltage of 20 kV and a step size of 0.03 μm to analyze the misorientation distribution of the lath boundaries."
                    ],
                    "name": "Mechanical properties testing and characterization",
                    "type": "ce_section"
                }
            ],
            "name": "Experimental materials and methods",
            "type": "ce_section"
        }
    ],
    "Title": "Effect of aging temperatures on the microstructure and mechanical properties of TC21 forgings with basket–weave microstructure",
    "abstract": "This study aims to explore the influence of various aging temperatures on the microstructure and mechanical properties of TC21 forgings. Basket-weave microstructures were prepared via quasi-beta forging followed by annealed at 900 degrees C for 1.5 h and aged at 530 degrees C, 560 degrees C, and 590 degrees C for 4 h, and then their tensile performance, impact toughness, and fracture toughness were examined. Results indicate that higher aging temperatures not only facilitate the segregation of Al element, resulting in a reduction in the effective size (d alpha(laths), the width/length ratio) of primary alpha laths (alpha(laths)) and their amount, but also promote phase transition, inducing an increase in the effective size (d alpha(fine)) of secondary fine alpha (alpha(fine)) lamellae. While both d alpha(-1/2)(laths) and d alpha(-1/2)(fine) have a linear relationship with the strength, which was analyzed using the Hall-Petch relationship, the more pronounced interface strengthening effect and hindering crack propagation mainly results from the alpha(laths). Moreover, the plasticity declines significantly as the proportion of the alpha(laths) phases decreases. Thus, for strength and plasticity, the alpha(laths) are a much more important factor than the alpha(fine) lamellae. However, although the synergistic deformation and fracture of both the alpha(laths) and alpha(fine) phases can consume a larger impact initiation energy, the enhancement of the impact energy of the alloy is primarily related to a high precipitation amount of the alpha(fine) lamellae. Furthermore, the decrease in d alpha(laths) promotes the misorientation and accumulation of dislocations between alpha(laths) interfaces, hindering the enhancement of K-IC (fracture toughness) by forming transgranular fractures. Conversely, the increase in K-IC attributed to the energy consumed in the plastic deformation region at the crack tip, due to the alpha(fine) lamellae compensates for the energy, resulting in a reduction in the crack propagation path. Therefore, the alpha(fine) lamellae may play a more crucial role in increasing the toughness of alloys, in particular the impact toughness of the TC21 alloy."
}