{
    "DOI": "10.1016/j.jmapro.2018.04.004",
    "Journal": "Journal of Manufacturing Processes",
    "Keywords": [
        "Finite element modelling",
        "Arrhenius equation-based model",
        "Post weld heat treatment",
        "Residual stress",
        "Ti-6Al-4V"
    ],
    "Sections": [
        {
            "content": [
                {
                    "content": [
                        "Fig.1 shows the modelling flowchart. There are two main parts of the whole modelling process. Firstly, the moving heat source was written as the DFLUX subroutine and input into the welding model to simulate the TIG welding process by Abaqus/CAE 6.13-1. The modelling results of the residual stresses of the Ti-6Al-4V plate after TIG welding were input to the PWHT model and set as the initial stress state. Secondly, the Arrhenius equation-based model (creep model) was written as CREEP subroutine and input into the PWHT model to simulate the residual stress relief during the PWHT process.",
                        "The numerical study of residual stress evolution for the whole model involves heat transfer and thermal mechanical model, moving heat source, Arrhenius equation-based model (creep model), non-uniform material properties and boundary conditions.",
                        {
                            "content": [
                                "The fundamental heat transfer function involved in the whole model can be described as the Eq. (1) []. ρcp(∂T∂t+V∂T∂x)=∂∂x(k∂T∂x)+∂∂y(k∂T∂y)+∂∂z(k∂T∂z)+Q• Where ρ is the density, cp is the specific heat, k is the thermal conductivity, Q• is the heat input and generation per volume, T is the sample temperature, and V is TIG welding speed.",
                                "The imposed heat flux, radiation and convection for the 3D model were taken into consideration for natural boundary conditions which can be described as Eq. (2): −k(∂T∂x+∂T∂y+∂T∂z)=q(x,y)−h(T−T0)−σε(T4−T04) where heat flux q is normal to the welding deposit surface, T0 is the ambient temperature, h is the convection coefficient, σ is the Stefan-Boltzmann constant for radiation (5.67 × 10−8 W/m2 K4), and ε is the emissivity.",
                                "The residual stresses evolution during the TIG welding and PWHT process are caused by the residual strain change. During the TIG welding process, the uneven thermal gradient results in both the elastic strain (results in the residual stress) and the plastic strain. The accumulation of these elastic strain and plastic strain forms the deformation of the Ti-6Al-4V plate which is called as welding distortion. During the PWHT process, the elastic strain is partially converted into plastic strain immediately when the residual stress is larger than the yield strength of Ti-6Al-4V at a specific high temperature (the yield strength of Ti-6Al-4V decreases when the temperature increases). Some of the remaining elastic strain is gradually converted into plastic strain with the inﬂuence of stress and temperature even when the residual stress is smaller than the yield strength of Ti-6Al-4V at the high temperatures, which can be regared as a creep relief process []. The total strain is related to the moving heat source, phase transformation, thermal expansion and creep relief. The increment of strain can be expressed as Eq. (3) []: Δε=ΔεE+ΔεP+ΔεT+ΔεΔV+ΔεTrp where Δε is the total strain increment, ΔεE is the elastic strain increment caused by mechanical load, ΔεP is the plastic strain increment caused by mechanical load, ΔεT is the thermal strain increment caused by thermal load, ΔεΔV is the strain increment caused by phase transformation, and ΔεTrp is the creep induced strain increment.",
                                "The ΔεΔV of Ti-6Al-4V is around 2 × 10−3 which is lower than 10% of maximum thermal expansion strain during TIG welding []. Thus, the ΔεΔV can be neglected. The Eq. (3) can be simplified as Eq. (4): Δε=ΔεE+ΔεP+ΔεT+ΔεTrp",
                                "Generally, the creep relief process is a very slow time-dependent process. Thus, the creep induced strain increment ΔεTrp was not taken into consideration for the TIG welding process. However, the ΔεTrp plays a significant role in residual stresses relief during the PWHT process because the PWHT process of Ti-6Al-4V was conducted in a furnace for a few hours which provided enough time for creep relief."
                            ],
                            "name": "Heat transfer and thermal mechanical model",
                            "type": "ce_section"
                        },
                        {
                            "content": [
                                "Over the past few decades, the moving heat source model has evolved from the Gaussian surface heat source to the hemispherical power density heat source, and further to the double ellipsoidal power density distribution heat source. The Gaussian surface heat source involves the surface and symmetric heat, and the hemispherical power density heat source considers body and symmetric heat. However, both of these two models are not accurate for simulating TIG welding based on the experimental measurements compared with the double ellipsoidal power density distribution heat source which considers both the body and non-symmetric heat flux [,]. In the present work, the Goldak’s double ellipsoidal power density distribution moving heat source was employed to simulate the TIG welding process."
                            ],
                            "name": "Moving heat source",
                            "type": "ce_section"
                        },
                        {
                            "content": [
                                "The nature of stress relaxation is that the elastic strain is gradually converted into plastic strain with the inﬂuence of stress and temperature []. The stress relaxation is regarded as a special creep behavior, so the theory of creep can be applied as a reference mechanism of the stress relaxation []. The stress relaxation test has a quasi-steady-state strain rate. Generally, the creep deformation is a “time-dependent” deformation process. Thus, the high temperature stress relaxation test with a constant preload can be regarded as a creep deformation process in a broad sense. The Arrhenius equation-based model is commonly used to describe the relationship between creep rate, stress, and temperature of stress relaxation test [,,]. Besides, compared with the Norton’s creep law, Norton Bailey’s creep law and the Omega creep law, the Arrhenius equation-based model (shown in Eq. (5)) takes adequate consideration for both the temperature, stress state and time effects [,]. ε•=Cσnexp(−QRT) where ε• is the strain rate (s−1), σ is the flow stress (Pa), R is the universal gas constant (8.3145 J mol−1K−1), T is the absolute temperature (K) and Q is the activation energy of hot deformation (J mol−1), C and n are the materials constants independent of temperature.",
                                "Taking the logarithm on both sides of Eq. (5), Eq. (6) is obtained: ln(σ)=1n(ln(ε•)−ln(C)+QRT)",
                                "To obtain the C, n and Q of the Arrhenius equation-based model shown in Eq. (5), creep tests are required to fit the parameters. Stress relaxation tests rather than traditional creep tests with a constant load or a small constant strain rate were chosen to fit the stress relief creep model in this work. The reason is that the residual stress relief process during post weld heat treatment is a stress relief process with a preload (residual stress) at high temperatures. If the preload is higher than the yield stress at a specific high temperature, the residual stress releases immediately due to the yield microplastic deformation of Ti-6Al-4V. While if the preload is smaller than the yield stress of Ti-6Al-4V at a specific high temperature, the material goes through both creep deformation and thermal expansion and the stress decreases with time. Although the residual stress relief is related to the micro elastic deformation of the crystals, each stress measurement by XRD is on a specific area rather than a single crystal, which indicates that the stresses we achieved are based on the macroscopic rather than the microscale measurement []. Based on the aforementioned discussion, it is reasonable to conduct the stress relaxation tests to fit the Arrhenius equation-based model (creep model) for modelling the residual stress relief process in this work.",
                                "The small size dog-bone shape Ti-6Al-4V with a thickness of 1.5 mm and a gauge length of 20 mm was adopted in this paper. The Ti-6Al-4V was annealed and the microstructure of Ti-6Al-4V (shown in Fig. 2 ) contains a uniform distribution of α phase and β phase on a large scale. Thus, the anisotropy of material properties were neglected in this work. The high-temperature stress relaxation tests at 823 K, 873 K, 923 K and 973 K with a preload of 240 MPa and 160 MPa were conducted on a 10 kN Shimadzu Air Servo Thermal Mechanical Tester. The time-stress curves are shown in Fig. 3 .",
                                "In order to achieve a quantitative analysis of the test results, the experimental data were fitted using the stress decay equation which is shown as Eq. (7) []. The time-stress curves of the experiment results are plotted in Fig. 3 together with the fitting curves based on Eq. (7). σ=A(t+B)−n1+σr where σ is the stress (MPa), the shape of the fitting curve which is related to the preload is determined by A and B, t is the time (s), n1 is the material constant which is related to stress relaxation, and σr is the relaxation limit stress-load (MPa).",
                                "The A, B, n1 and σr in Eq. (7) were obtained from the experiment data in Fig. 3. For example, the stress decay equation for the stress relaxation test at 973 K with a preload of 160 MPa can be fitted by the Eq. (8). σ=575(t+8.5)−0.60+1.2",
                                "Thus, the σ - t functions can be obtained for all the stress relaxation tests. The parameters of stress decay equations (Eq. (7)) under different temperatures are shown in Table 1 .",
                                "During the stress relaxation tests, the total strain ε0 contains elastic strain εe and plastic strain εp which can be expressed as: ε0=εe+εp where the strain caused by the thermal load is involved. For example, the elastic strain εe contains both the elastic strain caused by mechanical load and the elastic strain caused by thermal load while the plastic strain εp is caused by mechanical load incorporate with the thermal load.",
                                "As ε0 is a constant (pre-stress is a constant), thus the Eq. (9) can be derived to Eq. (10): dεpdt=−dεedt=−d(σ/E)dt where E is the Young’s Modulus of Ti-6Al-4V. Therefore, we get ε•=−1Edσdt",
                                "The ε• - t function was obtained by substituting the Eq. (7) into the Eq. (11). For example, the ε• for stress relaxation test of Ti-6Al-4V at 973 K with a preload of 160 MPa was achieved by substituting the fitting equation Eq. (8) into the Eq. (11). Thus, the ε• - σ equations were obtained by combining the ε• - t functions and the corresponding σ - t functions. We took the logarithm of both sides of ε• - σ equations, and then we plotted the ln(ε•)−ln(σ) relationship curves of Ti-6Al-4V at different temperatures in Fig. 4 .",
                                "The n values of the Eq. (5) at different temperatures and preloads were calculated from the slopes of ln(ε•)−ln(σ) which is shown in Fig. 4. Similarly, the value Q was calculated from the slopes of ln(ε•)−(T−1) in Eq. (6) (where the n and R are given numbers). The average value of n and Q were adopted to simplify the Arrhenius equation-based model. The value of C was derived from the intercepts of ln(ε•)−ln(σ) curves in Fig. 4 and Eq. (6) (when ln(ε•) is equal to 0 and the n, Q, and R are given numbers). The values of each parameter in the Arrhenius equation-based model are listed in the Table 2 .",
                                "Thus, the Eq. (5) can be described as Eq. (12): ε•=1.1326×1013σ3.6766exp(−4.1987×1058.3145T) where σ is the stress (MPa) and T is the temperature (K)."
                            ],
                            "name": "Arrhenius equation-based model (creep model) set up",
                            "type": "ce_section"
                        },
                        {
                            "content": [
                                "A schematic illustration of a 3D model in the Cartesian coordinate system was adopted in this simulation work due to its symmetrical geometry, which is shown in Fig. 5 . The symmetric plane was set as the Y-symmetric plane and the two corner vertexes of the bottom surface (opposite the surface where the moving heat source applied) were fixed. Hexagonal couple-thermal-displacement mesh (43,000 elements) was adopted for the modelling. The size of the mesh varied from fine to coarse, which is proportional to the distance away from welding center line (see in Fig. 5). The mesh-independent study has been conducted, and the difference is within 5% which can be neglected in present work.",
                                "The material properties and the boundary conditions are as follow:",
                                "The transition temperature of the Ti-6Al-4V ranges from 1877 K (solidus) to 1933 K (liquidus). The Young’s modulus of Ti-6Al-4V is around 114 GPa and the Poisson’s ratio is 0.342 [].",
                                "The thermal properties and yield strengths under elevated temperatures are referred to previous studies [,].",
                                "The sample is heated up to 973 K at a heating rate of 2.5 K/min and then soaked at 973 K for 1 h. The ambient temperature is 293 K.",
                                "For TIG welding process, the forced convection heat transfer coefficient is 50 W/m2 K [], and the emissivity is 0.85 []. For the PWHT process in the furnace, the natural convection heat transfer coefficient is 10 W/m2K and the emissivity is 0.4 [].",
                                "The thermal expansion coefficient of the Ti-6Al-4V is 1.17 × 10−5/K during the heating and the cooling process [].",
                                "These nonlinear high-temperature material properties and boundary conditions were input into the whole 3D model for simulating the residual stress evolution of TIG welding and PWHT."
                            ],
                            "name": "Non-uniform material properties and boundary conditions",
                            "type": "ce_section"
                        }
                    ],
                    "name": "Modelling settings",
                    "type": "ce_section"
                },
                {
                    "content": [
                        {
                            "content": [
                                "To validate the simulation results, the TIG surface welding with filler metal was conducted using Magic Wave 4000 under a current of 70 A and a voltage of 15 V. The Ti-6Al-4V plates with a 3 mm thickness, 50 mm width and 30 mm length plates were used as the TIG welding and PWHT samples. The TIG welding joint configuration of Ti-6Al-4V plate is shown in Fig. 6 (a). The Ti-6Al-4V welding rods with a 1 mm diameter were used as the filler metal. The widths of the fusion zone (FZ), heat affected zone (HAZ) and base material (BM) are around 6 mm, 7.5 mm and 11.5 mm respectively, which are shown in Fig. 6(b). The PWHT process was conducted in an ADIXEN ACC 2009 vacuum furnace with a heating rate of 2.5 K/min, soaked at 973 K for 1 h followed by furnace cooling at a speed of 2.5 K/min."
                            ],
                            "name": "TIG welding and PWHT",
                            "type": "ce_section"
                        },
                        {
                            "content": [
                                "The XRD method is one of the most exploited methods for measuring residual stress by which a very high accuracy measurement can be achieved. When a metal is under stress, the spacing of the atomic planes changes in its crystal structure. the inter-planar atomic spacing and the stress can be calculated through this quantity [].",
                                "The residual stresses were measured along the measurement lines for both longitudinal and lateral directions (shown in Fig. 6(b)) at room temperature by the XSTRESSES 3000 G3/G3R with a copper tube. The measurement voltage was 30.0 (kV) and the current was 10.0 (mA). The tilts angles were from -38.0° to 38.0° (0°, -14.557°, -20.8212°, -25.8068°, -30.1778°, -34.1956°, -38°, 0°, 14.557°, 20.8212°, 25.8068°, 30.1778°, 34.1956°, 38°), and the tilt oscillation was ± 5.0°. The diffraction angle was 142°. The Young’s modulus and the Poisson’s ratio of Ti-6Al-4V were set as 114 GPa and 0.342, respectively []. The exposure time was set as 70 s for Ti-6Al-4V and the threshold energy was 7.0 keV. The typical fitting curves of residual stress data processing for one XRD measurement is shown in Fig. 7 , where parabolic background and the Gaussian fit method were adopted."
                            ],
                            "name": "XRD measurement",
                            "type": "ce_section"
                        }
                    ],
                    "name": "Experimental settings",
                    "type": "ce_section"
                }
            ],
            "name": "Modelling and experimental settings",
            "type": "ce_section"
        },
        {
            "content": [
                {
                    "content": [
                        "Fig.1 shows the modelling flowchart. There are two main parts of the whole modelling process. Firstly, the moving heat source was written as the DFLUX subroutine and input into the welding model to simulate the TIG welding process by Abaqus/CAE 6.13-1. The modelling results of the residual stresses of the Ti-6Al-4V plate after TIG welding were input to the PWHT model and set as the initial stress state. Secondly, the Arrhenius equation-based model (creep model) was written as CREEP subroutine and input into the PWHT model to simulate the residual stress relief during the PWHT process.",
                        "The numerical study of residual stress evolution for the whole model involves heat transfer and thermal mechanical model, moving heat source, Arrhenius equation-based model (creep model), non-uniform material properties and boundary conditions.",
                        {
                            "content": [
                                "The fundamental heat transfer function involved in the whole model can be described as the Eq. (1) []. ρcp(∂T∂t+V∂T∂x)=∂∂x(k∂T∂x)+∂∂y(k∂T∂y)+∂∂z(k∂T∂z)+Q• Where ρ is the density, cp is the specific heat, k is the thermal conductivity, Q• is the heat input and generation per volume, T is the sample temperature, and V is TIG welding speed.",
                                "The imposed heat flux, radiation and convection for the 3D model were taken into consideration for natural boundary conditions which can be described as Eq. (2): −k(∂T∂x+∂T∂y+∂T∂z)=q(x,y)−h(T−T0)−σε(T4−T04) where heat flux q is normal to the welding deposit surface, T0 is the ambient temperature, h is the convection coefficient, σ is the Stefan-Boltzmann constant for radiation (5.67 × 10−8 W/m2 K4), and ε is the emissivity.",
                                "The residual stresses evolution during the TIG welding and PWHT process are caused by the residual strain change. During the TIG welding process, the uneven thermal gradient results in both the elastic strain (results in the residual stress) and the plastic strain. The accumulation of these elastic strain and plastic strain forms the deformation of the Ti-6Al-4V plate which is called as welding distortion. During the PWHT process, the elastic strain is partially converted into plastic strain immediately when the residual stress is larger than the yield strength of Ti-6Al-4V at a specific high temperature (the yield strength of Ti-6Al-4V decreases when the temperature increases). Some of the remaining elastic strain is gradually converted into plastic strain with the inﬂuence of stress and temperature even when the residual stress is smaller than the yield strength of Ti-6Al-4V at the high temperatures, which can be regared as a creep relief process []. The total strain is related to the moving heat source, phase transformation, thermal expansion and creep relief. The increment of strain can be expressed as Eq. (3) []: Δε=ΔεE+ΔεP+ΔεT+ΔεΔV+ΔεTrp where Δε is the total strain increment, ΔεE is the elastic strain increment caused by mechanical load, ΔεP is the plastic strain increment caused by mechanical load, ΔεT is the thermal strain increment caused by thermal load, ΔεΔV is the strain increment caused by phase transformation, and ΔεTrp is the creep induced strain increment.",
                                "The ΔεΔV of Ti-6Al-4V is around 2 × 10−3 which is lower than 10% of maximum thermal expansion strain during TIG welding []. Thus, the ΔεΔV can be neglected. The Eq. (3) can be simplified as Eq. (4): Δε=ΔεE+ΔεP+ΔεT+ΔεTrp",
                                "Generally, the creep relief process is a very slow time-dependent process. Thus, the creep induced strain increment ΔεTrp was not taken into consideration for the TIG welding process. However, the ΔεTrp plays a significant role in residual stresses relief during the PWHT process because the PWHT process of Ti-6Al-4V was conducted in a furnace for a few hours which provided enough time for creep relief."
                            ],
                            "name": "Heat transfer and thermal mechanical model",
                            "type": "ce_section"
                        },
                        {
                            "content": [
                                "Over the past few decades, the moving heat source model has evolved from the Gaussian surface heat source to the hemispherical power density heat source, and further to the double ellipsoidal power density distribution heat source. The Gaussian surface heat source involves the surface and symmetric heat, and the hemispherical power density heat source considers body and symmetric heat. However, both of these two models are not accurate for simulating TIG welding based on the experimental measurements compared with the double ellipsoidal power density distribution heat source which considers both the body and non-symmetric heat flux [,]. In the present work, the Goldak’s double ellipsoidal power density distribution moving heat source was employed to simulate the TIG welding process."
                            ],
                            "name": "Moving heat source",
                            "type": "ce_section"
                        },
                        {
                            "content": [
                                "The nature of stress relaxation is that the elastic strain is gradually converted into plastic strain with the inﬂuence of stress and temperature []. The stress relaxation is regarded as a special creep behavior, so the theory of creep can be applied as a reference mechanism of the stress relaxation []. The stress relaxation test has a quasi-steady-state strain rate. Generally, the creep deformation is a “time-dependent” deformation process. Thus, the high temperature stress relaxation test with a constant preload can be regarded as a creep deformation process in a broad sense. The Arrhenius equation-based model is commonly used to describe the relationship between creep rate, stress, and temperature of stress relaxation test [,,]. Besides, compared with the Norton’s creep law, Norton Bailey’s creep law and the Omega creep law, the Arrhenius equation-based model (shown in Eq. (5)) takes adequate consideration for both the temperature, stress state and time effects [,]. ε•=Cσnexp(−QRT) where ε• is the strain rate (s−1), σ is the flow stress (Pa), R is the universal gas constant (8.3145 J mol−1K−1), T is the absolute temperature (K) and Q is the activation energy of hot deformation (J mol−1), C and n are the materials constants independent of temperature.",
                                "Taking the logarithm on both sides of Eq. (5), Eq. (6) is obtained: ln(σ)=1n(ln(ε•)−ln(C)+QRT)",
                                "To obtain the C, n and Q of the Arrhenius equation-based model shown in Eq. (5), creep tests are required to fit the parameters. Stress relaxation tests rather than traditional creep tests with a constant load or a small constant strain rate were chosen to fit the stress relief creep model in this work. The reason is that the residual stress relief process during post weld heat treatment is a stress relief process with a preload (residual stress) at high temperatures. If the preload is higher than the yield stress at a specific high temperature, the residual stress releases immediately due to the yield microplastic deformation of Ti-6Al-4V. While if the preload is smaller than the yield stress of Ti-6Al-4V at a specific high temperature, the material goes through both creep deformation and thermal expansion and the stress decreases with time. Although the residual stress relief is related to the micro elastic deformation of the crystals, each stress measurement by XRD is on a specific area rather than a single crystal, which indicates that the stresses we achieved are based on the macroscopic rather than the microscale measurement []. Based on the aforementioned discussion, it is reasonable to conduct the stress relaxation tests to fit the Arrhenius equation-based model (creep model) for modelling the residual stress relief process in this work.",
                                "The small size dog-bone shape Ti-6Al-4V with a thickness of 1.5 mm and a gauge length of 20 mm was adopted in this paper. The Ti-6Al-4V was annealed and the microstructure of Ti-6Al-4V (shown in Fig. 2 ) contains a uniform distribution of α phase and β phase on a large scale. Thus, the anisotropy of material properties were neglected in this work. The high-temperature stress relaxation tests at 823 K, 873 K, 923 K and 973 K with a preload of 240 MPa and 160 MPa were conducted on a 10 kN Shimadzu Air Servo Thermal Mechanical Tester. The time-stress curves are shown in Fig. 3 .",
                                "In order to achieve a quantitative analysis of the test results, the experimental data were fitted using the stress decay equation which is shown as Eq. (7) []. The time-stress curves of the experiment results are plotted in Fig. 3 together with the fitting curves based on Eq. (7). σ=A(t+B)−n1+σr where σ is the stress (MPa), the shape of the fitting curve which is related to the preload is determined by A and B, t is the time (s), n1 is the material constant which is related to stress relaxation, and σr is the relaxation limit stress-load (MPa).",
                                "The A, B, n1 and σr in Eq. (7) were obtained from the experiment data in Fig. 3. For example, the stress decay equation for the stress relaxation test at 973 K with a preload of 160 MPa can be fitted by the Eq. (8). σ=575(t+8.5)−0.60+1.2",
                                "Thus, the σ - t functions can be obtained for all the stress relaxation tests. The parameters of stress decay equations (Eq. (7)) under different temperatures are shown in Table 1 .",
                                "During the stress relaxation tests, the total strain ε0 contains elastic strain εe and plastic strain εp which can be expressed as: ε0=εe+εp where the strain caused by the thermal load is involved. For example, the elastic strain εe contains both the elastic strain caused by mechanical load and the elastic strain caused by thermal load while the plastic strain εp is caused by mechanical load incorporate with the thermal load.",
                                "As ε0 is a constant (pre-stress is a constant), thus the Eq. (9) can be derived to Eq. (10): dεpdt=−dεedt=−d(σ/E)dt where E is the Young’s Modulus of Ti-6Al-4V. Therefore, we get ε•=−1Edσdt",
                                "The ε• - t function was obtained by substituting the Eq. (7) into the Eq. (11). For example, the ε• for stress relaxation test of Ti-6Al-4V at 973 K with a preload of 160 MPa was achieved by substituting the fitting equation Eq. (8) into the Eq. (11). Thus, the ε• - σ equations were obtained by combining the ε• - t functions and the corresponding σ - t functions. We took the logarithm of both sides of ε• - σ equations, and then we plotted the ln(ε•)−ln(σ) relationship curves of Ti-6Al-4V at different temperatures in Fig. 4 .",
                                "The n values of the Eq. (5) at different temperatures and preloads were calculated from the slopes of ln(ε•)−ln(σ) which is shown in Fig. 4. Similarly, the value Q was calculated from the slopes of ln(ε•)−(T−1) in Eq. (6) (where the n and R are given numbers). The average value of n and Q were adopted to simplify the Arrhenius equation-based model. The value of C was derived from the intercepts of ln(ε•)−ln(σ) curves in Fig. 4 and Eq. (6) (when ln(ε•) is equal to 0 and the n, Q, and R are given numbers). The values of each parameter in the Arrhenius equation-based model are listed in the Table 2 .",
                                "Thus, the Eq. (5) can be described as Eq. (12): ε•=1.1326×1013σ3.6766exp(−4.1987×1058.3145T) where σ is the stress (MPa) and T is the temperature (K)."
                            ],
                            "name": "Arrhenius equation-based model (creep model) set up",
                            "type": "ce_section"
                        },
                        {
                            "content": [
                                "A schematic illustration of a 3D model in the Cartesian coordinate system was adopted in this simulation work due to its symmetrical geometry, which is shown in Fig. 5 . The symmetric plane was set as the Y-symmetric plane and the two corner vertexes of the bottom surface (opposite the surface where the moving heat source applied) were fixed. Hexagonal couple-thermal-displacement mesh (43,000 elements) was adopted for the modelling. The size of the mesh varied from fine to coarse, which is proportional to the distance away from welding center line (see in Fig. 5). The mesh-independent study has been conducted, and the difference is within 5% which can be neglected in present work.",
                                "The material properties and the boundary conditions are as follow:",
                                "The transition temperature of the Ti-6Al-4V ranges from 1877 K (solidus) to 1933 K (liquidus). The Young’s modulus of Ti-6Al-4V is around 114 GPa and the Poisson’s ratio is 0.342 [].",
                                "The thermal properties and yield strengths under elevated temperatures are referred to previous studies [,].",
                                "The sample is heated up to 973 K at a heating rate of 2.5 K/min and then soaked at 973 K for 1 h. The ambient temperature is 293 K.",
                                "For TIG welding process, the forced convection heat transfer coefficient is 50 W/m2 K [], and the emissivity is 0.85 []. For the PWHT process in the furnace, the natural convection heat transfer coefficient is 10 W/m2K and the emissivity is 0.4 [].",
                                "The thermal expansion coefficient of the Ti-6Al-4V is 1.17 × 10−5/K during the heating and the cooling process [].",
                                "These nonlinear high-temperature material properties and boundary conditions were input into the whole 3D model for simulating the residual stress evolution of TIG welding and PWHT."
                            ],
                            "name": "Non-uniform material properties and boundary conditions",
                            "type": "ce_section"
                        }
                    ],
                    "name": "Modelling settings",
                    "type": "ce_section"
                },
                {
                    "content": [
                        {
                            "content": [
                                "To validate the simulation results, the TIG surface welding with filler metal was conducted using Magic Wave 4000 under a current of 70 A and a voltage of 15 V. The Ti-6Al-4V plates with a 3 mm thickness, 50 mm width and 30 mm length plates were used as the TIG welding and PWHT samples. The TIG welding joint configuration of Ti-6Al-4V plate is shown in Fig. 6 (a). The Ti-6Al-4V welding rods with a 1 mm diameter were used as the filler metal. The widths of the fusion zone (FZ), heat affected zone (HAZ) and base material (BM) are around 6 mm, 7.5 mm and 11.5 mm respectively, which are shown in Fig. 6(b). The PWHT process was conducted in an ADIXEN ACC 2009 vacuum furnace with a heating rate of 2.5 K/min, soaked at 973 K for 1 h followed by furnace cooling at a speed of 2.5 K/min."
                            ],
                            "name": "TIG welding and PWHT",
                            "type": "ce_section"
                        },
                        {
                            "content": [
                                "The XRD method is one of the most exploited methods for measuring residual stress by which a very high accuracy measurement can be achieved. When a metal is under stress, the spacing of the atomic planes changes in its crystal structure. the inter-planar atomic spacing and the stress can be calculated through this quantity [].",
                                "The residual stresses were measured along the measurement lines for both longitudinal and lateral directions (shown in Fig. 6(b)) at room temperature by the XSTRESSES 3000 G3/G3R with a copper tube. The measurement voltage was 30.0 (kV) and the current was 10.0 (mA). The tilts angles were from -38.0° to 38.0° (0°, -14.557°, -20.8212°, -25.8068°, -30.1778°, -34.1956°, -38°, 0°, 14.557°, 20.8212°, 25.8068°, 30.1778°, 34.1956°, 38°), and the tilt oscillation was ± 5.0°. The diffraction angle was 142°. The Young’s modulus and the Poisson’s ratio of Ti-6Al-4V were set as 114 GPa and 0.342, respectively []. The exposure time was set as 70 s for Ti-6Al-4V and the threshold energy was 7.0 keV. The typical fitting curves of residual stress data processing for one XRD measurement is shown in Fig. 7 , where parabolic background and the Gaussian fit method were adopted."
                            ],
                            "name": "XRD measurement",
                            "type": "ce_section"
                        }
                    ],
                    "name": "Experimental settings",
                    "type": "ce_section"
                }
            ],
            "name": "Modelling and experimental settings",
            "type": "ce_section"
        }
    ],
    "Title": "An Arrhenius equation-based model to predict the residual stress relief of post weld heat treatment of Ti-6Al-4V plate",
    "abstract": "Creep models are generally utilized for predicting the residual stress relief during post weld heat treatment (PWHT). However, a comprehensive model considering the temperature effect is still lacking. In the present work, a new temperature dependent Arrhenius equation-based model has been developed to predict the residual stress relief of PWHT of Ti-6Al-4V. The model was validated by the surface residual stress measurement of the Ti-6Al-4V plate before and after PWHT using X-ray Diffraction (XRD). The comparative study of modelling results and measurements indicates that the temperature dependent Arrhenius equation-based model developed in this work is accurate and effective for predicting the residual stress relief of PWHT of Ti-6Al-4V. Besides, the creep induced strain increment takes the dominant role in residual stress relief during the PWHT process of Ti-6Al-4V."
}