{
    "DOI": "10.1016/j.msea.2024.146803",
    "Journal": "Materials Science and Engineering: A",
    "Keywords": [
        "Inconel 718 superalloy",
        "Cluster-plus-glue-atom model",
        "Chemical formula",
        "Precipitation elements",
        "Mechanical properties"
    ],
    "Sections": [
        {
            "content": [
                "Ingots (about 120 g each) were prepared and copper cast in a vacuum-arc melting furnace under an argon atmosphere. The purities of raw metals were 99.999 wt% for Al and 99.99 wt% for the other elements. These ingots were remelted at least five times to ensure composition uniformity. They were homogenized at 1473 K for 24 h in a muffle furnace fallowed by water quenching. Then, these ingots were cold-rolled in multiple passes with a total reduction of ∼85 % in thickness. Finally, alloy plates with a thickness of about 1.5 mm were solutionized at 1323 K for 0.5 h, water quenched, and then subjected to two different aging cycles, including holding at 993 K for 8 h, followed by furnace cooling to 893 K at 50 K/h and holding at 893 K for 8 h, followed by water quenching to room temperature (standard heat treatment). The alloys were aged at 923 K and 973 K for different periods of time (up to 510 and 200 h) to test the microstructure stabilities. Phase equilibria were investigated using the of Pandat software with the latest PanNickel database [,].",
                "After different treatments, the phase characterization was carried out using a Bruker D8 X-ray diffractometer (XRD) with the Cu K α radiation (λ = 0.15406 nm). The microstructure was examined using Olympus optical microscopy (OM) and Zeiss Supra 55 scanning electron microscopy (SEM). The etching solution used for sample preparation for OM observations contains 10 ml HCl+5 ml H2O2+5 ml H2O. The SEM samples were electrolytically etched in a solution of 42 ml H3PO4+34 ml H2SO4+24 ml H2O. The elemental distributions and grain orientations were analyzed in a SHIMADZU electronic probe micro-analyzer (EPMA). The samples analyzed by electron backscattered diffraction (EBSD) were electropolished at room temperature with an electrolyte composed of 10 ml HClO4+90 ml C2H5OH. The morphology and phase verification were further characterized by JEM2100FFEG transmission electron microscope (TEM), in which the samples were prepared by twin-jet electron-polishing in a solution of 10 ml HClO4+90 ml C2H5OH at about 243 K. The statistical analysis of the size of precipitated particles at different heat-treated states were measured from the SEM/TEM morphology images (at least 6 images) using the ImageJ-Pro Plus 6.0 software [].",
                "The microhardness of different heat-treated samples was tested with an HVS-1000 Vickers hardness tester under a load of 500 g for 15 s, in which at least 10 indents were taken to obtain an average value. A high temperature hardness tester (ZD-HVHT-10) was used for in-situ hardness testing of the aging alloy from room temperature (RT) to 1173 K. Three hardness measurements were taken on one sample after holding for 10 min at each temperature and then averaged. Uniaxial tensile tests at RT and 923 K were conducted on a UTM5504 Material Test System (MTS) with a heating furnace and with a nominal strain rate of 1 × 10−3 s−1. The gauge dimensions of the tensile samples were 4 mm (diameter) × 25 mm (length) at RT and 5 mm (diameter) × 26 mm (length) at 923 K, and three samples for each heat treatment were tested."
            ],
            "name": "Experimental",
            "type": "ce_section"
        }
    ],
    "Title": "Soft solution state and hard aging state of Inconel 718 reached via optimized precipitation elements using cluster formula approach",
    "abstract": "The superior high-temperature performance of Inconel 718 is originated mainly from the precipitation strengthening via Nb, Al, and Ti alloying. Inappropriate contents of the precipitation elements may lead to over-strengthened solution state and insufficiently strengthened aging state. We have previously identified the alloy composition formula [(Nb,Al,Ti)(1)-(Ni,Fe,Cr,Mo)(12)](Ni,Fe,Cr,Mo)(5) using the cluster formula approach, where the 18-atom structural unit is composed of a nearest-neighbor cluster, centered by one precipitation elements, plus five glue atoms situated at the next neighbors. On the basis of this formula, the present work designs a series of alloys using (Nb,Al,Ti) = 0.93, 1, and 1.06, with 4.9 and 5.5 wt % Nb, 0.68 and 0.5 wt % Al, and 1.10 wt% Ti corresponding to the upper-to-middle ranges in the ASTM standard. In particular, when the total number of atoms in the formula is equal to one, (Nb0.6Al0.2Ti0.2), the alloy is soft at the solution state (sigma(UTS) = 825 MPa < 965 MPa of the standard and EL = 70.3 % > 30 %) and reaches high strength levels after aging (sigma(UTS) = 1400 MPa > 1240 MPa and EL = 23.4 % > 12 % at room temperature, sigma(UTS) = 1100 MPa > 965 MPa and EL = 10.2 % > 5 % at 923 K). This alloy also shows the lowest coarsening rate of 4-7 x 10(-3) nm(3) s(-1) after long-term aging at 923 K, lower than the prevailing coarsening rate of about 16 x 10(-3) nm(3) s(-1)."
}