{
    "DOI": "10.1016/j.jcomc.2021.100106",
    "Journal": "Composites Part C: Open Access",
    "Keywords": [
        "LM20 aluminum composite",
        "WC particulates",
        "T4 heat treatment",
        "T6 Heat treatment",
        "Wear behavior"
    ],
    "Sections": [
        {
            "content": [
                {
                    "content": [
                        "LM28 Aluminium cast alloy which is commonly used for pistons in the internal combustion engines was used as the base alloy in the present work. The chemical composition of the alloy is shown in the Table 1 . Fine (0.1–20 µm) and coarse (60–80 µm) particulates of WC from 0 to 12 wt% in a step of 3% were employed as the reinforcement material for the composite fabrication. Properties of the WC particulates are shown in Table 2 ."
                    ],
                    "name": "Starting material",
                    "type": "ce_section"
                },
                {
                    "content": [
                        "The conventional stir casting apparatus was used for the fabrication of aluminum based composites. Stir casting is the ideal and the most cost-effective method of liquid state fabrication . It was also reported that the stir casting provides a very virtuous chemical bonding between the aluminum matrix and the reinforced composites due to its continuous stirring action . In the present work, the rectangular bar plates of LM28 alloy were cut into pieces and 1 kg of alloy was taken for the production of each sample of composites. The weighted alloy was placed in the graphite crucible. The electric furnace used for the composite fabrication was allowed to attain the temperature of around 150 °C and at this temperature, the graphite crucible containing LM28 alloy was placed inside the furnace. The WC particulates were also preheated in the baking oven for 2 h in order to remove the moisture content, if it was there. As the temperature of the furnace reaches to 400 °C, the preheated particles were added into the aluminum matrix through a channel at a constant feed rate. The particles were added in the presence of inert gas so as to control the oxidation. A vortex shaped graphite stirrer was used to stir the matrix and the reinforced particles for about 12–15 min at a constant rate of 400 rpm. After the completion of the stirring process, the mixture of the molten matrix and the WC particulates was taken out and carefully poured in the sand mold of dimensions 250 mm × 75 mm × 40 mm. The mixture was allowed to cool down and solidify at normal room temperature. After the mixture solidified, it was removed from the sand mold. All the samples were produced using the same methodology and the details of the composite samples that were fabricated is given in Table 3 . The composite fabrication process was followed by the heat treatment process (Fig. 1 )."
                    ],
                    "name": "Composite fabrication and heat treatment",
                    "type": "ce_section"
                },
                {
                    "content": [
                        "In order to study the distribution of WC particles in the metal matrix and to examine the microstructure of the fabricated composites, scanning electron microscopy (SEM), Jeol make JSM-6510LV, was used to generate the micrographs. The cylindrical shaped specimens of 6 mm diameter and 10 mm height were used for the SEM examination. The specimens were grinded with the abrasive paper of different grades i.e. 200, 400 and 600. Before taking the micrographs with the help of SEM, each specimen was etched with the kellers agent containing 6 ml HCl, 4 ml HF, 320 ml H2O and 40 ml HNO3. This was done in order to make the specimen surface completely free from dirt and dust."
                    ],
                    "name": "Scanning electron microscopy (SEM)",
                    "type": "ce_section"
                },
                {
                    "content": [
                        "To study the presence of different elements and by products in the microstructure of the fabricated T4 and T6 heat treated composites, X-ray diffraction (XRD) patterns were recorded using PANalytical X'pert PRO x-ray diffractometer for the composite materials. The diffractometer was equipped with graphite curved single crystal monochromator to select CuK radiation (λ=1.54A˙) at the goniometer receiving slit station. The angle of diffraction was selected between 20° to 110° for taking the XRD patterns."
                    ],
                    "name": "X-Ray diffraction",
                    "type": "ce_section"
                },
                {
                    "content": [
                        "The hardness of the composites was evaluated using Mitutoyo (Japan) make Vickers hardness testing machine. The tests were conducted on a cuboid shaped sample. ASTM E-384 test method was employed for the hardness evaluation. Three tests were conducted on different sides of a specimen and the average value has been considered as the final hardness of the T4 and T6 heat treated composites. Eq. (1) was used to calculate the micro-hardness of all the composites where constant load of 1 Kg was implemented for 15 s. HV=2Psinα2d2",
                        "Where P is the force Applied; α is the face angle of diamond taken as 136°, d- Mean diagonal of impression."
                    ],
                    "name": "Hardness",
                    "type": "ce_section"
                },
                {
                    "content": [
                        "In the present work, wear investigation was carried out using pin on disk apparatus. The schematic view of the apparatus is shown in the Fig. 2 .",
                        "The tests were carried out using ASTM G99 test standards. Each specimen was etched with the Keller's agent containing 6 ml HCl, 4 ml HF, 320 ml H2O and 40 ml HNO3 so as to make it free from any dust particles before the test run. The cylindrical shaped specimen with diameter 6 mm and height 10 mm was held stationary with the help of the specimen holder. The specimen pin was rubbed against the rotating steel disk of hardness equals to approximately 800 HV. The load was applied vertically downwards with the help of a lever. Each specimen was weighted before and after the test run using a weighing machine having an accuracy of 0.001 g and the material was assessed in terms of weight loss. The tests were executed at the load of 19.6 N, 29.4 N and 39.2 N and the sliding distance of 600 m, 1200 m 1800 m, 2400 m and 3000 m. The sliding velocity of 1.8 m/s was maintained constant for all the experiments. The coefficient of friction was also evaluated for different composites at varying sliding distance and loads. The wear tracks were examined using SEM micro graphs to study the wear mechanism due to removal of material from the surface. Images of some of the samples used in the present study are shown in Fig. 3 ."
                    ],
                    "name": "Wear characterization",
                    "type": "ce_section"
                }
            ],
            "name": "Materials and methods",
            "type": "ce_section"
        },
        {
            "content": [
                {
                    "content": [
                        "LM28 Aluminium cast alloy which is commonly used for pistons in the internal combustion engines was used as the base alloy in the present work. The chemical composition of the alloy is shown in the Table 1 . Fine (0.1–20 µm) and coarse (60–80 µm) particulates of WC from 0 to 12 wt% in a step of 3% were employed as the reinforcement material for the composite fabrication. Properties of the WC particulates are shown in Table 2 ."
                    ],
                    "name": "Starting material",
                    "type": "ce_section"
                },
                {
                    "content": [
                        "The conventional stir casting apparatus was used for the fabrication of aluminum based composites. Stir casting is the ideal and the most cost-effective method of liquid state fabrication . It was also reported that the stir casting provides a very virtuous chemical bonding between the aluminum matrix and the reinforced composites due to its continuous stirring action . In the present work, the rectangular bar plates of LM28 alloy were cut into pieces and 1 kg of alloy was taken for the production of each sample of composites. The weighted alloy was placed in the graphite crucible. The electric furnace used for the composite fabrication was allowed to attain the temperature of around 150 °C and at this temperature, the graphite crucible containing LM28 alloy was placed inside the furnace. The WC particulates were also preheated in the baking oven for 2 h in order to remove the moisture content, if it was there. As the temperature of the furnace reaches to 400 °C, the preheated particles were added into the aluminum matrix through a channel at a constant feed rate. The particles were added in the presence of inert gas so as to control the oxidation. A vortex shaped graphite stirrer was used to stir the matrix and the reinforced particles for about 12–15 min at a constant rate of 400 rpm. After the completion of the stirring process, the mixture of the molten matrix and the WC particulates was taken out and carefully poured in the sand mold of dimensions 250 mm × 75 mm × 40 mm. The mixture was allowed to cool down and solidify at normal room temperature. After the mixture solidified, it was removed from the sand mold. All the samples were produced using the same methodology and the details of the composite samples that were fabricated is given in Table 3 . The composite fabrication process was followed by the heat treatment process (Fig. 1 )."
                    ],
                    "name": "Composite fabrication and heat treatment",
                    "type": "ce_section"
                },
                {
                    "content": [
                        "In order to study the distribution of WC particles in the metal matrix and to examine the microstructure of the fabricated composites, scanning electron microscopy (SEM), Jeol make JSM-6510LV, was used to generate the micrographs. The cylindrical shaped specimens of 6 mm diameter and 10 mm height were used for the SEM examination. The specimens were grinded with the abrasive paper of different grades i.e. 200, 400 and 600. Before taking the micrographs with the help of SEM, each specimen was etched with the kellers agent containing 6 ml HCl, 4 ml HF, 320 ml H2O and 40 ml HNO3. This was done in order to make the specimen surface completely free from dirt and dust."
                    ],
                    "name": "Scanning electron microscopy (SEM)",
                    "type": "ce_section"
                },
                {
                    "content": [
                        "To study the presence of different elements and by products in the microstructure of the fabricated T4 and T6 heat treated composites, X-ray diffraction (XRD) patterns were recorded using PANalytical X'pert PRO x-ray diffractometer for the composite materials. The diffractometer was equipped with graphite curved single crystal monochromator to select CuK radiation (λ=1.54A˙) at the goniometer receiving slit station. The angle of diffraction was selected between 20° to 110° for taking the XRD patterns."
                    ],
                    "name": "X-Ray diffraction",
                    "type": "ce_section"
                },
                {
                    "content": [
                        "The hardness of the composites was evaluated using Mitutoyo (Japan) make Vickers hardness testing machine. The tests were conducted on a cuboid shaped sample. ASTM E-384 test method was employed for the hardness evaluation. Three tests were conducted on different sides of a specimen and the average value has been considered as the final hardness of the T4 and T6 heat treated composites. Eq. (1) was used to calculate the micro-hardness of all the composites where constant load of 1 Kg was implemented for 15 s. HV=2Psinα2d2",
                        "Where P is the force Applied; α is the face angle of diamond taken as 136°, d- Mean diagonal of impression."
                    ],
                    "name": "Hardness",
                    "type": "ce_section"
                },
                {
                    "content": [
                        "In the present work, wear investigation was carried out using pin on disk apparatus. The schematic view of the apparatus is shown in the Fig. 2 .",
                        "The tests were carried out using ASTM G99 test standards. Each specimen was etched with the Keller's agent containing 6 ml HCl, 4 ml HF, 320 ml H2O and 40 ml HNO3 so as to make it free from any dust particles before the test run. The cylindrical shaped specimen with diameter 6 mm and height 10 mm was held stationary with the help of the specimen holder. The specimen pin was rubbed against the rotating steel disk of hardness equals to approximately 800 HV. The load was applied vertically downwards with the help of a lever. Each specimen was weighted before and after the test run using a weighing machine having an accuracy of 0.001 g and the material was assessed in terms of weight loss. The tests were executed at the load of 19.6 N, 29.4 N and 39.2 N and the sliding distance of 600 m, 1200 m 1800 m, 2400 m and 3000 m. The sliding velocity of 1.8 m/s was maintained constant for all the experiments. The coefficient of friction was also evaluated for different composites at varying sliding distance and loads. The wear tracks were examined using SEM micro graphs to study the wear mechanism due to removal of material from the surface. Images of some of the samples used in the present study are shown in Fig. 3 ."
                    ],
                    "name": "Wear characterization",
                    "type": "ce_section"
                }
            ],
            "name": "Materials and methods",
            "type": "ce_section"
        },
        {
            "content": [
                {
                    "content": [
                        "LM28 Aluminium cast alloy which is commonly used for pistons in the internal combustion engines was used as the base alloy in the present work. The chemical composition of the alloy is shown in the Table 1 . Fine (0.1–20 µm) and coarse (60–80 µm) particulates of WC from 0 to 12 wt% in a step of 3% were employed as the reinforcement material for the composite fabrication. Properties of the WC particulates are shown in Table 2 ."
                    ],
                    "name": "Starting material",
                    "type": "ce_section"
                },
                {
                    "content": [
                        "The conventional stir casting apparatus was used for the fabrication of aluminum based composites. Stir casting is the ideal and the most cost-effective method of liquid state fabrication . It was also reported that the stir casting provides a very virtuous chemical bonding between the aluminum matrix and the reinforced composites due to its continuous stirring action . In the present work, the rectangular bar plates of LM28 alloy were cut into pieces and 1 kg of alloy was taken for the production of each sample of composites. The weighted alloy was placed in the graphite crucible. The electric furnace used for the composite fabrication was allowed to attain the temperature of around 150 °C and at this temperature, the graphite crucible containing LM28 alloy was placed inside the furnace. The WC particulates were also preheated in the baking oven for 2 h in order to remove the moisture content, if it was there. As the temperature of the furnace reaches to 400 °C, the preheated particles were added into the aluminum matrix through a channel at a constant feed rate. The particles were added in the presence of inert gas so as to control the oxidation. A vortex shaped graphite stirrer was used to stir the matrix and the reinforced particles for about 12–15 min at a constant rate of 400 rpm. After the completion of the stirring process, the mixture of the molten matrix and the WC particulates was taken out and carefully poured in the sand mold of dimensions 250 mm × 75 mm × 40 mm. The mixture was allowed to cool down and solidify at normal room temperature. After the mixture solidified, it was removed from the sand mold. All the samples were produced using the same methodology and the details of the composite samples that were fabricated is given in Table 3 . The composite fabrication process was followed by the heat treatment process (Fig. 1 )."
                    ],
                    "name": "Composite fabrication and heat treatment",
                    "type": "ce_section"
                },
                {
                    "content": [
                        "In order to study the distribution of WC particles in the metal matrix and to examine the microstructure of the fabricated composites, scanning electron microscopy (SEM), Jeol make JSM-6510LV, was used to generate the micrographs. The cylindrical shaped specimens of 6 mm diameter and 10 mm height were used for the SEM examination. The specimens were grinded with the abrasive paper of different grades i.e. 200, 400 and 600. Before taking the micrographs with the help of SEM, each specimen was etched with the kellers agent containing 6 ml HCl, 4 ml HF, 320 ml H2O and 40 ml HNO3. This was done in order to make the specimen surface completely free from dirt and dust."
                    ],
                    "name": "Scanning electron microscopy (SEM)",
                    "type": "ce_section"
                },
                {
                    "content": [
                        "To study the presence of different elements and by products in the microstructure of the fabricated T4 and T6 heat treated composites, X-ray diffraction (XRD) patterns were recorded using PANalytical X'pert PRO x-ray diffractometer for the composite materials. The diffractometer was equipped with graphite curved single crystal monochromator to select CuK radiation (λ=1.54A˙) at the goniometer receiving slit station. The angle of diffraction was selected between 20° to 110° for taking the XRD patterns."
                    ],
                    "name": "X-Ray diffraction",
                    "type": "ce_section"
                },
                {
                    "content": [
                        "The hardness of the composites was evaluated using Mitutoyo (Japan) make Vickers hardness testing machine. The tests were conducted on a cuboid shaped sample. ASTM E-384 test method was employed for the hardness evaluation. Three tests were conducted on different sides of a specimen and the average value has been considered as the final hardness of the T4 and T6 heat treated composites. Eq. (1) was used to calculate the micro-hardness of all the composites where constant load of 1 Kg was implemented for 15 s. HV=2Psinα2d2",
                        "Where P is the force Applied; α is the face angle of diamond taken as 136°, d- Mean diagonal of impression."
                    ],
                    "name": "Hardness",
                    "type": "ce_section"
                },
                {
                    "content": [
                        "In the present work, wear investigation was carried out using pin on disk apparatus. The schematic view of the apparatus is shown in the Fig. 2 .",
                        "The tests were carried out using ASTM G99 test standards. Each specimen was etched with the Keller's agent containing 6 ml HCl, 4 ml HF, 320 ml H2O and 40 ml HNO3 so as to make it free from any dust particles before the test run. The cylindrical shaped specimen with diameter 6 mm and height 10 mm was held stationary with the help of the specimen holder. The specimen pin was rubbed against the rotating steel disk of hardness equals to approximately 800 HV. The load was applied vertically downwards with the help of a lever. Each specimen was weighted before and after the test run using a weighing machine having an accuracy of 0.001 g and the material was assessed in terms of weight loss. The tests were executed at the load of 19.6 N, 29.4 N and 39.2 N and the sliding distance of 600 m, 1200 m 1800 m, 2400 m and 3000 m. The sliding velocity of 1.8 m/s was maintained constant for all the experiments. The coefficient of friction was also evaluated for different composites at varying sliding distance and loads. The wear tracks were examined using SEM micro graphs to study the wear mechanism due to removal of material from the surface. Images of some of the samples used in the present study are shown in Fig. 3 ."
                    ],
                    "name": "Wear characterization",
                    "type": "ce_section"
                }
            ],
            "name": "Materials and methods",
            "type": "ce_section"
        }
    ],
    "Title": "Study on the influence of T4 and T6 heat treatment on the wear behavior of coarse and fine WC particulate reinforced LM28 Aluminium cast composites",
    "abstract": "This work presents the Influence of T4 and T6 heat treatment on the wear behavior of coarse and fine WC reinforced LM28 cast Composites. Production of the composites was achieved by stir casting method in the presence of inert gas. Fine (0.1-20 mu m) and coarse (60-80 mu m) particulates of WC were used from 0 to 12 wt.% in a step of 3%. Composites were given T4 and T6 heat treatment in the conventional manner. For T4 heat treatment, composites were heat treated at 450 degrees C for 2-3 h followed by quenching in oil and then naturally aged for 6-40 days at normal room temperature whereas for T6 heat treatment, similar cycle was employed with the addition of artificial aging at 180-220 degrees C for 3-7 h followed by normal cooling. T6 heat treated composites showed optimum hardness in comparison to T4 heat treated and non-heat treated composites. Pin on disk tests revealed the optimal wear resistance and coefficient of friction in T6 heat treated composites at varying sliding distance and load. Scanning-electron microscopy examination showed that the surface damage under the influence of load and sliding distance was higher in T4 heat treated and non-heat treated composites as compared to T6 heat treated composites. Abrasive wear mechanism was observed in the initial phase of material removal but gradually as the sliding distance increases, the wear mechanism transformed into adhesive. T6 composites showed superior wear resistance and hardness and therefore can ideally be employed in applications where high resistance to wear is critical."
}