{
    "DOI": "10.1016/j.jallcom.2017.06.250",
    "Journal": "Journal of Alloys and Compounds",
    "Keywords": [
        "Low-density steel",
        "Aging",
        "Beta-manganese",
        "Orientation relationship",
        "EBSD"
    ],
    "Sections": [
        {
            "content": [
                {
                    "content": [
                        "An alloy with a chemical composition of Fe–31.4Mn–11.4Al–0.89C (wt.%) was fabricated in a vacuum induction furnace. The ingot was soaked at 1200 °C for 2 h and hot-rolled to a thickness of 8 mm (∼90% reduction), with a final rolling temperature higher than 900 °C. The hot-rolled plate was then cooled to room temperature by water spraying. After hot rolling and cooling, the plate was solution-treated at 1050 °C for 2 h and quenched in water. The test specimens obtained from the solution-treated plate were aged at 550 °C for various periods of time (300, 1,000, 10,000 and the maximum aging time of 100,000 min). From now on, the specimen solution-treated at 1050 °C before aging is referred to as ST, and the specimens aged at 550 °C for 1000 min, 10,000 min, 30,000 min, and 100,000 min are referred to as A1K, A10K, A30K, and A100K, respectively."
                    ],
                    "name": "Specimen preparation",
                    "type": "ce_section"
                },
                {
                    "content": [
                        "For each specimen, Vickers microhardness was measured on at least 7 points using a 1 kgf load applied for 10 s. Longitudinal plane (i.e, the plane containing rolling and normal directions) of each specimen was prepared for EBSD and energy dispersive X-ray spectroscopy (EDS) measurements by mechanical grinding, followed by electropolishing using a solution of 20% perchloric acid, 10% ethylene glycol monobutyl ether, and 70% ethanol.",
                        "Segmentation, smoothing and extraction of the interphase boundaries from the cleaned EBSD maps were accomplished using 2D boundary segmentation code based on both the marching square algorithm and the feature preserving smoothing algorithm, which was originally developed to analyze the heterophase interface character of Cu-Nb multilayer composites . In the marching square algorithm, four neighboring vertices in a pixel can form a single marching square among 16 possible different combinations. The individual nodes of the interfaces were identified based on the marching square algorithm, and then the feature preserving smoothing method was applied to approximate the interfaces as smooth lines while maintaining local curvature . From the approximated boundary geometry together with neighboring phase and orientation data, the misorientation-angle distribution, and Rodrigues–Frank vector space were calculated for γ-matrix/β-Mn, β-Mn/α-precipitate, and γ-matrix/α-precipitate interphase boundaries, respectively. To investigate the local interface orientation relationships of γ-matrix/β-Mn and β-Mn/α-precipitate boundaries, the OR stereogram was constructed for two phases by plotting low index poles such as 100, 110, 111, 112, 012 and 122 families on a stereographic projection. We selected five pairs of two points, which are adjacent across the interphase boundary, having strong peaks in the misorientation-angle distribution and Rodrigues–Frank vector space.",
                        "TEM characterizations were carried out to analyze the ordering of matrix phase and orientation relationships in the A30K specimen. In particular, in order to confirm the orientation relationships obtained from the OR stereogram practice, the FIB milling was conducted on the γ-matrix/β-Mn and β-Mn/α-precipitate phase boundary regions to be examined under TEM."
                    ],
                    "name": "Microstructure observation and misorientation distribution of the interphase boundaries",
                    "type": "ce_section"
                },
                {
                    "content": [
                        "In order to verify statistically the orientation relationships obtained from the OR stereograms, the distributions of deviation angle from the ideal orientation relationship were calculated from the interface segmentation data. The deviation angle is calculated as follows. The orientation matrices of the parent and daughter phases (gp and gd, respectively) across the interface segments are determined from the Euler angles. Given gp and gd, the measured misorientation matrix (Mmeas) between the parent and daughter phases is calculated as Mmeas=gd·gp−1",
                        "Likewise, the ideal misorientation matrix (Mideal) is defined based on theoretical orientation relationship obtained from the OR stereograms. Then, the deviation matrix (D) between the ideal and measured misorientation matrix is derived as: Di,j=Mideal·Oi·Mmeas−1·Oj",
                        "Here, Oi and Oj are the symmetry operator for cubic crystals, which is taken from the set of 24 elements (i, j = 1,…, 24). The deviation angle for each deviation matrix is calculated, and the smallest is chosen as the deviation angle from the ideal orientation relationships. θ=min{cos−1[S(Di,j)−12]} S(D)=D11+D22+D33",
                        "Then, the distributions of deviation angle were computed from the segmentation data of the interphase boundaries.",
                        "In addition, the distributions of deviation angle for randomly oriented pairs were calculated for comparison with the measured interface segments. The randomly oriented pairs were generated by partitioning the Euler space of misorientation matrix into a finite number of elements of equal volume, based on following equation : dg=18π2sinΦdϕ1dΦdϕ2 where dg is the misorientation elements in the Euler space, 18π2 is the normalization factor, and sinΦ is an invariant measure which remains the volume of each element unchanged after an arbitrary transformation. Considering the symmetry of cubic structure, the misorientation parameters represented by the Euler angles range from zero to 90° for φ1, Φ, and φ2, respectively. With a resolution of 2°, 91,125 random pairs were obtained for calculation."
                    ],
                    "name": "Calculation of the deviation angle from the ideal orientation relationship",
                    "type": "ce_section"
                }
            ],
            "name": "Materials and methods",
            "type": "ce_section"
        },
        {
            "content": [
                {
                    "content": [
                        "An alloy with a chemical composition of Fe–31.4Mn–11.4Al–0.89C (wt.%) was fabricated in a vacuum induction furnace. The ingot was soaked at 1200 °C for 2 h and hot-rolled to a thickness of 8 mm (∼90% reduction), with a final rolling temperature higher than 900 °C. The hot-rolled plate was then cooled to room temperature by water spraying. After hot rolling and cooling, the plate was solution-treated at 1050 °C for 2 h and quenched in water. The test specimens obtained from the solution-treated plate were aged at 550 °C for various periods of time (300, 1,000, 10,000 and the maximum aging time of 100,000 min). From now on, the specimen solution-treated at 1050 °C before aging is referred to as ST, and the specimens aged at 550 °C for 1000 min, 10,000 min, 30,000 min, and 100,000 min are referred to as A1K, A10K, A30K, and A100K, respectively."
                    ],
                    "name": "Specimen preparation",
                    "type": "ce_section"
                },
                {
                    "content": [
                        "For each specimen, Vickers microhardness was measured on at least 7 points using a 1 kgf load applied for 10 s. Longitudinal plane (i.e, the plane containing rolling and normal directions) of each specimen was prepared for EBSD and energy dispersive X-ray spectroscopy (EDS) measurements by mechanical grinding, followed by electropolishing using a solution of 20% perchloric acid, 10% ethylene glycol monobutyl ether, and 70% ethanol.",
                        "Segmentation, smoothing and extraction of the interphase boundaries from the cleaned EBSD maps were accomplished using 2D boundary segmentation code based on both the marching square algorithm and the feature preserving smoothing algorithm, which was originally developed to analyze the heterophase interface character of Cu-Nb multilayer composites . In the marching square algorithm, four neighboring vertices in a pixel can form a single marching square among 16 possible different combinations. The individual nodes of the interfaces were identified based on the marching square algorithm, and then the feature preserving smoothing method was applied to approximate the interfaces as smooth lines while maintaining local curvature . From the approximated boundary geometry together with neighboring phase and orientation data, the misorientation-angle distribution, and Rodrigues–Frank vector space were calculated for γ-matrix/β-Mn, β-Mn/α-precipitate, and γ-matrix/α-precipitate interphase boundaries, respectively. To investigate the local interface orientation relationships of γ-matrix/β-Mn and β-Mn/α-precipitate boundaries, the OR stereogram was constructed for two phases by plotting low index poles such as 100, 110, 111, 112, 012 and 122 families on a stereographic projection. We selected five pairs of two points, which are adjacent across the interphase boundary, having strong peaks in the misorientation-angle distribution and Rodrigues–Frank vector space.",
                        "TEM characterizations were carried out to analyze the ordering of matrix phase and orientation relationships in the A30K specimen. In particular, in order to confirm the orientation relationships obtained from the OR stereogram practice, the FIB milling was conducted on the γ-matrix/β-Mn and β-Mn/α-precipitate phase boundary regions to be examined under TEM."
                    ],
                    "name": "Microstructure observation and misorientation distribution of the interphase boundaries",
                    "type": "ce_section"
                },
                {
                    "content": [
                        "In order to verify statistically the orientation relationships obtained from the OR stereograms, the distributions of deviation angle from the ideal orientation relationship were calculated from the interface segmentation data. The deviation angle is calculated as follows. The orientation matrices of the parent and daughter phases (gp and gd, respectively) across the interface segments are determined from the Euler angles. Given gp and gd, the measured misorientation matrix (Mmeas) between the parent and daughter phases is calculated as Mmeas=gd·gp−1",
                        "Likewise, the ideal misorientation matrix (Mideal) is defined based on theoretical orientation relationship obtained from the OR stereograms. Then, the deviation matrix (D) between the ideal and measured misorientation matrix is derived as: Di,j=Mideal·Oi·Mmeas−1·Oj",
                        "Here, Oi and Oj are the symmetry operator for cubic crystals, which is taken from the set of 24 elements (i, j = 1,…, 24). The deviation angle for each deviation matrix is calculated, and the smallest is chosen as the deviation angle from the ideal orientation relationships. θ=min{cos−1[S(Di,j)−12]} S(D)=D11+D22+D33",
                        "Then, the distributions of deviation angle were computed from the segmentation data of the interphase boundaries.",
                        "In addition, the distributions of deviation angle for randomly oriented pairs were calculated for comparison with the measured interface segments. The randomly oriented pairs were generated by partitioning the Euler space of misorientation matrix into a finite number of elements of equal volume, based on following equation : dg=18π2sinΦdϕ1dΦdϕ2 where dg is the misorientation elements in the Euler space, 18π2 is the normalization factor, and sinΦ is an invariant measure which remains the volume of each element unchanged after an arbitrary transformation. Considering the symmetry of cubic structure, the misorientation parameters represented by the Euler angles range from zero to 90° for φ1, Φ, and φ2, respectively. With a resolution of 2°, 91,125 random pairs were obtained for calculation."
                    ],
                    "name": "Calculation of the deviation angle from the ideal orientation relationship",
                    "type": "ce_section"
                }
            ],
            "name": "Materials and methods",
            "type": "ce_section"
        },
        {
            "content": [
                {
                    "content": [
                        "An alloy with a chemical composition of Fe–31.4Mn–11.4Al–0.89C (wt.%) was fabricated in a vacuum induction furnace. The ingot was soaked at 1200 °C for 2 h and hot-rolled to a thickness of 8 mm (∼90% reduction), with a final rolling temperature higher than 900 °C. The hot-rolled plate was then cooled to room temperature by water spraying. After hot rolling and cooling, the plate was solution-treated at 1050 °C for 2 h and quenched in water. The test specimens obtained from the solution-treated plate were aged at 550 °C for various periods of time (300, 1,000, 10,000 and the maximum aging time of 100,000 min). From now on, the specimen solution-treated at 1050 °C before aging is referred to as ST, and the specimens aged at 550 °C for 1000 min, 10,000 min, 30,000 min, and 100,000 min are referred to as A1K, A10K, A30K, and A100K, respectively."
                    ],
                    "name": "Specimen preparation",
                    "type": "ce_section"
                },
                {
                    "content": [
                        "For each specimen, Vickers microhardness was measured on at least 7 points using a 1 kgf load applied for 10 s. Longitudinal plane (i.e, the plane containing rolling and normal directions) of each specimen was prepared for EBSD and energy dispersive X-ray spectroscopy (EDS) measurements by mechanical grinding, followed by electropolishing using a solution of 20% perchloric acid, 10% ethylene glycol monobutyl ether, and 70% ethanol.",
                        "Segmentation, smoothing and extraction of the interphase boundaries from the cleaned EBSD maps were accomplished using 2D boundary segmentation code based on both the marching square algorithm and the feature preserving smoothing algorithm, which was originally developed to analyze the heterophase interface character of Cu-Nb multilayer composites . In the marching square algorithm, four neighboring vertices in a pixel can form a single marching square among 16 possible different combinations. The individual nodes of the interfaces were identified based on the marching square algorithm, and then the feature preserving smoothing method was applied to approximate the interfaces as smooth lines while maintaining local curvature . From the approximated boundary geometry together with neighboring phase and orientation data, the misorientation-angle distribution, and Rodrigues–Frank vector space were calculated for γ-matrix/β-Mn, β-Mn/α-precipitate, and γ-matrix/α-precipitate interphase boundaries, respectively. To investigate the local interface orientation relationships of γ-matrix/β-Mn and β-Mn/α-precipitate boundaries, the OR stereogram was constructed for two phases by plotting low index poles such as 100, 110, 111, 112, 012 and 122 families on a stereographic projection. We selected five pairs of two points, which are adjacent across the interphase boundary, having strong peaks in the misorientation-angle distribution and Rodrigues–Frank vector space.",
                        "TEM characterizations were carried out to analyze the ordering of matrix phase and orientation relationships in the A30K specimen. In particular, in order to confirm the orientation relationships obtained from the OR stereogram practice, the FIB milling was conducted on the γ-matrix/β-Mn and β-Mn/α-precipitate phase boundary regions to be examined under TEM."
                    ],
                    "name": "Microstructure observation and misorientation distribution of the interphase boundaries",
                    "type": "ce_section"
                },
                {
                    "content": [
                        "In order to verify statistically the orientation relationships obtained from the OR stereograms, the distributions of deviation angle from the ideal orientation relationship were calculated from the interface segmentation data. The deviation angle is calculated as follows. The orientation matrices of the parent and daughter phases (gp and gd, respectively) across the interface segments are determined from the Euler angles. Given gp and gd, the measured misorientation matrix (Mmeas) between the parent and daughter phases is calculated as Mmeas=gd·gp−1",
                        "Likewise, the ideal misorientation matrix (Mideal) is defined based on theoretical orientation relationship obtained from the OR stereograms. Then, the deviation matrix (D) between the ideal and measured misorientation matrix is derived as: Di,j=Mideal·Oi·Mmeas−1·Oj",
                        "Here, Oi and Oj are the symmetry operator for cubic crystals, which is taken from the set of 24 elements (i, j = 1,…, 24). The deviation angle for each deviation matrix is calculated, and the smallest is chosen as the deviation angle from the ideal orientation relationships. θ=min{cos−1[S(Di,j)−12]} S(D)=D11+D22+D33",
                        "Then, the distributions of deviation angle were computed from the segmentation data of the interphase boundaries.",
                        "In addition, the distributions of deviation angle for randomly oriented pairs were calculated for comparison with the measured interface segments. The randomly oriented pairs were generated by partitioning the Euler space of misorientation matrix into a finite number of elements of equal volume, based on following equation : dg=18π2sinΦdϕ1dΦdϕ2 where dg is the misorientation elements in the Euler space, 18π2 is the normalization factor, and sinΦ is an invariant measure which remains the volume of each element unchanged after an arbitrary transformation. Considering the symmetry of cubic structure, the misorientation parameters represented by the Euler angles range from zero to 90° for φ1, Φ, and φ2, respectively. With a resolution of 2°, 91,125 random pairs were obtained for calculation."
                    ],
                    "name": "Calculation of the deviation angle from the ideal orientation relationship",
                    "type": "ce_section"
                }
            ],
            "name": "Materials and methods",
            "type": "ce_section"
        }
    ],
    "Title": "Investigation of the aging behavior and orientation relationships in Fe–31.4Mn–11.4Al–0.89C low-density steel",
    "abstract": "The aging behavior and orientation relationships in Fe-31.4Mn-11.4Al-0.89C low-density steel were investigated with respect to constituent phases and precipitates, including gamma-austenite matrix, beta-Mn, and alpha-precipitate. After aging treatment at 550 degrees C for various periods of time, the microstructural changes and corresponding mechanical response were characterized by Vickers hardness measurement combined with EBSD and TEM observations. The precipitation sequence during the aging treatment showed that nano-sized kappa-carbides firstly precipitated within the gamma-austenite matrix at the incipient stage of aging, and induced the primary age hardening. After aging for 300 min, the lath-type beta-Mn phase was formed, leading to the dramatic secondary hardening response. The alpha-precipitates with partial D0(3) order were subsequently produced at the beta-Mn interior, grain/phase boundary region, and the gamma-austenite interior after further aging over 10,000 min. The misorientation-angle distribution, RodrigueseFrank vector space, and orientation relationship stereogram (OR stereogram) from EBSD measurements were employed for analyzing gamma-matrix/beta-Mn and beta-Mn/alpha-precipitate interphase boundaries, respectively. The OR stereograms showed that the preferred orientation relationships were represented as (111)gamma//(221)(beta-Mn), (01 (1) over bar)(gamma)// (01 (2) over bar)(beta-Mn), ((2) over bar 11)(gamma)//((5) over bar 42)(beta-Mn) for gamma-matrix/beta-Mn interface, and (012)(beta-Mn)//(001)(alpha), (02 (1) over bar)(beta-Mn)// (010)(alpha), (100)beta-Mn//(100)alpha for beta-Mn/alpha-precipitate interface, respectively. The orientation relationships obtained from the OR stereograms were clarified by checking the deviation angle distributions of interface segments from the ideal orientation relationships, as well as the TEM diffraction patterns at the interface boundaries. In addition, the misorientation distribution between gamma-matrix and alpha-precipitate was examined and compared to conventional fcc/bcc orientation relationships. (C) 2017 Elsevier B.V. All rights reserved."
}