{
    "DOI": "10.1016/j.wear.2020.203232",
    "Journal": "Wear",
    "Keywords": [
        "Electrodeposition",
        "Iron-tungsten alloys",
        "Composite coatings",
        "Wear resistance",
        "Heat treatment"
    ],
    "Sections": [
        {
            "content": [
                {
                    "content": [
                        "Fe–W/Al2O3 coatings were electrodeposited according to the procedure described in our previous work []. The following composition of base electrolyte was used: 1 M glycolic acid, 0.3 M citric acid, 0.1 M Fe2(SO4)3 and 0.3 M Na2WO. The alumina particles (Alfa Aesar 42572) were added into the electrolyte with a concentration of 100 g L−1. The electrolyte pH was adjusted to 7.0 by adding NaOH. The suspension was then stirred at 300 rpm for 24 h to hydrate the particles. Before the electrodeposition of the coatings, the suspension was ultrasonically agitated for 10 min to avoid the agglomeration of alumina particles. The majority of the particles embedded in the coating are characterized by a mean diameter between 50 and 150 nm, as measured with image analysis (ImageJ software) []. Electrodeposition was carried out using a standard three-electrode cell. A 4 cm2 brass plate served as a working electrode, a platinized titanium mesh as a counter electrode, and an Ag/AgCl/KCl (sat) as the reference electrode. The brass substrates were decreased using a commercial alkaline bath to remove possible contaminations from the surface and then activated in 2 M H2SO4 solution. A nickel seed layer was deposited from a chloride bath at 65 °C, 30 mA cm−2 for 1 min to improve the adhesion of the composite with the substrate. The electrodeposition of Fe–W/Al2O3 coatings was performed at 65 °C applying a constant cathodic current density of 40 mA cm−2 for 1 h, which resulted in 20 ± 2 μm thick layer. The volume of the electrolyte was maintained 200 mL and the solution was mechanically stirred at 250 rpm.",
                        "The electrodeposition of chromium coating was performed using a three-cell composed of: (i) polished carbon steel as a working electrode, (ii) Ag/AgCl/Cl− (3 M) as a reference electrode, and (iii) Lead-8% tin as a counter electrode. The electrolyte contained 250 g L−1 CrO3 and 2.5 g L−1 H2SO4, the volume was maintained 400 mL, while keeping a temperature of 51 °C. The electrodeposition was performed by applying a cathodic current density of 300 mA cm−2 for 1 h and 30 min. Cr coatings were deposited with a thickness of 20 ± 1 μm and surface roughness (Ra) of 220 ± 22 nm."
                    ],
                    "name": "Electrodeposition of Fe–W/Al2O3 and chromium coatings",
                    "type": "ce_section"
                },
                {
                    "content": [
                        "To analyze the surface morphology of the deposited coatings, a Leo 1550 Gemini Scanning Electron Microscope (SEM) with a field emission gun was used. The chemical composition of the coatings was measured at the surface and along the cross-section of the samples by Energy Dispersive X-ray Spectroscopy (EDS). The volume fraction of co-deposited Al2O3 particles in the deposits was determined by performing image analyses (ImageJ software) on the cross-sections of the coatings. The surface roughness was measured using a WYKO RST-PLUS optical profilometer.",
                        "The heat treatments were performed in the furnace of a NETZSCH 402 C dilatometer, keeping the sample at 600 °C for 1 h. High purity Ar 6.0 was used and the annealing temperature was reached with a heating rate of 10 °C/min. After the heat treatments, the samples were kept inside the furnace until reaching room temperature. X-rays diffraction (XRD) analyses were performed using a Bruker AXS D8 advance diffractometer with Cr Kα radiation (λ = 2.28970 Å) and the equipment was operated at 40 kV and 50 mA. The annealing temperature of 600 °C was selected based on previous findings that showed a maximum in the hardness of Fe–W coatings after annealing at 600 °C []. A NHT2 Nanoindentation Tester from Anton-Paar was used to evaluate the mechanical properties, i.e. hardness and reduced elastic modulus. The measurements were performed along the cross-section of the deposits, under load-control mode and applying a load of 25 mN with a Berkovich pyramidal-shaped diamond tip. This load is low enough to avoid the influence of the embedding resin and the substrate, but it is high enough to embrace a representative area of the coating (including particles and matrix). A total of fifteen indentations were performed on each sample and the results are expressed as the average of all the tests. For nanoindentation measurements, the cross-section of the samples was polished down to a 1 μm finishing. The hardness (H) and reduced elastic modulus (E r) of the analyzed samples are obtained from the load-displacement curves as according to the Oliver and Pharr method [].",
                        "The tribological properties of the coatings were measured using a ball-on-disc tribometer under dry sliding conditions, at room temperature and ~55% of relative humidity. An alumina ball with a diameter of 6 mm was used as a counter-body, due to its high stability and resistance to abrasion and oxidation. Thanks to such properties, alumina counter-bodies are commonly employed in hard ball/hard coating systems [,]. Also, being Fe–W alloys affected by tribo-oxidation, the use of a counter-body less resistant to oxidation, e.g. steel ball, would increase the possibility to introduce wear impurities (i.e. debris and oxides) into the system. The size of the ball was selected considering the size of the sample (i.e. 2 × 2 cm), and to allow to run multiple tests per each specimen. The wear tests were conducted applying 2 N load which results in an initial Hertzian contact pressure of 665.3 MPa, assuming a “sphere on plane” configuration, where the elastic modulus, Er, and the Poisson ratio for corundum ball were 210 GPa and 0.22, respectively, and for FeW/Al2O3 coatings were 0.27 (in approximation) and 122 GPa, respectively []. The sliding speed was 4 cm s−1, and the sliding distance was 500 m with a rotation diameter of 2.5 mm. The applied wear parameters (i.e. load, sliding speed and alumina counter-body) do not intend to simulate the condition of a specific wear-critical application. Therefore, such parameters were selected in consideration of previously published works on the wear resistance of Fe–W alloys [,,] and other Fe-group metals coatings suggested as alternatives to Cr replacement (included in Table S1 as supplementary material). In particular, the applied load and sliding speed were selected in order to reduce the formation of cracks and debris upon sliding which can largely affect the correct evaluation of the wear track profiles, and thus of the wear rates []. The influence of 1, 2 and 5 N applied load on the crack and debris formation during wear tests on Fe–W alloys is discussed in detail in Ref. [].",
                        "To ensure the reproducibility of the results, three wear tests per specimen were performed. A confocal optical microscope (Leica, model DCM3D, Wetzlar, Germany) was used to measure the depth profiles of the wear tracks. The wear rate of the tested coatings was calculated from the equation: K=AlFD where A is the cross-section area of wear track (mm2), l is the length of the wear track (mm), F is the load (N) and D is the sliding distance (m)."
                    ],
                    "name": "Coating characterization",
                    "type": "ce_section"
                }
            ],
            "name": "Experimental",
            "type": "ce_section"
        },
        {
            "content": [
                {
                    "content": [
                        "Fe–W/Al2O3 coatings were electrodeposited according to the procedure described in our previous work []. The following composition of base electrolyte was used: 1 M glycolic acid, 0.3 M citric acid, 0.1 M Fe2(SO4)3 and 0.3 M Na2WO. The alumina particles (Alfa Aesar 42572) were added into the electrolyte with a concentration of 100 g L−1. The electrolyte pH was adjusted to 7.0 by adding NaOH. The suspension was then stirred at 300 rpm for 24 h to hydrate the particles. Before the electrodeposition of the coatings, the suspension was ultrasonically agitated for 10 min to avoid the agglomeration of alumina particles. The majority of the particles embedded in the coating are characterized by a mean diameter between 50 and 150 nm, as measured with image analysis (ImageJ software) []. Electrodeposition was carried out using a standard three-electrode cell. A 4 cm2 brass plate served as a working electrode, a platinized titanium mesh as a counter electrode, and an Ag/AgCl/KCl (sat) as the reference electrode. The brass substrates were decreased using a commercial alkaline bath to remove possible contaminations from the surface and then activated in 2 M H2SO4 solution. A nickel seed layer was deposited from a chloride bath at 65 °C, 30 mA cm−2 for 1 min to improve the adhesion of the composite with the substrate. The electrodeposition of Fe–W/Al2O3 coatings was performed at 65 °C applying a constant cathodic current density of 40 mA cm−2 for 1 h, which resulted in 20 ± 2 μm thick layer. The volume of the electrolyte was maintained 200 mL and the solution was mechanically stirred at 250 rpm.",
                        "The electrodeposition of chromium coating was performed using a three-cell composed of: (i) polished carbon steel as a working electrode, (ii) Ag/AgCl/Cl− (3 M) as a reference electrode, and (iii) Lead-8% tin as a counter electrode. The electrolyte contained 250 g L−1 CrO3 and 2.5 g L−1 H2SO4, the volume was maintained 400 mL, while keeping a temperature of 51 °C. The electrodeposition was performed by applying a cathodic current density of 300 mA cm−2 for 1 h and 30 min. Cr coatings were deposited with a thickness of 20 ± 1 μm and surface roughness (Ra) of 220 ± 22 nm."
                    ],
                    "name": "Electrodeposition of Fe–W/Al2O3 and chromium coatings",
                    "type": "ce_section"
                },
                {
                    "content": [
                        "To analyze the surface morphology of the deposited coatings, a Leo 1550 Gemini Scanning Electron Microscope (SEM) with a field emission gun was used. The chemical composition of the coatings was measured at the surface and along the cross-section of the samples by Energy Dispersive X-ray Spectroscopy (EDS). The volume fraction of co-deposited Al2O3 particles in the deposits was determined by performing image analyses (ImageJ software) on the cross-sections of the coatings. The surface roughness was measured using a WYKO RST-PLUS optical profilometer.",
                        "The heat treatments were performed in the furnace of a NETZSCH 402 C dilatometer, keeping the sample at 600 °C for 1 h. High purity Ar 6.0 was used and the annealing temperature was reached with a heating rate of 10 °C/min. After the heat treatments, the samples were kept inside the furnace until reaching room temperature. X-rays diffraction (XRD) analyses were performed using a Bruker AXS D8 advance diffractometer with Cr Kα radiation (λ = 2.28970 Å) and the equipment was operated at 40 kV and 50 mA. The annealing temperature of 600 °C was selected based on previous findings that showed a maximum in the hardness of Fe–W coatings after annealing at 600 °C []. A NHT2 Nanoindentation Tester from Anton-Paar was used to evaluate the mechanical properties, i.e. hardness and reduced elastic modulus. The measurements were performed along the cross-section of the deposits, under load-control mode and applying a load of 25 mN with a Berkovich pyramidal-shaped diamond tip. This load is low enough to avoid the influence of the embedding resin and the substrate, but it is high enough to embrace a representative area of the coating (including particles and matrix). A total of fifteen indentations were performed on each sample and the results are expressed as the average of all the tests. For nanoindentation measurements, the cross-section of the samples was polished down to a 1 μm finishing. The hardness (H) and reduced elastic modulus (E r) of the analyzed samples are obtained from the load-displacement curves as according to the Oliver and Pharr method [].",
                        "The tribological properties of the coatings were measured using a ball-on-disc tribometer under dry sliding conditions, at room temperature and ~55% of relative humidity. An alumina ball with a diameter of 6 mm was used as a counter-body, due to its high stability and resistance to abrasion and oxidation. Thanks to such properties, alumina counter-bodies are commonly employed in hard ball/hard coating systems [,]. Also, being Fe–W alloys affected by tribo-oxidation, the use of a counter-body less resistant to oxidation, e.g. steel ball, would increase the possibility to introduce wear impurities (i.e. debris and oxides) into the system. The size of the ball was selected considering the size of the sample (i.e. 2 × 2 cm), and to allow to run multiple tests per each specimen. The wear tests were conducted applying 2 N load which results in an initial Hertzian contact pressure of 665.3 MPa, assuming a “sphere on plane” configuration, where the elastic modulus, Er, and the Poisson ratio for corundum ball were 210 GPa and 0.22, respectively, and for FeW/Al2O3 coatings were 0.27 (in approximation) and 122 GPa, respectively []. The sliding speed was 4 cm s−1, and the sliding distance was 500 m with a rotation diameter of 2.5 mm. The applied wear parameters (i.e. load, sliding speed and alumina counter-body) do not intend to simulate the condition of a specific wear-critical application. Therefore, such parameters were selected in consideration of previously published works on the wear resistance of Fe–W alloys [,,] and other Fe-group metals coatings suggested as alternatives to Cr replacement (included in Table S1 as supplementary material). In particular, the applied load and sliding speed were selected in order to reduce the formation of cracks and debris upon sliding which can largely affect the correct evaluation of the wear track profiles, and thus of the wear rates []. The influence of 1, 2 and 5 N applied load on the crack and debris formation during wear tests on Fe–W alloys is discussed in detail in Ref. [].",
                        "To ensure the reproducibility of the results, three wear tests per specimen were performed. A confocal optical microscope (Leica, model DCM3D, Wetzlar, Germany) was used to measure the depth profiles of the wear tracks. The wear rate of the tested coatings was calculated from the equation: K=AlFD where A is the cross-section area of wear track (mm2), l is the length of the wear track (mm), F is the load (N) and D is the sliding distance (m)."
                    ],
                    "name": "Coating characterization",
                    "type": "ce_section"
                }
            ],
            "name": "Experimental",
            "type": "ce_section"
        }
    ],
    "Title": "Effect of heat treatments on the mechanical and tribological properties of electrodeposited Fe–W/Al2O3 composites",
    "abstract": "In this study, the influence of heat treatment on the mechanical and tribological properties of electrodeposited Fe-W/Al2O3 composite coatings is studied. The properties of the as-deposited and annealed composites are compared with those of electrodeposited hard chromium coatings. The amorphous structure of the Fe-W matrix transforms into a mixed amorphous-crystalline structure upon annealing at 600 degrees C for 1 h. The observed microstructural transformations result in a substantial increase of both the hardness and the reduced Young's modulus of the Fe-W/Al2O3 composite coatings, reaching values of 16.3 GPa and 191.7 GPa, respectively. The results on the wear resistance studied under dry friction using ball-on-disc sliding tests show that a low wear rate is obtained for both as-deposited and annealed composite coatings, i.e. similar to 1.5. 10 6 mm(3)/Nm. In contrast, the heat treatments are detrimental for both the hardness and wear resistance of hard chromium coatings. As a consequence, the mechanical and wear properties of the electrodeposited Fe-W/Al2O3 composite coatings, especially after annealing, are superior to the properties of hard chromium coatings. Hence, Fe-W/Al2O3 composite coatings can be considered as a valid and sustainable alternative to hard chromium coatings, particularly in applications where these materials may be exposed to high temperatures."
}