{
    "DOI": "10.1016/j.jmrt.2023.05.016",
    "Journal": "Journal of Materials Research and Technology",
    "Keywords": [
        "Fe–13Cr–4Al-1.5Nb alloy",
        "Aging treatment",
        "Microstructure",
        "Mechanical properties",
        "Corrosion resistance"
    ],
    "Sections": [
        {
            "content": [
                "Fe–13Cr–4Al-1.5Nb alloy ingot was fabricated using high-purity raw materials by vacuum induction melting. Subsequently, the alloy ingot was homogenized at 1100 °C for 3 h, and then hot forged into a thin plate with a thickness about 10 mm. Then, the forged sample was hot-rolled at 800 °C with a total thickness reduction about 70% by 6 passes. During the hot rolling process, the heating temperature of each pass was hold at 800 °C. After that, the hot-rolled plate was cold rolled with the total thickness reduction about 50% and the cold-rolled sheet with a thickness about 1.5 mm was finally obtained. Then the cold-rolled sheet was annealed at 1000 °C for 15 min, followed by air cooling to room temperature. The annealed sheet was cut into small samples by electrical discharge machining (EDM) and aged at 450 °C for 500 h, 1000 h and 2000 h in a muffle furnace in air.",
                "The phase compositions of the Fe–13Cr–4Al-1.5Nb alloys before and after aging treatment were identified by X-ray diffraction (XRD, DX-2700B, Haoyuan, China) equipped with Cu Ka radiation at 40 kV and 30 mA with a scanning angle from 20° to 90° at a step size of 0.03° and a scanning time of 1s. The microstructure evolution of Fe–13Cr–4Al-1.5Nb alloys before and after aging treatment and their tensile fracture morphology were characterized by scanning electron microscopy (SEM, Quanta 250F, FEI, USA), electron backscattering diffraction (EBSD, Zeiss ultrl 500, Zeiss, GER) and transmission electron microscope (TEM, Talos F200X, FEI, USA) equipped with super energy dispersive X-ray spectroscopy (EDS, Bruker XFlash 5030, GER). SEM and EBSD samples were first prepared by mechanical polishing and then electropolished with HClO4: C2H5OH = 1:4 solution. TEM sample was prepared by mechanical lapping to about 80 μm, followed by a twin-jet electron-polishing with HClO4: C2H5OH = 1:9 solution. For this study, all the samples used for observation were parallel to the rolling direction (RD).",
                "Tensile tests of Fe–13Cr–4Al-1.5Nb alloys before and after aging treatment were conducted on a ETM105D machine with a stretching rate of 0.1 mm/min at room temperature (RT) and the tensile axis of these samples was parallel to the RD. The dog-bone-shaped tensile samples with a cross-section of 1.5 × 1.0 mm2 and a gauge length of 5 mm were prepared by electric discharge machining for tensile test and at least three samples were tested for each alloy. The reported tensile test data of each alloy represent the average values of three specimens. Microhardness of Fe–13Cr–4Al-1.5Nb alloys before and after aging treatment were also performed on an AHVD-1000 Vickers with a load of 0.2 kg and a dwell time of 15 s and the results of each alloy reported are average values of ten indentations.",
                "In order to investigate the corrosion behavior of FeCrAl alloys in the marine environment and chloride environment before and after aging at 450 °C for 500 h, 1000 h and 2000 h. Electrochemical corrosion characteristics of Fe–13Cr–4Al-1.5Nb alloys before and after aging treatment were conducted by CHI660E electrochemical workstation in a solution of 3.5 wt.% sodium chloride (NaCl) at room temperature. For degassing, argon gas was introduced into the NaCl solution for half an hour before tests. The saturated calomel electrode (SCE), platinum electrode and tested Fe–13Cr–4Al-1.5Nb alloys with a dimension of 1 cm × 1 cm × 5 cm were used as the reference electrode, auxiliary electrode and working electrode, respectively. Before tests, the Fe–13Cr–4Al-1.5Nb alloys were ground with sandpapers with different grades from 200 to 2000 mesh and polished by mechanical polishing, then cleaned thoroughly with alcohol and deionized water. After that, the tested Fe–13Cr–4Al-1.5Nb alloys were corroded freely in the NaCl solution for 60 min to gain a quasi-stationary open circuit voltage (OCP). Potentiodynamic polarization curves were measured from an initial potential of −0.5V until the current density reached a maximum value of 10 mA/cm2 at a scanning speed of 1 mV/s."
            ],
            "name": "Experimental",
            "type": "ce_section"
        }
    ],
    "Title": "Evolution of microstructure, mechanical and corrosion properties of Fe–13Cr–4Al-1.5Nb alloy aged at 450 °C",
    "abstract": "In the present work, the microstructure evolution, mechanical and corrosion properties of Fe-13Cr-4Al-1.5Nb alloys were systematically studied after the long-term thermal aging treatment. After aging, the Fe-13Cr-4Al-1.5Nb alloys are still mainly composed of a-Fe phase and a small amount of Fe2Nb-type laves phase, but the preferred orientation almost disappeared. With the increase of aging time, the average grain size of Fe-13Cr-4Al-1.5Nb alloy increased obviously and the amount of Fe2Nb-type laves phase also increased significantly. After aging at 450 & DEG;C for 2000 h, some coarse grains were observed in the Fe-13Cr-4Al-1.5Nb alloy and it exhibited much coarser grains with an average grain size of 19.7 mm than unaged Fe-13Cr-4Al-1.5Nb alloy due to the incomplete recrystallization. With the increase of aging time, the tensile strength was almost unchanged while the ductility decreased significantly. Due to the incomplete recrystallization, the Fe-13Cr-4Al1.5Nb alloy exhibited the highest tensile strength of 670.5 MPa but the worst elongation of 3.9% after aging at 450 & DEG;C for 2000 h. In addition, the electrochemical corrosion test results showed that the unaged Fe-13Cr-4Al-1.5Nb alloy has better comprehensive corrosion resistance than the aged Fe-13Cr-4Al-1.5Nb alloy in 3.5wt.%NaCl solution. & COPY; 2023 The Author(s). Published by Elsevier B.V. This is an open access article under the CC BY-NC-ND license (http://creativecommons.org/licenses/by-nc-nd/4.0/)."
}