{
    "DOI": "10.1016/S0924-0136(02)00937-8",
    "Journal": "Journal of Materials Processing Technology",
    "Keywords": [
        "FeMnAlC alloys",
        "Heat treatment",
        "Mechanical properties"
    ],
    "Sections": [
        {
            "content": [
                "A 2200 kg ingot of an Fe–29Mn–9Al–0.9C–0.4Mo–0.8W–0.5Nb alloy (wt.%) was prepared by electroslag refining in an industrial plant. The ingot was subsequently homogenized at 1150 °C and then rolled into rods 12 mm in diameter and bars of square 14 mm cross-section. Solubilization treatment was conducted at 1050 °C followed by room temperature water quenching. Aging was carried out for short time and long time in salt baths and muffle furnaces, respectively.",
                "Metallographic specimens were subjected to etching in a 5% solution of nitric acid in ethyl alcohol. Electrical resistance was measured with a setup made of standard modules, and a DRON-1 X-ray diffractometer was used for X-ray structure and phase analysis, with Fe Kα radiation. Surfaces were previously electrolytically polished for removal of deformed layers.",
                "Tensile specimens with gage length equal to five times their diameter were tested in an Instron machine, while U-notched specimens with 1.0 mm notch radius were used for impact strength determination."
            ],
            "name": "Experimental procedure",
            "type": "ce_section"
        },
        {
            "content": [
                {
                    "content": [
                        "The definition of heat treatment conditions is based, as a rule, on the temperature–time–transformation (TTT) diagram, as well as on the analysis of microstructures and measurements of physical and mechanical characteristics of the steel in different phase regions.",
                        "The general nature of microstructural evolution at early stages of austenite decomposition during isothermal holding within certain temperature ranges can be understood by analyzing the variation of electrical resistivity with time, such as the curve represented in Fig. 1 , obtained at 550 °C with a steel of the same FeMnAlC system with 1.25% Si addition. The observed dependence of the electrical resistivity on aging time at this temperature is typical of aging metallic alloys in which the precipitating phase is isomorphic to the matrix . The initial increase in resistivity is explained by a gradual establishment of alternated zones enriched and depleted, respectively, in C and Al atoms within the initial austenitic γ phase . The continuous increase in the number of such zones with time, randomly distributed within the austenitic grains, contributes to the observed increase in electrical resistivity up to the point in which a maximum in the ρ(t) curve is attained. This point defines the transition from the process of zone formation to the settlement of coherent κ phase particles with 2–3 nm within the zones. For longer isothermal holding times, successive processes of ordering, κ phase precipitation and coalescence coherent to the matrix proceed in the C and Al enriched zones, a conclusion that follows from the observed continuous decrease in electrical resistivity. However, the growth of κ phase particles, which gradually incorporates an increasing quantity of C and Al atoms, occurs simultaneously to a continuous increase in its lattice parameter (Fig. 2 ), while a decrease is observed in the austenitic phase parameter. Further increase in ρ(t) reflects the gradual establishment of elastic stresses at particle/matrix interfaces due to a gradual loss of coherency attributed to a growing divergence in unit cell parameters between the two phases, that can be measured by the misfit factor E (Table 1 ). Such factor is defined as (a κ−a γ)/a γ, where a κ and a γ stand for the unit cell parameter of each phase. After 16 h, the microstructure is thus constituted by a periodic arrangement of ordered (Fe,Mn)3AlC particles (κ phase), oriented along the 〈1 0 0〉 γ directions . Therefore, the homogeneous decomposition of the austenitic phase proceeds by means of two different processes, first by spinodal decomposition giving rise to segregation of C and Al atoms in zones (defined by the initial ascendant part of the ρ(t) curve), followed by the constitution of ordered κ phase particles starting from the point of maximum in the same curve. On the other hand, during isothermal holding at 550 °C, hardness varies basically in two different stages, the first approximately parabolic with a decreasing hardening rate, followed by a second one, approximately linear, leading to a peak value before overaging . Following the interpretation given above for the resistivity variation, we can also say that spinodal decomposition is responsible for the first hardening stage and that elastic and interface stresses generated by κ phase growing particles are responsible for the second stage. In this connection, provided that the κ phase particles are limited to sizes of such order that the crystallographic misfit factor is kept bellow the critical value of 2% , good combination of mechanical strength and impact energy can be achieved.",
                        "At the end of the conventional 15–16 h aging treatment, κ phase particles and its lattice parameter are small enough to maintain the misfit factor bellow 2% (Table 1), and it is important to notice that the austenitic phase at equilibrium is not homogeneous. As can be seen from Tables 1, 60% of the total volume fraction is γ phase with the initial concentration, which means that about 75% of the total austenite present still remains supersaturated, whereas 25% is already depleted in C and Al atoms. This situation can be used to promote further strengthening of the alloy if the remaining supersaturated austenite is allowed to decompose in a similar way as the initial one. The degree of supersaturation can be increased if this secondary aging treatment is conducted at a lower temperature, resulting in a larger number of zones, a new volume fraction of coherent and very fine κ phase particles, as well as a finely quasi-periodic structure, superimposed to the structure which has resulted from the first-step aging. In fact, according to the TTT diagram for this class of steel , isothermal holdings for long periods of time at temperatures under 550 °C give origin to a homogeneous precipitation of finely disperse κ phase particles within the austenitic matrix, with mechanical properties strongly dependent on C and Al content . The results of such second-step aging conducted for 10 h at 520 °C are shown in Tables 1 and 2 .",
                        "As far as the microstructure is concerned, the second aging does not promote substantial changes in a qualitative sense, since little variation is detected by the diffraction patterns shown in Fig. 3 . Variations in unit cell parameters are rather small, with no reflections whatsoever in the misfit factor. However, the relative amount of κ phase increases from 20 to 35%, a significant variation of 75%, which is responsible for the observed improvement in mechanical strength shown in Table 2, with a reduction in K CU still compatible with possible uses in mechanical assemblages. Since the misfit factors remain unaltered after this second step, the observed loss in fracture strength is likely to be attributed to the hardening of austenitic grains by the new zones enriched in C and Al atoms originated during this step. Therefore, this second step in the aging treatment is a proper way of improving mechanical properties of this austenitic steel maintaining its excellent ductility and without impairing beyond acceptable limits the fracture strength. The optimum temperature and time extension of the second step can be chosen depending on the C and Al content of the steel, as well as on the required level of mechanical properties and impact strength (K CU)."
                    ],
                    "name": "Two-step aging",
                    "type": "ce_section"
                },
                {
                    "content": [
                        "Microstructural stability at high temperatures is one of the great problems concerning steels subjected to hardening heat treatments. Structural stability after the double-step aging treatment is here analyzed by the determination of mechanical properties at room temperature after different period of time exposures at temperatures between 300 and 550 °C, with and without superimposed stresses, and also by microstructural examination.",
                        "The effects of high-temperature exposition after double-step aging on mechanical properties are summarized in Fig. 4 . Static properties such as yield stress and UTS remain practically unaltered or even slightly increase with long term exposition at temperatures up to 450 °C. Losses in mechanical strength are only detected after 5000 h exposition at 500 °C and after 500 h at 550 °C. In the case of exposition to temperatures lower than 450 °C, the observed secondary hardening is most likely to be due to a further progress on new zones formation, a short range diffusion phenomenon compatible both with this temperature range of 300–450 °C and to the remaining supersaturation in C and Al atoms at such relatively low temperatures. At 500 and 550 °C, due to a higher mobility of C and Al atoms, overaging is responsible for the observed drop in mechanical strength after long term exposition to such temperatures. On the other side, the biggest effect is on the impact strength: considerable drop on impact energy density is evident after exposures longer then 5000 h at 350 °C, and the higher the temperature the shorter the time period for such effect to be apparent.",
                        "At 400 °C, after 2000 h an intense precipitation of carbides within the austenitic grains together with the presence of large κ phase particles at grain boundaries are clearly visible (Fig. 5 ), changing considerably the fracture behavior, even though mechanical strength maintains the same level promoted by the double-step aging. At higher temperatures (or longer times), austenite decomposition results also in a large quantity of β-Mn (Figs. 5 and 6 ), distributed throughout the grains (in good agreement with Schmatz ), and fracture becomes extremely brittle. This effect progressively reduces the impact strength, in such a way that the limit level of 40 J/cm2 is reached after only 100 h at 500 °C and after 500 h at 400 °C. Therefore, it is advisable that components made of this class of steel should not be used for periods longer than 500 h at 400 °C if a combination of UTS above 1100 MPa and impact strength (K CU) above 40 J/cm2 is necessary due to service requirement.",
                        "There is no available information so far concerning the performance of structural components of this kind of steel under practical service conditions. To evaluate possible effects of superimposed stresses at high service temperatures on strength and fracture behavior, mechanical properties were determined after exposures of 500 h at 400 °C under applied stresses of 200 and 700 MPa, which are values of approximately 20 and 60% of the σ 0.2 after the double-step aging. According to Chan et al. , this temperature lies between the regions of low-temperature and high-temperature flow instability and is lower than the region of the dynamic strain aging and dynamic precipitation. The results in Fig. 4 show that after 500 h of continuous exposition, even at temperatures as high as 500 °C the static properties are barely affected. Furthermore, the data in Table 2 show that the superposition of stresses up to 60% of the yield stress σ 0.2 are responsible for rather small decreases in mechanical strength and ductility, including fracture strength, which means that no serious microstructural damage is introduced in the material as a result of a possible creep process on the course of non-complex operational conditions for less than 500 h at 400 °C."
                    ],
                    "name": "Microstructural stability",
                    "type": "ce_section"
                }
            ],
            "name": "Experimental results and discussion",
            "type": "ce_section"
        },
        {
            "content": [
                {
                    "content": [
                        "The definition of heat treatment conditions is based, as a rule, on the temperature–time–transformation (TTT) diagram, as well as on the analysis of microstructures and measurements of physical and mechanical characteristics of the steel in different phase regions.",
                        "The general nature of microstructural evolution at early stages of austenite decomposition during isothermal holding within certain temperature ranges can be understood by analyzing the variation of electrical resistivity with time, such as the curve represented in Fig. 1 , obtained at 550 °C with a steel of the same FeMnAlC system with 1.25% Si addition. The observed dependence of the electrical resistivity on aging time at this temperature is typical of aging metallic alloys in which the precipitating phase is isomorphic to the matrix . The initial increase in resistivity is explained by a gradual establishment of alternated zones enriched and depleted, respectively, in C and Al atoms within the initial austenitic γ phase . The continuous increase in the number of such zones with time, randomly distributed within the austenitic grains, contributes to the observed increase in electrical resistivity up to the point in which a maximum in the ρ(t) curve is attained. This point defines the transition from the process of zone formation to the settlement of coherent κ phase particles with 2–3 nm within the zones. For longer isothermal holding times, successive processes of ordering, κ phase precipitation and coalescence coherent to the matrix proceed in the C and Al enriched zones, a conclusion that follows from the observed continuous decrease in electrical resistivity. However, the growth of κ phase particles, which gradually incorporates an increasing quantity of C and Al atoms, occurs simultaneously to a continuous increase in its lattice parameter (Fig. 2 ), while a decrease is observed in the austenitic phase parameter. Further increase in ρ(t) reflects the gradual establishment of elastic stresses at particle/matrix interfaces due to a gradual loss of coherency attributed to a growing divergence in unit cell parameters between the two phases, that can be measured by the misfit factor E (Table 1 ). Such factor is defined as (a κ−a γ)/a γ, where a κ and a γ stand for the unit cell parameter of each phase. After 16 h, the microstructure is thus constituted by a periodic arrangement of ordered (Fe,Mn)3AlC particles (κ phase), oriented along the 〈1 0 0〉 γ directions . Therefore, the homogeneous decomposition of the austenitic phase proceeds by means of two different processes, first by spinodal decomposition giving rise to segregation of C and Al atoms in zones (defined by the initial ascendant part of the ρ(t) curve), followed by the constitution of ordered κ phase particles starting from the point of maximum in the same curve. On the other hand, during isothermal holding at 550 °C, hardness varies basically in two different stages, the first approximately parabolic with a decreasing hardening rate, followed by a second one, approximately linear, leading to a peak value before overaging . Following the interpretation given above for the resistivity variation, we can also say that spinodal decomposition is responsible for the first hardening stage and that elastic and interface stresses generated by κ phase growing particles are responsible for the second stage. In this connection, provided that the κ phase particles are limited to sizes of such order that the crystallographic misfit factor is kept bellow the critical value of 2% , good combination of mechanical strength and impact energy can be achieved.",
                        "At the end of the conventional 15–16 h aging treatment, κ phase particles and its lattice parameter are small enough to maintain the misfit factor bellow 2% (Table 1), and it is important to notice that the austenitic phase at equilibrium is not homogeneous. As can be seen from Tables 1, 60% of the total volume fraction is γ phase with the initial concentration, which means that about 75% of the total austenite present still remains supersaturated, whereas 25% is already depleted in C and Al atoms. This situation can be used to promote further strengthening of the alloy if the remaining supersaturated austenite is allowed to decompose in a similar way as the initial one. The degree of supersaturation can be increased if this secondary aging treatment is conducted at a lower temperature, resulting in a larger number of zones, a new volume fraction of coherent and very fine κ phase particles, as well as a finely quasi-periodic structure, superimposed to the structure which has resulted from the first-step aging. In fact, according to the TTT diagram for this class of steel , isothermal holdings for long periods of time at temperatures under 550 °C give origin to a homogeneous precipitation of finely disperse κ phase particles within the austenitic matrix, with mechanical properties strongly dependent on C and Al content . The results of such second-step aging conducted for 10 h at 520 °C are shown in Tables 1 and 2 .",
                        "As far as the microstructure is concerned, the second aging does not promote substantial changes in a qualitative sense, since little variation is detected by the diffraction patterns shown in Fig. 3 . Variations in unit cell parameters are rather small, with no reflections whatsoever in the misfit factor. However, the relative amount of κ phase increases from 20 to 35%, a significant variation of 75%, which is responsible for the observed improvement in mechanical strength shown in Table 2, with a reduction in K CU still compatible with possible uses in mechanical assemblages. Since the misfit factors remain unaltered after this second step, the observed loss in fracture strength is likely to be attributed to the hardening of austenitic grains by the new zones enriched in C and Al atoms originated during this step. Therefore, this second step in the aging treatment is a proper way of improving mechanical properties of this austenitic steel maintaining its excellent ductility and without impairing beyond acceptable limits the fracture strength. The optimum temperature and time extension of the second step can be chosen depending on the C and Al content of the steel, as well as on the required level of mechanical properties and impact strength (K CU)."
                    ],
                    "name": "Two-step aging",
                    "type": "ce_section"
                },
                {
                    "content": [
                        "Microstructural stability at high temperatures is one of the great problems concerning steels subjected to hardening heat treatments. Structural stability after the double-step aging treatment is here analyzed by the determination of mechanical properties at room temperature after different period of time exposures at temperatures between 300 and 550 °C, with and without superimposed stresses, and also by microstructural examination.",
                        "The effects of high-temperature exposition after double-step aging on mechanical properties are summarized in Fig. 4 . Static properties such as yield stress and UTS remain practically unaltered or even slightly increase with long term exposition at temperatures up to 450 °C. Losses in mechanical strength are only detected after 5000 h exposition at 500 °C and after 500 h at 550 °C. In the case of exposition to temperatures lower than 450 °C, the observed secondary hardening is most likely to be due to a further progress on new zones formation, a short range diffusion phenomenon compatible both with this temperature range of 300–450 °C and to the remaining supersaturation in C and Al atoms at such relatively low temperatures. At 500 and 550 °C, due to a higher mobility of C and Al atoms, overaging is responsible for the observed drop in mechanical strength after long term exposition to such temperatures. On the other side, the biggest effect is on the impact strength: considerable drop on impact energy density is evident after exposures longer then 5000 h at 350 °C, and the higher the temperature the shorter the time period for such effect to be apparent.",
                        "At 400 °C, after 2000 h an intense precipitation of carbides within the austenitic grains together with the presence of large κ phase particles at grain boundaries are clearly visible (Fig. 5 ), changing considerably the fracture behavior, even though mechanical strength maintains the same level promoted by the double-step aging. At higher temperatures (or longer times), austenite decomposition results also in a large quantity of β-Mn (Figs. 5 and 6 ), distributed throughout the grains (in good agreement with Schmatz ), and fracture becomes extremely brittle. This effect progressively reduces the impact strength, in such a way that the limit level of 40 J/cm2 is reached after only 100 h at 500 °C and after 500 h at 400 °C. Therefore, it is advisable that components made of this class of steel should not be used for periods longer than 500 h at 400 °C if a combination of UTS above 1100 MPa and impact strength (K CU) above 40 J/cm2 is necessary due to service requirement.",
                        "There is no available information so far concerning the performance of structural components of this kind of steel under practical service conditions. To evaluate possible effects of superimposed stresses at high service temperatures on strength and fracture behavior, mechanical properties were determined after exposures of 500 h at 400 °C under applied stresses of 200 and 700 MPa, which are values of approximately 20 and 60% of the σ 0.2 after the double-step aging. According to Chan et al. , this temperature lies between the regions of low-temperature and high-temperature flow instability and is lower than the region of the dynamic strain aging and dynamic precipitation. The results in Fig. 4 show that after 500 h of continuous exposition, even at temperatures as high as 500 °C the static properties are barely affected. Furthermore, the data in Table 2 show that the superposition of stresses up to 60% of the yield stress σ 0.2 are responsible for rather small decreases in mechanical strength and ductility, including fracture strength, which means that no serious microstructural damage is introduced in the material as a result of a possible creep process on the course of non-complex operational conditions for less than 500 h at 400 °C."
                    ],
                    "name": "Microstructural stability",
                    "type": "ce_section"
                }
            ],
            "name": "Experimental results and discussion",
            "type": "ce_section"
        }
    ],
    "Title": "Heat treatment and thermal stability of FeMnAlC alloys",
    "abstract": "Alloys of the FeMnAlC system have been used for the manufacture of components for different engineering applications, such as in the aircraft and chemical industries. The best combination of properties for these applications has been obtained so far by a conventional aging treatment. In this paper the possibility of further improvement in mechanical properties of an alloy of this system by a two-step aging treatment and the stability of the resultant microstructure at service conditions and temperatures up to 500 degreesC are presented and discussed. It is shown that the resultant microstructure enables the steel to be used in applications involving continuous exposition at 400 degreesC for 500 h, even when subjected to simple stresses up to 60% of the sigma(0.2) yield stress. (C) 2002 Elsevier Science B.V. All rights reserved."
}