{
    "DOI": "10.1016/S1359-6454(02)00096-4",
    "Journal": "Acta Materialia",
    "Keywords": [
        "Bulk modulus",
        "Shear modulus",
        "Multicomponent alloys"
    ],
    "Sections": [
        {
            "content": [
                "The shear modulus of several multicomponent alloys having lath martensitic microstructures were measured at room temperature. The composition of these alloys are listed in Table 5 . Samples with dimensions of 25×25×25 mm were solution treated at 1373K for 60 min, and water quenched and then subjected to a cryogenic treatment in liquid nitrogen for 300 min. X-ray diffraction revealed that the retained austenite after cryogenic treatment was negligible. From these samples, 12×12×2 mm specimens were cut and then both square surfaces were subjected to a 1 μm polish.",
                "The isotropic shear modulus of the alloys was measured by an ultrasonic pulse-echo technique using an SR 9000 Ultrasonic Modulus Tester (Matec Instruments, Hopkinton, MA, USA). Axially-polarized and cylindrically-polarized transducers generated 50 MHz longitudinal and 20 MHz shear stress pulses, respectively. The reflections of the stress pulse from the front and back surfaces of the specimens were continuously monitored by a computer. The software system allowed the reflections to be frozen in the computer at any time from which the transit time (round trip) for reflections was measured and the velocity of longitudinal (ϑ l) and shear waves (ϑ s) were determined. Then, the isotropic shear modulus (μ), the Young’s modulus (E), the bulk modulus (B), and the Poissons ratio (ν) are given by μ=ρϑs2 E=2(1+ν)μ B=Eμ3(3μ−E) ν=2−R2(1−R)withR=ϑlϑs2. For each specimen, an average of three measurements of ϑ l and ϑ s was taken to calculate the elastic constants. The specimen density (ρ) of the alloys was calculated from the lattice parameter measured by X-ray diffraction. The measured elastic moduli according to eqs (10)–(13) are listed in Table 6 ."
            ],
            "name": "Experimental",
            "type": "ce_section"
        }
    ],
    "Title": "The isotropic shear modulus of multicomponent Fe-base solid solutions",
    "abstract": "A critical analysis of the available experimental data for the effect of alloying elements on the isotropic shear modulus of bcc (body-centered cube) Fe-X (X=Al, Be, C, Co, Cr, Ge, Ir, Mn, Ni, Pt, Re, Rh, Ru, Si and V) solid solutions is carried out. The total effect of a solute on the shear modulus is decomposed into two contributions: the electronic (or chemical) and the volumetric. A systematic trend of the electronic contribution is demonstrated as a function of electron-to-atom (e/a) ratio and the ground-state electronic configuration of the solute atom. Based on the demonstrated trend, we predict the chemical contribution of the shear modulus of Cu, Mo, N, Nb. Ti and W in ferromagnetic alpha-Fe (bcc), and that of Ti and V in paramagnetic gamma-Fe [face-centered cube (fcc)]. These along with the corresponding volumetric contributions enable us to predict the total effect of a solute on the shear modulus in alpha-Fe and gamma-Fe. In the case of gamma-Fe, we derive the chemical and volumetric contributions of Ni and Pt from the experimental shear modulus data of paramagnetic Fe-Ni and Fe-Pt alloys while those of C, Co, Cr, Mn. Mo, N and Si are derived front the shear modulus of paramagnetic Fe-Ni-X alloys. In the case of Al. Be, Cu, Ge, Ir, Nb, Re, Rh, Ru and W, the total effect oil the shear modulus is calculated by assuming that the electronic contribution to the shear modulus in gamma-Fe is the same as in alpha-Fe. To calculate the isotropic shear modulus of multicomponent bcc and fcc solid Solutions, we propose linear superposition laws. The proposed relationships are validated using the experimental data of a large number of multi-component alloys having austenitic, ferritic, and lath martensitic microstructures. It is demonstrated that for all three microstructures. in most cases the shear modulus can be predicted with an accuracy of +/-3% in multicomponent solid solutions. It is also found that the high dislocation density in lath martensite accounts for a decrease in shear modulus by about 5% compared to the ferritic counterpart. We also demonstrate that the temperature dependence of shear modulus in multicomponent bee and fcc solid solutions is similar to that of pure alpha- and gamma-Fe. respectively, for up to about 800 K. (C) 2002 Acta Materialia Inc. Published by Elsevier Science Ltd. All rights reserved."
}