{
    "DOI": "10.1016/S0921-5093(02)00860-2",
    "Journal": "Materials Science and Engineering: A",
    "Keywords": [
        "Particle coarsening",
        "Hardness and tensile properties",
        "Mechanical alloying",
        "Al-based materials"
    ],
    "Sections": [
        {
            "content": [
                "MA material (Al–0.35Li–1Mg–0.25C (wt.%)+7.5vol.%TiO2≡Al–6.7Ti–4.5O–0.35Li–1Mg–0.25C (wt.%)), and tensile test specimens of the same composition, were supplied by the Defence Evaluation and Research Agency (DERA) and Aerospace Metal Composites (AMC) at Farnborough, UK. Fabrication involved blending ultrafine TiO2 particles (size ∼10 nm, consisting of a mixture of brookite, anatase, and rutile polymorphs) with aluminium and magnesium powder, elemental carbon, and a particulate form of lithium which ‘breaks down’ during thermal processing. After blending, the powders were milled with no coolant and then placed in a metal can, before degassing 24 h at 500 °C. Consolidation was achieved by hot isostatic pressing at the same temperature, followed by hot extrusion at ∼520 °C to rod 7 mm diameter. An extruded bar of dimensions 150 mm long×60 mm wide×15 mm thick was also produced for the tensile test specimens.",
                "For heat treatment, discs of dimensions 2 mm thick×7 mm diameter sliced from the extruded rod, and tensile test pieces (according to BS 484 318, gauge length 28 mm), were wrapped in aluminium foil and placed in a high purity aluminium metal block (99.99% pure) which had been pre-heated to the desired temperature in the heat treatment furnace. Disc samples were heat treated in a Lenton muffle furnace at 500, 550, 600, and 655 °C for times up to 750 h. Some tensile test specimens were heat treated for 48 h at 500 and 550 °C prior to testing. On removal from the furnaces, samples were quenched immediately into cold water and left there for 40 s.",
                "Room temperature tensile testing was carried out in a Hounsfield machine at a crosshead velocity of 0.5 mm min−1, while 300 °C testing was carried out (at DERA) in a Zwick 1474 machine at a crosshead velocity of 2 mm min−1 (both machines were operated with a 100 kN load cell). Computer software derived the yield strength (YS) and ultimate tensile strength (UTS) of the sample being tested. However, since elongation to fracture values could not be obtained from the software used, this was determined from the gauge lengths after testing. Tensile fracture surfaces were examined in a Jeol 6400 SEM using secondary electrons with an accelerating voltage of 20 kV.",
                "Thin foil preparation for transmission electron microscopy (TEM) first involved spark erosion, where 3 mm discs were cut from the as-extruded and heat treated samples (see above). These were ground to thickness ∼80 μm and dimpled to ∼20 μm in the centre before being ion beam milled using a Gatan PIPS operating at 4 kV with a 3–4° incidence angle. TEM examinations were carried out in a Philips 420T microscope operating at 120 kV. Al3Ti particle size measurements were obtained from TEM micrographs after heat treatment at 655 °C, which necessitated up to 36 micrographs for each condition. These measurements were only obtained from elongated Al3Ti particles. Grain size measurements were obtained directly from TEM negatives from several regions in the microstructure (10–20 micrographs used). Al3Ti was generally indexed according to its DO22 crystal structure, but this was not presumed to be the only modification of Al3Ti present in the material.",
                "X-ray diffraction (XRD) was performed with a Philips PW1710 diffractometer (controlled using Sietronics software) operating with monochromatic CoKα radiation (λ=1.788965 Å). Samples were scanned between 25 and 120° (2θ) using a step size of 0.02° and a slow scan speed (0.12° min−1). These samples were ground conventionally and lightly etched for 10–20 s in a 2.5 M aqueous solution of NaOH before being scanned. Hardness testing was carried out using a 200 g or a 1 kg load for 10 s (the load used depended on the heat treatment condition) on a Leco M400 hardness machine with a Vickers indenter fitted. Twenty measurements were taken from random positions in the sample."
            ],
            "name": "Experimental",
            "type": "ce_section"
        },
        {
            "content": [
                "Heat treatment for 24 h at 655 °C produced more elongating and faceting of the Al3Ti dispersoids, as shown in Fig. 3 (a). Fig. 3(b) confirms that this is an Al3Ti particle. Such particles may have formed during solid-state heat treatment due to coalescence of rounded Al3Ti dispersoids (Fig. 3(c and d)), as indicated by an arrow in Fig. 3(c). Al3Ti coalescence may have been assisted by dislocations during this period of heat treatment (Fig. 3(e)). Heat treatment for 168 h at 655 °C produced what could be strain localisation at the aluminium/Al3Ti interface (Fig. 3(f)).",
                "After heat treatment at 655 °C, the Al3Ti particles typically displayed one of two orientation relationships with the α-Al matrix (Fig. 4 (a–d)):",
                "(020)α-Al//(002)Al3Ti; [001]α-Al//[010]Al3Ti (Fig. 4(a and b));",
                "(111)α-Al//(211)Al3Ti; [111]Al3Ti//[112]α-Al (Fig. 4(c and d)).",
                "Contrary to heat treatments for shorter times at 655 °C (i.e. 24 and 168 h), partial melting of the sample occurred between 168 and 750 h, and because of this, the sample diameter had increased substantially in the furnace after 750 h at this temperature. It is important to note that there was no melting of the pure aluminium metal block though. After 750 h at 655 °C, the Al3Ti dispersoids had coalesced considerably, see Fig. 4(e), but there were also individual ones present with sizes ≥0.3 μm (inset DP shows identification of this phase from the coalesced region, arrowed). Since the majority of dispersoids had been ‘swept away’ in the liquefied matrix, the grain size was relatively large (≥14 μm) after cooling, see Fig. 4(f). The aluminium grains were often larger than shown in Fig. 4(f).",
                "Table 3 shows the average length (l), width (w), ‘equivalent’ spherical particle volume and aspect ratio for the more elongated Al3Ti particles after 24, 48, 120 and 168 h at 655 °C. The average Al3Ti aspect ratio was approximately 3 after 24 and 48 h at 655 °C, but after 120 and 168 h at this temperature, the aspect ratio was approximately 2. The maximum aspect ratio for the conditions examined was 6. Compared with the measurements after 24 h at 655 °C, the particle volume had more than doubled after 168 h at this temperature. Fig. 5 shows a plot of the ‘equivalent’ spherical volume against time at 655 °C for the elongated Al3Ti dispersoids."
            ],
            "name": "TEM observations after heat treatment and coarsening of Al3Ti at 655 °C",
            "type": "ce_section"
        }
    ],
    "Title": "The effect of heat treatment at 500–655 °C on the microstructure and properties of mechanically alloyed Al–Ti–O based material",
    "abstract": "The microstructure, hardness, and tensile properties of a mechanically alloyed Al-0.35Li-1Mg-0.25C (wt.%)+7.5vol.%TiO2 material are reported, both as-extruded, and after heat treatments at 500-655 degreesC for times up to 750 h. Both X-ray diffraction (XRD) and transmission electron microscopy (TEM) showed presence, as-extruded, of Al3Ti, cubic TiO (C-TiO), and monoclinic TiO (M-TiO) and, in addition, Al4C3, MgO, and TiO2 (brookite, anatase, and rutile) were identified by TEM. The Al3Ti dispersoids (displaying typically one of two orientation relationships with the alpha-Al matrix) were essentially spherical, as-extruded, and generally of size 90-150 nm, becoming more elongated and faceted at 655 degreesC, at which temperature the particle volume increased by a factor of 2.3 between 2.4 and 168 h exposure. Hardness increased by similar to4, 3, 10 and 23% in 504 h at 500 degreesC, and 24 h at 550, 600 and 655 degreesC, respectively, attributable mainly to further reduction of C-TiO and M-TiO to form additional Al3Ti. Al2O3 (mainly the a-variant) was an additional reaction product detected by XRD after 24 h at 655 degreesC. The starting grain size (0.49 +/- 0.18 mum) was unaffected by heat treatment for 24 h at 500 or 550 degreesC, and increased by only similar to20% during 168 h at 655 degreesC. Compared with 24 h at 655 degreesC, the hardness reduced by similar to4 and 78% after 168 and 750 h at this temperature, respectively. While heat treatment for 48 h at 500 degreesC had little effect on tensile properties, 48 h at 550 degreesC increased the room temperature yield strength and ultimate tensile strength by similar to7 and 13%, while the elongation to fracture was almost halved compared with the as-extruded condition. Fracture surfaces after room temperature testing, as-extruded, or following heat treatment for 48 h at 550 degreesC, were ductile, while cleavage fracture resulted from tests at 300 degreesC, following heat treatment for 48 h at 500 degreesC. (C) 2002 Elsevier Science B.V. All rights reserved."
}