{
    "DOI": "10.1016/S1359-6462(00)00585-6",
    "Journal": "Scripta Materialia",
    "Keywords": [
        "Ruthenium",
        "Ageing",
        "Hardness",
        "Precipitation",
        "Oxidation"
    ],
    "Sections": [
        {
            "content": [
                "The experimental approach has been described previously . Alloys were prepared by button-arc melting electrolytic-grade raw materials. Additions of 1, 2 and 4 wt% Ru were made to Fe-20Cr-5Al and Fe-35Cr-5Al base compositions. In a second round of testing, alloys with Al:Ru ratios closer to a 1:1 stoichiometry, namely Fe-20Cr-1Al-3.75Ru and Fe-35Cr-1Al-3.75Ru, were examined. Following an initial 1 hour solution heat treatment and quench from 1523 K, isothermal ageing was carried out at 823, 973 and 1123 K. Vickers hardnesses (HV20) were taken as a measure of the mechanical response, and are reported as the average of at least five determinations. TEM specimens were prepared by twin-jet polishing in a 133 ml glacial acetic acid, 25 g CrO3, and 7 ml H2O solution at room temperature. The samples were analysed in a Phillips CM200 TEM with energy dispersive spectroscopy (EDS) facilities."
            ],
            "name": "Experimental",
            "type": "ce_section"
        }
    ],
    "Title": "Precipitation strengthening and age-hardening in ferritic Fe-Cr-Al-Ru alloys",
    "abstract": ""
}