{
    "Sections": [
        {
            "name": "Specimen Preparation and Heat Treatment",
            "content": [
                "The chemical composition of 304L SS used in the present investigation is given in Table 1. Solution annealed heat treatment was carried out at 1323 K for 30 min followed by water quenching. Heat treatment of sensitized 304L SS specimen was carried out at 948 K for 1 h followed by air cooling, as per standard ASTM A262 . 304L SS weld pads were prepared by joining 150 mm × 150 mm × 12 mm (l × w × t) 304L SS plates using 308L filler wire, by Gas Tungsten Arc Welding process. Composition of 308L SS electrode and the welding parameters are given in Tables 2–3. For preparing thermally aged 304L SS weld specimens, as-welded specimens were heat treated at 1023 K for 100 h. 304L SS weld and thermally aged 304L SS weld specimens of size 5 mm × 5 mm × 5 mm were cut from the centre of the weld pad as shown in Fig. 1. Specimens were mounted using araldite and hardener such that the cross section of the 304L SS weld and thermally aged 304L SS weld were exposed to the experimental solution. Specimens were then mechanically ground using SiC abrasive sheet till 1000 grit size and subsequently polished up to 1 µm diamond finish. Specimens were cleaned with soap solution and dried using acetone."
            ]
        },
        {
            "name": "Potentiodynamic anodic polarization experiments",
            "content": [
                "Potentiodynamic anodic polarization experiments were carried out using Autolab PGSTAT 30 (Ecochemie make, The Netherlands) as per ASTM G5  and G59 . Polarization experiments for solution annealed, sensitized and 304L SS weld were carried out in 3 M HNO3 and simulated HLW solution. Composition of simulated HLW used for the study is given in Table 4. This composition simulated the HLW from reprocessing of fuel from one of the Indian thermal nuclear power plant. Experimental setup comprised of three electrodes, namely working, Ag/AgCl (3 M KCl) reference and platinized platinum counter electrode. Test solution was filled in the polarization cell and luggin probe, without any air gap. Polished specimen was immersed in test solution and connected to working electrode of the Autolab PGSTAT 30 potentiostat. All the experiments were carried out at 298 K. Open circuit potential (OCP) of the specimen in the test solution was measured for half an hour. Subsequently, potentiodynamic anodic polarization experiment was started at potentials of 200 mV (Ag/AgCl, 3 M KCl) below OCP, at a scan rate of 10 mV per minute. The experiments were continued until transpassive region, where steady increase in anodic current was observed. After the experiment, specimens were removed, cleaned, dried and observed under optical microscope. Electrochemical parameters such as Ecorr, transpassive potential (Tp) and passivation current density (ipass) were obtained from the polarization curves. Experiments were individually carried out for solution annealed 304L SS, sensitized 304L SS, 304L SS weld and thermally aged 304L SS weld specimens in 3 M HNO3 and simulated HLW. All the experiments were repeated three times."
            ]
        }
    ],
    "abstract": "The effect of oxidizing ions present in simulated high level liquid waste (HLW) on the corrosion behaviour of solution annealed, sensitized 304L SS and 304L SS weld was investigated by potentiodynamic anodic polarization technique. Potentiodynamic anodic polarization studies showed a higher passivation current density and increased corrosion potential (E-corr) in simulated HLW when compared to 3 M HNO3 in all the specimen mentioned above. In addition, the effect of microstructure of thermally aged 304L SS weld on the corrosion behavior was investigated in simulated HLW medium. Thermal ageing of 304L SS weld was carried out at 1023 K/100 h. Optical microscopy confirmed step microstructure for solution annealed and ditch microstructure for the sensitized specimens. The weld region was found to possess delta-ferrite distributed in austenite matrix. Thermal ageing resulted in fragmentation/dissolution of delta-ferrite and transformation of delta-ferrite to carbides and sigma phases. The thermally aged 304L SS weld specimen showed only a marginal decrease in corrosion resistance in simulated HLW when compared to the 304L SS weld."
}