{
    "DOI": "10.1016/j.ijadhadh.2008.02.001",
    "Journal": "International Journal of Adhesion and Adhesives",
    "Keywords": [
        "Dielectric spectroscopy",
        "Non-destructive testing",
        "Epoxy/epoxides",
        "Aluminium and alloys",
        "Aging",
        "Environmental issues"
    ],
    "Sections": [
        {
            "content": [
                {
                    "content": [
                        "The adhesive was supplied by Vantico (now Huntsman) and is composed of a blend of epoxy resins; 30% N,N,N′,N′-tetraglycidyl-4,4′-diaminodiphenylmethane; 40% epoxy phenol novolak resin; 30% triglycidyl-p-aminophenol . This blend imparts high temperature performance to the adhesive and balances strength and impact performance. Cure is achieved using a mixture of amines: 20% tetraethylene pentamine, 15% 2-piprazin-1-ylethylmine, 15% cycloaliphatic polyamine. The aluminium adhesive joints were fabricated from aluminium sheet supplied by British Aerospace, Prestwick and designated Series 2000-MTL Spec L166 T4 material, clad in 99.5% pure aluminium. The sheet was surface pre-treated at Prestwick and consisted of the following procedures; a degrease, alkaline clean, chromic/sulphuric acid pickle, chromic acid anodize and application of a corrosion resistant primer (low viscosity epoxy resin). An oxide layer of ∼400 nm was produced and the substrates were stored in polyethylene sheets and bonded within 2 weeks. For the aluminium joints, the bondline thickness was 0.2 mm, Teflon inserts were used to keep the bondline thickness constant and formed pre-crack for the cleavage measurements. Cure involved heating from room temperature to 125 °C min−1 at 5 °C min−1, then holding for 60 min, followed by cooling cycle at 5 °C min−1 to room temperature."
                    ],
                    "name": "Materials",
                    "type": "ce_section"
                },
                {
                    "content": [
                        "The joints were exposed to seven fluid environments commonly encountered by aircraft. The exposure temperature used was 65 °C, except form dichloromethane which because of its high volatility was used at room temperature. The various environments used were:",
                        "Dichloromethane—as it used to be used extensively as a paint stripper.",
                        "AVTUR F-34 this is an aviation fuel.",
                        "Propyleneglycol—this is a significant component of many deicing fluids.",
                        "OM-18 DEF STAN 91-48—a typical hydraulic fluid.",
                        "De-ionized water—a commonly used ageing environment for joints.",
                        "Simulated sea water—ASTM D1141-90 .",
                        "Urea solution {∼0.15 M} to simulate problems of urea collection in the bilge.",
                        "Sandwich specimens were cut for dielectric and mechanical testing with dimensions: 75×0×3.5 mm. The strips were aged in jars filled with appropriate fluids At regular intervals dielectrically and mechanical measurements were performed on the joints."
                    ],
                    "name": "Exposure to various environments",
                    "type": "ce_section"
                },
                {
                    "content": [
                        "Permittivity and loss values were recorded over the frequency range 0.1 Hz to 63 kHz using a frequency response analyser and over the frequency range 30 kHz to 6 GHz using a network analyser as described previously ."
                    ],
                    "name": "Dielectric analysis",
                    "type": "ce_section"
                },
                {
                    "content": [
                        "The mechanical tests conducted were Mode I and Mode II, this determined the cleavage and shear properties, respectively, of the bonded joints.",
                        {
                            "content": [
                                "The cleavage joint tests were carried out according to ASTM D 3433-93—fracture strength in cleavage of adhesives in bonded metal joints . The cleavage joints were 100 mm, with a pre-crack length of 25 mm. Two loading blocks were fixed at the ends of the joint using Loctite Superglue Gel. The load was applied using a Zwick tensile testing machine at a free cross-head separation rate of 3.00 mm min−1. Crack growth was monitored using a high resolution travelling microscope. The procedure used has been described previously . Five joints were tested for each mechanical test to minimize experimental scatter. The Mode I interlaminar fracture toughness, G Ic (J m−2), was calculated using GIc=4L2(3a2+h2)EB2h3, where L is the load to start the crack (N), a is the crack length from the centre of the loading holes (mm), h is the adherend thickness (mm), E is the tensile modulus of the adherend, and B is the joint width (mm)."
                            ],
                            "name": "Cleavage test",
                            "type": "ce_section"
                        },
                        {
                            "content": [
                                "The shear joint test was carried out according to ASTM D 3165-91—tension loading of single lap joint laminated assembly . The joints were notched so as to create a well-defined overlapping area; 13 mm (L)×10 mm (W)."
                            ],
                            "name": "Shear test",
                            "type": "ce_section"
                        }
                    ],
                    "name": "Mechanical testing",
                    "type": "ce_section"
                }
            ],
            "name": "Experimental",
            "type": "ce_section"
        },
        {
            "content": [
                {
                    "content": [
                        "The adhesive was supplied by Vantico (now Huntsman) and is composed of a blend of epoxy resins; 30% N,N,N′,N′-tetraglycidyl-4,4′-diaminodiphenylmethane; 40% epoxy phenol novolak resin; 30% triglycidyl-p-aminophenol . This blend imparts high temperature performance to the adhesive and balances strength and impact performance. Cure is achieved using a mixture of amines: 20% tetraethylene pentamine, 15% 2-piprazin-1-ylethylmine, 15% cycloaliphatic polyamine. The aluminium adhesive joints were fabricated from aluminium sheet supplied by British Aerospace, Prestwick and designated Series 2000-MTL Spec L166 T4 material, clad in 99.5% pure aluminium. The sheet was surface pre-treated at Prestwick and consisted of the following procedures; a degrease, alkaline clean, chromic/sulphuric acid pickle, chromic acid anodize and application of a corrosion resistant primer (low viscosity epoxy resin). An oxide layer of ∼400 nm was produced and the substrates were stored in polyethylene sheets and bonded within 2 weeks. For the aluminium joints, the bondline thickness was 0.2 mm, Teflon inserts were used to keep the bondline thickness constant and formed pre-crack for the cleavage measurements. Cure involved heating from room temperature to 125 °C min−1 at 5 °C min−1, then holding for 60 min, followed by cooling cycle at 5 °C min−1 to room temperature."
                    ],
                    "name": "Materials",
                    "type": "ce_section"
                },
                {
                    "content": [
                        "The joints were exposed to seven fluid environments commonly encountered by aircraft. The exposure temperature used was 65 °C, except form dichloromethane which because of its high volatility was used at room temperature. The various environments used were:",
                        "Dichloromethane—as it used to be used extensively as a paint stripper.",
                        "AVTUR F-34 this is an aviation fuel.",
                        "Propyleneglycol—this is a significant component of many deicing fluids.",
                        "OM-18 DEF STAN 91-48—a typical hydraulic fluid.",
                        "De-ionized water—a commonly used ageing environment for joints.",
                        "Simulated sea water—ASTM D1141-90 .",
                        "Urea solution {∼0.15 M} to simulate problems of urea collection in the bilge.",
                        "Sandwich specimens were cut for dielectric and mechanical testing with dimensions: 75×0×3.5 mm. The strips were aged in jars filled with appropriate fluids At regular intervals dielectrically and mechanical measurements were performed on the joints."
                    ],
                    "name": "Exposure to various environments",
                    "type": "ce_section"
                },
                {
                    "content": [
                        "Permittivity and loss values were recorded over the frequency range 0.1 Hz to 63 kHz using a frequency response analyser and over the frequency range 30 kHz to 6 GHz using a network analyser as described previously ."
                    ],
                    "name": "Dielectric analysis",
                    "type": "ce_section"
                },
                {
                    "content": [
                        "The mechanical tests conducted were Mode I and Mode II, this determined the cleavage and shear properties, respectively, of the bonded joints.",
                        {
                            "content": [
                                "The cleavage joint tests were carried out according to ASTM D 3433-93—fracture strength in cleavage of adhesives in bonded metal joints . The cleavage joints were 100 mm, with a pre-crack length of 25 mm. Two loading blocks were fixed at the ends of the joint using Loctite Superglue Gel. The load was applied using a Zwick tensile testing machine at a free cross-head separation rate of 3.00 mm min−1. Crack growth was monitored using a high resolution travelling microscope. The procedure used has been described previously . Five joints were tested for each mechanical test to minimize experimental scatter. The Mode I interlaminar fracture toughness, G Ic (J m−2), was calculated using GIc=4L2(3a2+h2)EB2h3, where L is the load to start the crack (N), a is the crack length from the centre of the loading holes (mm), h is the adherend thickness (mm), E is the tensile modulus of the adherend, and B is the joint width (mm)."
                            ],
                            "name": "Cleavage test",
                            "type": "ce_section"
                        },
                        {
                            "content": [
                                "The shear joint test was carried out according to ASTM D 3165-91—tension loading of single lap joint laminated assembly . The joints were notched so as to create a well-defined overlapping area; 13 mm (L)×10 mm (W)."
                            ],
                            "name": "Shear test",
                            "type": "ce_section"
                        }
                    ],
                    "name": "Mechanical testing",
                    "type": "ce_section"
                }
            ],
            "name": "Experimental",
            "type": "ce_section"
        }
    ],
    "Title": "Environmental effects on the ageing of epoxy adhesive joints",
    "abstract": "Adhesive bonded joints are exposed to a range of different environments in aerospace applications. This paper reports dielectric and mechanical analysis of aluminium-epoxy bonded adhesives joints exposed to de-ionized water, aqueous urea solution and salt water at 65 degrees C. The changes observed are the results of plasticization and corrosion. In the case of the aqueous urea solution, passivation of the oxide by the urea reduced the rate of corrosion. Sea water contains mobile ions and a new feature is detected associated with filiform corrosion. The non-polar media aviation fuel and hydraulic fluid are able to plasticize the adhesive and there is a consequent reduction in the strength of the joint. Propylene glycol, although it is polar solvent, produces limited plasticization and degradation of the joints. Dichloromethanc was very aggressive and produced a rapid loss of strength of the joints. (C) 2008 Elsevier Ltd. All rights reserved."
}