{
    "Sections": [
        {
            "name": "Sample Preparation, Heat Treatment, and Hardness Testing",
            "content": [
                "Coupons were mounted using Epoxy or conductive Bakelite for hardness testing using a Buehler Micromet II (Buehler Ltd., Lake Bluff, IL) digital microhardness tester along the centerline of the weld from the top surface to bottom surface on the long transverse–short transverse (LT-ST) plane (Figure 1). The samples were mechanically polished, and a load of 50 g force and dwell time of 15 seconds were used. At least five Vickers microhardness test values were recorded at each distance from the top surface near the centerline and were averaged after excluding the maximum and minimum values in order to minimize the effect of locally varying conditions, such as locating the indentation on a cluster of particles. The typical scatter of the three remaining values is ±2 Hv. Along the thickness, ten positions were measured for Vickers hardness. Therefore, a minimum of 50 hardness measurements were made on each welded sample. For unwelded specimens, the measurements were averaged to obtain a single hardness value."
            ]
        },
        {
            "name": "EBSD Procedures",
            "content": [
                "Samples for EBSD analysis were polished as for OM and then using the 0.05 μm colloidal silica in a vibratory polisher. EBSD scans were conducted using the OIM4 Data Collection Program on a PHILIPS5 XL-30 environmental scanning electron microscope (25 kV) with a field emission gun (FEG). LAB measurement was found to depend on the settings of EBSD collection, especially on step size, the binning of Kikuchi band images, and the minimum cutoff misorientation value. The step size of the scans was chosen to be 0.25 μm, the binning for the Kikuchi pattern image to be 4 × 4, and the minimum cutoff value was 3 deg. LABs in this article are defined as having misorientation angles from 3 to 15 deg. For most scans, the scan area was 50 × 50 μm2. Hough peaks of scanned points were collected first. Using the known crystallographic structures of Al, (Fe,Mn)Al6, Mg2Si, Mg5Al8, and (Fe,Cr)Al7, and Al2O3 phases, the initially collected Hough-peak data were used to generate orientation data for identifying these phases."
            ]
        },
        {
            "name": "SEM Procedures",
            "content": [
                "Samples for SEM investigation were prepared as for EBSD. A PHILIPS XL-30 environmental scanning electron microscope (with a FEG) was operated at 15 kV for imaging, and energy-dispersive X-ray spectroscopy (EDS) was used for chemical analysis. A Sirion high-resolution FEG-SEM (FEI Worldwide Corporate Headquarters, Hillsboro, OR) was operated at 5 kV under BSE mode for analyzing second-phase particles larger than 0.2 μm. All photomicrographs were taken under a constant magnification of 1500 times. Approximately 3000 particles were analyzed. The resolution of these photomicrographs was such adjusted to make a single pixel size corresponding to 0.016 μm. A low electron voltage of 5 kV was used to reduce the information depth in order to more faithfully reproduce the assumed 2-D condition. Compared with an information depth of about 400 nm at 10 kV, it is only about 120 nm for a 5 kV beam."
            ]
        },
        {
            "name": "Transmission Electron Microscopy Procedures",
            "content": [
                "Second-phase particles smaller than 0.2 μm were imaged using transmission electron microscopy (TEM). Thin-foil disk specimens from various weld locations were mechanically thinned to about 120 μm and then electropolished using a solution of 70 pct methanol and 30 pct nitric acid at about 261 K (–12 °C). A PHILIPS CM-12 transmission electron microscope was used, operating at 120 kV. Convergent beam electron diffraction was used for sample thickness estimation. Because of the projection nature of TEM imaging and following the general assumption that all particles are spherical, the measured sizes can be taken as 3-D sizes. Volume fractions of particles were obtained by the total volume of particles divided by the measured sample volume (imaging area times sample thickness)."
            ]
        },
        {
            "name": "Experimental Results",
            "content": [
                "As shown in Figure 6, coarse grains begin to appear at the top surface at 693 K (420 °C) for 5-minute annealing. For higher annealing temperatures, the coarse-grained area extends downward progressively. For 783 K (510 °C) and above, the whole weld region becomes coarse grained. A closer examination of the 783 K, 813 K, and 833 K (510 °C, 540 °C, and 560 °C) annealing cases shows that the final grain size in the center of the sheet decreases as the annealing temperature increases. Also, elongated coarse grains begin to extend into the base material at these temperatures. This observation differs from an earlier report that coarse grains cannot extend outside of FSW welds into the base metal."
            ]
        },
        {
            "name": "Recovery Annealing Tests",
            "content": [
                "A series of two-stage heat treatments was conducted to probe the nature of the driving force for the formation of the coarse grains. Recovery anneals of FSW-H2 material were performed over a range of times and temperatures as follows: 353 K (80 °C)/1 h, 423 K (150 °C)/1 h, 473 K (200 °C)/1 h, 523 K (250 °C)/1 h, 573 K (300 °C)/1 h, 623 K (350 °C)/1 h, 623 K (350 °C)/24 h, 643 K (370 °C)/24 h, and 653 K (380 °C)/24 h. (Temperatures above 653 K (380 °C) were not used, because at 653 K (380 °C), large grains were formed at the boundary of the weld nugget (Figure 9), as marked in Figure 9(a), view (3).) Also shown in Figure 9, even the most aggressive recovery anneal has no apparent effect on the formation of large grains during the subsequent QPF heat treatment. With or without the recovery anneal, the QPF heat treatment produces coarse grains only in the upper fourth of the H2 weld."
            ]
        },
        {
            "name": "Possible Methods to Avoid AGG",
            "content": [
                "The first increases the as-welded grain size to move the pinning parameter to higher values (more particles per grain boundary area). For the alloy and cases shown in this study, an average grain size greater than 4 μm should prevent AGG throughout the weld zone. The grain size after FSW depends on the relative rates of dynamic recrystallization (favored by large strains) and grain growth (favored by high temperatures for longer times). The changes to the process to obtain >4 μm grains (from 2 to 3 μm) should not be overwhelming. The result is likely attainable by several means or a combination therein: (1) adjusting welding parameters in the normal FSW process to obtain a higher heat input and thus increasing grain growth relative to dynamic recrystallization rates (consistent with literature); (2) adding an auxiliary heat source during the welding for the same effect; or (3) by changing the shape of the tool, penetration, angle, or surface condition to reduce the peak strains in the weld zone.",
                "A second method to increase particle pinning involves changing the alloy content to obtain higher pinning parameters by changing the particle size and volume fraction. For the minimum grain size of the current welds (2 μm), particle dispersion greater than 0.2 μm−1 (double the current level) must be attained to prevent AGG throughout the weld zones. While this could be attained by doubling the Mn content to double the number of small dispersoid (Mn)Al6 particles (say, by raising the Mn content by 0.8 wt pct), this may be disadvantageous in terms of promoting more large eutectic particles of the same type. Additions of zirconium may be a better choice, because it forms finer coherent ZrAl3 particles in the size range 0.025 to 0.1 μm, with twice the pinning power because of their coherency. For an assumed average ZrAl3 particle size of 0.05 μm, the required Zr addition to prevent AGG represents a volume fraction of 0.0027 corresponding to a weight percentage of 0.2 pct."
            ]
        }
    ],
    "abstract": "Friction stir welding (FSW) takes place in the solid state, thus providing potential advantages of welds of high strength and ductility because of fine microstructures. However, post-FSW heat treatment can create very coarse grains, potentially reducing mechanical properties. AA5083-H18 sheets were friction-stir butt welded using three sets of welding parameters representing a wide range of heat input. They were then heat treated for 5 minutes at 738 K(465 degrees C), producing grain sizes exceeding 100 mu m near the top weld surfaces, with the coarse grains extending toward the bottom surface to various degrees depending on the welding parameters. Electron backscatter diffraction (EBSD), transmission electron microscopy (TEM), scanning electron microscopy (SEM), optical metallography, inductively coupled plasma-mass spectrometry, and Vickers hardness testing were used to characterize the regions within welds. Particle pinning was determined quantitatively and used with Humphreys' model of grain growth to interpret the behavior. The mechanism responsible for forming the large grains was identified as abnormal grain growth (AGG), with AGG occurring only for regions with pre-heat-treatment grain sizes smaller than 3 mu m. Second-phase particle volume fractions and sizes, textures, and solute concentrations were not significantly different in AGG and non-AGG regions. Ultrafine grain layers with grain diameters of 0.3 mm were characterized and had high densities of pinning particles of MgSi2, Al2O3, and Mg5Al8. Strategies to eliminate AGG by alloy and weld process design were discussed."
}