{
    "DOI": "10.1016/j.ijfatigue.2020.105926",
    "Journal": "International Journal of Fatigue",
    "Keywords": [
        "Co-Cr-Mo alloy",
        "Fatigue",
        "Heat treatments",
        "Notch",
        "SLM"
    ],
    "Sections": [
        {
            "content": [
                {
                    "content": [
                        "A commercial Co-Cr-Mo powder produced by LaserForm® was used. Its nominal composition is reported in Table 1 .",
                        "The size and shape of powder particles were preliminarily investigated on three samples which were analyzed using scanning electron microscope (SEM) (LEO EVO-40 XVP), acquiring ten different images at the 5000× magnification for each sample. As shown in Fig. 1 , the powder consisted of particles with spherical shape and different diameters (range 1.1–23.8 µm, average dimension 6.9 ± 1.95 µm). Assuming as a reference UNI EN ISO 643 and ASTM E112 for grain's dimension in steels, the particles could be further classified according to their average dimensions as large (12 ± 1.91 µm), medium (5.8 ± 1.45 µm) and small (2.8 ± 1.45 µm) size.",
                        "The specimens for mechanical characterization and fatigue were produced by means of SLM with a ProX® DMP 100 system. Fig. 2 shows the geometries of dogbone specimens for tensile tests and smooth and V-notched specimens used for fatigue testing.",
                        "The specimens were built along the vertical direction (see Fig. 3 a), with a layer thickness of 30 µm, and a hatching distance of 10 µm. For each printing session 20 specimens were printed (see example for smooth V-notched specimens in Fig. 3b). No surface treatment was applied to the fabricated specimens."
                    ],
                    "name": "Powder, processing parameters and specimen geometry",
                    "type": "ce_section"
                },
                {
                    "content": [
                        "In SLM products post-fabrication heat treatments have a considerable influence on the mechanical properties of Co-Cr-Mo alloys. In fact, in as-built condition, the microstructure usually consists of fine elongated grains with preferential orientation associated with the build direction, which may result in a directional dependency of tensile and fatigue properties. Post-treatments may help to remove accumulated thermal stresses and modify the microstructure in terms of phases, grain size, and porosity, potentially improving associated tensile or fatigue properties.",
                        "In the present study, two types of post-production treatments were considered, HIP and vacuum heat treatment, so as to provide evidence of the differences between pressurization and vacuum conditions.",
                        "HIP is a form of heat treatment combined with high pressure in which time at elevated temperature and pressure allows plastic deformation, creep, and diffusion to occur. It was selected because it is often considered as the most effective post-manufacturing treatment available for remedying process-related defects of AM parts and improving their fatigue performance [19]. HIP is a special process that requires dedicated technologies and a high-pressure chamber, to deal with elevated temperature and the high involved pressures, usually applied by means of an inert gas (argon). In the present study, HIP process was carried out at the Bodycote plant of Coordonnées (Magny Cours France) and specimens were treated at 1200 °C under a pressure of 1020 bar for four hours in a shared cycle in argon environment that the company specifically adopt for this alloy.",
                        "Considering heat treatments, a survey of different heat treatments reported on technical datasheets from the manufacturers of Powder Bed Fusion (PBF) technologies and the literature showed that for this type of alloy different approaches are possible [14,17,29,30]. The main heat treatments include stress relief at 800 °C for 20 min, solution heat treatment with a sequence of steps at a temperature between 650 °C and 1050 °C and heat treatment at 1150 °C for 6 h (Laserform, Renishaw, EOS).",
                        "Among these, the heat treatment at 1150 °C for 6 h was chosen, which should promote significant changes in the microstructure, with homogenization and recrystallization leading to isotropic properties of the metal matrix. Moreover, for comparison purposes, this heat treatment features a combination of temperature and times closer to HIP and according to [17] is an effective method for eliminating the residual stress, leading to a homogenized microstructure and satisfactory ductility.",
                        "Heat Treatment on Co-Cr-Mo samples was performed by the company TAV Vacuum Furnaces (Caravaggio (BG), Italy) using a horizontal furnace for vacuum heat treatment. The specimens, before being inserted into the thermal chamber, were placed over alumina plates and then covered with a metal ring in order to keep them isolated and ensure uniformity of temperature. After reaching a high vacuum level in two minutes, the heat treatment at 1150 °C for 6 h was carried with the following steps:",
                        "Heating 1: Heating from room temperature to 950 °C (10 °C/min) with 1 mbar of partial pressure (Pp) of Ar;",
                        "Maintaining 1: Maintaining at 950 °C for 90 min with 1 mbar of Pp of Ar;",
                        "Heating 2: Heating from 950 °C (10 °C/min) to 1150° with 1 mbar of Pp of Ar;",
                        "Maintaining 2: Maintaining at 1150 °C for 360 min with 1 mbar of Pp of Ar;",
                        "Cooling: Radial cooling from 1150 °C to room temperature with 3 bars of Ar.",
                        "During the cooling phase from 1150 °C to 400 °C the cooling rate (265 °C/min) was monitored with a thermocouple. The specimens were subdivided into three groups referred to in the paper As-Built (AB), heat treated in vacuum (HT), and HIP depending on post treatment."
                    ],
                    "name": "HIP and vacuum heat treatment",
                    "type": "ce_section"
                },
                {
                    "content": [
                        "For metallographic observations, the SLM specimens, AB, HT and HIP, were sectioned both orthogonally and parallel to their axis in order to evaluate the grade of anisotropy/isotropy in each condition. Successively, they were mechanically prepared following the conventional metallographic grinding and polishing procedures (ground with SiC papers and polished with 1 μm diamond paste). A preliminary examination of the as-polished samples was carried out to study the porosity; subsequently the samples were etched using an electrolytic solution (5 ml HCl, 10 g FeCl3, 100 ml water, 6 V for few seconds), according to ASTM E-407 Standard (section for Cobalt base alloys), which allowed the microstructure observations. The microstructures were investigated on a macro scale using a LEICA DMI 5000 M optical microscope (OM) (Wetzlar, Germany) equipped with Leica Application Suite (LAS) image analyzer."
                    ],
                    "name": "Metallography",
                    "type": "ce_section"
                },
                {
                    "content": [
                        "The influence of post-treatment on the mechanical properties, in comparison with AB conditions, was investigated through hardness and tensile tests. Tensile tests were carried out on dogbone specimens as per Fig. 2a. For each specimen condition (i.e AB, HT, HIP), three dogbone specimens were subjected to tensile test on electromechanical testing machine Instron 3369 universal testing machine (50 kN) (Massachusetts, USA) using extensometer for strain measurement (approx. strain rate 0.01 s–1) following UNI EN ISO 6892-1:2009.",
                        "The influence of microstructural changes induced by HT and HIP was also investigated by carrying out micro hardness measurements, along the transversal and longitudinal direction with respect to building axis Z. Vickers micro-hardness (HV) tests were carried out on the polished cross-sections of the specimens under 300 gf load applied for 15 s, by means of a Mitutoyo micro Vickers hardness tester (Kawasaki, Japan), according to ASTM E92-16. In particular, for the Vickers micro hardness test, ten measures on mid-length cross section of each sample were carried out."
                    ],
                    "name": "Mechanical characterization: tensile and hardness tests",
                    "type": "ce_section"
                },
                {
                    "content": [
                        "Fatigue tests were carried out on an average of ten specimens for each geometry (smooth and V-notched). Axial fatigue loading was applied using an MTS Landmark servo-hydraulic test machine (Minnesota, USA) equipped with a 50 kN load cell. All tests were carried out at room temperature, under load control using a sinusoidal signal in uniaxial tension, with a frequency of 30 Hz and a load ratio of R = 0. The run-out limit was set to 2 × 106 cycles. The fracture surface of failed specimens were analyzed using scanning electron microscope (SEM) (FEI, Quanta™ 650 FEG, Oregon, USA) to evaluate the fatigue failure mechanisms."
                    ],
                    "name": "Fatigue test",
                    "type": "ce_section"
                },
                {
                    "content": [
                        {
                            "content": [
                                "Local failure approaches consist of a wide category of fatigue failure prediction methods in components with complex geometries. According to the fundamentals of these approaches, fatigue failure occurs when the key parameter (e.g. stress, strain, strain energy density (SED), etc.) reaches its critical value at a material-dependent critical distance from the notch root [31]. Among the available local fatigue approaches, average strain energy density (ASED) criterion has been widely used for failure prediction of various materials and geometries showing promising predictions by use of relatively simple procedure [32–34]. According to the ASED criterion, failure occurs when the average value of SED in a control volume around the notch is equal to a critical value. Under plane stress or plane strain states of stress, the control volume becomes an area as shown in Fig. 4 , where the size of control volume, R0 is independent of the notch geometry [35,36]. In Fig. 4, 2α is the notch opening angle, ρ is the notch root radius, R 0 is the radius of control volume, and r 0 is the distance between the notch root and the center of the circle defining the outer boundaries of the control volume in blunt notches.",
                                "Lazzarin et al. [35,37] extended the concept of ASED criterion for the synthesis of fatigue data obtained by experimentally testing different geometries of welded joints. According to their findings, ASED can provide a master curve for fatigue data of a certain material, independent of the geometry of the tested specimens. This master curve can later be used to predict the fatigue behavior of notch components of different geometries without the need to perform new experiments.",
                                "Under mode I fatigue loading, the radius of control volume, R 0 can be estimated as a function of the fatigue limit of smooth specimen, ΔσA and the notch stress intensity factor range at fatigue limit of notched specimens, ΔKAV using the following equation [35,37]: R0=2e1ΔKAVΔσA11-λ1 in which e 1 is a function dependent on the notch opening angle 2α and λ 1 is the Williams’ series eigenvalue [38]. The use of fatigue limit of smooth specimen in this formula is to quantify the influence of surface roughness and internal defects in the specimen, in the absence of any global stress concentration effect. In the current study, the fatigue limit of tested specimens was obtained at 2 × 106 cycles.",
                                "The average SED range for smooth specimens is defined as ΔW¯=Δσ/2E, in which Δσ is the applied stress range in the net section of the specimens and E is the elastic modulus of the material [35]. Dealing with blunt notches under mode I fatigue loading, the following expression can be employed to obtain the average strain energy density range [36]: ΔW¯=F(2α)×H2α,R0ρ×Δσtip2E where the function F is dependent on notch opening angle 2α, the function H is a dependent on notch opening angle 2α and the ratio of control volume radius to notch root radius (i.e. R 0/ρ) and Δσtip is the tensile stress range at the notch tip. Alternatively, the average SED range can be directly obtained using linear elastic finite element (FE) analysis."
                            ],
                            "name": "Strain energy density as a design parameter",
                            "type": "ce_section"
                        },
                        {
                            "content": [
                                "Two-dimensional linear elastic analyses were performed to obtain the stress concentration factor, Kt, and SED values. For this aim, elastic moduli and Poisson’s ratios of the tested materials were used as input in the numerical analyses. In order to assure the accuracy of the FE results, mesh convergence analyses were performed resulting in a minimum element size of 2 µm for stress analyses and a larger element size of 200 µm for SED analyses. Due to independency of SED values to the mesh size, larger element size could be used for that aim [33]. Unit stress was applied to the net section of double symmetric FE models and the peak stress at the notch tip, representing the stress concentration factor was obtained for both smooth and notched models. The fatigue notch factor, Kf was then obtained using the experimental values by dividing the fatigue limit smooth and notched specimens at 50% probability of survival considering 2 × 106 cycles as the limit number of cycles (i.e. Kf = Δσ 50%|smooth / Δσ 50%|notched). The notch sensitivity of material in various post-treatment conditions was calculated using the expression q = (Kf – 1)/(Kt – 1). According to the definition of notch sensitivity, q = 1 (i.e. Kf = Kt) represents a material which is fully sensitive to the presence of geometrical discontinuities, while q = 0 (i.e. Kf = 1) represents equal fatigue strength of smooth and notched specimens revealing a material insensitive to the presence of geometrical discontinuities."
                            ],
                            "name": "Numerical analysis",
                            "type": "ce_section"
                        }
                    ],
                    "name": "Theoretical fatigue assessment method",
                    "type": "ce_section"
                }
            ],
            "name": "Materials and methods",
            "type": "ce_section"
        },
        {
            "content": [
                {
                    "content": [
                        "A commercial Co-Cr-Mo powder produced by LaserForm® was used. Its nominal composition is reported in Table 1 .",
                        "The size and shape of powder particles were preliminarily investigated on three samples which were analyzed using scanning electron microscope (SEM) (LEO EVO-40 XVP), acquiring ten different images at the 5000× magnification for each sample. As shown in Fig. 1 , the powder consisted of particles with spherical shape and different diameters (range 1.1–23.8 µm, average dimension 6.9 ± 1.95 µm). Assuming as a reference UNI EN ISO 643 and ASTM E112 for grain's dimension in steels, the particles could be further classified according to their average dimensions as large (12 ± 1.91 µm), medium (5.8 ± 1.45 µm) and small (2.8 ± 1.45 µm) size.",
                        "The specimens for mechanical characterization and fatigue were produced by means of SLM with a ProX® DMP 100 system. Fig. 2 shows the geometries of dogbone specimens for tensile tests and smooth and V-notched specimens used for fatigue testing.",
                        "The specimens were built along the vertical direction (see Fig. 3 a), with a layer thickness of 30 µm, and a hatching distance of 10 µm. For each printing session 20 specimens were printed (see example for smooth V-notched specimens in Fig. 3b). No surface treatment was applied to the fabricated specimens."
                    ],
                    "name": "Powder, processing parameters and specimen geometry",
                    "type": "ce_section"
                },
                {
                    "content": [
                        "In SLM products post-fabrication heat treatments have a considerable influence on the mechanical properties of Co-Cr-Mo alloys. In fact, in as-built condition, the microstructure usually consists of fine elongated grains with preferential orientation associated with the build direction, which may result in a directional dependency of tensile and fatigue properties. Post-treatments may help to remove accumulated thermal stresses and modify the microstructure in terms of phases, grain size, and porosity, potentially improving associated tensile or fatigue properties.",
                        "In the present study, two types of post-production treatments were considered, HIP and vacuum heat treatment, so as to provide evidence of the differences between pressurization and vacuum conditions.",
                        "HIP is a form of heat treatment combined with high pressure in which time at elevated temperature and pressure allows plastic deformation, creep, and diffusion to occur. It was selected because it is often considered as the most effective post-manufacturing treatment available for remedying process-related defects of AM parts and improving their fatigue performance [19]. HIP is a special process that requires dedicated technologies and a high-pressure chamber, to deal with elevated temperature and the high involved pressures, usually applied by means of an inert gas (argon). In the present study, HIP process was carried out at the Bodycote plant of Coordonnées (Magny Cours France) and specimens were treated at 1200 °C under a pressure of 1020 bar for four hours in a shared cycle in argon environment that the company specifically adopt for this alloy.",
                        "Considering heat treatments, a survey of different heat treatments reported on technical datasheets from the manufacturers of Powder Bed Fusion (PBF) technologies and the literature showed that for this type of alloy different approaches are possible [14,17,29,30]. The main heat treatments include stress relief at 800 °C for 20 min, solution heat treatment with a sequence of steps at a temperature between 650 °C and 1050 °C and heat treatment at 1150 °C for 6 h (Laserform, Renishaw, EOS).",
                        "Among these, the heat treatment at 1150 °C for 6 h was chosen, which should promote significant changes in the microstructure, with homogenization and recrystallization leading to isotropic properties of the metal matrix. Moreover, for comparison purposes, this heat treatment features a combination of temperature and times closer to HIP and according to [17] is an effective method for eliminating the residual stress, leading to a homogenized microstructure and satisfactory ductility.",
                        "Heat Treatment on Co-Cr-Mo samples was performed by the company TAV Vacuum Furnaces (Caravaggio (BG), Italy) using a horizontal furnace for vacuum heat treatment. The specimens, before being inserted into the thermal chamber, were placed over alumina plates and then covered with a metal ring in order to keep them isolated and ensure uniformity of temperature. After reaching a high vacuum level in two minutes, the heat treatment at 1150 °C for 6 h was carried with the following steps:",
                        "Heating 1: Heating from room temperature to 950 °C (10 °C/min) with 1 mbar of partial pressure (Pp) of Ar;",
                        "Maintaining 1: Maintaining at 950 °C for 90 min with 1 mbar of Pp of Ar;",
                        "Heating 2: Heating from 950 °C (10 °C/min) to 1150° with 1 mbar of Pp of Ar;",
                        "Maintaining 2: Maintaining at 1150 °C for 360 min with 1 mbar of Pp of Ar;",
                        "Cooling: Radial cooling from 1150 °C to room temperature with 3 bars of Ar.",
                        "During the cooling phase from 1150 °C to 400 °C the cooling rate (265 °C/min) was monitored with a thermocouple. The specimens were subdivided into three groups referred to in the paper As-Built (AB), heat treated in vacuum (HT), and HIP depending on post treatment."
                    ],
                    "name": "HIP and vacuum heat treatment",
                    "type": "ce_section"
                },
                {
                    "content": [
                        "For metallographic observations, the SLM specimens, AB, HT and HIP, were sectioned both orthogonally and parallel to their axis in order to evaluate the grade of anisotropy/isotropy in each condition. Successively, they were mechanically prepared following the conventional metallographic grinding and polishing procedures (ground with SiC papers and polished with 1 μm diamond paste). A preliminary examination of the as-polished samples was carried out to study the porosity; subsequently the samples were etched using an electrolytic solution (5 ml HCl, 10 g FeCl3, 100 ml water, 6 V for few seconds), according to ASTM E-407 Standard (section for Cobalt base alloys), which allowed the microstructure observations. The microstructures were investigated on a macro scale using a LEICA DMI 5000 M optical microscope (OM) (Wetzlar, Germany) equipped with Leica Application Suite (LAS) image analyzer."
                    ],
                    "name": "Metallography",
                    "type": "ce_section"
                },
                {
                    "content": [
                        "The influence of post-treatment on the mechanical properties, in comparison with AB conditions, was investigated through hardness and tensile tests. Tensile tests were carried out on dogbone specimens as per Fig. 2a. For each specimen condition (i.e AB, HT, HIP), three dogbone specimens were subjected to tensile test on electromechanical testing machine Instron 3369 universal testing machine (50 kN) (Massachusetts, USA) using extensometer for strain measurement (approx. strain rate 0.01 s–1) following UNI EN ISO 6892-1:2009.",
                        "The influence of microstructural changes induced by HT and HIP was also investigated by carrying out micro hardness measurements, along the transversal and longitudinal direction with respect to building axis Z. Vickers micro-hardness (HV) tests were carried out on the polished cross-sections of the specimens under 300 gf load applied for 15 s, by means of a Mitutoyo micro Vickers hardness tester (Kawasaki, Japan), according to ASTM E92-16. In particular, for the Vickers micro hardness test, ten measures on mid-length cross section of each sample were carried out."
                    ],
                    "name": "Mechanical characterization: tensile and hardness tests",
                    "type": "ce_section"
                },
                {
                    "content": [
                        "Fatigue tests were carried out on an average of ten specimens for each geometry (smooth and V-notched). Axial fatigue loading was applied using an MTS Landmark servo-hydraulic test machine (Minnesota, USA) equipped with a 50 kN load cell. All tests were carried out at room temperature, under load control using a sinusoidal signal in uniaxial tension, with a frequency of 30 Hz and a load ratio of R = 0. The run-out limit was set to 2 × 106 cycles. The fracture surface of failed specimens were analyzed using scanning electron microscope (SEM) (FEI, Quanta™ 650 FEG, Oregon, USA) to evaluate the fatigue failure mechanisms."
                    ],
                    "name": "Fatigue test",
                    "type": "ce_section"
                },
                {
                    "content": [
                        {
                            "content": [
                                "Local failure approaches consist of a wide category of fatigue failure prediction methods in components with complex geometries. According to the fundamentals of these approaches, fatigue failure occurs when the key parameter (e.g. stress, strain, strain energy density (SED), etc.) reaches its critical value at a material-dependent critical distance from the notch root [31]. Among the available local fatigue approaches, average strain energy density (ASED) criterion has been widely used for failure prediction of various materials and geometries showing promising predictions by use of relatively simple procedure [32–34]. According to the ASED criterion, failure occurs when the average value of SED in a control volume around the notch is equal to a critical value. Under plane stress or plane strain states of stress, the control volume becomes an area as shown in Fig. 4 , where the size of control volume, R0 is independent of the notch geometry [35,36]. In Fig. 4, 2α is the notch opening angle, ρ is the notch root radius, R 0 is the radius of control volume, and r 0 is the distance between the notch root and the center of the circle defining the outer boundaries of the control volume in blunt notches.",
                                "Lazzarin et al. [35,37] extended the concept of ASED criterion for the synthesis of fatigue data obtained by experimentally testing different geometries of welded joints. According to their findings, ASED can provide a master curve for fatigue data of a certain material, independent of the geometry of the tested specimens. This master curve can later be used to predict the fatigue behavior of notch components of different geometries without the need to perform new experiments.",
                                "Under mode I fatigue loading, the radius of control volume, R 0 can be estimated as a function of the fatigue limit of smooth specimen, ΔσA and the notch stress intensity factor range at fatigue limit of notched specimens, ΔKAV using the following equation [35,37]: R0=2e1ΔKAVΔσA11-λ1 in which e 1 is a function dependent on the notch opening angle 2α and λ 1 is the Williams’ series eigenvalue [38]. The use of fatigue limit of smooth specimen in this formula is to quantify the influence of surface roughness and internal defects in the specimen, in the absence of any global stress concentration effect. In the current study, the fatigue limit of tested specimens was obtained at 2 × 106 cycles.",
                                "The average SED range for smooth specimens is defined as ΔW¯=Δσ/2E, in which Δσ is the applied stress range in the net section of the specimens and E is the elastic modulus of the material [35]. Dealing with blunt notches under mode I fatigue loading, the following expression can be employed to obtain the average strain energy density range [36]: ΔW¯=F(2α)×H2α,R0ρ×Δσtip2E where the function F is dependent on notch opening angle 2α, the function H is a dependent on notch opening angle 2α and the ratio of control volume radius to notch root radius (i.e. R 0/ρ) and Δσtip is the tensile stress range at the notch tip. Alternatively, the average SED range can be directly obtained using linear elastic finite element (FE) analysis."
                            ],
                            "name": "Strain energy density as a design parameter",
                            "type": "ce_section"
                        },
                        {
                            "content": [
                                "Two-dimensional linear elastic analyses were performed to obtain the stress concentration factor, Kt, and SED values. For this aim, elastic moduli and Poisson’s ratios of the tested materials were used as input in the numerical analyses. In order to assure the accuracy of the FE results, mesh convergence analyses were performed resulting in a minimum element size of 2 µm for stress analyses and a larger element size of 200 µm for SED analyses. Due to independency of SED values to the mesh size, larger element size could be used for that aim [33]. Unit stress was applied to the net section of double symmetric FE models and the peak stress at the notch tip, representing the stress concentration factor was obtained for both smooth and notched models. The fatigue notch factor, Kf was then obtained using the experimental values by dividing the fatigue limit smooth and notched specimens at 50% probability of survival considering 2 × 106 cycles as the limit number of cycles (i.e. Kf = Δσ 50%|smooth / Δσ 50%|notched). The notch sensitivity of material in various post-treatment conditions was calculated using the expression q = (Kf – 1)/(Kt – 1). According to the definition of notch sensitivity, q = 1 (i.e. Kf = Kt) represents a material which is fully sensitive to the presence of geometrical discontinuities, while q = 0 (i.e. Kf = 1) represents equal fatigue strength of smooth and notched specimens revealing a material insensitive to the presence of geometrical discontinuities."
                            ],
                            "name": "Numerical analysis",
                            "type": "ce_section"
                        }
                    ],
                    "name": "Theoretical fatigue assessment method",
                    "type": "ce_section"
                }
            ],
            "name": "Materials and methods",
            "type": "ce_section"
        },
        {
            "content": [
                {
                    "content": [
                        "A commercial Co-Cr-Mo powder produced by LaserForm® was used. Its nominal composition is reported in Table 1 .",
                        "The size and shape of powder particles were preliminarily investigated on three samples which were analyzed using scanning electron microscope (SEM) (LEO EVO-40 XVP), acquiring ten different images at the 5000× magnification for each sample. As shown in Fig. 1 , the powder consisted of particles with spherical shape and different diameters (range 1.1–23.8 µm, average dimension 6.9 ± 1.95 µm). Assuming as a reference UNI EN ISO 643 and ASTM E112 for grain's dimension in steels, the particles could be further classified according to their average dimensions as large (12 ± 1.91 µm), medium (5.8 ± 1.45 µm) and small (2.8 ± 1.45 µm) size.",
                        "The specimens for mechanical characterization and fatigue were produced by means of SLM with a ProX® DMP 100 system. Fig. 2 shows the geometries of dogbone specimens for tensile tests and smooth and V-notched specimens used for fatigue testing.",
                        "The specimens were built along the vertical direction (see Fig. 3 a), with a layer thickness of 30 µm, and a hatching distance of 10 µm. For each printing session 20 specimens were printed (see example for smooth V-notched specimens in Fig. 3b). No surface treatment was applied to the fabricated specimens."
                    ],
                    "name": "Powder, processing parameters and specimen geometry",
                    "type": "ce_section"
                },
                {
                    "content": [
                        "In SLM products post-fabrication heat treatments have a considerable influence on the mechanical properties of Co-Cr-Mo alloys. In fact, in as-built condition, the microstructure usually consists of fine elongated grains with preferential orientation associated with the build direction, which may result in a directional dependency of tensile and fatigue properties. Post-treatments may help to remove accumulated thermal stresses and modify the microstructure in terms of phases, grain size, and porosity, potentially improving associated tensile or fatigue properties.",
                        "In the present study, two types of post-production treatments were considered, HIP and vacuum heat treatment, so as to provide evidence of the differences between pressurization and vacuum conditions.",
                        "HIP is a form of heat treatment combined with high pressure in which time at elevated temperature and pressure allows plastic deformation, creep, and diffusion to occur. It was selected because it is often considered as the most effective post-manufacturing treatment available for remedying process-related defects of AM parts and improving their fatigue performance [19]. HIP is a special process that requires dedicated technologies and a high-pressure chamber, to deal with elevated temperature and the high involved pressures, usually applied by means of an inert gas (argon). In the present study, HIP process was carried out at the Bodycote plant of Coordonnées (Magny Cours France) and specimens were treated at 1200 °C under a pressure of 1020 bar for four hours in a shared cycle in argon environment that the company specifically adopt for this alloy.",
                        "Considering heat treatments, a survey of different heat treatments reported on technical datasheets from the manufacturers of Powder Bed Fusion (PBF) technologies and the literature showed that for this type of alloy different approaches are possible [14,17,29,30]. The main heat treatments include stress relief at 800 °C for 20 min, solution heat treatment with a sequence of steps at a temperature between 650 °C and 1050 °C and heat treatment at 1150 °C for 6 h (Laserform, Renishaw, EOS).",
                        "Among these, the heat treatment at 1150 °C for 6 h was chosen, which should promote significant changes in the microstructure, with homogenization and recrystallization leading to isotropic properties of the metal matrix. Moreover, for comparison purposes, this heat treatment features a combination of temperature and times closer to HIP and according to [17] is an effective method for eliminating the residual stress, leading to a homogenized microstructure and satisfactory ductility.",
                        "Heat Treatment on Co-Cr-Mo samples was performed by the company TAV Vacuum Furnaces (Caravaggio (BG), Italy) using a horizontal furnace for vacuum heat treatment. The specimens, before being inserted into the thermal chamber, were placed over alumina plates and then covered with a metal ring in order to keep them isolated and ensure uniformity of temperature. After reaching a high vacuum level in two minutes, the heat treatment at 1150 °C for 6 h was carried with the following steps:",
                        "Heating 1: Heating from room temperature to 950 °C (10 °C/min) with 1 mbar of partial pressure (Pp) of Ar;",
                        "Maintaining 1: Maintaining at 950 °C for 90 min with 1 mbar of Pp of Ar;",
                        "Heating 2: Heating from 950 °C (10 °C/min) to 1150° with 1 mbar of Pp of Ar;",
                        "Maintaining 2: Maintaining at 1150 °C for 360 min with 1 mbar of Pp of Ar;",
                        "Cooling: Radial cooling from 1150 °C to room temperature with 3 bars of Ar.",
                        "During the cooling phase from 1150 °C to 400 °C the cooling rate (265 °C/min) was monitored with a thermocouple. The specimens were subdivided into three groups referred to in the paper As-Built (AB), heat treated in vacuum (HT), and HIP depending on post treatment."
                    ],
                    "name": "HIP and vacuum heat treatment",
                    "type": "ce_section"
                },
                {
                    "content": [
                        "For metallographic observations, the SLM specimens, AB, HT and HIP, were sectioned both orthogonally and parallel to their axis in order to evaluate the grade of anisotropy/isotropy in each condition. Successively, they were mechanically prepared following the conventional metallographic grinding and polishing procedures (ground with SiC papers and polished with 1 μm diamond paste). A preliminary examination of the as-polished samples was carried out to study the porosity; subsequently the samples were etched using an electrolytic solution (5 ml HCl, 10 g FeCl3, 100 ml water, 6 V for few seconds), according to ASTM E-407 Standard (section for Cobalt base alloys), which allowed the microstructure observations. The microstructures were investigated on a macro scale using a LEICA DMI 5000 M optical microscope (OM) (Wetzlar, Germany) equipped with Leica Application Suite (LAS) image analyzer."
                    ],
                    "name": "Metallography",
                    "type": "ce_section"
                },
                {
                    "content": [
                        "The influence of post-treatment on the mechanical properties, in comparison with AB conditions, was investigated through hardness and tensile tests. Tensile tests were carried out on dogbone specimens as per Fig. 2a. For each specimen condition (i.e AB, HT, HIP), three dogbone specimens were subjected to tensile test on electromechanical testing machine Instron 3369 universal testing machine (50 kN) (Massachusetts, USA) using extensometer for strain measurement (approx. strain rate 0.01 s–1) following UNI EN ISO 6892-1:2009.",
                        "The influence of microstructural changes induced by HT and HIP was also investigated by carrying out micro hardness measurements, along the transversal and longitudinal direction with respect to building axis Z. Vickers micro-hardness (HV) tests were carried out on the polished cross-sections of the specimens under 300 gf load applied for 15 s, by means of a Mitutoyo micro Vickers hardness tester (Kawasaki, Japan), according to ASTM E92-16. In particular, for the Vickers micro hardness test, ten measures on mid-length cross section of each sample were carried out."
                    ],
                    "name": "Mechanical characterization: tensile and hardness tests",
                    "type": "ce_section"
                },
                {
                    "content": [
                        "Fatigue tests were carried out on an average of ten specimens for each geometry (smooth and V-notched). Axial fatigue loading was applied using an MTS Landmark servo-hydraulic test machine (Minnesota, USA) equipped with a 50 kN load cell. All tests were carried out at room temperature, under load control using a sinusoidal signal in uniaxial tension, with a frequency of 30 Hz and a load ratio of R = 0. The run-out limit was set to 2 × 106 cycles. The fracture surface of failed specimens were analyzed using scanning electron microscope (SEM) (FEI, Quanta™ 650 FEG, Oregon, USA) to evaluate the fatigue failure mechanisms."
                    ],
                    "name": "Fatigue test",
                    "type": "ce_section"
                },
                {
                    "content": [
                        {
                            "content": [
                                "Local failure approaches consist of a wide category of fatigue failure prediction methods in components with complex geometries. According to the fundamentals of these approaches, fatigue failure occurs when the key parameter (e.g. stress, strain, strain energy density (SED), etc.) reaches its critical value at a material-dependent critical distance from the notch root [31]. Among the available local fatigue approaches, average strain energy density (ASED) criterion has been widely used for failure prediction of various materials and geometries showing promising predictions by use of relatively simple procedure [32–34]. According to the ASED criterion, failure occurs when the average value of SED in a control volume around the notch is equal to a critical value. Under plane stress or plane strain states of stress, the control volume becomes an area as shown in Fig. 4 , where the size of control volume, R0 is independent of the notch geometry [35,36]. In Fig. 4, 2α is the notch opening angle, ρ is the notch root radius, R 0 is the radius of control volume, and r 0 is the distance between the notch root and the center of the circle defining the outer boundaries of the control volume in blunt notches.",
                                "Lazzarin et al. [35,37] extended the concept of ASED criterion for the synthesis of fatigue data obtained by experimentally testing different geometries of welded joints. According to their findings, ASED can provide a master curve for fatigue data of a certain material, independent of the geometry of the tested specimens. This master curve can later be used to predict the fatigue behavior of notch components of different geometries without the need to perform new experiments.",
                                "Under mode I fatigue loading, the radius of control volume, R 0 can be estimated as a function of the fatigue limit of smooth specimen, ΔσA and the notch stress intensity factor range at fatigue limit of notched specimens, ΔKAV using the following equation [35,37]: R0=2e1ΔKAVΔσA11-λ1 in which e 1 is a function dependent on the notch opening angle 2α and λ 1 is the Williams’ series eigenvalue [38]. The use of fatigue limit of smooth specimen in this formula is to quantify the influence of surface roughness and internal defects in the specimen, in the absence of any global stress concentration effect. In the current study, the fatigue limit of tested specimens was obtained at 2 × 106 cycles.",
                                "The average SED range for smooth specimens is defined as ΔW¯=Δσ/2E, in which Δσ is the applied stress range in the net section of the specimens and E is the elastic modulus of the material [35]. Dealing with blunt notches under mode I fatigue loading, the following expression can be employed to obtain the average strain energy density range [36]: ΔW¯=F(2α)×H2α,R0ρ×Δσtip2E where the function F is dependent on notch opening angle 2α, the function H is a dependent on notch opening angle 2α and the ratio of control volume radius to notch root radius (i.e. R 0/ρ) and Δσtip is the tensile stress range at the notch tip. Alternatively, the average SED range can be directly obtained using linear elastic finite element (FE) analysis."
                            ],
                            "name": "Strain energy density as a design parameter",
                            "type": "ce_section"
                        },
                        {
                            "content": [
                                "Two-dimensional linear elastic analyses were performed to obtain the stress concentration factor, Kt, and SED values. For this aim, elastic moduli and Poisson’s ratios of the tested materials were used as input in the numerical analyses. In order to assure the accuracy of the FE results, mesh convergence analyses were performed resulting in a minimum element size of 2 µm for stress analyses and a larger element size of 200 µm for SED analyses. Due to independency of SED values to the mesh size, larger element size could be used for that aim [33]. Unit stress was applied to the net section of double symmetric FE models and the peak stress at the notch tip, representing the stress concentration factor was obtained for both smooth and notched models. The fatigue notch factor, Kf was then obtained using the experimental values by dividing the fatigue limit smooth and notched specimens at 50% probability of survival considering 2 × 106 cycles as the limit number of cycles (i.e. Kf = Δσ 50%|smooth / Δσ 50%|notched). The notch sensitivity of material in various post-treatment conditions was calculated using the expression q = (Kf – 1)/(Kt – 1). According to the definition of notch sensitivity, q = 1 (i.e. Kf = Kt) represents a material which is fully sensitive to the presence of geometrical discontinuities, while q = 0 (i.e. Kf = 1) represents equal fatigue strength of smooth and notched specimens revealing a material insensitive to the presence of geometrical discontinuities."
                            ],
                            "name": "Numerical analysis",
                            "type": "ce_section"
                        }
                    ],
                    "name": "Theoretical fatigue assessment method",
                    "type": "ce_section"
                }
            ],
            "name": "Materials and methods",
            "type": "ce_section"
        }
    ],
    "Title": "Effect of heat treatment on fatigue behavior of as-built notched Co-Cr-Mo parts produced by Selective Laser Melting",
    "abstract": "In this paper Cobalt-Chromium-Molybdenum (Co-Cr-Mo) specimens produced by Selective Laser Melting (SLM) for biomedical field were studied. In particular, fatigue tests were carried out comparing as-built condition with Hot Isostatic Pressing (HIP) and a heat treatment under vacuum condition. The influence on microstructure and fatigue properties was investigated on plain specimens and with a V-notched geometry. Both vacuum heat treatment and HIP had effects on the microstructure and internal defects, which resulted in an enhancement of quasi-static and fatigue properties. Lastly, notch sensitivity and applicability of ASED failure criterion for fatigue life prediction notched specimens were evaluated."
}