{
    "DOI": "10.1016/S0749-6419(03)00095-0",
    "Journal": "International Journal of Plasticity",
    "Keywords": [
        "Aluminium",
        "Aging",
        "Hardness testing",
        "TEM",
        "Shear testing",
        "Bauschinger effect"
    ],
    "Sections": [
        {
            "content": [
                "The composition of the as-received 6022-T4 alloy used in this study is listed in Table 1 . The alloys were cast, homogenised, hot and cold rolled to 1.05 mm sheets (vs. 1.9 mm sheets in the work of ), solution heat treated, quenched and naturally aged.",
                {
                    "content": [
                        "The aging experiments were carried out with an in-house designed, electrical resistance furnace with a Eurotherm temperature control system. Naturally-aged 6022-T4 specimens were up-quenched in the preheated furnace, held at a particular temperature for a chosen time interval and down-quenched in iced water. Triplicate samples were employed per run in order to correct for minor differences in experimental conditions. The aging temperatures were 160, 180, 200, 220, 240 and 260 °C. The aged samples were subsequently ground with SiC paper and hardness measurements were carried out with a Shimadzu HMV-2000 Vickers Hardness (HV) instrument. Ten hardness readings were performed per sample. The reproducibility of the average hardness value for a particular sample was within 2 HV. The final average hardness values (for each combination of aging time and temperature) are the averages of the respective average hardness of the triplicate artificially aged samples. Standard deviations on the final average values varied between 0.2 and 3 HV. Incomplete {111}, {200} and {220} pole figures of the T4 and aged samples were measured at sheet mid-thickness using XRD on a Rigaku goniometer. The data were extracted from these pole figures using the harmonics series method to characterize the crystallographic texture in term of crystallite orientation distribution function (CODF). A selection of TEM specimens were prepared by mechanical grinding followed by electropolishing in a double-jet thinner (Struers Tenupol-3) with a dilute solution of HNO3 and CH3OH under 12 V at 20 °C until perforation occurred. TEM analyses were performed in a Hitachi H9000-NA operated at 300 kV."
                    ],
                    "name": "Artificial aging experiments",
                    "type": "ce_section"
                },
                {
                    "content": [
                        "Flat rectangular test specimens (with length 50 mm, width 15 mm and thickness 1.05 mm) were obtained from naturally aged 6022-T4 sheet samples (composition in Table 1) and from the various artificially aging conditions investigated in this work. Most of the specimens were machined such that their long dimension was at 90° to the rolling direction (RD). In the present work, the investigators did not intend to emphasize the shear anisotropy of the 6022 alloy but a few specimens were machined with the long dimension at 45° to the RD.",
                        "The test apparatus consisted of a Shimadzu AG-50kNG instrument adapted for shear testing based on the developments of . The cross-head speed was determined so that the shear strain rate was approximately 0.001 s−1. A specimen is mounted in the shear device and clamped at both sides in such a way that an even, planar load distribution along the grip length is ensured. When one clamp moves downward and the other is fixed, a simple shear deformation is induced in the 3 mm wide zone (h) between the clamps. Fig. 1 illustrates the geometry of a sheared sample. The deformation zone is delineated by the indentations resulting from the clamping of the grips. The relative movement of the grips is measured by an extensometer (type MFA 25). The shear strain (γ) is obtained by dividing the grip displacement by the width of the sheared zone (h). However, a grid is applied on the sample surface in order to accurately measure the final strain (ΔL/h). This corrects for the occurrence of a small amount of sliding of the grips relative to the specimen. The shear stress (τ) is determined by dividing the applied load (F) by the cross section area (L·e). Samples were sheared until a decrease in the applied load occurred."
                    ],
                    "name": "Shear deformation experiments",
                    "type": "ce_section"
                }
            ],
            "name": "Experimental",
            "type": "ce_section"
        },
        {
            "content": [
                {
                    "content": [
                        "Fig. 2 presents the isothermal aging curves for the 6022-T4 alloy. The form of the curves is independent from the treatment temperature: An initial decrease in hardness as compared to the T4 condition, followed by an increase in hardness until the peak-aged condition and, finally, a decrease in hardness as the specimen becomes over-aged. Table 2 clearly demonstrates that the peak-aged condition itself depends strongly on the treatment temperature: i.e. the higher the temperature, the faster the response. However, the peak-aged hardness decreases with increasing aging temperature. This is in accordance with the literature (). From an industrial point of view, it is interesting to note that at high temperatures the artificial aging response is quite rapid. After a limited time interval of 15 min at 240 °C, the hardness increases from 75 HV (T4 condition) to 88 HV (T6 condition)."
                    ],
                    "name": "Hardness curves",
                    "type": "ce_section"
                },
                {
                    "content": [
                        "Fig. 3 presents the hardness results as a function of aging temperature for a specific treatment period. Unfortunately, at the paint-baking conditions (between 160 and 180 °C for 20–30 min), there is no increase in hardness for the 6022-T4 alloy. For a treatment time of 30 min the temperature needs to be at least 200 °C in order to obtain any reasonable age hardening effect. Presumably, this is due to the fact that the material, which was evaluated here, was produced 3–5 years ago. Therefore, it experienced significant amounts of natural aging."
                    ],
                    "name": "Paint-baking response",
                    "type": "ce_section"
                },
                {
                    "content": [
                        "Fig. 4 compares the crystallite orientation distribution function (CODF) of a T4 sample with those of specimens over-aged at 160 and 260 °C during 2 days and 10 min, respectively. The intensity contours of the CODF is similar for the three materials, with cube {100}<001> texture as the main component, although minor changes can be observed. The maximum intensity for the cube component is similar within the scatter due to material heterogeneities and experimental error for the three samples. The shapes of the CODF contours of the material artificially aged at 260 °C are slightly different from those of the other samples. This can possibly be attributed to sample variations because of the absence of stored energy for recrystallization and the too low heat treatment temperatures for grain growth. Thus, it can be concluded that the texture of 6022 is not significantly modified by the artificial aging treatments."
                    ],
                    "name": "Crystallographic texture",
                    "type": "ce_section"
                },
                {
                    "content": [
                        "The T4 condition of 6XXX alloys is characterised by the presence of spherical Si and/or Mg ultrafine clusters, which are formed during natural aging, during which they consume vacancies and solute atoms. It is beyond the scope of the present work to visualise these so-called Guinier–Preston (GP) zones as more advanced techniques such as atom probe field ion microscopy are required for this goal. Fig. 5 a show bright field TEM images of needle-shaped particles in a peak-aged sample. These β″ needles of 20–40 nm length are aligned with the <100> matrix directions and homogeneously distributed throughout the matrix. The presence of a large number of tiny dots represents these needles viewed end-on. TEM observations of samples peak-aged at different temperatures did not reveal significant subtleties in microstructural features, although slight modifications of the size and number density of β″ needles can be expected from the macroscopic behaviour. Likewise, slightly over-aged samples showed a similar structure, although the precipitates were a little larger and some rod-like precipitates could also be observed. Fig. 5b shows some non-coherent larger precipitates in a completely over-aged sample."
                    ],
                    "name": "TEM observations",
                    "type": "ce_section"
                },
                {
                    "content": [
                        "As artificial aging commences, an initial softening is observed (see Fig. 2), which is due to the dissolution of the unstable GP zones present in the T4 condition. Subsequently, coherent needle-shaped β″ particles are precipitated leading to an increase in hardness. showed that when the β″ needles are still thin (under-aged condition), they are sheared or cut by glide dislocations. As aging continues these needles gradually grow and further harden the material, as many of the larger β″ precipitates behave as impenetrable obstacles. This is particularly the case at the beginning of plasticity in the peak-aged condition. From the comparison of the aging curves at different treatment temperatures, it can be deduced that the formation of the β” hardening phase is a thermally-activated process. As the aging process continues past the peak-aged condition, the β″ phase is reverted to larger, semi-coherent rod-like or lath-like β′ particles, resulting in a softening of the material. At the final aging stage, equilibrium non-coherent Mg2Si and silicon particles are precipitated. In this over-aged condition, precipitates are largely bypassed by dislocations through the Orowan mechanism. The low strength of over-aged samples is due to the poor solid solution hardening as the majority of the magnesium and silicon present in the alloy is precipitated as relatively large Mg2Si or silicon particles. A second reason for their reduced strength is due to the lower density of particles, resulting in fewer obstacles to the movement of dislocations."
                    ],
                    "name": "Discussion",
                    "type": "ce_section"
                }
            ],
            "name": "Aging experiments: results and discussion",
            "type": "ce_section"
        },
        {
            "content": [
                {
                    "content": [
                        "Table 3 presents an overview of the various samples tested, the aging treatments they were subjected to, and their hardness as determined in the first part of this study. The total amount of shear strain at completion of each experiment (the strain to reach maximum load) is also shown in Table 3.",
                        "Fig. 6 a presents the monotonic shear stress vs. shear strain curves for 90° shear of the 6022 sheets in the various aging conditions. All artificially aged specimens shown in Fig. 6a were heat-treated at 200 °C. Fig. 6b shows the corresponding 200 °C isothermal aging curve, highlighting the various samples that were tested in simple shear. Tests conducted on specimens artificially under-, pre-peak-, peak- and over-aged at different temperatures revealed that the stress vs. strain curves shown in Fig. 6a are completely representative for the various aging conditions obtained at any aging temperature between 160 and 260 °C. Fig. 6a demonstrates that each aging condition has its own specific mechanical behaviour.",
                        "The naturally aged T4 state, the under-aged and pre-peak-aged conditions are all characterised by a good combination of initial strength and sustained strain hardening ability. The under-aged sample shows a slightly lower initial strength but a marginally improved strain hardening ability with respect to the T4 condition. The pre-peak-aged specimen is characterised by a substantially higher initial strength but a slightly reduced strain hardening ability with reference to the as-received T4 alloy, as shown by the image inside Fig. 6a, which compares the strain hardening rates of the pre-peak-aged and the T4 states. In the peak-aged condition (T6), the 6022-T6 sheet has a significantly higher initial strength, although its strain hardening ability is substantially reduced with respect to the T4 condition. Over-aging results in a loss of both initial strength as well as strain hardening ability. However, it is interesting to note that, for strongly over-aged samples (e.g. sample over-aged for 2 days at 260 °C, with a hardness of only 41 HV but not shown in Fig. 6), instead of a softening process, a steady-state behaviour was observed (with a constant stress level sustained until 140% shear strain).",
                        "The monotonic shear stress–shear strain curves are represented for the various artificially peak-aged samples as well as for the naturally aged alloy. The shear tests were performed both at 90° (Fig. 7 a) and 45° (Fig. 7b) from the RD in order to determine eventual strength effects associated with crystallographic texture variation. However, Fig. 7 confirms that the strain hardening ability of the peak-aged samples is not strongly affected by the crystallographic texture and is significantly reduced with respect to the T4 state. For the sake of clarity, only the curves for samples peak-aged at 160, 220 and 260 °C are shown in Fig. 7. As expected, it is observed that the strength of the peak-aged condition slightly decreases as the artificial aging treatment temperature is increased from 160 to 260 °C, which is consistent with the hardness data (Table 2). With regard to strain hardening ability, the various peak-aged samples show similar behaviours."
                    ],
                    "name": "Monotonic tests",
                    "type": "ce_section"
                },
                {
                    "content": [
                        "In the previous section, it was shown that the Cube {100}<001> crystallographic texture was not significantly modified as a result of artificial aging treatments. To make sure that even the minor texture changes had no influence on the relative strength of the different aging conditions, the Taylor factors for the three textures represented in Fig. 4 were computed. These factors, plotted as a function of the tensile direction in Fig. 8 , are not significantly different. The largest variation observed is about 1% when the tensile axis is superimposed with the rolling direction. The distinct mechanical behaviours observed for the different aging conditions are, thus, not the result of changes in texture but rather caused by modifications in other microstructural features. As shown elsewhere (), 6XXX alloys in the T4 temper are characterised by ultrafine Guinier–Preston (GP) zones which harden the material with respect to the as-quenched state following solution heat treatment. This is due to their resistance to dislocation flow during initial stages of plasticity. However, the GP zones are easily sheared or cut by glide dislocations starting from a relatively low stress level. After a certain aging time, which is dependent on the aging temperature (e.g. 10–20 min at 200 °C), these zones are re-dissolved, resulting in a marginal decrease in hardness (Fig. 6b) with respect to the T4 condition. However, the strain hardening ability of this under-aged sample is slightly enhanced (Fig. 6a), which can be useful when higher levels of formability are demanded. At a later aging stage, a substantial amount of β″ needles are precipitated which harden the material. As long as these needles are of a sub-critical size (at the pre-peak-aged level), they are thought to remain shearable. This is consistent with Fig. 6a, which shows that the advantage of this pre-peak-aged condition is that it has a higher strength with only a marginal loss of strain hardening ability as compared to the T4 state, rendering it interesting for a number of industrial applications. In the peak-aged condition, the alloy is obviously characterised by maximum strength and hardness, due to the presence of a network of hard, non-shearable coherent β″ needles, which are aligned with the [100] matrix direction and homogeneously distributed throughout the matrix (see Fig. 5a). However, the presence of these precipitates results in a drastic reduction of strain-hardening ability. Nevertheless, for many industrial applications, this does not pose any problem because 6XXX alloys are usually formed in the T4 condition and only very rarely formed in the peak-strength T6 condition where necking and fracture limits are clearly lower (). In the over-aged state, both strength and strain hardening ability are gradually lost, making this condition unattractive for any application. In the over-aged state, thin β″ needles are transformed into larger rod-like semi-coherent (β′) precipitates and, in a later stage, into non-coherent Mg2Si (β) and Si particles. These precipitates are by-passed by dislocations through an Orowan mechanism (). The precipitation of magnesium and silicon solute from the aluminium matrix results in a gradual reduction in solid solution hardening as can be seen from the reduction in hardness (Fig. 6b). Finally, excessively over-aged samples (2 days at 260 °C) are very weak but show a steady-state behaviour as compared to only slightly over-aged samples, which suffer from a softening behaviour after a certain strain level."
                    ],
                    "name": "Relationship with microstructural features",
                    "type": "ce_section"
                },
                {
                    "content": [
                        "Fig. 7 confirms that the mechanical behaviour of the peak-aged condition depends relatively little on the treatment temperature. All peak-aged samples are substantially stronger than in the T4 state but lack the sustained strain hardening ability of the naturally aged, under-aged or pre-peak-aged conditions. The TEM results from the previous section demonstrated that the microstructure of the different peak-aged conditions is almost identical, apart from minor differences in number density and size of β″ needles present in the matrix. From Fig. 7 it can be concluded that one can opt for a peak-strength condition achieved at high temperature. The marginal decrease in obtainable strength does not outweigh the advantage of the strongly reduced time interval to achieve the peak-condition (see Table 3). However, at higher aging temperatures, one has to be more cautious in order not to over-age the specimen and lose both strength and strain hardening ability. From an industrial point of view, an aging temperature of 220 °C with a treatment time of 60 min can supply more flexibility. In many cases, lower temperatures are used to reach T6 strength levels since even the marginal strength increases are important. It is not always feasible to use higher temperatures, which decrease strengths."
                    ],
                    "name": "Peak-aged condition",
                    "type": "ce_section"
                },
                {
                    "content": [
                        "Sequences of simple shear followed by reverse loading were performed for the naturally aged T4 state and for the under-aged, peak-aged and over-aged conditions in order to investigate the behaviour of the material under forward loading followed by reverse loading. It must be emphasized that during Bauschinger experiments, the slip systems activated during the pre-strain are re-activated in the reverse direction during the reloading. In aluminium alloys, this type of experiments generally leads to a lower yield strength, which is followed by a transient stage where the strain hardening rate (dσ/dε) fluctuates, possibly reaching very low levels or becoming negative ().",
                        "In a previous work (), the transient period of low strain hardening effect was not observed for the 6022-T4 sample because the motion of dislocations was impeded by the solutes and precipitates. This result seems to be applicable to all the aging conditions studied in this work, including the over-aged and super-over-aged conditions for which a weak interaction between dislocations and precipitates is expected (Fig. 9 ). However, it can be noticed that for a similar pre-strain level, the behaviours of the materials after reloading are different. First, after reloading, strain hardening rates (dσ/dε) for the naturally aged and under-aged conditions seem to recover their level before unloading within a relatively small amount of strain compared to the strain hardening rates for the peak-aged, over-aged and super-over-aged conditions. Secondly, at strain well beyond reloading, the flow stresses for the naturally aged and under-aged conditions seem to exhibit permanent softening while the other conditions do not. This type of permanent softening after strain reversal was first observed by () for Al single crystal and more recently by () for 6022-T4 aluminum. made a similar observation on a 1050-O aluminium sheet. This softening was attributed to the annihilation of dislocations after the reversal of the slip directions. In this work, this recovery effect seems to be active for the naturally aged and under-aged samples but not for the other conditions. It can be speculated that this phenomenon is due to the large precipitates, which prevent any recovery process to occur."
                    ],
                    "name": "Strain reversal experiments",
                    "type": "ce_section"
                }
            ],
            "name": "Shear deformation experiments: results and discussion",
            "type": "ce_section"
        }
    ],
    "Title": "Artificial aging and shear deformation behaviour of 6022 aluminium alloy",
    "abstract": "In this study, the artificial aging behaviour of 6022-T4 alloy is investigated over a wide temperature range. Hardness readings, TEM and XRD analyses were performed. It was shown that 6022-T4 alloy can be substantially hardened through a short aging treatment at temperatures in excess of 200 degreesC. The strain hardening curves of the 6022 alloy in different aging conditions were measured using the simple shear test and analysed in terms of their respective microstructures. The under-aged and pre-peak-aged exhibited a good combination of strength and strain hardening while the peak-aged alloy was characterised by maximum strength, albeit with a drastic reduction in strain hardening ability. Strain reversal experiments in simple shear were carried out in order to characterize the Bauschinger effect for the different heat treatment conditions. It was shown that the T4 and under-aged conditions lead to permanent softening of the flow stress. (C) 2003 Elsevier Ltd. All rights reserved."
}