{
    "DOI": "10.1016/j.jallcom.2020.154220",
    "Journal": "Journal of Alloys and Compounds",
    "Keywords": [
        "Titanium alloy",
        "Powder",
        "Solid solution",
        "Intermetallic",
        "Deoxidation",
        "Calcium vapor"
    ],
    "Sections": [
        {
            "content": [
                "Ti alloys can be classified into solid solution and intermetallic alloys depending on the solid solution state of the alloying elements and the formation of intermetallic compounds. Solid-solution Ti alloys can be divided on the basis of molybdenum equivalents [], thus, the Ti–6Al–4V alloy as α+β alloy, the Ti–27Nb alloy as near-β alloy, the Ti–42Nb alloy as metastable β alloy, and the Ti–35V–15Cr alloy as stable β alloy were used. For the four types of Ti alloys, all alloying elements were dissolved in the Ti matrix. In contrast, the Ti intermetallic alloys used were Ti–25Fe–5Al alloys with α, β and intermetallic phases, and Ti65Fe35 alloys with β and intermetallics []. The two kinds of Ti alloys can be classified into Ti intermetallic alloys by forming TiFe intermetallic compounds through excessive addition of Fe, which is a β-eutectic element. Therefore, this study was conducted using Ti alloys with different solid solution and intermetallic Ti alloy properties.",
                "The experimental set-up for the production of low oxygen Ti alloy powders by recycling Ti scrap is shown in Fig. 1 (a). The Ti scrap used in the experiment was turning scrap generated during machining and was pretreated with ethanol and acetone. Ti alloy ingots were prepared by vacuum arc melting in argon atmosphere by adding alloying elements to the pretreated Ti scrap. The prepared Ti alloy ingots were subjected to a homogenization treatment for 24 h under a high vacuum atmosphere of 1.5 × 10−6 Torr for uniformity of the specimen. The homogenized Ti alloy ingots were made into Ti alloy powders by the HDH process and the hydrogenation process was performed at 700 °C for 3 h under a hydrogen atmosphere of 6 bar. Hydrogenated Ti alloys were made into powder through mechanical crushing and then dehydrogenated at 700 °C for 3 h under a high vacuum atmosphere of 1.5 × 10−6 Torr. Afterwards, the dehydrogenated Ti alloy powders were separated by a particle size filter of 100–150 μm.",
                "A deoxidation process using Ca vapor was performed to control the oxygen contents of the Ti alloy powders prepared by the HDH process. Fig. 1 (b) shows the schematic diagram of the deoxidation apparatus used in the experiment. Ca granules were charged at the bottom of the crucible in the deoxidation pot, and the Ti alloy powders were placed using a micro sieve to prevent Ca and Ti alloy powders from contacting. The charging amount of Ca and Ti powder was in the weight ratio of 1: 2. The Ca vapor deoxidation took 0.5–4 h at 1000 °C in a high vacuum atmosphere of 1.5 × 10−6 Torr. Thereafter, water washing and acid pickling were performed to remove surface CaO. Water washing was performed by stirring in distilled water for 5 min, and acid pickling required stirring in 10% HCl solution for 5 min. After removing water using a filter, vacuum drying was performed at 60 °C for 2 h in a vacuum oven.",
                "Oxygen/Nitrogen Analysis, XRD, FE-SEM, and DTA/TGA were performed to analyze the oxygen concentration and properties of the Ti alloy powders subjected to HDH and deoxidation processes. The oxygen concentration of the Ti alloy powders before and after deoxidation was analyzed using an oxygen/nitrogen analyzer (Eltra Co., ON-900). The analysis uses solid-state infrared absorption of oxygen in the sample. The analysis sample is wrapped in a Ni basket and a graphite crucible is outgassed in the impulse furnace to reduce possible contamination. After a stabilization phase, the sample is dropped into the crucible and melts producing CO by the reaction of carbon in the graphite crucible and oxygen in the sample. The carrier gas (He) and sample gasses pass through a filter before entering a copper oxide catalyst that converts the CO to CO2. The CO2 is measured by the infrared cells to determine the oxygen concentration. XRD was performed on an X-ray diffractometer (X-Ray Diffraction, Shimadzu Co., XRD-6100) in the step scan mode using Cu-Ka X-rays with a step size = 0.01° and 3-second count time per step over 30–90° 2-theta. To observe the microstructure before and after deoxidation, the powder samples were hot mounted using acrylic resin, and then the mounted specimens were mechanically polished to 1 μm and etched with Kroll reagent (3 ml HF + 7 ml HNO3 + 90 ml distilled water). The etched specimens were observed for microstructure using FE-SEM (Field Emission Scanning Electron Microscopy, Hitachi Co., SU-70). DT/TG analysis was performed at a heating rate of 3 °C per minute up to 1000 °C in the air to observe changes in high temperature oxidation behavior before and after deoxidation using a DT/TG Analyzer (Differential Thermal/Thermal Gravimetric Analysis, Shimadzu Co., DTG-60)."
            ],
            "name": "Experimental methods",
            "type": "ce_section"
        }
    ],
    "Title": "Comparison of deoxidation capability of solid solution and intermetallic titanium alloy powders deoxidized by calcium vapor",
    "abstract": "A comparison of the deoxidation capability of solid solution and intermetallic titanium alloy powders deoxidized by calcium vapor was investigated. The oxygen concentration of Ti-6Al-4V, Ti-27Nb, Ti-42Nb, Ti-35V-15Cr, Ti-25Fe-5Al, and Ti65Fe35 alloy powders before deoxidation were 2,610 ppm, 3,300 ppm, 3,780 ppm, 5,880 ppm, 1,725 ppm, and 4,635 ppm, respectively. After deoxidation, the oxygen concentration of the Ti-6Al-4V, Ti-27Nb, Ti-42Nb, and Ti-35V-15Cr solid-solution alloy powders were 355 ppm, 210 ppm, 330 ppm, 95 ppm, respectively, while the Ti-25Fe-5Al and Ti65Fe35 intermetallic alloy powders were 385 ppm and 1250 ppm, respectively. Compared with the oxygen concentration before deoxidation, the solid-solution Ti alloy powders showed a high oxygen reduction rate of approximately 80% or more, while the intermetallic Ti alloy powders showed a lower oxygen reduction rate of approximately 70%. Based on the theoretical deoxidation limit of pure Ti and the actual deoxidation result of pure Ti powder, solid-solution Ti alloy powders have reduced oxygen solubility due to the addition of alloying elements, resulting in reduced oxygen concentration after deoxidation. However, the intermetallic Ti alloy powders showed a difference in oxygen concentration among them due to the effect of TiFe intermetallic phase with high equilibrium oxygen concentration in the deoxidation reaction. (C) 2020 Elsevier B.V. All rights reserved"
}