{
    "DOI": "10.1016/j.jmrt.2021.07.118",
    "Journal": "Journal of Materials Research and Technology",
    "Keywords": [
        "Hydrogen induced crack",
        "Corrosion behavior",
        "API X65 pipeline steel",
        "Heat treatment",
        "Microstructure"
    ],
    "Sections": [
        {
            "content": [
                "The steel samples used for this research were taken from an API X65 pipeline steel. Pieces were taken from an actual pipeline steel plate. The chemical composition of the steel pieces was defined by a spark emission spectrometer quantum instrument, made in Germany. Table 1 provides the chemical composition of the steel of this study. It is important to mention that the steel pieces of this research were used in an environment containing H2S gas to transport a variety of liquids in oil, gas and petrochemical industries. In the next step, soaking heat treatment at 850 °C, 950 °C, 1050 °C and 1150 °C for 2 h was performed on the API X65 pipeline steel samples. Fig. 1 shows a schematic of the heat treatment performed on this steel.",
                "Heat treated samples were subsequently prepared for microstructural studies. For this purpose, heat treated samples were first cut and cold mounted and then polished by different sand papers followed by alumina abrasive papers. 2% Nital solution was used to etch the samples. An optical microscope model Olympuse, made in Japan, was used for microstructural observation. Also, A Filed Emission Scanning Electron Microscope (FE-SEM) model MIRA3TESCAN-XMU, that was equipped with Energy Dispersive X-Ray Spectroscopy (EDS) detector, was used to further analyze the microstructure. Also, to calculate the percentage of pearlite in the samples of this study, the metallography images were analyzed by ImageJ software.",
                "Corrosion behavior was assessed by open circuit potential (OCP), potentiodynamic potential and electrochemical impedance spectroscopy (EIS) techniques in an environment containing H2S.To perform these tests, specimens with the dimension of 1 cm2 were taken from the API X65 pipeline steel plate to be connected to the electrolyte. The rest of the samples were coated. The corrosion cell electrolyte was made of 0.5 wt% acetic acid, 5wt% Sodium chloride dissolved in distilled water. It was also saturated with H2S. One side of the pipeline steel specimen was immersed into the electrolyte and the other side was connected to the instrument. Every sample was first immersed for 1.5 h in the OCP to achieve a stable condition prior to the corrosion evaluation of the steel in an electrolyte containing H2S. Then, EIS test was performed in the OCP with the amplitude of 10 mV and the frequency range of 10 mHz–100 kHz. Finally, the potentiodynamic polarization test was done in the range of −1000mV to +1000 mV, with respect to the OCP, and with the scan rate of 0.001 V/s. The corrosion tests were done by AMETEK potentiostat instrument model PARSTAT 2273 using a three standard electrodes cell. An Ag/AgCl electrode was used as the reference electrode, a platinum bar was used as the auxiliary, or counting electrode and heat treated steel samples were used as the working electrode. All corrosion tests of this research were performed at 25 °C. Every test was done three times and the average of these three tests was reported as the test results.",
                "The sensitivity to HIC in the pipeline steel was assessed by charging hydrogen gas into the cathode (based on NACE TM0284 standard) and then immediately conducting the tensile test. The electrochemical method was used to create hydrogen embrittlement (HE) in the test samples. For this purpose, an electrochemical cell was prepared with the API X65 pipeline steel connected to its negative pole (cathode). The hydrogen atoms that were produced have moved towards the cathode and diffused in it. Table 2 provides the characteristics of this electrochemical cell. Platinum was used as the anode of such an electrochemical cell. The modified technique of JIS Z3113 was used to assess the amount of diffusible hydrogen into the steel. Additionally, samples were put into glycerin immediately after removing them from the HIC test cell. A water-ice solution was used as the medium to prevent hydrogen atoms from escaping the samples. The amount of diffusible hydrogen was then measured after 48 h. Finally, the tensile test was carried out by an INSTRON tensile tester model 4400 on the hydrogen charged samples. It is also important to mention that to assess the sensitivity to HIC of the heat treated samples, tensile test was done on the non-charged samples. To make sure of the repeatability of the tensile test results, three tests were done for each sample under the two conditions of charged and non-charged. The average of these three tests, together with the standard deviation is reported here. The ASTM E8 standard test method was used for the tensile tests. The strain rate used, up to the point to failure, was 0.5 N/Sec. The fracture surfaces of the tensile test specimens were analyzed by FE-SEM for fractography purposes and to gauge the possibility of hydrogen cracks formation on the surface."
            ],
            "name": "Materials and experimental procedure",
            "type": "ce_section"
        }
    ],
    "Title": "Sensitivity to hydrogen induced cracking, and corrosion performance of an API X65 pipeline steel in H2S containing environment: influence of heat treatment and its subsequent microstructural changes",
    "abstract": "In this investigation, the effect of microstructural changes and phase equilibria on corrosion behavior and hydrogen induced cracking (HIC) sensitivity of an API X65 pipeline steel was studied. For this purpose, heat treatment was performed at 850 degrees C, 950 degrees C, 1050 degrees C and 1150 degrees C to engineer the desired microstructure of this pipeline steel. Then, the microstructural evolution was performed by optical microscopy, and Field Emission Scanning Electron Mi-croscopy (FE-SEM) equipped with Energy Dispersive X-Ray Spectroscopy (EDS). Corrosion properties were evaluated in H2S environment by open circuit potential (OCP), Potentiody-namic polarization and Electrochemical Impedance Spectroscopy (EIS). As well, HIC sensi-tivity of the API X65 pipeline steel was assessed by hydrogen charging of the cathode and immediately conducting the tensile test. Microscopy analyses showed that the microstruc-ture of the steel is ferritic-pearlitic together with the islands of martensite/austenite con-stituents. Increasing the heat treatment temperature reduced the amount of pearlite and increased ferrite grain size. It also stabilized the ferrite content. Corrosion results indicated that no active layer was formed on the surface of this pipeline steel. Also, increasing the heat treatment temperature increased the corrosion resistance and reduced sensitivity to micro-galvanic localized corrosion. As well, results suggested that the sensitivity to HIC in the API X65 pipeline was substantially increased with increasing the amount of pearlite and reducing the amount of ferrite; i.e. at lower heat treatment temperature. (c) 2021 The Authors. Published by Elsevier B.V. This is an open access article under the CC BY-NC-ND license (http://creativecommons.org/licenses/by-nc-nd/4.0/)."
}