{
    "DOI": "10.1016/j.corsci.2020.108749",
    "Journal": "Corrosion Science",
    "Keywords": [
        "Al alloys",
        "Corrosion",
        "Atom probe tomography",
        "X-ray photoelectron spectroscopy",
        "Atomistic simulation"
    ],
    "Sections": [
        {
            "content": [
                "Al-Mn thin films with a nominal composition of 20.3 at.% Mn were prepared by direct current (DC) magnetron sputtering on (100) silicon (Si) wafers. Sputtering was operated inside a vacuum chamber (PVD 75, Kurt J. Lesker, Pennsylvania, USA), applying 200 W power for the Al (99.99 %, Kurt J. Lesker, Pennsylvania, USA) target and 38 W for the Mn target (99.95 %, Kurt J. Lesker, Pennsylvania, USA) under 5.9 × 10−3 Torr argon atmosphere (99.99 %). Prior to the deposition, Si wafers were etched with 1:20 hydrofluoric acid water solution to remove the natural oxidation layer. The thickness of the thin film was ∼ 1.2 μm, measured by a contact profilometer (DektakXT, Bruker, Massachusetts, USA). The chemical composition of samples was characterized by energy-dispersive X-ray spectroscopy (EDS, Quantax, Bruker, Massachusetts, USA) in a scanning electron microscopy (SEM, Quanta 600 FEG, FEI, Oregon, USA) under 10 keV.",
                "Electrochemical measurements were performed on as-deposited and anodized Al-20 at.% Mn thin films (hereafter referred as AM20 and a-AM20 respectively), Al 3003 (Metal Supermarkets, Florida, USA), and high purity Al (99.99 %, Alfa Aesar, Massachusetts, USA) with an effective exposed area of ∼ 1 cm². The chemical composition (in mass fraction) of Al 3003 is 1.14 % Mn, 0.15 % Cu, 0.60 % Fe, 0.10 % Si, and balanced Al. A potentiostat/galvanostat/zero resistance ammeter (Gamry model 600, Pennsylvania, USA) was used for all electrochemical experiments in a three-electrode setup, where the sample, a mixed metal oxide coated titanium mesh, and a silver-silver chloride electrode with 1 M KCl internal solution was used as the working, counter, and reference electrode respectively. Naturally aerated 0.6 M NaCl aqueous solution with pH ≈ 6.4 at 25 ± 2 °C was used as the electrolyte in all experiments. The a-AM20 sample was prepared by anodic polarization of AM20 at a constant potential of 200 mV above the open circuit potential (Eocp) at 15 °C for 2000 s. This anodizing potential was chosen within the passive region where the current density is largely independent of potential. The lower temperature (than room temperature) is chosen to suppress the generation of joule heating []. The enhanced protectiveness of this passive layer on a-AM20 is confirmed by the current evolution during anodizing, as shown in Fig. 1 , where the current density decreased from ∼ 7.75 × 10−8 A/cm2 to 3.68 × 10−8 A/cm2 after 2,000 s. Potentiodynamic polarization (PD) tests were performed with a scan rate of 0.167 mV/s for 1.5 h after stabilizing at Eocp for 300 s, starting at a potential of −150 mV below Eocp. Electrochemical impedance spectroscopy (EIS) analysis was performed after 300 s stabilization at Eocp, with 10 mVrms sinusoidal potential excitation, 100 kHz to 10 mHz frequency, and 5 points per decade. Note the time allowed for Eocp stabilization (300 s) was determined by measuring the time evolution of Eocp until no significant fluctuations of potential was recorded, as confirmed by Eocp measurements over a longer period of 1800 s on selected samples. The obtained data was then fitted by the equivalent circuit (EC) model using Gamry E-chem software. Mott-Schottky (M–S) test was performed to analyze the electronic properties of passive layer on all samples at a frequency of 1000 Hz and scan rate of 10 mV/s, after immersion at Eocp for 600 s. The potential scan range of pure Al and Al 3003 were from -1.0 V to -0.7 V vs. their respective Eocp while that of AM20 and a-AM20 were from -1.0 V to -0.1 V vs. their respective Eocp.",
                "X-ray diffraction (XRD) measurements of pure Al and Al 3003 was performed using PANalytical X’pert PRO MRD at 0.01° step size, 2.5 s scan step time, using Cu Kα under 45 kV and 40 mA. Grazing incidence XRD (GI-XRD) of AM20 and a-AM20 were performed using PANalytical Empyrean Nano Edition with a grazing incidence angle of 0.9149°, 0.02° step size and 10 s scan step. The X-ray photoelectron spectroscopy (XPS, PHI Quantera SXM, USA) characterization was operated under an ultra-high-vacuum system with 10−9 Torr base pressure. On each sample, a monochromatic Al Kα X-ray source with a beam diameter of 100 μm and an angle of 45° source analyzer was applied to measure the sputter depth profiles. Pre-sputtering was applied for 15 s using 1 kV ion beam directly on the sample surface to remove any potential carbon contamination. The sputter depth profiles were obtained using 1−3 kV argon ions on an area of ∼ 2 × 2 mm2 using a number of sweeps, step sizes and pass energy, as shown in Table 1 . The estimated instrumental resolution is ∼ 0.39 eV for O 1s spectra, 1.0 eV for Al 2p spectra and ∼ 2.1 eV for Mn 2p spectra. C 1s at 285 eV was used to calibrate the spectrum prior to data analysis of each element. MultiPak analysis software was used to perform the spectral deconvolution after the curve fitting procedure.",
                "Atom probe tomography (APT) analysis was conducted on the as-anodized a-AM20 and corroded a-AM20 after potentiodynamic polarization tests for 1.5 h in 0.6 M NaCl aqueous solution. The sample surface was protected by depositing a 60−100 nm Ni layer using a South Bay Technologies ion beam deposition system. APT specimens were made using a Thermo Fisher Nova 200 dual beam focused ion beam (FIB)/scanning electron microscope (SEM) with standard lift out and needle fabrication methods described by Thompson et al. []. An equilateral triangular prism was cut and lifted out, mounted on Si microtip array posts, and sharpened using a 30 kV Ga+ ion beam. Pt from the needle surface was removed using a 2 kV ion beam until the deposited Ni above the oxide layer was at the needle surface. The APT experiment was run on a CAMECA LEAP 4000XHR using laser mode with a 30 K base temperature, 40–50 pJ laser power, a 0.2−0.5 % detection rate, and a 200 kHz pulse repetition rate. The APT results were reconstructed and analyzed using CAMECA’s interactive visualization and analysis software (IVAS 3.8)."
            ],
            "name": "Experimental procedure",
            "type": "ce_section"
        },
        {
            "content": [
                "In this work, the slab models were used to investigate the oxidation process on amorphous, nanocrystalline and single crystalline Al surfaces. Due to the absence of a reliable interatomic potential of the Al-Mn-O system, the simulation results reported here mainly focused on the oxidation of pure Al, while results on that of Al-Mn were provided in the supplementary material by using mixed interatomic potentials for Al-Mn, Al-O, and Mn-O, respectively (Fig. S1). The single crystalline Al slab was built by cleaving the (001) or (111) plane of Al crystal with a total of ∼50, 000 atoms. For the nanocrystalline Al slab, a columnar structure with (111) texture parallel to the oxidation direction (i.e., z direction in Fig. 9) and an average grain size of 2.5 nm was constructed. Its surface area was similar to that of the single crystal. The amorphous Al slab was obtained by heating the Al single crystal with ∼ 50,000 atoms from 0 to 2000 K, and then quenched to 300 K at a rate of 0.02 K/fs. For simulations at high temperatures (up to 800 K), each Al slab was relaxed by using isothermal isobaric (NPT) ensemble under zero pressure at the corresponding temperature. All relaxed Al slabs had similar sizes, i.e., 101.25 × 101.25 × 81 Å along the x, y, and z directions of the simulation cell. Each Al slab was then placed in the simulation cell (101.25 × 101.25 × 181 Å) with 4000 O atoms by following a similar procedure to that reported by Campbell et al. [], as shown in Fig. 9. Periodic boundary conditions were applied along all directions along the simulation cell.",
                "After construction, each model was simulated at 300 K–800 K for 20 ps under canonical (NVT) ensemble, during which the oxidation occurred. All simulations were performed using the LAMMPS program [] with the interatomic interactions between Al and O being modeled by the Reactive Force Field (ReaxFF) []. The time step was 0.4 fs and the Nose []/Hoover [] thermostat was used to control the temperature. It was noticed that the oxidation process completed within 20 ps relaxation process and the thickness of the oxide layer remained unchanged after 20 ps. The atomistic structure of the formed oxide film in each model was analyzed by Ovito []."
            ],
            "name": "Simulation procedure",
            "type": "ce_section"
        },
        {
            "content": [
                {
                    "content": [
                        "Fig. 2 shows the XRD results of all samples. Pure Al and Al 3003 exhibit a single face-centered-cubic phase with a strong (200) texture parallel to the sample normal direction. A broad peak was observed around 42−43° for AM20, indicating the formation of largely amorphous microstructure, in consistent with prior works on electrodeposited or sputtered Al-Mn alloys with similar compositions [,,,]. Compared to AM20, the structure of a-AM20 does not change after anodizing. A small feature at ∼ 34.8° was also observed in both AM20 and a-AM20, close to the (104) diffraction peak of corundum (α-Al2O3) (JCPDS-ICDD File No 46-1212)."
                    ],
                    "name": "XRD characterization",
                    "type": "ce_section"
                },
                {
                    "content": [
                        "Representative PD curves and the PD results of all samples are shown in Fig. 3 . The passive regions of AM20 and a-AM20 are much wider than those of Al3003 and pure Al. The pitting potential increased with increasing Mn content in Al, as shown in Fig. 3(b). In addition, the protectiveness of naturally formed passive layer on AM20 can be further improved by anodizing the alloy surface, similar to those reported on other Al-based alloys [,]. Fig. 4 (a) shows the Nyquist plots of all samples obtained after immersion in 0.6 M NaCl aqueous solution at room temperature for 300 s under Eocp. The diameter of the capacitive semicircle is largest for a-AM20, followed by AM20, Al3003 and pure Al, indicating the enhanced protectiveness of the passive layer after alloying and anodizing, consistent with the PD results. The Bode plots of all samples are shown in Fig. 4(c) and (d). At high frequencies, the electrolyte resistance Rs was estimated to be ∼ 11–15 Ω from Fig. 4(c). At lower frequencies, the polarization resistance increases in the sequence of pure Al, Al 3003, AM20, and a-AM20, in agreement with their PD behavior. The phase shift Bode plot (Fig. 4(d)) shows a wave trough for all samples in the low frequency region, characteristic of an electrical circuit with two relaxation processes. Sample a-AM20 exhibited a maximum phase angle close to – 90° over a wide frequency range of 0.1 Hz–100 Hz (Figs. 4(d)), indicating its good capacitive response, while all others showed narrower frequency range of the capacitive effect.",
                        "The Nyquist and Bode plots were fitted using an equivalent circuit model shown in Fig. 4 (b), where Rs represents the ohmic solution resistance, R1 is the charge transfer resistance, R2 is the electrolytic resistance through the passive layer defects, the constant phase element CPE1 and CPE2 represent the non-ideal capacitive behavior of the double layer and the passive layer respectively. The double layer is formed between the metal surface and the electrolyte. As ions from the electrolyte is adsorbed onto the metal surface, the charged metal surface is separated from the charged ions in the electrolyte by an insulating surface (typically on the orders of angstroms) to form a capacitor CPE1. The geometrical capacitance of the passive layer, which is mainly a metal oxide layer, as shown later in Section 4.3, corresponds to CPE2. This model represents just one of several possible equivalent circuits that can fit the measured EIS data. It is chosen due to its inclusion of two relaxation processes, and the fact that it has been successfully adopted in prior research for Al-Mn [,] and Al-W [] solid solutions in NaCl electrolytes. Table 2 summarizes the model fitting parameters. The impedance of the CPE is defined as Z=1Y0(jω)n, Y0 is a constant, j is the imaginary unit, ω is the angular frequency of the sinusoidal signal, and n is an exponent in the range of 0 < n < 1. When n = 1, the CPE behaves like an ideal capacitor; when n = 0, it behaves like a pure resistor. For CPE2, the n2 value increases from 0.813 for pure Al to 0.949 for a-AM20, indicating a more ideal capacitor behavior in the later. The thickness of the passive layer d was estimated by [] d=εε0A/C where ε0 is the vacuum dielectric constant (ε0=8.85×10-14F∙cm-1), ε is the dielectric constant (relative electric permittivity) of barrier-type alumina (ε=20), A is the area exposed to the electrolyte solution (∼ 1 cm2), and C is the capacitance from CPE2. Table 2 shows that the values of CPE2 increases in the order of pure Al, Al3003, a-AM20, and AM20. Hence the calculated passive layer thickness decreases in that same order. The passive layer thickness on a-AM20 is ∼ 4.62 nm, which is slightly higher than that on AM20 (∼ 4.09 nm) but smaller than that on Al3003 (6.94 nm) and pure Al (7.25 nm)."
                    ],
                    "name": "Corrosion behavior",
                    "type": "ce_section"
                },
                {
                    "content": [
                        "Fig. 5 shows the element depth profile measured from XPS over 24 sputtering cycles, where the metal/oxide interface was defined by a change of bulk alloy concentration by ∼ 10 %. It can be seen that the trend of surface oxide layer thickness of all samples is consistent with the EIS results. Mn was absent from Al3003 due to its low concentrations (∼ 0.6 at.%). In AM20 and a-AM20, Mn concentration decreases from 20 at.% at the metal/oxide interface to zero at the oxide surface, confirming their selective dissolution in the passive layer. In the outer surface of the oxide, the composition of oxide is ∼ Al33O67 for pure Al, Al36O64 for Al3003, and Al40O60 for AM20 and a-AM20. Such results indicate that ∼ 20 at.% Mn addition in these alloys and its selective surface dissolution brings the surface oxide composition to the exact stoichiometry of its stable oxide (i.e. corundum Al2O3).",
                        "Fig. 6 summarizes the Al 2p, O 1s and Mn 2p core levels for all samples as a function of sputtering cycle, where cycle 1 corresponds to the outmost surface. Additional figures of the Al 2p spectra fitting of selected samples are provided in the supplementary materials (Fig. S2-S3). For pure Al, the outer surface contains aluminum oxide, AlO(OH) and a small amount of Al-Al bond. The intensities of both aluminum oxide and AlO(OH) dramatically decreases after 24 cycles (∼ 10 min sputtering time), while the O content around 25 at.% can still be detected. A similar trend was also observed for Al 3003. Aluminum oxide, AlO(OH) and Al(OH)3 have been detected near the top surface of a-AM20 before and after potentiodynamic polarization for 1.5 h while only Al oxide and AlO(OH) have been detected for AM20. In terms of Mn 2p spectra, for both AM20 and a-AM20, Mn remains in the elemental form throughout the surface oxide layer, with extremely low concentrations in the first three cycles (∼ 2 min sputtering time), while those of Mn oxide species was absent (whose binding energy is at 640.5 eV and 642.3 eV). A similar behavior was observed for corroded a-AM20, with the exception that a very small intensity of MnO2 was detected on the outmost surface (cycle 1). This observation is somewhat in agreement with prior research. For example, Zhang et al. [] showed that Mn is present on the surface of anodized Al-Mn but becomes absent after long term (2808 h) immersion in NaCl aqueous solution."
                    ],
                    "name": "Surface characterization via XPS",
                    "type": "ce_section"
                },
                {
                    "content": [
                        "To further understand the atomic structure of the oxide layer that provided the corrosion protection on the metal surface, APT analysis was performed on selected samples with the results presented in Fig. 7 . APT atom maps are shown in Fig. 7(a) and (b) for the a-AM20 sample before and after corrosion. Fig. 7(c) and (d) display the 1D concentration profiles of the oxide/alloy interfaces, which were calculated using proximity histograms of 10 at.% O isoconcentration surfaces within density corrected (using the Z-redistribution algorithm) 15 × 15 × 50 nm ROIs extracted from the center of the dataset [,]. The results show ∼ 4 nm and 8 nm surface oxide layers formed on a-AM20 before and after PD corrosion, respectively. The thickness of a-AM20 before corrosion is in good agreement with the EIS results (4.78 nm). In both cases, the oxide layer is mainly enriched in Al and O with an Al/O ratio close to 2:1, while that of Mn is largely absent, as shown in Fig. 7(c) and (d). The MnO mass spectral peaks were found to be basically zero in the oxide layer and the metal substrate. Such results are consistent with our prior TEM analysis on anodized Al80Mn20 after tribocorrosion []. Interestingly, in both cases, a slight enrichment of Mn near the oxide/metal interface was also observed, similar to those reported previously in anodized Al-Mn alloys []."
                    ],
                    "name": "APT results",
                    "type": "ce_section"
                },
                {
                    "content": [
                        "Fig. 8 summarizes the M–S analysis results of all samples. Here, the capacitance of the Helmholtz layer is assumed to be much bigger than the semiconductor capacitance of the passive layer, hence the measured capacitance of the interfacial double layer C is taken as the semiconductor capacitance of the passive layer to calculate the defect densities according to the following equation [] 1C2=±2εε0eN(E-Efb-kTe) where C is the capacitance, ε is the passive film dielectric constant (10 for Al2O3 []), εo is the permittivity of vacuum (εo = 8.85 × 10−14 F/cm), N is the dopant density, E is the applied potential, Efb is the flat band potential, k is the Boltzmann constant (1.38 × 10-23 JK-1), T is the absolute temperature, and e is the elementary charge (1.602 × 10-19 C). It was found that while only n-type defects such as oxygen vacancies and cation interstitials (e.g. Al3+) were observed in pure Al, all Al-Mn alloys contain p-type defect (e.g. cation vacancies) at low potentials and n-type defect at high potentials. As Mn% increases, the density of n-type defect decreases while that of p-type increases (except after anodizing). These results indicate alloying with Mn changed the metal-excess oxide (n-type) of Al into a metal-deficit (p-type) oxide at low potentials, most likely due to the selective dissolution of Mn, thus leaving behind cation vacancies. At higher potentials, with increased population of Al3+ interstitials due to polarization, the surface oxide becomes n-type again, but with lower defect density than pure Al, probably due to the originally lower (or absent) O2- vacancies and Al3+ interstitials. A similar “V-shaped” p-n junction behavior has also been reported for anodic aluminum oxide films [], passive films formed on Fe-based amorphous alloys after corrosion in acetic acid [], and those on AISI 304 stainless steel in NaCl aqueous solution []. In the present work, such p-n junction could be interpreted as two capacitors in series, one corresponding to the p-Al2O3/n-Al2O3 interface and the other to the n-Al2O3/electrolyte interface [].",
                        "Fig. 8(c) summarizes the n-type defect density and pitting potential of all samples. It can be seen that as the n-type defect density decreases, the pitting potential increases. This is in good agreement with the classical point defect theory [], which assumes that pitting corrosion initiates at the oxide/solution interface involving the adsorption of chloride ions into oxygen vacancies []. Hence a reduced n-type defect density leads to reduced chloride adsorption, and better pitting resistance. Although not fully understood at this point, these results indicate the complex defect state due to selective dissolution of the solute element Mn at different potentials."
                    ],
                    "name": "Defect characterization by Mott-Schottky (M–S) analysis",
                    "type": "ce_section"
                }
            ],
            "name": "Experimental results",
            "type": "ce_section"
        },
        {
            "content": [
                {
                    "content": [
                        "Fig. 2 shows the XRD results of all samples. Pure Al and Al 3003 exhibit a single face-centered-cubic phase with a strong (200) texture parallel to the sample normal direction. A broad peak was observed around 42−43° for AM20, indicating the formation of largely amorphous microstructure, in consistent with prior works on electrodeposited or sputtered Al-Mn alloys with similar compositions [,,,]. Compared to AM20, the structure of a-AM20 does not change after anodizing. A small feature at ∼ 34.8° was also observed in both AM20 and a-AM20, close to the (104) diffraction peak of corundum (α-Al2O3) (JCPDS-ICDD File No 46-1212)."
                    ],
                    "name": "XRD characterization",
                    "type": "ce_section"
                },
                {
                    "content": [
                        "Representative PD curves and the PD results of all samples are shown in Fig. 3 . The passive regions of AM20 and a-AM20 are much wider than those of Al3003 and pure Al. The pitting potential increased with increasing Mn content in Al, as shown in Fig. 3(b). In addition, the protectiveness of naturally formed passive layer on AM20 can be further improved by anodizing the alloy surface, similar to those reported on other Al-based alloys [,]. Fig. 4 (a) shows the Nyquist plots of all samples obtained after immersion in 0.6 M NaCl aqueous solution at room temperature for 300 s under Eocp. The diameter of the capacitive semicircle is largest for a-AM20, followed by AM20, Al3003 and pure Al, indicating the enhanced protectiveness of the passive layer after alloying and anodizing, consistent with the PD results. The Bode plots of all samples are shown in Fig. 4(c) and (d). At high frequencies, the electrolyte resistance Rs was estimated to be ∼ 11–15 Ω from Fig. 4(c). At lower frequencies, the polarization resistance increases in the sequence of pure Al, Al 3003, AM20, and a-AM20, in agreement with their PD behavior. The phase shift Bode plot (Fig. 4(d)) shows a wave trough for all samples in the low frequency region, characteristic of an electrical circuit with two relaxation processes. Sample a-AM20 exhibited a maximum phase angle close to – 90° over a wide frequency range of 0.1 Hz–100 Hz (Figs. 4(d)), indicating its good capacitive response, while all others showed narrower frequency range of the capacitive effect.",
                        "The Nyquist and Bode plots were fitted using an equivalent circuit model shown in Fig. 4 (b), where Rs represents the ohmic solution resistance, R1 is the charge transfer resistance, R2 is the electrolytic resistance through the passive layer defects, the constant phase element CPE1 and CPE2 represent the non-ideal capacitive behavior of the double layer and the passive layer respectively. The double layer is formed between the metal surface and the electrolyte. As ions from the electrolyte is adsorbed onto the metal surface, the charged metal surface is separated from the charged ions in the electrolyte by an insulating surface (typically on the orders of angstroms) to form a capacitor CPE1. The geometrical capacitance of the passive layer, which is mainly a metal oxide layer, as shown later in Section 4.3, corresponds to CPE2. This model represents just one of several possible equivalent circuits that can fit the measured EIS data. It is chosen due to its inclusion of two relaxation processes, and the fact that it has been successfully adopted in prior research for Al-Mn [,] and Al-W [] solid solutions in NaCl electrolytes. Table 2 summarizes the model fitting parameters. The impedance of the CPE is defined as Z=1Y0(jω)n, Y0 is a constant, j is the imaginary unit, ω is the angular frequency of the sinusoidal signal, and n is an exponent in the range of 0 < n < 1. When n = 1, the CPE behaves like an ideal capacitor; when n = 0, it behaves like a pure resistor. For CPE2, the n2 value increases from 0.813 for pure Al to 0.949 for a-AM20, indicating a more ideal capacitor behavior in the later. The thickness of the passive layer d was estimated by [] d=εε0A/C where ε0 is the vacuum dielectric constant (ε0=8.85×10-14F∙cm-1), ε is the dielectric constant (relative electric permittivity) of barrier-type alumina (ε=20), A is the area exposed to the electrolyte solution (∼ 1 cm2), and C is the capacitance from CPE2. Table 2 shows that the values of CPE2 increases in the order of pure Al, Al3003, a-AM20, and AM20. Hence the calculated passive layer thickness decreases in that same order. The passive layer thickness on a-AM20 is ∼ 4.62 nm, which is slightly higher than that on AM20 (∼ 4.09 nm) but smaller than that on Al3003 (6.94 nm) and pure Al (7.25 nm)."
                    ],
                    "name": "Corrosion behavior",
                    "type": "ce_section"
                },
                {
                    "content": [
                        "Fig. 5 shows the element depth profile measured from XPS over 24 sputtering cycles, where the metal/oxide interface was defined by a change of bulk alloy concentration by ∼ 10 %. It can be seen that the trend of surface oxide layer thickness of all samples is consistent with the EIS results. Mn was absent from Al3003 due to its low concentrations (∼ 0.6 at.%). In AM20 and a-AM20, Mn concentration decreases from 20 at.% at the metal/oxide interface to zero at the oxide surface, confirming their selective dissolution in the passive layer. In the outer surface of the oxide, the composition of oxide is ∼ Al33O67 for pure Al, Al36O64 for Al3003, and Al40O60 for AM20 and a-AM20. Such results indicate that ∼ 20 at.% Mn addition in these alloys and its selective surface dissolution brings the surface oxide composition to the exact stoichiometry of its stable oxide (i.e. corundum Al2O3).",
                        "Fig. 6 summarizes the Al 2p, O 1s and Mn 2p core levels for all samples as a function of sputtering cycle, where cycle 1 corresponds to the outmost surface. Additional figures of the Al 2p spectra fitting of selected samples are provided in the supplementary materials (Fig. S2-S3). For pure Al, the outer surface contains aluminum oxide, AlO(OH) and a small amount of Al-Al bond. The intensities of both aluminum oxide and AlO(OH) dramatically decreases after 24 cycles (∼ 10 min sputtering time), while the O content around 25 at.% can still be detected. A similar trend was also observed for Al 3003. Aluminum oxide, AlO(OH) and Al(OH)3 have been detected near the top surface of a-AM20 before and after potentiodynamic polarization for 1.5 h while only Al oxide and AlO(OH) have been detected for AM20. In terms of Mn 2p spectra, for both AM20 and a-AM20, Mn remains in the elemental form throughout the surface oxide layer, with extremely low concentrations in the first three cycles (∼ 2 min sputtering time), while those of Mn oxide species was absent (whose binding energy is at 640.5 eV and 642.3 eV). A similar behavior was observed for corroded a-AM20, with the exception that a very small intensity of MnO2 was detected on the outmost surface (cycle 1). This observation is somewhat in agreement with prior research. For example, Zhang et al. [] showed that Mn is present on the surface of anodized Al-Mn but becomes absent after long term (2808 h) immersion in NaCl aqueous solution."
                    ],
                    "name": "Surface characterization via XPS",
                    "type": "ce_section"
                },
                {
                    "content": [
                        "To further understand the atomic structure of the oxide layer that provided the corrosion protection on the metal surface, APT analysis was performed on selected samples with the results presented in Fig. 7 . APT atom maps are shown in Fig. 7(a) and (b) for the a-AM20 sample before and after corrosion. Fig. 7(c) and (d) display the 1D concentration profiles of the oxide/alloy interfaces, which were calculated using proximity histograms of 10 at.% O isoconcentration surfaces within density corrected (using the Z-redistribution algorithm) 15 × 15 × 50 nm ROIs extracted from the center of the dataset [,]. The results show ∼ 4 nm and 8 nm surface oxide layers formed on a-AM20 before and after PD corrosion, respectively. The thickness of a-AM20 before corrosion is in good agreement with the EIS results (4.78 nm). In both cases, the oxide layer is mainly enriched in Al and O with an Al/O ratio close to 2:1, while that of Mn is largely absent, as shown in Fig. 7(c) and (d). The MnO mass spectral peaks were found to be basically zero in the oxide layer and the metal substrate. Such results are consistent with our prior TEM analysis on anodized Al80Mn20 after tribocorrosion []. Interestingly, in both cases, a slight enrichment of Mn near the oxide/metal interface was also observed, similar to those reported previously in anodized Al-Mn alloys []."
                    ],
                    "name": "APT results",
                    "type": "ce_section"
                },
                {
                    "content": [
                        "Fig. 8 summarizes the M–S analysis results of all samples. Here, the capacitance of the Helmholtz layer is assumed to be much bigger than the semiconductor capacitance of the passive layer, hence the measured capacitance of the interfacial double layer C is taken as the semiconductor capacitance of the passive layer to calculate the defect densities according to the following equation [] 1C2=±2εε0eN(E-Efb-kTe) where C is the capacitance, ε is the passive film dielectric constant (10 for Al2O3 []), εo is the permittivity of vacuum (εo = 8.85 × 10−14 F/cm), N is the dopant density, E is the applied potential, Efb is the flat band potential, k is the Boltzmann constant (1.38 × 10-23 JK-1), T is the absolute temperature, and e is the elementary charge (1.602 × 10-19 C). It was found that while only n-type defects such as oxygen vacancies and cation interstitials (e.g. Al3+) were observed in pure Al, all Al-Mn alloys contain p-type defect (e.g. cation vacancies) at low potentials and n-type defect at high potentials. As Mn% increases, the density of n-type defect decreases while that of p-type increases (except after anodizing). These results indicate alloying with Mn changed the metal-excess oxide (n-type) of Al into a metal-deficit (p-type) oxide at low potentials, most likely due to the selective dissolution of Mn, thus leaving behind cation vacancies. At higher potentials, with increased population of Al3+ interstitials due to polarization, the surface oxide becomes n-type again, but with lower defect density than pure Al, probably due to the originally lower (or absent) O2- vacancies and Al3+ interstitials. A similar “V-shaped” p-n junction behavior has also been reported for anodic aluminum oxide films [], passive films formed on Fe-based amorphous alloys after corrosion in acetic acid [], and those on AISI 304 stainless steel in NaCl aqueous solution []. In the present work, such p-n junction could be interpreted as two capacitors in series, one corresponding to the p-Al2O3/n-Al2O3 interface and the other to the n-Al2O3/electrolyte interface [].",
                        "Fig. 8(c) summarizes the n-type defect density and pitting potential of all samples. It can be seen that as the n-type defect density decreases, the pitting potential increases. This is in good agreement with the classical point defect theory [], which assumes that pitting corrosion initiates at the oxide/solution interface involving the adsorption of chloride ions into oxygen vacancies []. Hence a reduced n-type defect density leads to reduced chloride adsorption, and better pitting resistance. Although not fully understood at this point, these results indicate the complex defect state due to selective dissolution of the solute element Mn at different potentials."
                    ],
                    "name": "Defect characterization by Mott-Schottky (M–S) analysis",
                    "type": "ce_section"
                }
            ],
            "name": "Experimental results",
            "type": "ce_section"
        },
        {
            "content": [
                "The atomic pathway of Al and O atoms during the oxidation process was found to be dramatically different on the amorphous and single crystalline Al surfaces. The findings at 300 K were presented in Fig. 12 as an example. On the amorphous Al surface (Fig. 12(a) and (b)), Al atoms were first pulled out of the topmost surface layer, creating vacancies in their original position. Almost simultaneously, the nearby oxygen atoms would fall into the vacancies and become bonded with the surrounding Al atoms. This mechanism was consistent with that reported by Campbell et al. []. In contrast, during oxidation on the single crystalline Al surface (Fig. 12(c)-(e)), O atoms moved into the tetrahedral and octahedral sites in the Al lattice, during which at least four surrounding Al atoms became deviated from their original lattice sites and were pulled out of the free surface (Fig. 12(d)). Therefore, when the O atoms moved towards these sites, more energy was needed as compared to that on the amorphous Al surface. In addition, the number of tetrahedral and octahedral sites was limited (eight tetrahedral sites and four octahedral sites per unit cell) in the single crystalline Al while on the amorphous Al surface, every Al atom could be potentially pulled out and become a vacancy. Due to these reasons, the amorphous Al surface can absorb more O atoms with lower activation energy, thus forming much denser oxide film than that on the single crystalline Al surface.",
                "The different oxidation mechanisms on the amorphous and single crystalline Al surfaces suggest that increasing the free volume in Al promotes the formation of denser oxide film. To further confirm this result, the oxidation on nanograined (∼ 2.5 nm grain size) and single crystalline Al (111) plane were also simulated. The atomic configuration of the oxide film and the number of Al-O bonds on each Al surface are presented in Fig. 13 . The oxide film on the nanograined Al surface appeared to be denser (with less holes) than that on the single crystalline Al surface, but less so than that on the amorphous Al surface. This trend is consistent with the number of Al-O bond for each oxide film (Fig. 13(c)). It is worth noting that the number of Al-O bonds in the oxide film on the single crystalline Al (001) plane was similar to single crystalline Al (111) plane (Fig. 13(f)). Therefore, the crystal orientation has little impact on the density of oxide film, and a more practical strategy to improve the density of oxide film on the Al surface is to increase the free volume or Al-Al bond distance via alloying with a non-passive element such as Mn."
            ],
            "name": "Atomic pathway of oxidation process",
            "type": "ce_section"
        }
    ],
    "Title": "The origin of passivity in aluminum-manganese solid solutions",
    "abstract": "The effects of manganese on the aqueous corrosion of aluminum-manganese alloys were investigated by experiments and atomistic simulations. Electrochemical measurements, x-ray photoelectron spectroscopy, and atom probe tomography analysis indicate that manganese addition enhanced the corrosion resistance of aluminum without participating in the surface oxidation. The selective dissolution of manganese was believed to increase the free volume at the metal/oxide interface to facilitate the formation of a denser, thinner oxide layer with closer to stoichiometry composition. Atomistic simulations showed that the oxide layer compactness increased, and defect density decreased with increasing free volume content in Al, resulting in enhanced barrier characteristics."
}