{
    "DOI": "10.1016/j.jallcom.2021.160559",
    "Journal": "Journal of Alloys and Compounds",
    "Keywords": [
        "Die-cast",
        "Heat treatment",
        "Al-Cu-Si-Mg alloys",
        "Precipitation",
        "Mechanical properties"
    ],
    "Sections": [
        {
            "content": [
                "Commercial purity Al, Cu and Mg, and Al-50 wt%Si and Al-20 wt%Mn master alloys were used for casting Al-Cu-Si-Mg-Mn-Fe alloys. The Fe are impurities, and the addition of Mn is able to prevent the formation of β-AlFeSi intermetallics . The detailed high-pressure die casting (HPDC) process is shown in our previous work . The measured compositions of the Al-Cu-Si-Mg alloys are shown in Table 1.",
                "The solution treatment was conducted in a Carbolite electric resistance furnace with fan convection. For each solution treatment, the furnace was preheated to the desired temperature and held for 2 h before putting samples inside. The temperature of the furnace was measured using a K-type thermocouple (±2 °C), which was positioned close to the samples. After solution treatment, the samples were quenched in water held at room temperature and immediately transferred to an oil bath for artificial ageing at a temperature of 170 °C for 0–48 h. The oil bath was preheated to 170 °C and maintained for 12 h before artificial ageing. In terms of T5 heat treatment, the as-cast samples were directly put into the oil bath for 0–48 h that had been preheated at 170 °C for 12 h. After T6 or T5 heat treatment, samples were left and cool at room temperature. The tensile tests were conducted at room temperature with a gauge length of 50 mm and an extension rate of 1 mm/min.",
                "The cross-section of the tensile testing sample was used for microstructure characterisation. The samples were cold mounted, ground and polished for optical microscopy (OM) and scanning electron microscopy (SEM). A Zeiss SUPERA scanning electron microscope equipped with EDX spectrometer was used for microstructure characterisation. The quantitative SEM EDX analysis was carried out with an accelerating voltage of 20 kV and a working distance of 8.8 mm after calibration each session. The hardness measurements were performed on the samples after grinding with an FM-800 Vickers hardness tester with a load of 5 Kg and a dwell time of 15 s. The slices obtained from the central regions of the tensile samples were ground into 300 µm thickness and stamped into 3 mm discs. The 3 mm discs were further ground to a thickness of ~50 µm and finally ion-beam-thinned with a Gatan precision ion polishing system (PIPS) with the voltage of 3–5 kV and angle of 3–5°. The final disc-like samples were served for transmission electron microscopy (TEM) characterisation using a JEOL 2100F TEM. Convergent beam electron diffraction (CBED) was applied to measure the thickness of the TEM sample. The number density of θ’ precipitate was measured, as reported by Li et al. . The measuring process and key parameters of calculating the number density of θ’ precipitate are provided in Supplementary Material . The ImageJ software was used for measuring the area fraction of the porosities and eutectic fraction from OM images."
            ],
            "name": "Experimental",
            "type": "ce_section"
        }
    ],
    "Title": "Effect of heat treatment on microstructure and tensile properties of die-cast Al-Cu-Si-Mg alloys",
    "abstract": "The effects of T5 and T6 heat treatment on the microstructural development and mechanical properties of newly developed die-cast Al-xCu-2.2%Si-1.1%Mg (x=5, 6.6 and 10.6, in wt%) alloys were investigated. After T5 heat treatment to peak hardness, the main precipitates changes from beta '' in Al5Cu to beta '' and theta' in Al6.6Cu and then to theta' and Q ''-type precipitate in Al10.6Cu, due to the various Cu content in the alpha-Al matrix. The highest yield strength of 395 +/- 5 MPa and lowest elongation of 1.9 +/- 0.15% have been achieved in Al10.6Cu after peak-aged T5 condition as compared to other Al-Cu-Si-Mg alloy compositions. The solution treatment of Al-Cu-Si-Mg alloys for 30-60 min at 500 degrees C dissolves a sufficient quantity of Cu (similar to 3 wt%), and spheridises the Al2Cu and Al5Cu2Mg8Si7 phases. A large number of theta' and Q '' coexist inside the alpha-Al matrix after T6 heat treatment, contributing to the exceptionally high mechanical strength. The T6 peak ageing time increased from 10 h in Al5Cu to 14 h in Al10.6Cu. These newly developed aluminium die-cast alloys having excellent mechanical properties that exceed those in existing aluminium die-cast alloys after heat treatment. Especially, the excellent yield strength of 427 MPa and 444 MPa, as well as elongation of 4.4% and 4.1%, were achieved in Al5Cu and Al6.6Cu after T6 heat treatment, respectively. (C) 2021 Elsevier B.V. All rights reserved."
}