{
    "DOI": "10.1016/j.engfailanal.2022.106602",
    "Journal": "Engineering Failure Analysis",
    "Keywords": [
        "Hydrogen embrittlement",
        "Welding simulated heat treatment",
        "High-strength low-alloy steels"
    ],
    "Sections": [
        {
            "content": [
                "The base material S690QL and X80 was delivered as steel plates in thicknesses of 15 mm and 30 mm respectively. Their chemical compositions, as measured by optical emission spectroscopy (OES), are listed in Table 1 .",
                "The specimens for welding simulated heat treatment were manufactured to Ø10 × 150 mm bars with length transversal to the rolling direction (RD), as shown in Fig. 1 (a).",
                "The physical simulation of the CGHAZ was carried out with a Gleeble 3500 thermal system (DSI company, USA). The specimens were heated conductively in the symmetrical middle region with the length of 40 mm. The gauge length of the subsequently manufactured tensile specimens is 25 mm, which is inside this region. The cooling time t8/5 is used as a characteristic parameter to describe the cooling rate of low alloyed steels, indicating the time required for cooling from 800 °C to 500 °C. The specimens were heated at a heating rate of 360 °C/s from RT to 1350 °C and subsequently cooled down with a cooling time t8/5 of 10 s, which is primarily based on typical parameters known from gas metal arc welding (GMAW), or with a longer cooling time t8/5 of 20 s, which is primarily related to the higher heat input during submerged arc welding (SAW). Fig. 1(b) shows the temperature–time curves measured on the specimens during the welding simulated heat treatment.",
                "The microstructure of the base materials and heat-treated specimens was investigated under LOM (Leica DM 2500 M) after mechanical polishing and etching with 4 vol% Nital solution. Detailed sub-microstructure features were studied under field emission SEM with EBSD (Zeiss Sigma 500) after mechanical polishing and electrolytical polishing at a voltage of 15 V for 30 s. The step size of 150 nm was used. The phase distribution (PD) maps, rolling direction inverse pole figure (RD-IPF) maps were analyzed using the Matlab-based MTEX toolbox. The hardness of both base materials and heat-treated specimens was measured by Vickers indentation tester (HMV-2000, Shimadzu company) with the load of 1 kg for 10 s on polished surfaces.",
                "Slow strain rate tests (SSRT) were conducted at a strain rate of 5 × 10-6 s−1 using tensile equipment manufactured by Fritz Fackert company. A set of tests were conducted in air as references. Another set of tests was performed at in-situ cathodic charged condition in a neutral solution of 3 % NaCl and 0.3 % NH4SCN at RT. Before hydrogen charging, the specimen surfaces were activated in 20 % HCl solution with 5 g/l Hexamethylenetetramine ((CH2)6N4) and then neutralized in 5 g/l NaOH solution to remove the surface oxidation layer. During charging, a platinum wire was used as anode, while the specimen functioned as cathode. A direct current power supplier applied a constant current density of 1 mA/cm2 during the entire tensile test. The charged area was defined to the lateral specimen surface over a length of 45 mm including the complete gauge area. The left area was electrically insulated by Polytetrafluoroethylene tape. For statistics, two repeated tests were carried out for each test condition. The loading force and crosshead displacement were documented every 120 s by scanscape® software and calculated to the stress-elongation curves afterwards. The measured elongation values do not exclude the effect of elastic deformation of the crosshead. Therefore, the elongation values give overestimation of the sample elongation. This problem is difficult to avoid since the in-situ charging setup prohibits the direct measurement of strains on specimens. In addition, the area reduction of the SSRT specimens was quantified by ImageJ® software on SEM images of the whole fracture surfaces.",
                "As soon as the tensile specimen fractured, it was immediately stored in liquid nitrogen to suppress thermally favored hydrogen effusion before carrying out the thermal desorption analysis (TDA). The TDA was conducted using an analyzer of type G8 Galileo (Bruker company) with a connected infrared oven of type IR07. The TDA was conducted by carrier gas hot extraction (nitrogen as carrier gas) from RT to 900 °C at a constant heating rate of 20 °C/min. The specimens were cleaned in acetone, dried, and weighted before the measurement. The amount of hydrogen released from the specimens was measured by the thermal conductivity detector with an interval of 0.2 s. The curves for hydrogen desorption rate were obtained during the whole temperature scheme. The other half of the failed SSRT specimen was used for fracture surface analysis via SEM at an operating voltage of 15 kV."
            ],
            "name": "Materials and methods",
            "type": "ce_section"
        },
        {
            "content": [
                "Evident changes of microstructure and mechanical properties were observed for the investigated high-strength low-alloy steels S690QL and X80 after the welding simulated heat treatment. For S690QL, a microstructure dominated by lath martensite formed at the cooling time t8/5 of 10 s. A comparatively high hardness of 419 HV1 was obtained. By raising the cooling time t8/5 from 10 s to 20 s, the fraction of bainite increased, which is in accordance with other studies [26,29,36]. The hardness of S690QL_20s specimen is 28 HV1 lower than that of S690QL_10s specimen. Dilatometric measurements (Bahr DIL 805 dilatometer) were performed at a heating rate of 400 °C/s from RT to 1200 °C, holding for 1 s, and subsequent cooling with the cooling times t8/5 of 10 s and 20 s, respectively. The peak temperature slightly differs from the welding simulated heat treatment due to the temperature limit of the dilatometer. The temperature-dependent phase transformations of the investigated specimens can thus be represented by their length change during cooling, as described by the dilatometry curves in Fig. 14 (a). Fig. 14 (a) reveals a bainitic transformation start temperature (Bs) of 435 °C for the S690QL_10s specimens, which quickly moves to martensitic transformation as indicated by the turning point. The transformation finished at Mf of ∼ 240 °C. For the S690QL_20s dilatometer specimen, the bainitic transformation starts at ∼ 540 °C. The following transformation finished at ∼ 340 °C.",
                "The X80 base material contains mainly polygonal ferrite and granular bainite, as observed in Fig. 2 and Fig. 4. The X80 steel has a lower carbon content of 0.07 % compared to S690QL steel (0.16 %). Because of the carbon-related lowering of the transformation temperatures, the X80 steel is supposed to possess higher bainitic and martensitic transformation temperatures compared to S690QL, which is confirmed by the dilatometry measurements. A schematic sketch of the continuous cooling transformation (CCT) diagrams for the investigated steels is presented in Fig. 14 (b) by referring to experimental CCT diagrams from published work [38]. X80 should also have a shorter incubation time before transformation, as indicated in the CCT diagram. The heat-treated X80 specimens revealed a lath bainitic microstructure. However, the hardness was much lower due to its low carbon content. As learnt from the dilatometer measurements, the X80_10s obtained a Bs temperature of 595 °C and a transformation finish temperature of 380 °C. The bainitic transformation of X80_20s started at ∼ 597 °C and finished at about 394 °C. A diffusion-controlled transformation would occur at high transformation temperatures, where granular bainite formed between the lath bainitic blocks, as revealed in Fig. 4. The fraction of granular bainite raises with the raising of cooling time, which is evidenced by LOM and EBSD observations. Yang et al. reported that a higher fraction of granular bainite is generated in welding conditions with higher heat input, which in turn reduces the material hardness [26]. A reduction of 28 HV1 hardness was observed in S690QL_20s compared to S690QL_10s. However, the increments of 35 HV1 hardness and yield strength of 134 MPa were observed in X80_20s compared to X80_10s. The X80 steel contains microalloying elements (Nb + Ti = 0.05 %), which were reported effective in grain refinement and promoting precipitation formation [15]. It is supposed that the X80 steel did not endure obvious changes in grain size by raising the cooling time t8/5 from 10 s to 20 s. However, precipitation formation might be facilitated at the longer cooling time regime. The precipitation formation contributes to the raised hardness in X80_20s.",
                "The measured yield and tensile strengths of uncharged specimens during SSRT, as summarized in Fig. 5 and Table 3, are in accordance with the hardness values except for the specimens of type S690QL_10s. They exhibited reduced yield strength and tensile strength compared to S690QL_20s specimens. As observed from the fracture head images in Fig. 5 (b) and Fig. 9 (a), large scale delamination cracks formed across the cross section of the fracture head of S690QL_10s specimens. These cracks were assumed triggering the local mechanical instability and inducing material failure before reaching their maximum strain hardenability [39,40]. The EBSD data revealed that the fraction of HAGBs in the heat-treated specimens overwhelmingly increased compared to the unaffected base material condition, indicating a reduced lattice coherency and grain boundary energy [13]. In contrast to S690QL, the X80 steel revealed prominent necking not only in the unaffected base material condition but also in both heat treatment conditions. The fracture surfaces revealed fine and homogenous ductile dimples in the uncharged condition, as revealed from Fig. 11 to Fig. 13. The X80_20s specimens achieved both raised yield and tensile strengths and improved ductility compared to the X80_10s condition."
            ],
            "name": "Effects of welding simulated heat treatment on microstructure and mechanical properties",
            "type": "ce_section"
        }
    ],
    "Title": "Impact of welding simulated heat treatment on hydrogen embrittlement behavior of high-strength fine-grained steels",
    "abstract": "Hydrogen embrittlement (HE) sensitivity of S690QL structural steel and X80 pipeline steel in both as delivered and welding simulated heat treatment conditions have been investigated by slow strain rate test (SSRT) with in-situ hydrogen charging. Both investigated steel grades show low strength losses, however, high ductility losses, represented by losses in total elongation and area reduction after in-situ hydrogen charging at a constant current density. The resulting diffusive hydrogen contents after charging are associated with the material microstructure, which are 2-3 ppm for S690QL and 1-2 ppm for X80. The lath martensite dominated microstructure in heat- treated S690QL specimens revealed extremely high HE sensitivity as demonstrated by fracture occurring within the elastic deformation regime. Hydrogen induced damage was found associated with the brittle nature of the quenched lath martensite, the severe grain coarsening, and the large fraction of high angle grain boundaries. The X80 pipeline steel reveals a transition from granular bainite dominated microstructure to lath bainite/martensite dominated microstructure after welding simulated heat treatment. The uptake of diffusive hydrogen during the in-situ charging process of X80 specimens was less compared to S690QL specimens, which was also desorbed at higher temperatures as characterized by hydrogen thermal desorption analysis. The results sug-gest a controlled bainitic/martensitic microstructure transformation with designed precipitation hardening would contribute to both strength enhancement and the suppression of hydrogen mobility."
}