{
    "DOI": "10.1016/j.corsci.2018.07.018",
    "Journal": "Corrosion Science",
    "Keywords": [
        "Intergranular corrosion",
        "Metals and alloys",
        "TEM",
        "EBSD",
        "SEM"
    ],
    "Sections": [
        {
            "content": [
                {
                    "content": [
                        "The materials used in the present work are 6 mm thick 6061 Al alloy sheets and their chemical compositions are listed in Table 1 . The alloy sheets were solution treated at 550 ℃ for 1 h and quenched in room temperature water. Subsequently, these as–quenched sheets were under–aged (UA) at 180 ℃ for 1 h to introduce serious IGC susceptibility. Afterwards, the UA sheets were cold–rolled (CR) further at room temperature on a two–high rolling mill with the roll diameter of 350 mm and rotation speed of 10 r / min to different thicknesses of 3.6 mm, 3 mm, 1.8 mm, 1.2 mm and 0.9 mm, respectively. Correspondingly, the total thickness reductions of the CR sheets were 40%, 50%, 70%, 80% and 90%, respectively. To simply describe hereafter, these CR sheets were designated as the CR40, CR50, CR70, CR80 and CR90 samples, respectively, according to their total thickness reductions."
                    ],
                    "name": "Materials and processing",
                    "type": "ce_section"
                },
                {
                    "content": [
                        "The IGC susceptibility of the UA and CR sheets was evaluated by the accelerated corrosion test according to the BS–ISO11846 method B []. Before the IGC test, the samples with the size of 50 mm in length and 30 mm in width were machined from the UA and CR sheets and meanwhile their longitudinal direction was parallel to the rolling direction, as shown in Fig. 1 . After degreasing in acetone and etching in the NaOH solution (75 g/L) at about 70 ℃ for about 3 min, the samples were immersed in the solution consisting of 30 g NaCl and 0.01 L concentrated HCl in a liter of distilled water. After the immersion for 24 h, these corroded samples were cut along the transverse direction (the dashed lines in Fig. 1) and then eight cross–sections (S–T sections) were obtained for each processed condition of the alloy sheets. Subsequently, these cross–sections were ground with 400, 800, 1000 and 1500 grit SiC papers successively and then polished with 0.1 μm Al2O3 paste under water. All the eight polished cross–sections for each processed condition were evaluated using a XJG–05 optical microscopy to find the cross–section with the maximum corrosion depth. Finally, all the cross–sections containing the maximum corrosion depths for different processed conditions were observed on a JSM–6510 SEM further.",
                        "Furthermore, in order to reveal the IGC behavior on different sections of the alloy sheets, the samples with the size of 15 mm in length and 10 mm in width were cut from different processed alloy sheets. After the rolling surfaces (L–T sections) and longitudinal sections (L–S sections) of the samples were ground and polished, the accelerated corrosion test was carried out for 24 h in the solution containing NaCl and HCl described above. Afterwards, both the corroded L–T and L–S sections of the UA and CR sheets were observed using SEM."
                    ],
                    "name": "IGC test",
                    "type": "ce_section"
                },
                {
                    "content": [
                        "The grain structures on the rolling surfaces (L–T sections) and longitudinal sections (L–S sections) of the UA and CR sheets were characterized using a Nordlys Max EBSD detector attached on the JSM–6510 SEM and the results were analyzed using HKL Channel 5 software further. Before the EBSD measurement, the L–T and L–S sections of the samples were ground with a series of SiC papers under ethanol, electro–polished using 10% HClO4 acid in alcohol (vol. %) at the voltage of 30 V, and finally cleaned ultrasonically in ethanol. The crystal orientation maps were derived with a step size of 0.2 μm.",
                        "The microstructures of the UA and CR sheets were characterized using TECNAI G2 20 transmission electron microscopy and JEOL JEM–2100 F field emission gun transmission electron microscopy. The foil samples for the TEM observations were prepared by the two–jet electro–polishing method in the mixed solution consisting of 30% nitric acid and 70% methanol (vol. %) at a temperature of about −30 ℃ with an applied voltage of about 20 V."
                    ],
                    "name": "Microstructural observations",
                    "type": "ce_section"
                }
            ],
            "name": "Experimental",
            "type": "ce_section"
        },
        {
            "content": [
                {
                    "content": [
                        "The materials used in the present work are 6 mm thick 6061 Al alloy sheets and their chemical compositions are listed in Table 1 . The alloy sheets were solution treated at 550 ℃ for 1 h and quenched in room temperature water. Subsequently, these as–quenched sheets were under–aged (UA) at 180 ℃ for 1 h to introduce serious IGC susceptibility. Afterwards, the UA sheets were cold–rolled (CR) further at room temperature on a two–high rolling mill with the roll diameter of 350 mm and rotation speed of 10 r / min to different thicknesses of 3.6 mm, 3 mm, 1.8 mm, 1.2 mm and 0.9 mm, respectively. Correspondingly, the total thickness reductions of the CR sheets were 40%, 50%, 70%, 80% and 90%, respectively. To simply describe hereafter, these CR sheets were designated as the CR40, CR50, CR70, CR80 and CR90 samples, respectively, according to their total thickness reductions."
                    ],
                    "name": "Materials and processing",
                    "type": "ce_section"
                },
                {
                    "content": [
                        "The IGC susceptibility of the UA and CR sheets was evaluated by the accelerated corrosion test according to the BS–ISO11846 method B []. Before the IGC test, the samples with the size of 50 mm in length and 30 mm in width were machined from the UA and CR sheets and meanwhile their longitudinal direction was parallel to the rolling direction, as shown in Fig. 1 . After degreasing in acetone and etching in the NaOH solution (75 g/L) at about 70 ℃ for about 3 min, the samples were immersed in the solution consisting of 30 g NaCl and 0.01 L concentrated HCl in a liter of distilled water. After the immersion for 24 h, these corroded samples were cut along the transverse direction (the dashed lines in Fig. 1) and then eight cross–sections (S–T sections) were obtained for each processed condition of the alloy sheets. Subsequently, these cross–sections were ground with 400, 800, 1000 and 1500 grit SiC papers successively and then polished with 0.1 μm Al2O3 paste under water. All the eight polished cross–sections for each processed condition were evaluated using a XJG–05 optical microscopy to find the cross–section with the maximum corrosion depth. Finally, all the cross–sections containing the maximum corrosion depths for different processed conditions were observed on a JSM–6510 SEM further.",
                        "Furthermore, in order to reveal the IGC behavior on different sections of the alloy sheets, the samples with the size of 15 mm in length and 10 mm in width were cut from different processed alloy sheets. After the rolling surfaces (L–T sections) and longitudinal sections (L–S sections) of the samples were ground and polished, the accelerated corrosion test was carried out for 24 h in the solution containing NaCl and HCl described above. Afterwards, both the corroded L–T and L–S sections of the UA and CR sheets were observed using SEM."
                    ],
                    "name": "IGC test",
                    "type": "ce_section"
                },
                {
                    "content": [
                        "The grain structures on the rolling surfaces (L–T sections) and longitudinal sections (L–S sections) of the UA and CR sheets were characterized using a Nordlys Max EBSD detector attached on the JSM–6510 SEM and the results were analyzed using HKL Channel 5 software further. Before the EBSD measurement, the L–T and L–S sections of the samples were ground with a series of SiC papers under ethanol, electro–polished using 10% HClO4 acid in alcohol (vol. %) at the voltage of 30 V, and finally cleaned ultrasonically in ethanol. The crystal orientation maps were derived with a step size of 0.2 μm.",
                        "The microstructures of the UA and CR sheets were characterized using TECNAI G2 20 transmission electron microscopy and JEOL JEM–2100 F field emission gun transmission electron microscopy. The foil samples for the TEM observations were prepared by the two–jet electro–polishing method in the mixed solution consisting of 30% nitric acid and 70% methanol (vol. %) at a temperature of about −30 ℃ with an applied voltage of about 20 V."
                    ],
                    "name": "Microstructural observations",
                    "type": "ce_section"
                }
            ],
            "name": "Experimental",
            "type": "ce_section"
        },
        {
            "content": [
                "Fig. 2 shows the SEM images for the polished cross–sections (S–T sections) of the UA and CR sheets subjected to the IGC test. Fig. 2a indicates that the UA sample exhibits typical IGC with a maximum corrosion depth of 245 μm. Meanwhile, because of recrystallization occurred during solution treating at 550 ℃ for 1 h, the UA sample has an average grain size (indicated by IGC) of about 90 μm and aspect ratio of about 2 by the image analyses. After the UA sample is cold–rolled with the thickness reduction of 40%, the CR40 sample has an increased maximum corrosion depth of 310 μm (Fig. 2b), which indicates that the CR40 sample has relatively stronger IGC susceptibility than the UA sample (Fig. 2a). Moreover, the average grain size decreases to be about 40 μm and the aspect ratio of the grains increases to be about 4 for the CR40 sample, which implies that there are more grain boundaries susceptible to IGC in the CR40 sample than in the UA sample. In consideration of the grain boundaries in Fig. 2 manifested by IGC, there are two possibilities for the increased grain boundaries in the CR40 sample: (i) some initial grain boundaries in the UA sample, which are not susceptible to IGC, become prone to IGC in the CR40 sample as a result of cold–rolling, or (ii) the grains in the CR40 sample are refined by cold–rolling and new formed grain boundaries are also susceptible to IGC.",
                "As shown in Fig. 2c, when the thickness reductions of the CR sheets increase to be 50%, the maximum corrosion depth of the CR50 sample decreases slightly to be 300 μm as compared with that (310 μm) of the CR40 sample (Fig. 2b). Meanwhile, the grains of the CR50 sample are elongated transversely with the aspect ratio of about 5. When the thickness reductions are increased further, the maximum corrosion depths of the CR sheets decrease gradually. For example, the maximum corrosion depths of the CR70 and CR80 samples are 230 μm (Fig. 2d) and 115 μm (Fig. 2e), respectively. At the same time, the grains of the CR70 and CR80 samples are elongated strongly in the transverse direction. In particular, when the thickness reductions of the CR sheets increase to be 90%, almost no IGC can be observed for the CR90 sample (Fig. 2f). Furthermore, the maximum corrosion depths of the UA and CR sheets are shown in Fig. 3 .",
                "According to the accelerated corrosion results (Figs. 2 and 3) by the BS–ISO11846 method B, it can be concluded that the IGC susceptibility of the under–aged 6061 Al alloy increases firstly and then decreases gradually with increasing the thickness reductions of the cold–rolled sheets. Taking into account the increased strength of the alloy sheets as a result of cold work hardening further, both high strength and IGC resistance can be achieved simultaneously for the alloy sheets by cold–rolling with relatively larger thickness reductions such as 90%. In addition, it is obvious that the conventional plastic deformation method of cold–rolling can achieve more practical applications as compared with those SPD methods."
            ],
            "name": "The IGC susceptibility of the samples",
            "type": "ce_section"
        },
        {
            "content": [
                "The SEM images in Fig. 2 for the S–T sections of the UA and CR sheets can only reflect the initiation of IGC on the L–T sections and inward propagation in the short (normal) direction. In order to reveal the IGC behavior on different sections of the alloy sheets further, after the L–T and L–S sections of the UA and CR sheets are polished and then immersed for 24 h in the standard IGC test solution containing NaCl and HCl, their corroded morphologies are observed using SEM. Furthermore, according to the optical microstructures for the L–T, L–and S–T sections of the UA sample (Fig. 4 a–c), the grains can be assumed roughly to be brick–shaped and have the orientation relationships with the alloy sheets, as shown in Fig. 4d. Correspondingly, the L–T, L–S and S–T planes of the assumed brick–shaped grains can be regarded further as the corresponding grain boundary planes in the alloy sheets.",
                "Fig. 5 shows the SEM images for the corroded L–T sections (rolling surfaces) of the UA and CR sheets after the IGC test. As shown in Fig. 5a, the intergranular cracks (arrow “1”) verify again that the UA sample is susceptible to IGC. Meanwhile, a lot of pits are also observed within the grains (arrow “2″) or at the grain boundaries (arrow “3”). These pits are related to the pitting corrosion caused by coarse second–phase particles. For the Al–Mg–Si–Cu alloys, the constituents of such as AlCuMgSi, AlFeSi and Mg2Si phases [] are often formed during casting and can hardly dissolve completely after the subsequent homogenization and solution treatment. Since these residual constituents have different corrosion potentials from the surrounding matrix [,], the electrochemical microcouples are formed between them. Furthermore, these pits result from the anodic dissolution of the constituents themselves or surrounding matrix, which depends on their relative values of the corrosion potentials.",
                "According to the orientation relationships between the assumed brick–shaped grains and sheets (Fig. 4d), the grain boundaries (indicated by IGC) on the L–T sections (Fig. 5) of the UA and CR sheets are thought roughly to consist of the L–S and S–T grain boundary planes, respectively. Based on the image analyses, the grains on the L–T sections of the UA sample have an average size of about 150 μm and are nearly equiaxed with the aspect ratio of about 1 (Fig. 5a), which means that the L–S and S–T grain boundaries have almost the same length fraction. When the UA sample is cold–rolled with the thickness reduction of 40%, the average grain size of the CR40 sample decreases to be about 50 μm, but the L–S and S–T grain boundaries still have almost the same length fractions (Fig. 5b). For the CR50 sample with the thickness reduction of 50%, the L–S grain boundaries have a relatively higher length fraction (about 65%) than that (about 35%) of the S–T grain boundaries and the aspect ratio of the grains is about 2 (Fig. 5c). Fig. 5d shows that when the thickness reductions of the CR sheets increase further to be 70%, both the increased length fraction (about 80%) of the L–S grain boundaries and decreased length fraction (about 20%) of the S–T grain boundaries can be observed for the CR70 sample with the aspect ratio of about 4. For the CR80 sample, its length fractions of the L–S and S–T grain boundaries are about 90% and 10% and the aspect ratio is about 9, as shown in Fig. 5e. As comparison, almost no grain boundaries can be observed for the CR90 sample, which indicates that it is not susceptible to IGC (Fig. 5f). Obviously, it can be concluded that the IGC susceptibility on the L–T sections of the under–aged 6061 Al alloy can be eliminated eventually by increasing the thickness reductions of the cold–rolled sheets, which is in accordance with the IGC test results in Fig. 2. Furthermore, the IGC susceptibility of the S–T grain boundaries can be removed more easily by cold–rolling than the L–S grain boundaries based on the change in length fraction.",
                "Since the L–T grain boundary planes are parallel to the L–T sections (rolling surfaces) of the alloy sheets (Fig. 4d), their IGC behavior cannot be understood easily by observing the corroded L–T sections (Fig. 5). In order to reveal the IGC behavior of the L–T grain boundaries, the longitudinal sections (L–S sections) of the UA and CR sheets are also polished and immersed in the standard IGC test solution containing NaCl and HCl for 24 h and the SEM images for the corroded L–S sections are shown in Fig. 6 . As shown in Fig. 6a, the grains on the L–S sections (indicated by IGC) of the UA sample have an aspect ratio of about 3 and average size of about 110 μm. As comparison, the aspect ratio and average size of the grains are about 5 and 50 μm for the CR40 sample (Fig. 6b). When the thickness reductions of the CR sheets increase to be 80%, only the L–T grain boundaries of the CR80 sample are attacked and almost no S–T grain boundaries can be observed (Fig. 6c). Furthermore, different from no IGC on the L–T sections of the CR90 sample (Fig. 5f), a lot of L–T grain boundaries can be observed on the L–S sections (Fig. 5d), which indicates that the IGC susceptibility of the L–T grain boundaries is removed more difficultly than the L–S grain boundaries by increasing the thickness reductions of the CR sheets.",
                "Based on the accelerated corrosion results (Fig. 5 and 6), it can be concluded that the IGC susceptibility on different sections of the alloy sheets changes with the grain boundary orientations. Furthermore, the difficulty for removing the IGC susceptibility of different orientated grain boundaries by cold–rolling increases in the sequence of the S–T, L–S and L–T grain boundary planes."
            ],
            "name": "SEM observations for the corroded L–T and L–S sections of the samples",
            "type": "ce_section"
        },
        {
            "content": [
                "In order to understand the grain boundary characteristics of the under–aged 6061 Al alloy sheets during cold–rolling, both the grain boundary and orientation maps for the polished L–T and L–S sections of the UA, CR40 and CR90 samples are obtained by the EBSD test, as shown in Fig. 7 and 8 . For the grain boundary maps, the red, green and blue lines represent the misorientation angles of 2–5°, 5–15° and ≥15°, respectively. At the same time, the corresponding fraction, number and length of different grain boundaries are also shown. Furthermore, the red and green lines represent low–angle grain boundaries whereas the blue lines respond to high–angle ones. As shown in Fig. 7a and b, the nearly equiaxed grains are observed on the L–T sections of the UA sample, which is attributed to the recrystallization of the alloy sheets during solution treating at 550 ℃ for 1 h. Meanwhile, the average grain size of the UA sample is about 75 μm by counting the high–angle and low–angle grain boundaries. It is obvious that for the L–T sections of the UA sample, the average grain size of about 75 μm indicated by EBSD (Fig. 7a) is remarkably smaller than that (about 150 μm) indicated by IGC (Fig. 5a), but almost the same with that (about 90 μm) indicated by the Keller’s reagent (Fig. 4a). The difference in average grain size (Figs. 5 and 7a) indicates that some grain boundaries in the UA sample are not susceptible to IGC after immersion for 24 h.",
                "As shown in Fig. 7a, the grain sizes on the L–T sections of the UA sample are mostly in the range of tens to hundreds of micrometers. As comparison, there are two size distributions on the L–T sections of the CR40 and CR90 samples (Fig. 7c and e). In addition to the larger grains with the diameter of tens to hundreds of micrometers, many smaller grains with the diameter of several micrometers are also observed, as indicated with the arrows “1″ and “2″ in Fig. 7c. In order to describe simply, the larger and smaller grains are called as large–sized and small–sized ones, respectively. It notes here that the small–sized grains should include those beyond the resolution limitation of 0.2 μm such as nano–scaled grains, which cannot be distinguished on the EBSD plots but by TEM. As shown in Fig. 7c, the small–sized grains are located mainly at the large―sized grain boundaries and partly inside the large–sized grains for the CR40 sample. Furthermore, the average size (about 25 μm) of the large–sized grains on the CR40 sample is smaller than that (about 75 μm) of the UA sample. Therefore, it can be concluded that during cold–rolling of the UA sample, the grains are refined in the CR sheets, which is similar to the grain refining process of the SPD methods. Indeed, a lot of shear bands are also observed within the large–sized grains of the CR40 sample (Fig. 7d), which verifies the strong plastic strains occurred during cold–rolling of the UA sample.",
                "When the thickness reductions of the CR sheets increase to be 90%, the small–sized grains increase remarkably in the CR90 sample (Fig. 7e) as compared with those in the CR40 sample (Fig. 7c). Furthermore, there are more small–sized grains at the S–T grain boundaries (arrow “1″) than at the L–S grain boundaries (arrow “2”) for the CR90 sample (Fig. 7e), and meanwhile, some large–sized grains (arrow “3″) become larger as compared with those in the CR40 sample (Fig. 7c). Different from the CR40 sample (Fig. 7d), the grain boundaries and shear bands cannot be distinguished clearly on the grain boundary orientation map for the L–T sections of the CR90 sample (Fig. 7f), which is attributed to the stronger plastic strains caused by cold–rolling with the thickness reduction of 90%. In addition, according to the lengths of blue lines in Fig. 7b, d and f, it can be concluded that with increasing the thickness reductions, high–angle grain boundaries of the CR sheets increase accordingly. For example, the lengths of blue lines of the UA, CR40 and CR90 samples are 23.2 mm, 30.6 mm (Fig. 7d) and 71.5 mm (Fig. 7f), respectively. It notes that the value of 23.2 mm is obtained by 92.7 mm (Fig. 7b) by 4 in consideration of same magnification with Fig. 7d and f.",
                "Fig. 8 shows that the grain boundary and orientation maps for the L–S sections of the UA, CR40 and CR90 samples. In general, the grains on the L–S sections of the UA, CR40 and CR90 samples have a similar change trend with those on the L–T sections (Fig. 7). That is, during cold–rolling of the UA sample, the large–sized grains in the UA sample are refined further and the small–sized grains are formed mainly at the large–sized grain boundaries by comparing the grains in Fig. 8a, c and e. With increasing the thickness reductions of the CR sheets, both the small–sized grains and high–angle grain boundaries increase correspondingly as a result of the increased plastic strains, as shown in Fig. 8b, d and f. However, a remarkable characteristic is that some L–T grain boundaries are not decorated with the small–sized grains on the L–S sections of the CR90 sample, as indicated with the arrows in Fig. 8e. Such phenomenon means that relatively weaker plastic strains are accumulated at the L–T grain boundaries than at the S–T and L–S grain boundaries during cold–rolling of the UA sample."
            ],
            "name": "EBSD analyses of the L–T and L–S sections of the samples",
            "type": "ce_section"
        }
    ],
    "Title": "Effect of the thickness reduction on intergranular corrosion in an under–aged Al–Mg–Si–Cu alloy during cold–rolling",
    "abstract": "The effect of the thickness reduction on the intergranular corrosion (IGC) of under-aged Al-Mg-Si-Cu alloy sheets during cold-rolling is investigated. The accelerated corrosion test shows that the IGC susceptibility increases firstly and then decreases gradually with increasing the thickness reductions of the cold-rolled sheets. Microstructural observations indicate that the increased IGC susceptibility results from the transformation of the initial low-angle grain boundaries to high-angle ones, whereas its decrease correlates with the small-sized grains formed at the high-angle grain boundaries. Furthermore, the difficulty for removing IGC by cold-rolling increases gradually in the sequence of short-transverse, longitudinal-short and longitudinal-transverse grain boundary planes."
}