{
    "DOI": "10.1016/j.jcis.2019.04.017",
    "Journal": "Journal of Colloid and Interface Science",
    "Keywords": [
        "Magnesium alloy",
        "Layer-by-layer",
        "Heat treatment",
        "Corrosion resistance",
        "Antibacterial property",
        "Sustained release"
    ],
    "Sections": [
        {
            "content": [
                {
                    "content": [
                        "The as-extruded AZ31 Mg alloys were supplied by Shandong Yinguang Yuyuan Light Metal Precise Co., Ltd. in China and the corresponding chemical composition (wt%) was listed in Table 1 . Herein, Mg-based plates with parameters of 20 mm × 20 mm × 5 mm were ground mechanically using SiC paper up to final grit size of #1500. After the abrading, the samples were rinsed with water and dried. And then they were dipped in 250 mL of 1 M NaOH solution at 60 °C for 1 h, followed by washing with water and drying at 120 °C for 2 h. The polyethyleneimine (PEI, Mw: 600 Da, 99%, Xiya Reagent, China), PAH (Mw: 15 kDa, 98%, Aike Chemical Reagent, China), PAA (Mw: 21 kDa, 99%, Xiya Reagent, China) and GS (Mw: 576 Da, 99%, Xiya Reagent, China) were employed. Moreover, ultrapure water was utilized throughout the experiment and its resistivity is about 18 MΩ cm."
                    ],
                    "name": "Materials",
                    "type": "ce_section"
                },
                {
                    "content": [
                        "The preparation process was schematically illustrated in Fig. 1 . To prepare a precursor layer with positive charges, Mg substrates were treated with 0.3 mL PEI solution (10 mg/mL, pH 10.0) by spin-assisted LbL (SLbL) assembly with a spinning speed of 3000 rpm, and subsequently washed and dried. Then the pretreated substrates were alternately deposited with the PAA (2.5 mg/mL, pH 7.0) which contained GS (0.17 mg/mL) and PAH (2 mg/mL, pH 4.0) through SLbL assembly. The obtained multilayers were represented as (PAH/PAA-GS)n films, where n was the number of assembled bilayers and PAA-GS referred to the solution blend of PAA and GS. Finally, thermal cross-linking was carried out by heating at 150 °C for 2 h, and the obtained samples were named as HT-(PAH/PAA-GS)n films. The 150 °C for heat treatment was selected because the highest anhydride amount would be produced at this temperature [38,39]."
                    ],
                    "name": "Construction of multilayers and heat treatment",
                    "type": "ce_section"
                },
                {
                    "content": [
                        "The morphology and thickness of the coatings were determined by Field-emission scanning electron microscopy (FE-SEM, Nova Nano SEM 450, FEI, USA) equipped with the energy-dispersive X-ray spectrometer (EDS). Fourier transform infrared spectroscopy (FT-IR, Nicolet 380, Thermo electron, USA) was taken to analyze the possible chemical bonds in the multilayers. GS concentration was measured by UV–vis spectroscopy (UV, 2550-SolidSpec, Shimadzu, Japan) at the wavelength of 248 nm. The GS loading dosage in the HT-(PAH/PAA-GS)10 films (n = 2, 4, 6, 8 and 10) could be respectively calculated through deducting the remaining drugs in the PAA-GS blend from the total GS amount. Contact angles were tested 5 times at different locations on the coating surface using surface tension analyzer (JC2000C1, Shanghai Zhongcheng Digital Technic Apparatus Corporation, China) by sessile drop method. To obtain the total free surface energy (γ s TOT), the contact angles at equilibrium between the coatings surface and the twice distilled water were tested. The γ s TOT was calculated using the acid base approach [40,41]. Herein, the dispersive (γ s LW) component and polar component (γab) were calculated, while the surface tension of compound s were express as γ s + and γ s −. The coating adhesion was measured using Micro Materials Nano-Testing Machine (Nano Test 600, MicroMaterials, UK) with a 25 μm diameter of diamond-tip indenter under progressively increasing the load from 0 to 10 N with 2 mm/min of scan velocity."
                    ],
                    "name": "Characterization of multilayers",
                    "type": "ce_section"
                },
                {
                    "content": [
                        "The potentiodynamic polarization (PDP) in Hank’s balanced salt solution (HBSS) were performed using electrochemical workstation (PAR Model 2273, Princeton, USA). The sweep rate of the polarization was 1 mV/s, and the scan potential range started from −2000 mV to the final potential of −1000 mV. The Tafel plots were analyzed using PowerSuite software based on the extrapolation method [42] and the coordinate parameters included the corrosion potential (E corr) and corrosion current density (i corr). Besides, the i corr could be transformed into the corrosion rate P i (mm/year) using the following formula [43]: Pi=22.85icorr",
                        "The hydrogen evolution of specimen immersed in HBSS at 37.5 ± 0.1 °C was estimated using a common methodology proposed in Ref. [44]. Briefly, each sample was put into the burette-funnel setup, and the hydrogen evolution from the local corrosion got collected by the funnel and then went into the burette. It gradually displaced the tested solution level in the burette and it could be showed by the burette scale [45]. Therefore, the hydrogen evolution rate (HER), v H (mL·cm−2·h−1) could be expressed as: vH=V/st where V was the volume of hydrogen evolution, s and t were the surface area and the immersion time, respectively."
                    ],
                    "name": "Corrosion measurements",
                    "type": "ce_section"
                },
                {
                    "content": [
                        "The antibacterial activities of specimen against Gram-positive Staphylococcus aureus (S. aureus) bacteria were examined using plate-counting method. The S. aureus were cultivated at 37 °C in the nutrient agar plates to a concentration of 109 CFU/mL, and then were diluted one hundred-fold by the 0.9% NaCl solution to a concentration of 107 CFU/mL (named bacterial suspension). After 18 h, the bacterial suspension was transferred to the cuvette and each sample was immersed in it for 4 h. Then, 100 μL of the bacterial suspension was diluted with 900 μL of NaCl solution and was quickly spread on the nutrient agar plates. These plates were incubated at 37 °C for 16 h and the number of bacteria colonies formed on the agar plate was carefully counted.",
                        "For the GS release study in vitro, samples were immersed in a centrifuge tube with 8 mL of PBS solutions (pH 7.4) and incubated at 37 °C. At each time point, 4 mL PBS solution containing the released GS was collected and replaced with the fresh PBS. GS concentrations from (PAH/PAA-GS)n multilayers were obtained using UV–vis. The GS release data between 0 and 60% were analyzed using the Korsmeyer-Peppas model presenting the drug release from polymeric systems as described by the following equation [46–48]: Mt/M∞=ktn where Mt is the drug released at time t, M∞ is the quantity of drug released at infinite time, k is the kinetic constant and n is the release exponent. The value n is used to characterize the drug release mechanism."
                    ],
                    "name": "In vitro antibacterial properties and drug release profiles",
                    "type": "ce_section"
                }
            ],
            "name": "Experimental",
            "type": "ce_section"
        },
        {
            "content": [
                {
                    "content": [
                        "The as-extruded AZ31 Mg alloys were supplied by Shandong Yinguang Yuyuan Light Metal Precise Co., Ltd. in China and the corresponding chemical composition (wt%) was listed in Table 1 . Herein, Mg-based plates with parameters of 20 mm × 20 mm × 5 mm were ground mechanically using SiC paper up to final grit size of #1500. After the abrading, the samples were rinsed with water and dried. And then they were dipped in 250 mL of 1 M NaOH solution at 60 °C for 1 h, followed by washing with water and drying at 120 °C for 2 h. The polyethyleneimine (PEI, Mw: 600 Da, 99%, Xiya Reagent, China), PAH (Mw: 15 kDa, 98%, Aike Chemical Reagent, China), PAA (Mw: 21 kDa, 99%, Xiya Reagent, China) and GS (Mw: 576 Da, 99%, Xiya Reagent, China) were employed. Moreover, ultrapure water was utilized throughout the experiment and its resistivity is about 18 MΩ cm."
                    ],
                    "name": "Materials",
                    "type": "ce_section"
                },
                {
                    "content": [
                        "The preparation process was schematically illustrated in Fig. 1 . To prepare a precursor layer with positive charges, Mg substrates were treated with 0.3 mL PEI solution (10 mg/mL, pH 10.0) by spin-assisted LbL (SLbL) assembly with a spinning speed of 3000 rpm, and subsequently washed and dried. Then the pretreated substrates were alternately deposited with the PAA (2.5 mg/mL, pH 7.0) which contained GS (0.17 mg/mL) and PAH (2 mg/mL, pH 4.0) through SLbL assembly. The obtained multilayers were represented as (PAH/PAA-GS)n films, where n was the number of assembled bilayers and PAA-GS referred to the solution blend of PAA and GS. Finally, thermal cross-linking was carried out by heating at 150 °C for 2 h, and the obtained samples were named as HT-(PAH/PAA-GS)n films. The 150 °C for heat treatment was selected because the highest anhydride amount would be produced at this temperature [38,39]."
                    ],
                    "name": "Construction of multilayers and heat treatment",
                    "type": "ce_section"
                },
                {
                    "content": [
                        "The morphology and thickness of the coatings were determined by Field-emission scanning electron microscopy (FE-SEM, Nova Nano SEM 450, FEI, USA) equipped with the energy-dispersive X-ray spectrometer (EDS). Fourier transform infrared spectroscopy (FT-IR, Nicolet 380, Thermo electron, USA) was taken to analyze the possible chemical bonds in the multilayers. GS concentration was measured by UV–vis spectroscopy (UV, 2550-SolidSpec, Shimadzu, Japan) at the wavelength of 248 nm. The GS loading dosage in the HT-(PAH/PAA-GS)10 films (n = 2, 4, 6, 8 and 10) could be respectively calculated through deducting the remaining drugs in the PAA-GS blend from the total GS amount. Contact angles were tested 5 times at different locations on the coating surface using surface tension analyzer (JC2000C1, Shanghai Zhongcheng Digital Technic Apparatus Corporation, China) by sessile drop method. To obtain the total free surface energy (γ s TOT), the contact angles at equilibrium between the coatings surface and the twice distilled water were tested. The γ s TOT was calculated using the acid base approach [40,41]. Herein, the dispersive (γ s LW) component and polar component (γab) were calculated, while the surface tension of compound s were express as γ s + and γ s −. The coating adhesion was measured using Micro Materials Nano-Testing Machine (Nano Test 600, MicroMaterials, UK) with a 25 μm diameter of diamond-tip indenter under progressively increasing the load from 0 to 10 N with 2 mm/min of scan velocity."
                    ],
                    "name": "Characterization of multilayers",
                    "type": "ce_section"
                },
                {
                    "content": [
                        "The potentiodynamic polarization (PDP) in Hank’s balanced salt solution (HBSS) were performed using electrochemical workstation (PAR Model 2273, Princeton, USA). The sweep rate of the polarization was 1 mV/s, and the scan potential range started from −2000 mV to the final potential of −1000 mV. The Tafel plots were analyzed using PowerSuite software based on the extrapolation method [42] and the coordinate parameters included the corrosion potential (E corr) and corrosion current density (i corr). Besides, the i corr could be transformed into the corrosion rate P i (mm/year) using the following formula [43]: Pi=22.85icorr",
                        "The hydrogen evolution of specimen immersed in HBSS at 37.5 ± 0.1 °C was estimated using a common methodology proposed in Ref. [44]. Briefly, each sample was put into the burette-funnel setup, and the hydrogen evolution from the local corrosion got collected by the funnel and then went into the burette. It gradually displaced the tested solution level in the burette and it could be showed by the burette scale [45]. Therefore, the hydrogen evolution rate (HER), v H (mL·cm−2·h−1) could be expressed as: vH=V/st where V was the volume of hydrogen evolution, s and t were the surface area and the immersion time, respectively."
                    ],
                    "name": "Corrosion measurements",
                    "type": "ce_section"
                },
                {
                    "content": [
                        "The antibacterial activities of specimen against Gram-positive Staphylococcus aureus (S. aureus) bacteria were examined using plate-counting method. The S. aureus were cultivated at 37 °C in the nutrient agar plates to a concentration of 109 CFU/mL, and then were diluted one hundred-fold by the 0.9% NaCl solution to a concentration of 107 CFU/mL (named bacterial suspension). After 18 h, the bacterial suspension was transferred to the cuvette and each sample was immersed in it for 4 h. Then, 100 μL of the bacterial suspension was diluted with 900 μL of NaCl solution and was quickly spread on the nutrient agar plates. These plates were incubated at 37 °C for 16 h and the number of bacteria colonies formed on the agar plate was carefully counted.",
                        "For the GS release study in vitro, samples were immersed in a centrifuge tube with 8 mL of PBS solutions (pH 7.4) and incubated at 37 °C. At each time point, 4 mL PBS solution containing the released GS was collected and replaced with the fresh PBS. GS concentrations from (PAH/PAA-GS)n multilayers were obtained using UV–vis. The GS release data between 0 and 60% were analyzed using the Korsmeyer-Peppas model presenting the drug release from polymeric systems as described by the following equation [46–48]: Mt/M∞=ktn where Mt is the drug released at time t, M∞ is the quantity of drug released at infinite time, k is the kinetic constant and n is the release exponent. The value n is used to characterize the drug release mechanism."
                    ],
                    "name": "In vitro antibacterial properties and drug release profiles",
                    "type": "ce_section"
                }
            ],
            "name": "Experimental",
            "type": "ce_section"
        }
    ],
    "Title": "Corrosion resistance and drug release profile of gentamicin-loaded polyelectrolyte multilayers on magnesium alloys: Effects of heat treatment",
    "abstract": "Magnesium (Mg) alloys have received considerable attentions as the emerging biodegradable implant materials in orthopedic surgery applications. However, the rapid corrosion rate and the susceptibility to bacterial infection have prevented their wide spread applications to date. In this work, the gentamicin-loaded multilayers have been constructed on Mg alloys through spin-assisted layer-by-layer (SLbL) assembly. Heat treatment is applied for improving the corrosion resistance and prolonging the drug release profile. In addition, the treated multilayer can promote the formation of hydroxyapatite (HA) during the long-time immersion in Hank's balanced salt solution (HBSS). (C) 2019 Elsevier Inc. All rights reserved."
}