{
    "DOI": "10.1016/j.jallcom.2024.175905",
    "Journal": "Journal of Alloys and Compounds",
    "Keywords": [
        "Rare earth element",
        "Corrosion resistance",
        "Corrosion mechanism",
        "Cu-12.5Ni-5Sn alloy"
    ],
    "Sections": [
        {
            "content": [
                "Cu-12.5Ni-5Sn-xY alloy with different Y additions, named CNS, CNS-0.1Y, CNS-0.4Y, CNS-0.7Y, and CNS-1.0Y, were prepared by spark plasma sintering (SPS) technique, and their nominal chemical compositions are shown in Table 1. The raw materials used for the preparation of the alloys were commercially purchased Cu powder (-250 mesh), Ni powder (-250 mesh), Sn powder (-300 mesh), and Y powder (-200 mesh). The accuracy of a 0.01 g balance was utilized to weigh the corresponding masses according to the composition ratios in Table 1. The weighed raw material powder was then mechanically mixed in a three-dimensional mixing machine for 4–5 hours. The resulting mixture was poured into graphite molds and sintered using fast hot pressure sintering equipment (SPS-20 T-10, Shanghai Chenhua Electric Furnace Co., Ltd.) at a temperature of 870 ± 5°C for 25–30 minutes, with approximately 25 MPa of positive pressure applied to ensure densification. To facilitate the removal of samples from the graphite mold and prevent adhesion between samples and the mold after sintering, a thin layer of graphite paper was lined inside the graphite mold before loading the powder. Subsequently, some sintered samples underwent aging treatment at approximately 400°C for 4 h in an energy-saving box electric furnace. The samples were cooled to room temperature inside the furnace following both the sintering and aging treatments. The 3.5 wt% NaCl solution was prepared with analytically pure NaCl to simulate the corrosive environment.",
                "The alloy samples were ground and polished, and the metallographic specimens were made by polishing with 0.5 μm diamond abrasive paste for the last step, followed by etching with a mixture of 5 g FeCl3, 7 ml HCl, and 99 ml CH2CH3OH. For electrochemical testing, the samples were sanded with 180#−1500# abrasive paper and polished with 2.5 μm diamond abrasive paste. The polarization tests were conducted using an electrochemical workstation (CHI660E, Shanghai Chenhua). A three-electrode system was used, with the specimen as the working electrode, the platinum electrode as the counter electrode, and the saturated calomel electrode as the reference electrode, with a working area of about 1 cm2. At the beginning of the electrochemical experiment, the configured NaCl solution was poured into the experimental setup containing the samples and left to stand for about 30 minutes, after which the open-circuit potential was tested. The polarization curve was scanned at a rate of 0.001 V/s with a scanning range from −0.8 V to 1.2 V. The alloys were immersed in a 3.5 wt% NaCl solution for 5 days. Subsequently, electrochemical impedance spectroscopy (EIS) tests were conducted, with an AC voltage signal amplitude of 10 mV and a frequency range from 0.1 Hz to 100 kHz. Each alloy was subjected to three electrochemical tests under the same experimental conditions.",
                "Optical microscope was used to observe the metallographic appearance of the alloy. The surface phase composition of the alloy before and after corrosion was analyzed by X-ray diffraction (XRD). Scanning electron microscopy (SEM) equipped with an energy-dispersive spectrometer (EDS) was employed to observe the corroded topography and cross-sectional corroded product layer, and to determine the elemental distribution on the alloy's surface. A non-contact optical profiler (MicroXAM-800) was used to test the three-dimensional topography and roughness of the corroded surface of the alloy, and the surface roughness was the average of three measurements taken at different locations on the corroded surface. X-ray photoelectron spectroscopy (XPS) test was performed by ESCALAB Xi+. The experimental data of XPS were analyzed by the Avantage software."
            ],
            "name": "Experimental procedure",
            "type": "ce_section"
        },
        {
            "content": [
                "Fig. 1 shows the typical metallographic topography of Cu-12.5Ni-5Sn-xY alloy after Y addition. The microstructure of the alloy exhibited a typical equiaxial crystal structure with a twinned crystalline microstructure. According to relevant literature , the alloy microstructure comprised the α-phase (Cu solid solution) and the γ-phase (CuNi2Sn). With the addition of Y, the grain size of the alloy decreased significantly and gradually homogenized. Upon the addition of 1.0 wt% Y, the grain size became the most homogeneous. Concurrently, the lamellar γ-phase in the dark region was gradually fine and diffusely distributed, which indicating that the addition of Y promotes homogenization of the alloy structure.",
                "Fig. 2 shows the typical SEM topography and elemental surface distribution of CNS-1.0Y, where (a) is the topography of the polished uncorroded specimen of CNS-1.0Y, and (b) is the topography of the metallurgical corroded specimen after polishing. It was evident that the CNS-1.0Y still exhibited Ni and Sn elemental segregation in the local regions, corresponding to the lamellar γ phase in Fig. 1. EDS analysis of points A and B in Fig. 2 revealed that a portion of Y in the alloy existed in a free state, while another portion of Y formed an intermetallic compound present in the matrix, inferred from the XRD results to be the NiY3 phase. Based on relevant research , the atomic radius of rare earth was larger than that of Cu, and rare earth atoms easily filled in the surface defects of the new phase of grains, hindering the continuous growth of grains, thus refining their grains. Additionally, during grain growth, the second phase dispersed in the matrix had a pinning effect on the grain boundary movement, hindering grain growth and also refining the grain."
            ],
            "name": "Microstructure of materials",
            "type": "ce_section"
        }
    ],
    "Title": "Effect of rare earth element Y addition on the corrosion resistance of Cu-12.5Ni-5Sn alloy after aging",
    "abstract": "Cu-12.5Ni-5Sn-xY alloy with different rare earth Y contents was prepared by spark plasma sintering (SPS). The samples underwent aging at approximately 400 degrees C degrees C for 4 hours in an energy-saving box furnace. The effect of trace Y addition on the microstructure and corrosion behavior of aging treated Cu-12.5Ni-5Sn-xY alloy were investigated by electrochemical test, and the corrosion mechanism of the alloy was discussed. The results indicated that the addition of rare earth Y improved the uniformity of microstructure and grain size of the alloy, and improved the corrosion resistance of the alloy. When the Y content changed between 0 wt% and 1.0 wt%, the corrosion resistance of the Cu-12.5Ni-5Sn-xY alloy gradually improved. The Cu-12.5Ni-5Sn-1.0Y alloy had a lower self-corrosion current density (1.490x10-- 5 A/cm 2 ) and a lower corrosion rate (0.178 mm/a). Compared to the Cu-12.5Ni-5Sn alloy without Y addition, the maximum corrosion depth was reduced by about 44.6% and the corrosion resistance was improved. Rare earth Y promoted the uniform distribution of Ni elements, inhibited the conversion of Cu2O 2 O to Cu2(OH)3Cl, 2 (OH) 3 Cl, enhanced the layer density and stability. The internal corrosion layer mainly consisted of NiO, the intermediate layer mainly consisted of SnO, and the surface layer mainly comprised of CuO, Cu2O, 2 O, and Cu2(OH)3Cl. 2 (OH) 3 Cl. Additionally, Y2O3 2 O 3 formed on the alloy's surface, effectively prevented corrosive ion attack and enhanced the corrosion resistance of Cu-12.5Ni-5Sn alloy."
}