{
    "DOI": "10.1016/j.jallcom.2024.175976",
    "Journal": "Journal of Alloys and Compounds",
    "Keywords": [
        "Lightweight brake discs",
        "High-performance aluminum alloy",
        "Laser additive manufacturing",
        "Post heat treatment",
        "T-phase evolution",
        "Performance matching"
    ],
    "Sections": [
        {
            "content": [
                {
                    "content": [
                        "Fig. 1 shows the experimental flowchart in this study. The alloy powder for laser powder bed fusion was obtained by mixing various elemental powders according to the composition shown in Table 1, and the average powder size is 43 μm as displayed in Fig. 2. The FL-Dlight02–3000 W semiconductor laser with a 2×2 mm2 rectangular spot was employed to melt the elemental powder on a preheated Al5083 substrate at 200 °C. The PBF process parameters for the alloy sample were optimized within the range of laser energy density parameters from 386 to 3472 J/mm3, as shown in Fig. 3.",
                        "Fig. 3 illustrates the optical micrographs of alloy samples under different laser energy densities. It can be seen that when the laser energy density is 1157 J/mm3, the sample is relatively dense with only a small number of pores, as shown in Fig. 3 (b). According to the area method, the sample density reached 99.85 %. When the laser energy density was raised to 3472 J/mm3, the reaction temperature in the molten pool was too high, which increased the active gas content in the alloy to generate small vapors. These small vapors slowly aggregated in the molten pool to form large pores, as shown in Fig. 3 (a). The reasons for pore formation in LAM were closely related to the cooling depth during the solidification process of the molten pool. Under the same Al alloy composition conditions, the Al alloy powders used for LAM were easy to absorb moisture. The H2O reacted with Al at elevated temperatures, resulting in the formation of Al2O3, Al(OH)3 and H2 pores . The formation of H2 pores precipitated from pores in the molten pool was closely related to the solidification process of the molten pool. When the laser energy density was too high, the molten pool temperature was high to make a more intense chemical reaction of the precipitated gas, resulting in the precipitation of more pores . At the same time, due to the lower solidification rate of the molten pool at 3472 J/mm3, small pores were prone to diffuse and form large pores, which were difficult to float out of the liquid surface before the molten pool solidified, thus forming pores as shown in Fig. 3 (a). When the laser energy density was reduced to 386 J/mm3, the multi-element powder formed a change in solid solubility during solidification due to the relatively fast cooling rate of the molten pool, resulting in uneven distribution of thermal stress to generate hot cracks as shown in Fig. 3 (c).",
                        "From the corroded micrographs shown in Fig. 3 (d)-(f), it is found that the pores mainly formed near the heat affected zone (HAZ). This is because the HAZ affected by the heat generated during the PBF process has a higher temperature than that of the surrounding environment. High temperature caused thermal expansion of the material, while shrinkage occurred during rapid cooling. This temperature change in HAZ led to stress concentration, resulting in the formation of more pores. In addition, it can be seen from Fig. 3 (g) that the initial element distribution of the cladded sample prepared at 1157 J/mm3 is relatively uniform. Therefore, the alloy samples are relatively dense at the optimized laser energy density of 1157 J/mm3, laser power of 2500 W, scanning speed of 3 mm/s, layer thickness of 0.3 mm and scanning spacing of 2.4 mm. Under the optimized PBF process parameters, heat-treated samples with dimensions of 15×15×6 mm3 were prepared."
                    ],
                    "name": "Material preparation",
                    "type": "ce_section"
                },
                {
                    "content": [
                        "To design an appropriate post heat treatment process for cladded Al-Mg-Zn-(Cu-Er-Zr) alloy, the phase diagram of the alloy was obtained using JMatPro software to determine the precipitation temperature of different phases, as depicted in Fig. 4 (a). The differential scanning calorimetry (DSC) was adopted to test the phase transition temperature of the sample within the range of 50 ℃-600 ℃ at a heating rate of 10 ℃/min, as displayed in Fig. 4 (b)-(c). According to the simulated phase diagram shown in Fig. 4 (a), it can be seen that the peak temperatures of the DSC curve from high to low temperature in Fig. 4 (b) correspond to the phase transition temperatures of Al6Mn, Mg2Si and T-phase, respectively. Combining the previous research from peers on the T-phase evolution , the T-phase initially precipitated in the form of precursor GP zone, then transformed into the intermediate T′ phase, and finally evolved into the stable T-phase. By analyzing the simulated phase diagram and DSC curve of the Al-Mg-Zn-(Cu-Er-Zr) alloy presented in Fig. 4, it can be inferred that the precipitation temperature of the GP zone was determined to be 200 °C. Hence, the cladded samples were aged at 200 °C for different times in a box-type furnace to obtain more strength-enhanced T-phase, as illustrated in Fig. 1 (b).",
                        "Fig. 5 displays the age hardening curves of the cladded sample after aging at 200 °C with different aging time. As depicted in the figure, the hardness of the cladded sample initially increases and then decreases with elevating aging time, and the highest hardness of the sample was obtained at an aging time of 6 h. Therefore, the optimal aging post heat treatment process parameter was set at 200 °C for 6 h. The comparative experiments were made with the homogenization annealing and solution followed by two-step aging (T6) post heat treatment processes , as shown in Table 2."
                    ],
                    "name": "Post heat treatment processes",
                    "type": "ce_section"
                },
                {
                    "content": [
                        "The alloy samples were sectioned in the orientation as indicated in Fig. 1 (c) for microstructure analysis and performance evaluation of wear resistance, compressive performance, and electrochemical performance. The microstructure of the YOZ surface in Fig. 1 (c) was observed using an OLYMPUS-GX71 optical microscope (OM), a Leo Supra 55 field emission scanning electron microscope (SEM) equipped with an energy-dispersive spectroscopy (EDS) probe, and a JEM-2100 F transmission electron microscope (TEM). An XRD-7000 X-ray diffractometer equipped with Cu target material with a wavelength of 0.154 nm was employed to analyze the phases of different samples at a scanning angle range of 20 ° - 90 ° and a scanning speed of 5 °/min.",
                        "The MicroMet-510 MHV 2000 digital microhardness tester was utilized to test the hardness of different post heat-treated samples on the YOZ surface shown in Fig. 1 (c), with a test load of 50 g and a dwell time of 10 s. The wear resistance of the sample surface was evaluated using the MMU-1 G high-temperature end-face friction and the friction pair material is Al2O3 ceramic, as shown in Fig. 1 (c). The samples with a diameter of 5 mm and height of 6 mm were tested at a friction speed of 100 r/min for 10 min under a load of 40 N.",
                        "The post heat-treated samples with a diameter of 3 mm and a height of 4 mm were subjected to compression testing using an AG-XPLUS100KN electronic universal testing machine at a rate of 5×10−3 s−1, as observed in Fig. 1 (c). According to the Vickers indentation method , the fracture toughness (K IC) of the samples was evaluated using a VH-500AC Vickers hardness tester under a load of 490 N with a dwell time of 10 s. Subsequently, the crack propagation distance from the tip of the hardness indentation and the relative proportions of each indentation were statistically analyzed under a scanning electron microscope to calculate the K IC values for different samples.",
                        "The electrochemical corrosion performance of different samples was measured using a CS350 electrochemical workstation. A platinum electrode served as the auxiliary electrode, a calomel electrode functioned as the reference electrode, and the cladded samples were the working electrodes. To determine the open circuit potential (EOCP), these samples were allowed to rest in a 3.5 wt% NaCl solution for 20 minutes. Subsequently, the polarization curve of the sample was tested at a scanning range of EOCP ± 500 mV and a scanning rate of 0.5 mV·s−1."
                    ],
                    "name": "Characterization and testing methods",
                    "type": "ce_section"
                }
            ],
            "name": "Material and methods",
            "type": "ce_section"
        },
        {
            "content": [
                {
                    "content": [
                        "Fig. 1 shows the experimental flowchart in this study. The alloy powder for laser powder bed fusion was obtained by mixing various elemental powders according to the composition shown in Table 1, and the average powder size is 43 μm as displayed in Fig. 2. The FL-Dlight02–3000 W semiconductor laser with a 2×2 mm2 rectangular spot was employed to melt the elemental powder on a preheated Al5083 substrate at 200 °C. The PBF process parameters for the alloy sample were optimized within the range of laser energy density parameters from 386 to 3472 J/mm3, as shown in Fig. 3.",
                        "Fig. 3 illustrates the optical micrographs of alloy samples under different laser energy densities. It can be seen that when the laser energy density is 1157 J/mm3, the sample is relatively dense with only a small number of pores, as shown in Fig. 3 (b). According to the area method, the sample density reached 99.85 %. When the laser energy density was raised to 3472 J/mm3, the reaction temperature in the molten pool was too high, which increased the active gas content in the alloy to generate small vapors. These small vapors slowly aggregated in the molten pool to form large pores, as shown in Fig. 3 (a). The reasons for pore formation in LAM were closely related to the cooling depth during the solidification process of the molten pool. Under the same Al alloy composition conditions, the Al alloy powders used for LAM were easy to absorb moisture. The H2O reacted with Al at elevated temperatures, resulting in the formation of Al2O3, Al(OH)3 and H2 pores . The formation of H2 pores precipitated from pores in the molten pool was closely related to the solidification process of the molten pool. When the laser energy density was too high, the molten pool temperature was high to make a more intense chemical reaction of the precipitated gas, resulting in the precipitation of more pores . At the same time, due to the lower solidification rate of the molten pool at 3472 J/mm3, small pores were prone to diffuse and form large pores, which were difficult to float out of the liquid surface before the molten pool solidified, thus forming pores as shown in Fig. 3 (a). When the laser energy density was reduced to 386 J/mm3, the multi-element powder formed a change in solid solubility during solidification due to the relatively fast cooling rate of the molten pool, resulting in uneven distribution of thermal stress to generate hot cracks as shown in Fig. 3 (c).",
                        "From the corroded micrographs shown in Fig. 3 (d)-(f), it is found that the pores mainly formed near the heat affected zone (HAZ). This is because the HAZ affected by the heat generated during the PBF process has a higher temperature than that of the surrounding environment. High temperature caused thermal expansion of the material, while shrinkage occurred during rapid cooling. This temperature change in HAZ led to stress concentration, resulting in the formation of more pores. In addition, it can be seen from Fig. 3 (g) that the initial element distribution of the cladded sample prepared at 1157 J/mm3 is relatively uniform. Therefore, the alloy samples are relatively dense at the optimized laser energy density of 1157 J/mm3, laser power of 2500 W, scanning speed of 3 mm/s, layer thickness of 0.3 mm and scanning spacing of 2.4 mm. Under the optimized PBF process parameters, heat-treated samples with dimensions of 15×15×6 mm3 were prepared."
                    ],
                    "name": "Material preparation",
                    "type": "ce_section"
                },
                {
                    "content": [
                        "To design an appropriate post heat treatment process for cladded Al-Mg-Zn-(Cu-Er-Zr) alloy, the phase diagram of the alloy was obtained using JMatPro software to determine the precipitation temperature of different phases, as depicted in Fig. 4 (a). The differential scanning calorimetry (DSC) was adopted to test the phase transition temperature of the sample within the range of 50 ℃-600 ℃ at a heating rate of 10 ℃/min, as displayed in Fig. 4 (b)-(c). According to the simulated phase diagram shown in Fig. 4 (a), it can be seen that the peak temperatures of the DSC curve from high to low temperature in Fig. 4 (b) correspond to the phase transition temperatures of Al6Mn, Mg2Si and T-phase, respectively. Combining the previous research from peers on the T-phase evolution , the T-phase initially precipitated in the form of precursor GP zone, then transformed into the intermediate T′ phase, and finally evolved into the stable T-phase. By analyzing the simulated phase diagram and DSC curve of the Al-Mg-Zn-(Cu-Er-Zr) alloy presented in Fig. 4, it can be inferred that the precipitation temperature of the GP zone was determined to be 200 °C. Hence, the cladded samples were aged at 200 °C for different times in a box-type furnace to obtain more strength-enhanced T-phase, as illustrated in Fig. 1 (b).",
                        "Fig. 5 displays the age hardening curves of the cladded sample after aging at 200 °C with different aging time. As depicted in the figure, the hardness of the cladded sample initially increases and then decreases with elevating aging time, and the highest hardness of the sample was obtained at an aging time of 6 h. Therefore, the optimal aging post heat treatment process parameter was set at 200 °C for 6 h. The comparative experiments were made with the homogenization annealing and solution followed by two-step aging (T6) post heat treatment processes , as shown in Table 2."
                    ],
                    "name": "Post heat treatment processes",
                    "type": "ce_section"
                },
                {
                    "content": [
                        "The alloy samples were sectioned in the orientation as indicated in Fig. 1 (c) for microstructure analysis and performance evaluation of wear resistance, compressive performance, and electrochemical performance. The microstructure of the YOZ surface in Fig. 1 (c) was observed using an OLYMPUS-GX71 optical microscope (OM), a Leo Supra 55 field emission scanning electron microscope (SEM) equipped with an energy-dispersive spectroscopy (EDS) probe, and a JEM-2100 F transmission electron microscope (TEM). An XRD-7000 X-ray diffractometer equipped with Cu target material with a wavelength of 0.154 nm was employed to analyze the phases of different samples at a scanning angle range of 20 ° - 90 ° and a scanning speed of 5 °/min.",
                        "The MicroMet-510 MHV 2000 digital microhardness tester was utilized to test the hardness of different post heat-treated samples on the YOZ surface shown in Fig. 1 (c), with a test load of 50 g and a dwell time of 10 s. The wear resistance of the sample surface was evaluated using the MMU-1 G high-temperature end-face friction and the friction pair material is Al2O3 ceramic, as shown in Fig. 1 (c). The samples with a diameter of 5 mm and height of 6 mm were tested at a friction speed of 100 r/min for 10 min under a load of 40 N.",
                        "The post heat-treated samples with a diameter of 3 mm and a height of 4 mm were subjected to compression testing using an AG-XPLUS100KN electronic universal testing machine at a rate of 5×10−3 s−1, as observed in Fig. 1 (c). According to the Vickers indentation method , the fracture toughness (K IC) of the samples was evaluated using a VH-500AC Vickers hardness tester under a load of 490 N with a dwell time of 10 s. Subsequently, the crack propagation distance from the tip of the hardness indentation and the relative proportions of each indentation were statistically analyzed under a scanning electron microscope to calculate the K IC values for different samples.",
                        "The electrochemical corrosion performance of different samples was measured using a CS350 electrochemical workstation. A platinum electrode served as the auxiliary electrode, a calomel electrode functioned as the reference electrode, and the cladded samples were the working electrodes. To determine the open circuit potential (EOCP), these samples were allowed to rest in a 3.5 wt% NaCl solution for 20 minutes. Subsequently, the polarization curve of the sample was tested at a scanning range of EOCP ± 500 mV and a scanning rate of 0.5 mV·s−1."
                    ],
                    "name": "Characterization and testing methods",
                    "type": "ce_section"
                }
            ],
            "name": "Material and methods",
            "type": "ce_section"
        },
        {
            "content": [
                "Fig. 6 shows the XRD patterns of cladded and post heat-treated samples. The cladded sample microstructure is mainly composed of α-Al matrix, T-phase (T-AlMgZnCuZrEr), Al6Mn, Mg2Si, Al3Zr and Al3(Er,Zr). No new phases were observed in the post heat-treated samples, but there was a change in the phase content. Further observation of the XRD patterns shown in Fig. 6 (b) reveals that the α-Al peak of the aged sample shifts towards the right. According to the Bragg equation and the face-centered cubic (FCC) interplanar spacing formula ： 2dsinθ=nλ d=ah2+k2+l2 where λ is the wavelength, an increase in the angle (θ) corresponds to a decrease in the interplanar spacing (d) and the lattice constant (a).",
                "Due to the larger atomic radii of Mg, Zn, and Cu solute atoms compared to the Al atom, these solute atoms exist as substitutional solute atoms within the α-Al solid solution. Owing to the diffusion of these solute atoms from the α-Al phase to form the T-phase after aging, the solid solubility in α-Al reduced to decrease the a and d, which increased θ. Conversely, the α-Al peak in the annealed and T6-treated samples shifts gradually towards the left, signifying an elevated solid solubility of the samples. Of these post heat-treated samples, the T6-treated sample exhibits higher solid solubility due to the diffusion of solute atoms from the T-phase into the α-Al matrix during the solid solution stage.",
                "Fig. 7 displays the scanning morphology and EDS information of different samples. Based on the analysis results of Fig. 6 and our previous research , it can be confirmed that the gray network phases with internal cell-like α-Al as seen in Fig. 7 is the novel T-AlMgZnCuZrEr phase, which is the most important microstructure for enhancing performance matching of the alloy. Therefore, the area fraction of T-phase (T-phase area fraction), the size of network morphology enclosed by neuron-shaped T-phase (T-network size), and the size of cell-like structure inside the T-phase (cell-like structure size) of different samples were calculated using the area method by Image-Pro Plus and summarized in Table 3. The results indicate that due to the addition of Er rare earth elements, the affinity between Er and Cu solute atoms in the T-phase was increased to prompt the T-phase evolution under low-temperature aging heat treatment . After aging, more T-phase precipitated in the aged sample with a nearly 15 vol% rise, which is consistent with the decreased solid solubility observed in the aged sample as depicted in Fig. 6. Additionally, as the precipitated T-phases interconnected, the T-network size in the aged sample reduced from 12.59 μm to 8.92 μm. Moreover, the cell-like structure size inside the T-phase increased by nearly 10 % after aging, reaching 0.35 μm as shown in Fig. 7 (b).",
                "However, after annealing, the T-phase area fraction slightly decreased to 26 %, while the T-network size increased to 13.02 μm and the cell-like structure size inside the T-phase enlarged to 0.35 μm. Furthermore, after T6 post heat treatment, the sample exhibited the lowest T-phase area fraction due to the increase in solid solubility of ∼15 %, while the T-network and cell-like structure size further increased to 13.93 μm and 0.93 μm, respectively. The above results indicate that post heat treatments have a significant impact on the T-phase area fraction, T-network size, and cell-like structure size inside the T-phase, indicating the variation in properties among distinct post heat-treated samples.",
                "Fig. 8 illustrates the changes in the grain size of the samples after different post heat treatments. It can be observed that the sample grain coarsened after post heat treatments, but the grain orientation remained relatively uniform and there was no noticeable texture produced. Additionally, the grain size increased with an elevated post heat treatment temperature. After aging at 200 °C, the coarsening degree of grains was relatively small, ranging from 2.24 μm to 2.51 μm. However, after high-temperature annealing at 325 °C, the grain size coarsened to 4.52 μm. When the post heat treatment temperature was further raised to 465 °C during T6 treatment, the grain growth became even more obvious, reaching 8.05 μm, approximately 3.6 times that of the cladded sample.",
                "The results in Fig. 8 indicate that the grain growth change degree was attributed to the increase in post heat treatment temperature, the overall grain size shows a growing trend with increasing temperature. The growth of grains is mainly attributed to the following mechanisms: Firstly, post heat treatment provided energy, and promoted the diffusion of Mg, Zn, and Cu solute atoms, which caused the merging of polygonal grain boundaries to promote grain growth . Secondly, there is a compositional fluctuation between the solute atoms content dissolved inside the T-phase grown at the grain boundary and the solute atoms content in the α-Al matrix. Under the action of heat treatment, these solute atoms diffused into the matrix, and the diffusion rate accelerated with the increase in temperature . The high diffusion rate of solute atoms caused the dissolution of the T-phase at the grain boundary, as shown in Fig. 7, then the grains surrounded by the T-phase grew up in the form of annexation. Therefore, after high-temperature T6 heat treatment at 426 ℃, the maximum size of the grains in the alloy sample reached 8.05 μm."
            ],
            "name": "Microstructure evolution of different post heat-treated samples",
            "type": "ce_section"
        },
        {
            "content": [
                "Fig. 9 presents a comparison of the hardness and wear resistance of various samples with a summary provided in Table 4. In Fig. 9 (a), the aged sample exhibited the highest hardness of 193 HV, which was about 12 % higher than that of the cladded sample. The rise of hardness was attributed to the increased area fraction of hard T-phase after aging. However, after annealing, the hardness of the sample significantly declined by nearly 10 % attributed to grain growth. After T6 treatment, the increased solid solubility of α-Al during the solid solution treatment enhanced lattice distortion and facilitated solid solution strengthening, causing a decrease in the trend of hardness decline.",
                "In Fig. 9 (b), it can be observed that the friction coefficients of different samples exhibited fluctuations in the initial 300 s, and then became relatively stable. Moreover, the aged sample exhibited the lowest average friction coefficient of 0.43, which decreased by nearly 20 % compared to that of the cladded sample. However, after annealing and T6 treatments, the friction coefficients of the samples increased to 0.61 and 0.59, respectively. Fig. 9 shows the relationship between the friction coefficient, wear rate, and hardness of the samples. As the hardness increased, the friction coefficient and wear rate gradually decreased, which enhanced the wear resistance of the samples. Therefore, due to the high hardness of 193 HV, the aged sample demonstrated a lower wear rate of 3.87 cm3×10−6/(N·m) and excellent wear resistance as shown in Fig. 9 (d).",
                "Fig. 10 presents the friction surface morphology and EDS of the post heat-treated samples. From the figure, various samples exhibited valleys with different widths and fracture chipping pits of varying areas on the friction surface, which was attributed to the strain-hardening effect of α-Al under a 40 N load. Further analysis of Fig. 10 (a) reveals that there was a minor amount of abrasive dust in the valley, and the fracture chipping pits formed in the plastic deformation zone surrounding the valley. As wear progresses, these fracture chipping pits gradually connect to form a fracture surface. In Fig. 10 (b), it can be observed that the abrasive dust primarily consisted of hard Al6Mn and Mg2Si particles, while Al2O3 oxide adhered to the friction surface.",
                "After aging, owing to the hardness increased to 193 HV, the friction surface became relatively flat with narrower valleys and shallower fracture chipping pits, as presented in Fig. 10 (c). In addition, the T-phase evolution is an important reason for the better wear resistance of aged samples. The precipitation of hard T-phase after aging helped to protect the soft phase α-Al matrix from wear during the friction process of the sample. When the wear continued, the hard T-phase was exposed on the sample surface and generated a supportive effect to hinder the wear of α-Al as shown in Fig. 10 (d), which increased the wear resistance of the aged sample. However, after annealing and T6, the friction surfaces of the samples became rougher with larger and deeper valleys and fracture chipping pits, as depicted in Fig. 10 (e) and (f), attributing to the decreased sample hardness. Therefore, due to the flat friction surface and the lowest wear rate, the aged sample exhibited optimal wear resistance."
            ],
            "name": "Hardness and wear resistance of the samples",
            "type": "ce_section"
        },
        {
            "content": [
                "Fig. 11 compares the mechanical properties of the samples, and Table 4 presents the statistical results of compression strength (σ bc), yield strength (σ ys), maximum deformation (ε c), and toughness (K IC) of the various samples. As shown in the figure and table, different post heat treatments had a significant improvement effect on the mechanical properties of the cladded samples, with the aging treatment having the highest improvement effect. The compressive strength, yield strength, deformation, and toughness of the aged samples were 703 MPa, 435 MPa, 26 % and 45 MPa·m1/2, respectively, which increased to 13 %, 10 %, 60 %, and 18 % compared to those of the cladded sample. Meanwhile, the compressive strength and toughness product (Z) of the aged sample improved by 30 %, reaching 31644 MPa·m1/2. However, after annealing, the ε c and K IC of the sample increased by 38 % and 13 %, respectively, and the Z improved by 12 %. After T6 treatment, the ε c and K IC of the sample increased to 20 % and 40 MPa·m1/2, respectively, while the Z elevated to 25083 MPa2·m1/2. Therefore, the aged sample exhibited the highest strength-toughness matching, which was closely related to the T-phase evolution after aging."
            ],
            "name": "Strength and toughness of the samples",
            "type": "ce_section"
        },
        {
            "content": [
                "The polarization curves of various samples were compared in Fig. 12, while their corrosion potential and corrosion current density were provided in Table 5. It can be observed that the aged sample exhibited the highest corrosion potential of −0.7 V. However, after annealing and T6 post heat treatment, multiple polarizations occurred during the corrosion testing, and the final polarization potentials were −0.75 V and −0.74 V, respectively. Fig. 13 presents the corrosion surface morphology of the samples. In the figure, the aged sample displayed a more uniform corrosion surface with only a small amount of corrosion pits which were mostly located at the intersection of the T-network. Conversely, after annealing and T6 treatment, multiple deep corrosion pits appeared on the corrosion surface of the samples as shown in Fig. 13 (c) and (d). However, after annealing, the hardness of the sample significantly declined by nearly 10 % attributed to grain growth. Therefore, due to the high corrosion potential and the smoothest corrosion surface, the aged sample exhibited the best corrosion resistance."
            ],
            "name": "Corrosion resistance of the samples",
            "type": "ce_section"
        },
        {
            "content": [
                "As depicted in Fig. 7, the SEM images of the various post heat-treated samples reveal that the T-phase evolution during post heat treatment was mainly inside the T-phase area fraction, T-network size and the cell-like structure size inside the T-phase. The main mechanisms that led to T-phase evolution are as follows:",
                "T-phase precipitation to refine T-network",
                "Fig. 14 displays TEM photos of the cladded and aged samples, while Fig. 15 illustrates the mechanism diagram of T-phase precipitation and dissolution under different post heat treatments. From Fig. 14 (a), it can be seen that the typical T-phase morphology is composed of multiple cell-like α-Al structures inside it. Fig. 14 (b) displays that the cell-like structure inside the T-phase has a strong inhibitory effect on dislocations. Further magnifying the T-phase as shown in Fig. 14 (c), there are GP regions inside the α-Al phase. Under rapid cooling rate of cladding, these GP regions formed a metastable T′ phase with the EDS information shown in Fig. 14 (d). After aging, since the aging temperature was set at 200 °C, the diffusion activation energy of Mg, Zn and Cu solute atoms in α-Al increased, thereby accelerating the rate of solute atom aggregation to form GP zones shown in Fig. 14 (e). These GP zones gradually transformed into elongated T′ phases with the EDS information shown in Fig. 14 (f) and the diffraction pattern displayed in Fig. 14 (g). Subsequently, as the solute atoms continued to aggregate, these T′ phases gradually interconnected to form a T-network , as shown in Fig. 14 (h). Furthermore, the addition of Er and Zr rare earth elements formed high melting point Al3Zr and Al3(Er,Zr) phases shown in Fig. 7, which promoted the heterogeneous nucleation of T-phase due to the energy fluctuation of heat treatment. Therefore, after aging, the T-phase area fraction increased to 32 % and the T-network size refined to 8.92 μm, corresponding to the results in Table 3.",
                "T-phase concave surface dissolution to enlarge the cell-like structure",
                "High-temperature post heat treatment accelerates the diffusion of Mg, Zn and Cu solute atoms within the T-phase in the sample, leading to their redistribution in the α-Al solid solution. In Fig. 15 (b), it can be observed that both the T-network and its internal cell-like structure exhibit concave surfaces, where the diffusion rate of solute atoms is affected by the interface curvature. According to the Gibbs-Thompson equation ： lnC(r)C(∞)=∆PVmRT where C represents the solute concentration; ∆P represents the increment of free energy, ∆P=2σ/r, where r is the particle radius, σis the surface tension on the particle boundary; Vm is the molar volume; R is the molar gas constant; T is the thermodynamic temperature. The concave surfaces in the refined T-network or cell-like structure displayed a big curvature to generate large free energy (∆P), which reduced the critical pressure required to overcome the phase transition and increase the diffusion rate of solute atoms. Consequently, during post heat treatments, solute atoms like Mg, Zn, and Cu easily migrated from the T-phase to the α-Al phase, which resulted in the T-phase concave surface dissolution to enlarge the cell-like structure, as shown in Fig. 7 (b)-(d).",
                "In addition, the post heat treatment temperature is a significant factor influencing the T-phase evolution. With a lower aging temperature of 200 ℃, the excellent chemical attraction of Er and Cu elements increased the stability of the T-phase , resulting in the precipitation rate of the T-phase being close to the dissolution rate, resulting in an increase of the T-phase area fraction to 32 % and an enlargement of the cell-like structure inside the T-phase to 0.35 μm, as observed in Fig. 7 (b). However, the annealing temperature of 325 ℃ is higher than the aging temperature, the chemical affinity between Er and Cu was insufficient to resist the driving force of energy fluctuations generated by high-temperature annealing on element diffusion, thus the T-phase dissolution rate surpassed the precipitation rate shown in Fig. 15 (c), which decreased the T-phase area fraction to 26 % and further enlarged the cell-like structure size to 0.44 μm displayed in Fig. 7 (c). Furthermore, since the T6 treatment has the highest post heat treatment temperature of 465 ℃, the T-phase concave surface dissolution rate was the highest, causing the enlargement of the cell-like structure size to 0.93 μm as exhibited in Fig. 7 (d). Therefore, under the thermal driving force of post heat treatments, Mg, Zn, Cu, Er and Zr solute atoms diffused from the T-phase with high solute concentration to the α-Al matrix with low solute concentration, forming a T-phase concave surface dissolution mechanism to enlarge the cell-like structure size inside the T-phase of the sample."
            ],
            "name": "T-phase evolution mechanisms during post heat treatments",
            "type": "ce_section"
        }
    ],
    "Title": "Effects of post heat treatment on key T-phase evolution and the matching mechanism of enhanced strength-toughness, wear resistance and corrosion resistance in Al-Mg-Zn-(Cu-Er-Zr) alloy by laser powder bed fusion",
    "abstract": "Al-Mg-Zn-(Cu-Er-Zr) system alloy is a novel alloy designed by materials genetic method for laser additive manufacturing of lightweight brake discs and the T-phase (T-AlMgZnCuZrEr) in this alloy is the most important microstructure for enhancing performance matching of the alloy. Scientifically regulating the T-phase evolution through innovative preparation processes to improve the matching of strength-toughness, wear resistance, and corrosion resistance in this novel alloy is the fundamental work for preparing high-performance lightweight high-speed train brake disc parts using laser additive manufacturing. In this work, laser powder bed fusion and post heat treatments were employed to prepare Al-Mg-Zn-(Cu-Er-Zr) alloy samples with the superior matching of strength-toughness, wear resistance and corrosion resistance, and the key T-phase evolution and performance enhancement mechanisms of the samples were studied. The results indicate that post heat treatments significantly influenced the quantity, size, and structure of the T-phase in the cladded sample, which significantly enhanced the strength-toughness, wear resistance and corrosion resistance matching of the alloy. It is found that under the optimized aging treatment at 200 (degrees) C/6 h, due to the evolution of T-phase area fraction and cell-like structure inside the T-phase, the strength-toughness, wear resistance and corrosion resistance were improved by 30 %, 28 %, 1.4 %, respectively. The precipitation and concave dissolution mechanisms of the T-phase during post heat treatment have been finely revealed, and a three-performance matching relationship model has been successfully constructed based on the strength-toughness matching equation. A new laser powder bed fusion followed by the aging process to manufacture an Al-Mg-Zn-(Cu-Er-Zr) alloy sample with the superior matching of strength-toughness, corrosion resistance, and wear resistance has been obtained, which provides a valuable reference for laser additive manufacturing high-performance lightweight aluminum alloy brake disc parts."
}