{
    "DOI": "10.1016/j.jmatprotec.2007.12.065",
    "Journal": "Journal of Materials Processing Technology",
    "Keywords": [
        "Corrosion",
        "Heat treatment",
        "Ti–6Al–4V alloy",
        "Welding"
    ],
    "Sections": [
        {
            "content": [
                {
                    "content": [
                        "The materials used in this study were 0.8 mm thick sheets of Ti–6Al–4V alloy. Chemical composition and microstructure of as-received Ti–6Al–4V are shown in Table 1 and Fig. 1 , respectively. This microstructure consisted of a small percentage of the β-phase distributed along the α-grain boundaries.",
                        "Automatic gas tungsten arc welding (GTAW) was employed to join the plates together. The butt welding process was performed without the filler metal due to the small thickness of the plates. The GTAW process parameters are shown in Table 2 . These parameters were selected based on the shape, surface condition of the top and bottom bead, suitable quality and full penetration of the weldment ().",
                        "Prior to welding, the base material coupons were pickled with a solution consisting H2O/HNO3/HF (76/20/4%vol) and then were degreased with acetone. After welding, coupons were subjected to visual and radiographic inspection and acceptable weldments were given postweld heat treatment."
                    ],
                    "name": "Materials and welding procedure",
                    "type": "ce_section"
                },
                {
                    "content": [
                        "In order to study the effect of preweld and postweld heat treatment on the electrochemical properties, the following combinations were used:",
                        "As-received and welded (sample A).",
                        "As-received, welded and stress relieved (sample B, W + S).",
                        "As-received, welded, solution treated and aged (sample C, W + St + A).",
                        "As-received, solution treated, welded and aged (sample D, St + W + A).",
                        "As-received, solution treated and aged, welded and stress relieved (sample E, St + A + W + S).",
                        "The stress relieving and aging treatments were carried out at 600 and 540 °C, respectively, for 1 h, followed by air cooling. Solution treatment was performed at 950 °C for half an hour followed by water quenching. The heat treatments were carried out in a furnace with high purity argon atmosphere."
                    ],
                    "name": "Heat treatment",
                    "type": "ce_section"
                },
                {
                    "content": [
                        "EG&G model 263 potentiostat/galvanostat and model 352 Soft Corr III corrosion measurement software were used for monitoring the corrosion potentials of the BM, HAZ and FZ as well as for potentiodynamic polarization measurements. The photograph of the potentiodynamic polarization setup is shown in Fig. 2 . The experimental setup for the electrochemical measurements consisted of a three-electrode glass cell. SCE (saturated calomel electrode) and graphite were used as reference and counter electrodes, respectively. The working electrodes (10 mm × 15 mm, 1.2 mm × 15 mm and 4 mm × 15 mm) were prepared from the BM, HAZ and FZ, respectively. Samples for the BM and HAZ were cut along the rolling direction, and the welds were cut along the centerline of the weld. A Cu wire was soldered on the rear side of specimens and the specimens were then embedded in an epoxy resin. Before experiment, the specimens were successively abraded using various grit emery papers and then polished with 0.3 μm Al2O3 paste. Then the specimens were thoroughly rinsed with distilled water and acetone. The working electrode was placed in the cell filled with Ringer's solution (9 g/l NaCl, 0.43 g/l KCl, 0.2 g/l NaHCO3 and 0.24 g/l CaCl2) and was maintained at a constant temperature of 37 ± 1 °C. E corr was recorded under equilibrated conditions in the Ringer's solution. Measurements for the Polarization curves were recorded in the potential range −200 to +1000 mV versus E corr with the scan rate of 1 mV/s."
                    ],
                    "name": "Electrochemical studies",
                    "type": "ce_section"
                },
                {
                    "content": [
                        "For optical and scanning electron microscopy the welded specimens were prepared by standard metallographic techniques which consists of grinding, mechanical polishing and etching in an etchant composed of 2.5% HNO3, 1.5% HF, and 96% distilled water. Scanning electron microscopy was carried out using Philips XL 30 microscope."
                    ],
                    "name": "Examinations and analysis",
                    "type": "ce_section"
                }
            ],
            "name": "Experimental work",
            "type": "ce_section"
        },
        {
            "content": [
                {
                    "content": [
                        "The materials used in this study were 0.8 mm thick sheets of Ti–6Al–4V alloy. Chemical composition and microstructure of as-received Ti–6Al–4V are shown in Table 1 and Fig. 1 , respectively. This microstructure consisted of a small percentage of the β-phase distributed along the α-grain boundaries.",
                        "Automatic gas tungsten arc welding (GTAW) was employed to join the plates together. The butt welding process was performed without the filler metal due to the small thickness of the plates. The GTAW process parameters are shown in Table 2 . These parameters were selected based on the shape, surface condition of the top and bottom bead, suitable quality and full penetration of the weldment ().",
                        "Prior to welding, the base material coupons were pickled with a solution consisting H2O/HNO3/HF (76/20/4%vol) and then were degreased with acetone. After welding, coupons were subjected to visual and radiographic inspection and acceptable weldments were given postweld heat treatment."
                    ],
                    "name": "Materials and welding procedure",
                    "type": "ce_section"
                },
                {
                    "content": [
                        "In order to study the effect of preweld and postweld heat treatment on the electrochemical properties, the following combinations were used:",
                        "As-received and welded (sample A).",
                        "As-received, welded and stress relieved (sample B, W + S).",
                        "As-received, welded, solution treated and aged (sample C, W + St + A).",
                        "As-received, solution treated, welded and aged (sample D, St + W + A).",
                        "As-received, solution treated and aged, welded and stress relieved (sample E, St + A + W + S).",
                        "The stress relieving and aging treatments were carried out at 600 and 540 °C, respectively, for 1 h, followed by air cooling. Solution treatment was performed at 950 °C for half an hour followed by water quenching. The heat treatments were carried out in a furnace with high purity argon atmosphere."
                    ],
                    "name": "Heat treatment",
                    "type": "ce_section"
                },
                {
                    "content": [
                        "EG&G model 263 potentiostat/galvanostat and model 352 Soft Corr III corrosion measurement software were used for monitoring the corrosion potentials of the BM, HAZ and FZ as well as for potentiodynamic polarization measurements. The photograph of the potentiodynamic polarization setup is shown in Fig. 2 . The experimental setup for the electrochemical measurements consisted of a three-electrode glass cell. SCE (saturated calomel electrode) and graphite were used as reference and counter electrodes, respectively. The working electrodes (10 mm × 15 mm, 1.2 mm × 15 mm and 4 mm × 15 mm) were prepared from the BM, HAZ and FZ, respectively. Samples for the BM and HAZ were cut along the rolling direction, and the welds were cut along the centerline of the weld. A Cu wire was soldered on the rear side of specimens and the specimens were then embedded in an epoxy resin. Before experiment, the specimens were successively abraded using various grit emery papers and then polished with 0.3 μm Al2O3 paste. Then the specimens were thoroughly rinsed with distilled water and acetone. The working electrode was placed in the cell filled with Ringer's solution (9 g/l NaCl, 0.43 g/l KCl, 0.2 g/l NaHCO3 and 0.24 g/l CaCl2) and was maintained at a constant temperature of 37 ± 1 °C. E corr was recorded under equilibrated conditions in the Ringer's solution. Measurements for the Polarization curves were recorded in the potential range −200 to +1000 mV versus E corr with the scan rate of 1 mV/s."
                    ],
                    "name": "Electrochemical studies",
                    "type": "ce_section"
                },
                {
                    "content": [
                        "For optical and scanning electron microscopy the welded specimens were prepared by standard metallographic techniques which consists of grinding, mechanical polishing and etching in an etchant composed of 2.5% HNO3, 1.5% HF, and 96% distilled water. Scanning electron microscopy was carried out using Philips XL 30 microscope."
                    ],
                    "name": "Examinations and analysis",
                    "type": "ce_section"
                }
            ],
            "name": "Experimental work",
            "type": "ce_section"
        }
    ],
    "Title": "Effect of heat treatment on corrosion behavior of Ti–6Al–4V alloy weldments",
    "abstract": "in this study, the effect of preweld and postweld heat treatment on the corrosion behavior of Ti-6Al-4V alloy weldment was investigated. Gas tungsten arc welding (GTAW) was used for butt welding of specimens. In order to study the effects of heat treatment on the weldment microstructure and corrosion properties, a combination of stress relieving, solution treatment and aging were used. Corrosion behavior was determined in Ringer's solution at 37 degrees C using tafel polarization. Microstructure of base metal (BM), fusion zone (FZ) and heat affected zone (HAZ) was studied with optical and scanning electron microscopy (SEM). The results of corrosion tests showed that corrosion behavior of the BM was better than the FZ and HAZ. This phenomenon was attributed to alloying elements heterogeneity due to columnar-grain of the FZ and adjacent HAZ. Postweld heattreatment particularly solution treatment and aging improved the corrosion behavior of the weldments. Furthermore, uniformity in corrosion potentials of different zones was achieved from the solution treatment and aging operation carried out subsequent to welding. This is due to the precipitation ofaphase from the small quantities of retained beta and beta-phase from the martensite, respectively. Heat treatment did not have any significant effect in improving the corrosion behavior of the BM. (c) 2007 Elsevier B.V. All rights reserved."
}