{
    "DOI": "10.1016/j.jmatprotec.2008.04.052",
    "Journal": "Journal of Materials Processing Technology",
    "Keywords": [
        "Al–Zn–Mg–Cu",
        "Pre-stretched plates",
        "Fracture toughness",
        "Strength",
        "Microstructure"
    ],
    "Sections": [
        {
            "content": [
                {
                    "content": [
                        "The studied alloy in this work is 7B04 aluminum alloy, whose chemical composition (in wt.%) was illustrated in Table 1 . It was received as thick plates, which had dimensions 7000 mm (L, longitudinal) × 1200 mm (LT, long transverse) × 40 mm (ST, short transverse). The plate had received the following heat treatment at air furnace: solution treated 80 min at 470 °C, water quenched (a roller-type spray quenching equipment was used) to room temperature and then cold stretched 2–2.2% (W51 condition). 9 block specimens were cut from the plate.",
                        "The microstructure of this material was partially recrystallized with fairly large recrystallized grains that were flattened and elongated in the longitudinal direction, as a direct consequence of the deformation introduced by the rolling operation, as shown in Fig. 1 . Observation of triplanar sections revealed the presence of constituent phases with particles up to 10 μm. The major constituents phase was present as clusters of fragmented along the longitudinal directions. Furthermore, smaller (0.5–5 μm) particles were also observed. SEM and TEM analysis confirming the insoluble iron-rich intermetallic particles (Al7Cu2Fe) and partially soluble constituent particle (Mg2Si) were presented.",
                        "Based on previous work (), 9 typical ageing tempers were chosen for this investigation. The ageing treatments applied to the 9 blocks are listed in Table 2 in detail."
                    ],
                    "name": "Materials and heat treatments",
                    "type": "ce_section"
                },
                {
                    "content": [
                        "Tensile strength of the thick plate were evaluated in long transverse direction at 1/4 location of the plate thickness using 25 mm gauge length specimens that were pulled in tension with an initial strain rate of 6.6 × 10−4 s−1 at room temperature. Fracture toughness testing was performed in accordance with ASTM E399-90. Compact tension test pieces were utilized with a L–T orientation (loading occurs in the longitudinal direction). Three compact tension test pieces (B = 20 mm) were cut from each of the 9 blocks after ageing treatment. Electrical conductivity tests were made on plates using an eddy current conductivity meter. Conductivity measurements were made after ageing and are reported as a percentage of the International Annealed Copper Standard (% IACS) where 1% IACS = 0.58 MS/m.",
                        "Transmission electron microscopy (TEM) has been used to characterized the particles present in the various microstructural states, namely strengthening phase and intergranular precipitates. TEM specimens were prepared by cutting thin slices from the aged samples, and then mechanically thinned down to ∼50 μm then electropolished using a twin-jet polisher with a 25% nitric acid solution in methanol at −30 to −20 °C with an applied voltage of 15–20 V. The foils were examined in JEM 2000FX transmission electron microscope. The different fracture modes have been examined by image analysis of SEM micrographs."
                    ],
                    "name": "Test methods",
                    "type": "ce_section"
                }
            ],
            "name": "Experimental procedures",
            "type": "ce_section"
        },
        {
            "content": [
                {
                    "content": [
                        "The studied alloy in this work is 7B04 aluminum alloy, whose chemical composition (in wt.%) was illustrated in Table 1 . It was received as thick plates, which had dimensions 7000 mm (L, longitudinal) × 1200 mm (LT, long transverse) × 40 mm (ST, short transverse). The plate had received the following heat treatment at air furnace: solution treated 80 min at 470 °C, water quenched (a roller-type spray quenching equipment was used) to room temperature and then cold stretched 2–2.2% (W51 condition). 9 block specimens were cut from the plate.",
                        "The microstructure of this material was partially recrystallized with fairly large recrystallized grains that were flattened and elongated in the longitudinal direction, as a direct consequence of the deformation introduced by the rolling operation, as shown in Fig. 1 . Observation of triplanar sections revealed the presence of constituent phases with particles up to 10 μm. The major constituents phase was present as clusters of fragmented along the longitudinal directions. Furthermore, smaller (0.5–5 μm) particles were also observed. SEM and TEM analysis confirming the insoluble iron-rich intermetallic particles (Al7Cu2Fe) and partially soluble constituent particle (Mg2Si) were presented.",
                        "Based on previous work (), 9 typical ageing tempers were chosen for this investigation. The ageing treatments applied to the 9 blocks are listed in Table 2 in detail."
                    ],
                    "name": "Materials and heat treatments",
                    "type": "ce_section"
                },
                {
                    "content": [
                        "Tensile strength of the thick plate were evaluated in long transverse direction at 1/4 location of the plate thickness using 25 mm gauge length specimens that were pulled in tension with an initial strain rate of 6.6 × 10−4 s−1 at room temperature. Fracture toughness testing was performed in accordance with ASTM E399-90. Compact tension test pieces were utilized with a L–T orientation (loading occurs in the longitudinal direction). Three compact tension test pieces (B = 20 mm) were cut from each of the 9 blocks after ageing treatment. Electrical conductivity tests were made on plates using an eddy current conductivity meter. Conductivity measurements were made after ageing and are reported as a percentage of the International Annealed Copper Standard (% IACS) where 1% IACS = 0.58 MS/m.",
                        "Transmission electron microscopy (TEM) has been used to characterized the particles present in the various microstructural states, namely strengthening phase and intergranular precipitates. TEM specimens were prepared by cutting thin slices from the aged samples, and then mechanically thinned down to ∼50 μm then electropolished using a twin-jet polisher with a 25% nitric acid solution in methanol at −30 to −20 °C with an applied voltage of 15–20 V. The foils were examined in JEM 2000FX transmission electron microscope. The different fracture modes have been examined by image analysis of SEM micrographs."
                    ],
                    "name": "Test methods",
                    "type": "ce_section"
                }
            ],
            "name": "Experimental procedures",
            "type": "ce_section"
        },
        {
            "content": [
                {
                    "content": [
                        "The studied alloy in this work is 7B04 aluminum alloy, whose chemical composition (in wt.%) was illustrated in Table 1 . It was received as thick plates, which had dimensions 7000 mm (L, longitudinal) × 1200 mm (LT, long transverse) × 40 mm (ST, short transverse). The plate had received the following heat treatment at air furnace: solution treated 80 min at 470 °C, water quenched (a roller-type spray quenching equipment was used) to room temperature and then cold stretched 2–2.2% (W51 condition). 9 block specimens were cut from the plate.",
                        "The microstructure of this material was partially recrystallized with fairly large recrystallized grains that were flattened and elongated in the longitudinal direction, as a direct consequence of the deformation introduced by the rolling operation, as shown in Fig. 1 . Observation of triplanar sections revealed the presence of constituent phases with particles up to 10 μm. The major constituents phase was present as clusters of fragmented along the longitudinal directions. Furthermore, smaller (0.5–5 μm) particles were also observed. SEM and TEM analysis confirming the insoluble iron-rich intermetallic particles (Al7Cu2Fe) and partially soluble constituent particle (Mg2Si) were presented.",
                        "Based on previous work (), 9 typical ageing tempers were chosen for this investigation. The ageing treatments applied to the 9 blocks are listed in Table 2 in detail."
                    ],
                    "name": "Materials and heat treatments",
                    "type": "ce_section"
                },
                {
                    "content": [
                        "Tensile strength of the thick plate were evaluated in long transverse direction at 1/4 location of the plate thickness using 25 mm gauge length specimens that were pulled in tension with an initial strain rate of 6.6 × 10−4 s−1 at room temperature. Fracture toughness testing was performed in accordance with ASTM E399-90. Compact tension test pieces were utilized with a L–T orientation (loading occurs in the longitudinal direction). Three compact tension test pieces (B = 20 mm) were cut from each of the 9 blocks after ageing treatment. Electrical conductivity tests were made on plates using an eddy current conductivity meter. Conductivity measurements were made after ageing and are reported as a percentage of the International Annealed Copper Standard (% IACS) where 1% IACS = 0.58 MS/m.",
                        "Transmission electron microscopy (TEM) has been used to characterized the particles present in the various microstructural states, namely strengthening phase and intergranular precipitates. TEM specimens were prepared by cutting thin slices from the aged samples, and then mechanically thinned down to ∼50 μm then electropolished using a twin-jet polisher with a 25% nitric acid solution in methanol at −30 to −20 °C with an applied voltage of 15–20 V. The foils were examined in JEM 2000FX transmission electron microscope. The different fracture modes have been examined by image analysis of SEM micrographs."
                    ],
                    "name": "Test methods",
                    "type": "ce_section"
                }
            ],
            "name": "Experimental procedures",
            "type": "ce_section"
        },
        {
            "content": [
                {
                    "content": [
                        "The studied alloy in this work is 7B04 aluminum alloy, whose chemical composition (in wt.%) was illustrated in Table 1 . It was received as thick plates, which had dimensions 7000 mm (L, longitudinal) × 1200 mm (LT, long transverse) × 40 mm (ST, short transverse). The plate had received the following heat treatment at air furnace: solution treated 80 min at 470 °C, water quenched (a roller-type spray quenching equipment was used) to room temperature and then cold stretched 2–2.2% (W51 condition). 9 block specimens were cut from the plate.",
                        "The microstructure of this material was partially recrystallized with fairly large recrystallized grains that were flattened and elongated in the longitudinal direction, as a direct consequence of the deformation introduced by the rolling operation, as shown in Fig. 1 . Observation of triplanar sections revealed the presence of constituent phases with particles up to 10 μm. The major constituents phase was present as clusters of fragmented along the longitudinal directions. Furthermore, smaller (0.5–5 μm) particles were also observed. SEM and TEM analysis confirming the insoluble iron-rich intermetallic particles (Al7Cu2Fe) and partially soluble constituent particle (Mg2Si) were presented.",
                        "Based on previous work (), 9 typical ageing tempers were chosen for this investigation. The ageing treatments applied to the 9 blocks are listed in Table 2 in detail."
                    ],
                    "name": "Materials and heat treatments",
                    "type": "ce_section"
                },
                {
                    "content": [
                        "Tensile strength of the thick plate were evaluated in long transverse direction at 1/4 location of the plate thickness using 25 mm gauge length specimens that were pulled in tension with an initial strain rate of 6.6 × 10−4 s−1 at room temperature. Fracture toughness testing was performed in accordance with ASTM E399-90. Compact tension test pieces were utilized with a L–T orientation (loading occurs in the longitudinal direction). Three compact tension test pieces (B = 20 mm) were cut from each of the 9 blocks after ageing treatment. Electrical conductivity tests were made on plates using an eddy current conductivity meter. Conductivity measurements were made after ageing and are reported as a percentage of the International Annealed Copper Standard (% IACS) where 1% IACS = 0.58 MS/m.",
                        "Transmission electron microscopy (TEM) has been used to characterized the particles present in the various microstructural states, namely strengthening phase and intergranular precipitates. TEM specimens were prepared by cutting thin slices from the aged samples, and then mechanically thinned down to ∼50 μm then electropolished using a twin-jet polisher with a 25% nitric acid solution in methanol at −30 to −20 °C with an applied voltage of 15–20 V. The foils were examined in JEM 2000FX transmission electron microscope. The different fracture modes have been examined by image analysis of SEM micrographs."
                    ],
                    "name": "Test methods",
                    "type": "ce_section"
                }
            ],
            "name": "Experimental procedures",
            "type": "ce_section"
        }
    ],
    "Title": "Investigation on strength, toughness and microstructure of an Al–Zn–Mg–Cu alloy pre-stretched thick plates in various ageing tempers",
    "abstract": "The 7B04 Al alloy is a precipitation hardenable, plate and forging material, which is widely used in China for strength critical aerospace structural applications. In this paper, fracture toughness, electrical conductivity and tensile properties of the alloy were investigated, and their dependence on ageing treatment details was described. Varying the heat treatment details strongly influences the microstructure and properties of the alloy. The alloy is identified to respond well to retrogression and reageing (RRA) temper. The retrogressing treated material at 180 C for 1 h and then reageing for 22 h at 120 degrees C can achieve tensile properties comparable to a T6 condition as well as excellent conductivity. The high strength associated with optimized RRA conditions tend to result in relatively low levels of fracture toughness, but still slightly higher than T651 condition treated material. A correlation has been made among such properties, microstructure and fracture behavior, as characterized using TEM and SEM observations, and the results are discussed in the light of this relationship. (C) 2008 Elsevier B.V. All rights reserved."
}