{
    "Sections": [
        {
            "name": "Sample preparation",
            "content": [
                "The material utilized here to study various cooling rates of different heat treatment cycles is an additive manufactured Ti-6Al-4V alloy fabricated via the L-PBF process. The rectangular samples with dimensions of 9.8 × 9.8 × 5.6 mm3 (5.6 mm height) were fabricated. In order to investigate the effect of various heat treatment cycles on microstructure and micromechanical properties of the printed materials, the samples were cut into half exactly at the middle from the bottom surface to the top. Four as-printed rectangular samples were thus prepared to study post-heat treatment effect with dimensions of 9.8 × 4.9 × 5.6 mm3. The AM process parameters chosen to manufacture parts is summarized in Table 1. This set of parameters are the recommended performance parameters provided by the equipment manufacturer. It is worth mentioning that the process parameters can have significant effects on the resulting mechanical properties. However, this study is focused on the effect of various thermal treatment cycles on the micromechanical properties as evidenced by the nanoindentation testing. Though the optimization of the parameters is not the main focus of this paper, the main requirement would be that the initial conditions for all the samples were similar (i.e., similar process parameters were used for each specimen). The fact that all the specimens were fabricated using the same process conditions means any significant changes in the micromechanical properties can be related directly to the thermal treatments for each specimen."
            ]
        },
        {
            "name": "Heat treatment procedures",
            "content": [
                "Heat treatment of the samples was carried out in a KSL-1100X muffle furnace, a heating atmosphere-controlled muffle furnace for material synthesis under controlled inert gas atmosphere, with accuracy of ± 1 °C. At first, the samples were solutionized through heating at 950 °C with a heating rate of 15.8 °C/min and then soaking at 950 °C for 1 h. Upon completion of the solution treatment, various cooling regimes including water quenching (WQ), air cooling (AC), and furnace cooling (FC) were executed on the printed samples (see Fig. 1). Air cooling was performed by cooling the sample in the air. Furnace cooling was carried out by turning off the heating. A separate sample was employed for aging (i.e., precipitation hardening) heat treatment purpose. This was done in order to reveal the effect of aging heat treatment on microstructure and micromechanical property evolution. To perform aging heat treatment, the sample was soaked at 950 °C for 1 h, then quenched and artificially aged. The aging cycle included heating at 540 °C for 5 h following by air cooling. The schematic of the aging heat treatment is shown in Fig. 2."
            ]
        }
    ],
    "abstract": "In the present study, the effect of various heat treatments on the microstructure and micromechanical properties of a Ti-6Al-4V alloy processed by a laser powder bed fusion (L-PBF) technique is investigated. Heat treatment cycles employed in this study include solutionizing at 950 degrees C (for 1h) followed by three different cooling rates (water quenching, air cooling, and furnace cooling) as well as solutionizing followed by water quenching and artificial aging. To assess the small-scale properties, a nanoindentation testing technique is employed. Microstructural quantitative analyses (i.e., optical microscopy and scanning electron microscopy) were performed extensively on the as-fabricated and heat-treated samples. Artificially aged specimens showed the highest microhardness of all the heat-treated samples, followed by air-cooled and furnace-cooled samples."
}