{
    "Sections": [
        {
            "name": "Samples",
            "content": [
                "To produce laser powder bed fused samples, the argon-atomized Inconel 718 powder is supplied by SLM Solutions Group AG, Germany. The powder size distribution is confirmed using the HELOS H3776 and RODOS/T4/R4 laser diffraction system from Sympatec GmbH, Germany. The powder morphology is confirmed with the use of an EVO MA25 SEM microscope (Carl Zeiss AG, Germany). The chemical composition was checked using the X-ray fluorescence (XRF) spectrometer SPECTRO XEPOS from METEK, Germany. The nominal powder size distribution is 10–45 µm, while the measured distribution is x10 = 22.63 µm, x50 = 34.88 µm, and x90 = 50.30 µm. The powder particles are mainly spherical and spheroidal, with a small number of satellites. The chemical composition of the powder is within the standard limits of ASTM-F3055-14a and ASTM B637 (Table 1).\n",
                "LPBF samples are fabricated using the SLM 280 2.0 Dual PBF-LB/M machine from SLM Solutions Group AG. Reduced build volume is used together with a 98 mm × 98 mm × 15 mm Inconel 625 build plate. The building plate is heated to 200 °C, and the temperature is maintained throughout the process. Technical argon (class 4.6) is used as a process gas. To fabricate samples, a 700 W laser source with a 100 µm spot size is used. Previously tested and optimized process parameters are used: 300 W laser power, 1300 mm/s scanning speed, 120 µm hatch distance, and 30 µm layer thickness. The chosen scanning strategy is “Stripes,” which divides the scanned cross-section into 7 mm wide sections, scanned subsequently. Each layer, the scanning vectors’ direction, and the division of the cross section into stripes are rotated by 67°.",
                "Both laser powder bed fused and Rod Inconel 718 samples are subjected to post-process heat treatment (HT) which parameters were selected based on the IN718 casting data sheet that includes applicable heat treatment steps. Samples are divided into 4 groups: LPBF-1, LPBF-2, ROD-1, and ROD-2. Therefore, there are two different heat treatment routes for two materials. To heat treat the samples, the TAV H3S 1600 high-temperature vacuum furnace from TAV Vacuum Furnaces SPA, Italy, is used. Samples are processed under an atmosphere of technical argon (class 4.6). The heat treatment variants used for all sample groups are summarized in Table 2 and Fig. 2.\n",
                "LPBF-1 and LPBF-2 samples are stress relieved (SR) while remaining on the build plate. After the process, the samples were cooled down with a furnace (FC), still under an argon atmosphere. The rod samples were delivered annealed. Therefore, SR is not performed for the rod samples. The second step of HT is simulated HIP, performed to mimic the time and temperature used for hot isostatic pressing (HIP) of critical Inconel 718 parts as per the ASTM-F3055-14a standard. After simulated HIP, the samples are also cooled in the furnace. The third HT step is solution annealing, after the SA process, the samples are cooled in the furnace at 10 bar abs with fan-assisted argon circulation (AQ–argon quenching). After the same HIP and SA, two different artificial aging routes are utilized. Route number 1 (AA-1) is used to heat-treat LPBF-1 and ROD-1 samples, and route number 2 (AA-2) is used to heat-treat LPBF-2 and ROD-2 samples. Rod samples undergo the same simulated HIP-SA-AA processes to maintain comparability against laser powder bed fused material."
            ]
        },
        {
            "name": "Research methodology",
            "content": [
                "The microstructure of the samples was examined using a MIRA-3 scanning electron microscope from TESCAN (Brno, Czech Republic). Cross sections of the specimens were observed using both secondary electrons (SE) and backscattered electrons (BSE) at various levels of magnification. Before the observation, all samples were ground with sandpapers of different grit sizes ranging from 80 to 2000. Then, the polishing in a diamond suspension was used in order to reduce polishing time. Finally, for polishing, the deagglomerated gamma-alumina powder 0.05 µm in diameter was used. In the last step, the specimens were subjected to a 20-s etching process using Kalling’s solution. The chemical composition of the specimens was analyzed using energy dispersive spectroscopy (EDS). For this purpose, an Ultim Max energy dispersive spectrometer from Oxford Instruments in High Wycombe, UK, was used. The Aztec Energy Live Standard software was used to analyze the measurements of element content. Point analysis was used to determine the composition of the elements, while EDS mapping was used to investigate chemical separation.",
                "The study of the tribocorrosion process was carried out using a ball-on-plate model node and a dedicated stand presented in papers . The test stand for tribocorrosion research is shown in Fig. 3. The study used disc-shaped samples with a diameter of 16 mm (additively manufactured material) and 12 mm (material produced by conventional technology) and a thickness of 8 mm. The samples prepared in this way were placed in a special holder inside a chamber with a corrosive environment. The model environment was 3.5% NaCl (approximately 60 ml). A 7.0 mm diameter aluminum oxide ball was used as a counter-sample. The tests involving wear testing lasted about 40 min and consisted of 7200 displacements of the ball along the surface of the sample. The ball slid at an average speed of about 18 mm/s in a reciprocating motion over a distance of 6 mm. The tests were carried out with a ball loading force of approximately 10N, which guarantees an initial contact zone pressure of 1600 MPa.",
                "The corrosion-only component (ZK) is a result of electrochemical processes occurring on the sample’s surface when immersed in the electrolyte under static conditions, without frictional interactions. The value of the ZK component was determined using Faraday’s equation, taking into account the corrosion current density and the test duration. The purely mechanical component (ZM) was determined through an independent experiment. The sample wear was tested in a 3.5% NaCl environment, but under cathodic polarization conditions to eliminate electrochemical processes on the sample surface while maintaining the lubricating properties of the environment. The difference (ΔZ=ZT − ZM − ZK) was ultimately used to quantify the interaction between friction and corrosion."
            ]
        },
        {
            "name": "Surface condition and chemical composition analysis after tribocorrosion tests",
            "content": [
                "Figures 11, 12, 13, and 14 show the surface condition of the samples after wear tests and EDS mapping of the individual element distribution. Figure 10 shows a comparison of the sample surfaces after mechanical wear for AA-1 aging (stage 1: 720 °C/8 h, stage 2: 620 °C/10 h) of Inconel 718 alloy produced by conventional technique (Fig. 11a) and additive manufacturing technology (Fig. 11b). For both specimens, characteristic grooves can be seen on the wear surface. For the LPBF-1 sample, smaller changes caused by the counter-sample can be observed. It can be assumed that fine particles evenly distributed in the microstructure contributed to this. In Fig. 11, the wear surface is shown in two types of electron contrast (SE and BSE) and with the EDS mapping. Significant elements included in the Inconel 718 alloy such as Ni, Cr, Fe, C, and Nb were analyzed. They form tribocorrosion-reinforcing precipitates in the alloy in the form of niobium carbides, as well as oxygen-forming oxides which are associated with surface oxidation of the samples. On the wear surface, especially for LPBF samples, a large amount of fine niobium carbides is visible, which, due to their presence, inhibits the intensity of material wear.",
                "Figures 13 and 14 show the wear surface of specimens after tribocorrosion tests. Figure 13 shows a comparison of the surface of the specimens after tribocorrosion and aging according to the variant AA-1 for the Inconel 718 alloy produced by the conventional method (Fig. 13a) and additive manufacturing technology (Fig. 13b). In the case of the influence of an additional corrosive agent, which was the NaCl solution, greater changes caused by the wear process were visible. In addition to traces of surface wear in the form of ditches, numerous chippings can also be observed. Chipping marks may become a source of additional defects and may be the result of damage to the friction pair. Notches, surface defects, and oxides can also accelerate crack nucleation.",
                "In summary, it can be concluded that the clearly visible parallel grooves indicate abrasion as the dominant material removal mechanism. In the case of samples produced conventionally (ROD-1, ROD-2), deeper grooves and chipping are visible in the middle of the wear trace. A deeper groove in the middle of the wear trace may be caused by the abrasive action of the wear particles. In the case of material obtained by the classical technique (ROD), the structure with larger grains can generate larger wear particles. In the middle part of the wear trace (sphere of contact between the ball and the sample), the greatest unit pressures prevail, which is conducive to more intensive mechanical removal of material (especially in the presence of abrasive). For samples subjected to tribocorrosion, traces of abrasive wear with local material tears are visible (LPBF-1, ROD-2). The mildest forms of tribocorrosive wear were observed for the LPBF-2 material. This material showed the lowest quantitative wear under tribocorrosion conditions (Table 5). Detailed results of point EDS analysis after tribocorrosion tests are presented in Fig. 15 and in Table 7. It can be noticed that increased oxygen content in the areas of pits and chips was found."
            ]
        }
    ],
    "abstract": "The article presents a study of the tribocorrosion phenomenon and its effects on Inconel 718 alloy produced conventionally by extrusion and additively manufactured using the laser powder bed fusion method. In addition, the samples were subjected to a heat treatment process to change their properties. The research was carried out using the pin-on-disk method in 3.5% NaCl. Based on the study, it was found that the material made with additive technology is more resistant to tribocorrosion phenomenon, and the difference from conventionally made material is about 50%. The synergistic effect between friction and corrosion (Delta Z) occurred. However, heat treatment in the AA-2 variant ensures higher hardness and reduces purely mechanical wear (Z(M)) and the synergy effect (Delta Z)."
}