{
    "DOI": "10.1016/S0921-5093(00)01584-7",
    "Journal": "Materials Science and Engineering: A",
    "Keywords": [
        "Icosahedral phase",
        "Approximant",
        "Mechanical alloying",
        "Heat treatment",
        "Al–Cu–Fe"
    ],
    "Sections": [
        {
            "content": [
                "Mechanical alloying was carried out in a high energy ball mill with starting materials of pure Al (−325 mesh, 99.9%), Cu (−325 mesh, 99.9%), Fe (−325 mesh, 99.9%) and Si (−325 mesh, 99.99%) powders. The powders were mixed to give compositions of Al65Cu20Fe15 and Al65Cu20Fe10Si5 and placed together with 304 stainless steel balls (6 mm in diameter) in a 304 stainless steel vial for MA. The ball-to-powder weight ratio was 40:1. To prevent the contamination from the steel balls and vial, the ball and vial were coated with the same composition alloy by performing a preliminary MA before starting the main MA process. MA was carried out up to 120 h under Ar atmosphere, and excessive welding during MA was prevented by using stearic acid (2 wt.% of the powder charge) as a process control agent.",
                "Structural changes during MA process of the mixed Al65Cu20Fe15 and Al65Cu20Fe10Si5 powders and subsequent heat treatment were examined by XRD and TEM. XRD traces were obtained with monochromatic Cu Kα radiation over a 2θ range of 20–90° in a Rigaku CN2301 diffractometer. Thin foil specimens for TEM observation were prepared by mounting the powders in a G1 epoxy resin, followed by cutting, grinding and then ion beam milling. The resulting thin foil specimens were observed in a JEOL 2000FX microscope operating at 200 kV. The composition of the MA powders was analyzed by inductively coupled plasma (ICP), atomic emission spectroscopy (AES) and atomic absorption (AA) method. The thermal behavior of the mechanically alloyed powder was examined by DSC using a Perkin Elmer DSC7 calorimeter with a heating rate of 10°C/min."
            ],
            "name": "Experimental procedures",
            "type": "ce_section"
        },
        {
            "content": [
                "Fig. 1 shows the XRD patterns obtained from the Al65Cu20Fe15 and Al65Cu20Fe10Si5 powders after MA for 10 and 120 h. The XRD patterns of as-milled powder after MA for 10 h show the diffraction peaks corresponding to elemental Al, Cu and Fe. The peak from the elemental Fe still retained a high intensity, suggesting that dissolution of Fe during MA is slowest compared to Al and Cu possibly due to the lower diffusivity and lower solubility of Fe in Al. With increasing processing time, diffraction peaks from the elemental powders became broader and weaker. After milling for 120 h, all the elemental peaks disappeared completely, and a broad peak with maximum intensity at around 38–50° appeared.",
                "Fig. 2 (a) and (c) shows the bright field TEM images of the Al65Cu20Fe15 powder milled for 10 and 120 h, respectively. The alloy powder milled for 10 h showed a layered structure consisting of Al-, Cu- and Fe-rich layers. The thickness of each layer was 10–30 nm. Fig. 2(b) shows the corresponding selected area diffraction pattern (SADP), consisting of spotty rings from elemental Al, Cu and Fe as marked in the figure. After MA for 120 h, the layered structure transformed into a microstructure consisting of nano-scaled particles distributed in an amorphous matrix, as can be seen in Fig. 2(c). The corresponding SADP shown in Fig. 2(d) consists of a diffuse halo ring, characteristic of an amorphous phase, and several continuous rings corresponding to cubic Al(Cu,Fe) crystalline phase. The absence of (1 0 0) super lattice ring implies that the Al(Cu,Fe) phase in 120 h MA powder has a disordered structure. The analytical values of the as-milled Al65Cu20Fe15 powder composition obtained by ICP, AES and AA methods (Table 1 ) confirmed that there was little variation in composition during MA."
            ],
            "name": "The effect of processing time",
            "type": "ce_section"
        },
        {
            "content": [
                "Structural change during heat treatment after MA has been studied in different powder specimens processed for 10, 50 and 120 h. However, I-phase or quasicrystalline approximant phase was observed mainly in powders processed for 10 h. Here we will focus on the structural evolution during annealing of the 10 h milled powders at several different temperatures. Fig. 3 shows the DSC traces obtained from the as-milled Al65Cu20Fe15 and Al65Cu20Fe10Si5 powders after MA for 10 h. Both the DSC traces showed two exothermic peaks during heating up to 600°C with a shoulder in the second peak of Al65Cu20Fe15 alloy. The peak temperatures of the two exotherms were about 330 and 440°C in the as-milled Al65Cu20Fe15 and 330 and 500°C in Al65Cu20Fe10Si5 powders. The peak temperature of the first exotherm was almost same in both powders but the second exothermic peak temperature in the as-milled Al65Cu20Fe15 was lower than that in Al65Cu20Fe10Si5. The amount of heat and peak temperature of each exotherm are shown in Table 2 . Heat treatment was performed at 335 and 550°C to identify the two exothermic peaks in the DSC thermogram. Additional heat treatment was performed at 750°C to investigate the high temperature stability of the mechanically alloyed powder.",
                "Fig. 4 shows the XRD patterns with analyzed results obtained from the Al65Cu20Fe15 and Al65Cu20Fe10Si5 powders after MA for 10 h followed by annealing at 335°C for 5 h. The XRD patterns could be analyzed as a mixture of tetragonal Al2Cu, cubic Al7Cu2Fe and remaining unreacted Fe. During annealing Al2Cu and Al7Cu2Fe phases were formed by interdiffusion between Al-, Cu- and Fe-rich layers. Relatively higher diffusion rate of Al and Cu compared to Fe seems to contribute to the formation of Al2Cu and Al7Cu2Fe, leaving unreacted Fe in the heat treated powder.",
                "Fig. 5 shows the DSC traces obtained from the Al65Cu20Fe15 and Al65Cu20Fe10Si5 powders after MA for 10 h and subsequent annealing at 335°C for 5 h. Each DSC trace shows a single exothermic peak, corresponding to the second exothermic peaks observed in the as-milled powders. Peak temperatures and integrated heats of the exotherms were almost same as the corresponding values in the as-milled powders, indicating that the first exotherms observed in the as-milled specimen correspond to the solid state reaction for the formation of Al2Cu and Al7Cu2Fe phases from the layered structure as shown in Fig. 2(a).",
                "Fig. 6 shows the XRD patterns with the analyzed results obtained from the Al65Cu20Fe15 and Al65Cu20Fe10Si5 powders after 10 h of MA and additional annealing at 550°C for 10 h. XRD patterns from the Al65Cu20Fe15 and Al65Cu20Fe10Si5 powders may be interpreted as a mixture of cubic Al(Fe,Cu) and 1/1 approximant, and monoclinic Al13Fe4 and 1/1 cubic approximant phases, respectively. Also it may be noted that the relative intensity of diffraction peaks corresponding to the 1/1 cubic approximant is higher in Al65Cu20Fe10Si5 than in Al65Cu20Fe15, indicating that the volume fraction of the 1/1 cubic approximant is higher in Al65Cu20Fe10Si5 than in Al65Cu20Fe15. With increasing annealing time, relative fraction of 1/1 cubic approximant phase increased in both powders. It is often quoted that XRD pattern corresponding to approximant phase is very similar to that corresponding to I-phase. Quasicrystalline approximants can be interpreted as quasicrystalline phase with linear phason strain. The position shift in XRD peaks and electron diffraction pattern due to the linear phason strain is dependent on the intensity. The weaker the diffraction peak, the larger the position shift. Considering the XRD peaks which correspond to the electron diffraction spots with strong intensities, it would be difficult to discriminate the approximant phase from the quasicrystalline phase with the XRD trace. The existence of the 1/1 cubic approximant was confirmed by the SADPs shown in Fig. 7 .",
                "Fig. 7(a)–(c) shows the SADPs corresponding to [0 0 1], [1 1 1] and [0 1 τ] zone, respectively, of the 1/1 cubic approximant observed in the Al65Cu20Fe15 powder after MA for 10 h and subsequent annealing at 550°C for 50 h. Strong spots marked by arrows are very close to the strong spots in the corresponding quasicrystalline phase. The angles tilted during TEM observation to obtain each SADP were shown in Fig. 7. Those tilting angles are in good agreement with 54.7° between [0 0 1] and [1 1 1] and 31° between [0 0 1] and [0 1 τ], which are close to the angles between 2-fold and 3-fold axes and between 2-fold and 5-fold axes, respectively, in the icosahedral quasicrystal. The XRD experiments and TEM observation support that the second high temperature exotherms shown in Fig. 2 were due to the formation of Al(Fe,Cu) and 1/1 cubic approximant in the Al65Cu20Fe15 powder and to the formation of Al13Fe4 and 1/1 cubic approximant in the Al65Cu20Fe10Si5 powder. The reason why the exothermic reaction temperature is higher in the Al65Cu20Fe10Si5 powder is not clear, but may be due to slowing down the diffusion rate of elements by addition of Si.",
                "Fig. 8 shows the XRD patterns obtained from the Al65Cu20Fe15 and Al65Cu20Fe10Si5 powders after 10 h MA followed by annealing at 750°C for 5 h. When compared to the diffraction pattern shown in Fig. 6, diffraction peaks corresponding to the 1/1 cubic approximant in the Al65Cu20Fe15 powder disappeared, and Al(Cu,Fe) and Al13Fe4 phases were still present, as can be seen in Fig. 7(a). Considering the peak intensity, the major phase was cubic Al(Cu,Fe) phase. However, in the case of the Al65Cu20Fe10Si5 powder, no significant change was observed in the XRD pattern obtained after additional heating at 750°C for 5 h compared to that obtained after heat treatment at 550°C for 5 h. Although no noticeable difference could be observed in the position and intensity of the XRD peaks from the 1/1 approximant, the detailed TEM analysis showed that a few of approximants stable at 550°C transformed to a mixture of the icosahedral and new type of approximant phases after heating at 750°C.",
                "Fig. 9 (a) and (b) shows typical 5-fold SADP of I-phase and a pseudo-5-fold SADP of new approximant phase, respectively, observed in the Al65Cu20Fe10Si5 powder after MA for 10 h followed by annealing at 750°C for 5 h. The SADP from I-phase shows well-known characteristics of icosahedral quasicrystal. The I-phase was occasionally observed during TEM examination. The alloy powder mainly consisted of approximant phases and cubic Al(Cu,Fe) phases as shown in Fig. 7. A few different types of approximant phases were observed in the alloy powder. The pseudo-5-fold SADP shown in Fig. 9 shows a periodic distribution in one direction but the strong diffraction spots marked by arrows shows a similar distribution as in the corresponding SADP shown in Fig. 9(a). Details on the approximant phases will be published elsewhere ."
            ],
            "name": "The effect of heat treatment",
            "type": "ce_section"
        }
    ],
    "Title": "Structural evolution during heat treatment of mechanically alloyed Al–Cu–Fe–(Si) alloys",
    "abstract": "Structural evolution during mechanical alloying and subsequent heat treatment of Al65Cu20Fe15 and Al65Cu20Fe10Si5 was studied by X-ray diffractometry (XRD), transmission electron microscopy (TEM) and differential scanning calorimetry (DSC). The Al65Cu20Fe15 and Al65Cu20Fe10Si5 powders milled for 10 h hewed a layered structure consisting of Al-. Cu- and Fe-rich lavers. DSC traces obtained from the powder during heating, up to 600 degreesC, showed two exothermic peaks with peak temperatures of 330 and 440 degreesC in Al65Cu20Fe15 and 330 and 500 degreesC in Al65Cu20Fe10Si5 powders. The lower exothermic peaks correspond to the formation of Al2Cu and Al7Cu2Fe phases from the layered structure. The second high temperature exotherms correspond to the formation of Al(Fe,Cu) and 1/1 cubic approximant in the Al65Cu20Fe15 powder and to the formation of Al13Fe9 and 1/1 cubic approximant in the Al65Cu20Fe10Si5 powder. The Al65Cu20Fe15 and Al65Cu20Fe10Si5 powders annealed for 5 h st 750 degreesC showed microstructure consisting of Al(Cu,Fe) and Al13Fe4 phases, and Al13Fe4, icosahsdral and new approximant phases, respectively. The partial substitution of Fe by Si increased the stability of tire 1/1 cubic approximant and icosahedral phases. (C) 2001 Published by Elsevier Science B.V."
}