{
    "DOI": "10.1016/j.jallcom.2021.159121",
    "Journal": "Journal of Alloys and Compounds",
    "Keywords": [
        "Metals and alloys",
        "Precipitation",
        "Microstructure",
        "X-ray diffraction",
        "Electrical transport",
        "Mechanical properties"
    ],
    "Sections": [
        {
            "content": [
                {
                    "content": [
                        "The influence of artificial aging on microstructure, hardness, and electrical conductivity was investigated for four casting conditions of B319 Al alloy. The alloy conditions were produced via gravity die casting, exactly as outlined in recent work by the authors . In summary, 150 × 30 × 10 mm3 bars were cast with two Sr contents and two solidification rates. Both the unmodified and Sr-modified conditions were prepared, by adding 150 ppm Sr to the melt for the latter via an Al-10 wt% Sr master alloy. By maintaining the open H13 tool steel permanent mold temperature at either 500 or 200 °C during melt pouring, alloys with a desired Sr content were obtained with average primary solidification rates of 0.17 or 6.07 °C-s-1, respectively. These rates were evaluated from the liquidus to the Al-Si eutectic temperature, using the thermal data acquired from a K-type thermocouple suspended in the mold cavity center. Three castings were produced per condition, which were designated by the ppm Sr added followed by the mold preheating temperature: 0Sr-500C, 0Sr-200C, 150Sr-500C, and 150Sr-200C. Table 1 specifies the average chemical composition of each condition, as evaluated using an Oxford Foundry-Master Pro optical emission spectrometer.",
                        "The castings were sectioned into 25 × 15 × 10 mm3 samples, and the top and bottom faces of each sample was ground flat with 320 grit SiC paper prior to heat treatment. To ensure consistent porosity contents, the density of each sample was evaluated using the hydrostatic displacement technique (Archimedes’ principle), and the outliers were removed from the study. Using the listed pore-free density of 319 alloy, 2.79 g cm-3 s , the average percentages porosity of the accepted samples were 2.5% and 0.8% for the 500 and 200 °C mold temperature castings, respectively."
                    ],
                    "name": "Alloy casting",
                    "type": "ce_section"
                },
                {
                    "content": [
                        "The alloys were subjected to a two-stage precipitation heat treatment, consisting of 24 h solution heat treatment at 500 °C followed by artificial aging for various times at 250, 200 or 150 °C. Each full heat treatment was performed in sets of four of the 25 × 15 × 10 mm3 samples, one per casting condition, to ensure a consistent procedure. For temperature regulation inside each furnace, an additional B319 sample was placed alongside the set of interest, with an inserted K-type thermocouple that accurately recorded the alloy thermal profiles.",
                        "First, a sample set was solution heat treated for 24 h in a Thermo Scientific 16.4 L Lindberg Blue M electric resistance box furnace preheated to 500 °C. The samples reached 500 °C in approximately 10 min, and the temperature overshoot and fluctuations during isothermal holding were both within ±2 °C. After 24 h had elapsed since placing the samples in the furnace, they were removed, rapidly quenched in ambient-temperature (20–25 °C) water for 10 s, and dried with forced air. At this point, the samples were referred to as AQ, or as-quenched from solution heat treatment.",
                        "Within 2–3 min from the water-quench, the set of samples and the temperature-regulating sample were artificially aged in a preheated Lindberg Hevi-Duty crucible furnace. For each set, the aging heat treatment was performed at 250, 200, or 150 °C for a duration between 0.1 and 24 h. The samples reached the aging temperature within 30 min, and the temperature overshoot and fluctuations during isothermal holding were both at most ±0.5 °C. After the desired treatment duration had elapsed since placing the samples in the furnace, they were removed, quenched again in ambient-temperature (20–25 °C) water for 10 s, and dried with forced air."
                    ],
                    "name": "Heat treatment",
                    "type": "ce_section"
                },
                {
                    "content": [
                        "Prior to optical and scanning electron microscopy, one surface of an artificially aged sample was prepared on a semi-automatic polishing wheel with successive SiC papers, Al2O3 and diamond suspensions, and 0.02 µm colloidal SiO2. An inverted Nikon Eclipse MA200 metallurgical microscope was used to capture optical micrographs of the unetched eutectic Si morphology. As well, a Zeiss Ultra-Plus Schottky field emission gun high-resolution scanning electron microscope (FEG-SEM) operating at 10 keV was used to observe the distribution of fine precipitates in the Al matrix after aging. Phase microanalysis was conducted using an Oxford SDD energy dispersive x-ray spectroscopy (EDS) detector. The precipitates were further analyzed using a FEI Tecnai G2 T20 S-Twin transmission electron microscope (TEM) operating at 200 keV. For TEM, aged samples were conventionally thinned using mechanical dimpling followed by ion milling with a Gatan Precision Ion Polishing System (PIPS II). Ion milling was performed cold, using liquid nitrogen, so as to prevent excessive sample heating in the apparatus."
                    ],
                    "name": "Optical and electron microscopy",
                    "type": "ce_section"
                },
                {
                    "content": [
                        "The evolution of precipitates during artificial aging was investigated using in-situ x-ray diffraction (XRD). An as-cast, 0 Sr-500 C sample was sectioned with abrasive cutting to produce a 10 × 10 × 1 mm3 plate. This sample was placed flat on a zero-diffraction Si disc within a Rigaku SmartLab 9 kW high-resolution x-ray diffractometer, equipped with an Anton Paar DHS 1100 graphite heating dome attachment. The temperature calibration of the system was verified using the incipient melting temperature of 319-type alloys, 507 °C . For each XRD scan, a 45 kV and 150 mA rotating anode was used to generate a beam of Cu Kα radiation, with a wavelength of 1.54 Å. A Kβ filter was placed in the beam, and a 3 × 3 mm2 window slit and a 5° soller slit were used to limit beam divergence. X-ray intensity was detected for diffraction angles (2θ) between 10° and 90°, scanned in 0.01° steps at 10° min-1 in an inert N2 environment. Prior to each measurement, sample height and axis alignment was executed by the system to maximize incident beam intensity.",
                        "The temperature profile of the in-situ XRD experiment was designed to follow a typical precipitation heat treatment. First, the as-cast (F) B319 sample was heated slightly above ambient-temperature, to 33 °C, to obtain a baseline diffraction measurement. The sample was then heated at an average rate of 70 °C min-1 to 495 °C, where it was held for 4.7 h to complete the solution heat treatment (SHT). Diffraction measurements were taken towards the end of this stage to ensure that the pertinent phases had effectively dissolved, before proceeding to the aging treatment. Subsequently, the sample was cooled inside the diffractometer chamber at an average rate of 80 °C min-1 to 205 °C, and then reheated to 245 °C at an average rate of 10 °C min-1. The sample was held at the aging temperature for 2 min prior to starting the in-situ measurements, to ensure temperature uniformity within the heating dome. Diffraction scans were obtained every 10 min throughout the 3 h isothermal heat treatment at 245 °C. The recorded aging times refer to the elapsed time since the start of the second heating ramp, such that the first high-temperature scan began at time t = 6.5 min. For either treatment, the temperature overshoot and fluctuations during holding were both within ±1 °C."
                    ],
                    "name": "In-situ x-ray diffraction",
                    "type": "ce_section"
                },
                {
                    "content": [
                        "The electrical conductivity and Rockwell hardness of each 25 × 15 × 10 mm3 sample was evaluated at ambient-temperature (20–25 °C), immediately following heat treatment. These measurements were completed within 20 min of quenching. First, electrical conductivity was analyzed using an ETher NDE SigmaCheck 2 eddy current meter, in accordance with the ASTM E1004 standard . The conductivity of each sample was determined from two readings, taken on the surfaces ground flat prior to heat treatment, with a 13 mm diameter probe operating at 60 kHz. The values were reported as percentages of the International Annealed Copper Standard (% IACS), for which 1.7241 µΩ cm at 20 °C is defined as 100% IACS. The eddy current penetration depth into the samples was approximately 1.5 mm, and the accuracy listed by the manufacturer was ±0.25%. Before each set of measurements, the device was calibrated using three standard samples that were certified at 62.45%, 28.03%, and 8.372% IACS. Second, the sample hardness was measured using a Leco LR 300 Rockwell-type tester, operating in the HRB scale with a 1/16” ball indenter and a 100 kg load. Nine readings were used to determine the average hardness per sample, distributed evenly across its top face. Prior to measurements, the tester’s calibration was verified using a standard sample certified at 85.81 ± 1.0 HRB."
                    ],
                    "name": "Material properties characterization",
                    "type": "ce_section"
                }
            ],
            "name": "Materials and methods",
            "type": "ce_section"
        },
        {
            "content": [
                {
                    "content": [
                        "The influence of artificial aging on microstructure, hardness, and electrical conductivity was investigated for four casting conditions of B319 Al alloy. The alloy conditions were produced via gravity die casting, exactly as outlined in recent work by the authors . In summary, 150 × 30 × 10 mm3 bars were cast with two Sr contents and two solidification rates. Both the unmodified and Sr-modified conditions were prepared, by adding 150 ppm Sr to the melt for the latter via an Al-10 wt% Sr master alloy. By maintaining the open H13 tool steel permanent mold temperature at either 500 or 200 °C during melt pouring, alloys with a desired Sr content were obtained with average primary solidification rates of 0.17 or 6.07 °C-s-1, respectively. These rates were evaluated from the liquidus to the Al-Si eutectic temperature, using the thermal data acquired from a K-type thermocouple suspended in the mold cavity center. Three castings were produced per condition, which were designated by the ppm Sr added followed by the mold preheating temperature: 0Sr-500C, 0Sr-200C, 150Sr-500C, and 150Sr-200C. Table 1 specifies the average chemical composition of each condition, as evaluated using an Oxford Foundry-Master Pro optical emission spectrometer.",
                        "The castings were sectioned into 25 × 15 × 10 mm3 samples, and the top and bottom faces of each sample was ground flat with 320 grit SiC paper prior to heat treatment. To ensure consistent porosity contents, the density of each sample was evaluated using the hydrostatic displacement technique (Archimedes’ principle), and the outliers were removed from the study. Using the listed pore-free density of 319 alloy, 2.79 g cm-3 s , the average percentages porosity of the accepted samples were 2.5% and 0.8% for the 500 and 200 °C mold temperature castings, respectively."
                    ],
                    "name": "Alloy casting",
                    "type": "ce_section"
                },
                {
                    "content": [
                        "The alloys were subjected to a two-stage precipitation heat treatment, consisting of 24 h solution heat treatment at 500 °C followed by artificial aging for various times at 250, 200 or 150 °C. Each full heat treatment was performed in sets of four of the 25 × 15 × 10 mm3 samples, one per casting condition, to ensure a consistent procedure. For temperature regulation inside each furnace, an additional B319 sample was placed alongside the set of interest, with an inserted K-type thermocouple that accurately recorded the alloy thermal profiles.",
                        "First, a sample set was solution heat treated for 24 h in a Thermo Scientific 16.4 L Lindberg Blue M electric resistance box furnace preheated to 500 °C. The samples reached 500 °C in approximately 10 min, and the temperature overshoot and fluctuations during isothermal holding were both within ±2 °C. After 24 h had elapsed since placing the samples in the furnace, they were removed, rapidly quenched in ambient-temperature (20–25 °C) water for 10 s, and dried with forced air. At this point, the samples were referred to as AQ, or as-quenched from solution heat treatment.",
                        "Within 2–3 min from the water-quench, the set of samples and the temperature-regulating sample were artificially aged in a preheated Lindberg Hevi-Duty crucible furnace. For each set, the aging heat treatment was performed at 250, 200, or 150 °C for a duration between 0.1 and 24 h. The samples reached the aging temperature within 30 min, and the temperature overshoot and fluctuations during isothermal holding were both at most ±0.5 °C. After the desired treatment duration had elapsed since placing the samples in the furnace, they were removed, quenched again in ambient-temperature (20–25 °C) water for 10 s, and dried with forced air."
                    ],
                    "name": "Heat treatment",
                    "type": "ce_section"
                },
                {
                    "content": [
                        "Prior to optical and scanning electron microscopy, one surface of an artificially aged sample was prepared on a semi-automatic polishing wheel with successive SiC papers, Al2O3 and diamond suspensions, and 0.02 µm colloidal SiO2. An inverted Nikon Eclipse MA200 metallurgical microscope was used to capture optical micrographs of the unetched eutectic Si morphology. As well, a Zeiss Ultra-Plus Schottky field emission gun high-resolution scanning electron microscope (FEG-SEM) operating at 10 keV was used to observe the distribution of fine precipitates in the Al matrix after aging. Phase microanalysis was conducted using an Oxford SDD energy dispersive x-ray spectroscopy (EDS) detector. The precipitates were further analyzed using a FEI Tecnai G2 T20 S-Twin transmission electron microscope (TEM) operating at 200 keV. For TEM, aged samples were conventionally thinned using mechanical dimpling followed by ion milling with a Gatan Precision Ion Polishing System (PIPS II). Ion milling was performed cold, using liquid nitrogen, so as to prevent excessive sample heating in the apparatus."
                    ],
                    "name": "Optical and electron microscopy",
                    "type": "ce_section"
                },
                {
                    "content": [
                        "The evolution of precipitates during artificial aging was investigated using in-situ x-ray diffraction (XRD). An as-cast, 0 Sr-500 C sample was sectioned with abrasive cutting to produce a 10 × 10 × 1 mm3 plate. This sample was placed flat on a zero-diffraction Si disc within a Rigaku SmartLab 9 kW high-resolution x-ray diffractometer, equipped with an Anton Paar DHS 1100 graphite heating dome attachment. The temperature calibration of the system was verified using the incipient melting temperature of 319-type alloys, 507 °C . For each XRD scan, a 45 kV and 150 mA rotating anode was used to generate a beam of Cu Kα radiation, with a wavelength of 1.54 Å. A Kβ filter was placed in the beam, and a 3 × 3 mm2 window slit and a 5° soller slit were used to limit beam divergence. X-ray intensity was detected for diffraction angles (2θ) between 10° and 90°, scanned in 0.01° steps at 10° min-1 in an inert N2 environment. Prior to each measurement, sample height and axis alignment was executed by the system to maximize incident beam intensity.",
                        "The temperature profile of the in-situ XRD experiment was designed to follow a typical precipitation heat treatment. First, the as-cast (F) B319 sample was heated slightly above ambient-temperature, to 33 °C, to obtain a baseline diffraction measurement. The sample was then heated at an average rate of 70 °C min-1 to 495 °C, where it was held for 4.7 h to complete the solution heat treatment (SHT). Diffraction measurements were taken towards the end of this stage to ensure that the pertinent phases had effectively dissolved, before proceeding to the aging treatment. Subsequently, the sample was cooled inside the diffractometer chamber at an average rate of 80 °C min-1 to 205 °C, and then reheated to 245 °C at an average rate of 10 °C min-1. The sample was held at the aging temperature for 2 min prior to starting the in-situ measurements, to ensure temperature uniformity within the heating dome. Diffraction scans were obtained every 10 min throughout the 3 h isothermal heat treatment at 245 °C. The recorded aging times refer to the elapsed time since the start of the second heating ramp, such that the first high-temperature scan began at time t = 6.5 min. For either treatment, the temperature overshoot and fluctuations during holding were both within ±1 °C."
                    ],
                    "name": "In-situ x-ray diffraction",
                    "type": "ce_section"
                },
                {
                    "content": [
                        "The electrical conductivity and Rockwell hardness of each 25 × 15 × 10 mm3 sample was evaluated at ambient-temperature (20–25 °C), immediately following heat treatment. These measurements were completed within 20 min of quenching. First, electrical conductivity was analyzed using an ETher NDE SigmaCheck 2 eddy current meter, in accordance with the ASTM E1004 standard . The conductivity of each sample was determined from two readings, taken on the surfaces ground flat prior to heat treatment, with a 13 mm diameter probe operating at 60 kHz. The values were reported as percentages of the International Annealed Copper Standard (% IACS), for which 1.7241 µΩ cm at 20 °C is defined as 100% IACS. The eddy current penetration depth into the samples was approximately 1.5 mm, and the accuracy listed by the manufacturer was ±0.25%. Before each set of measurements, the device was calibrated using three standard samples that were certified at 62.45%, 28.03%, and 8.372% IACS. Second, the sample hardness was measured using a Leco LR 300 Rockwell-type tester, operating in the HRB scale with a 1/16” ball indenter and a 100 kg load. Nine readings were used to determine the average hardness per sample, distributed evenly across its top face. Prior to measurements, the tester’s calibration was verified using a standard sample certified at 85.81 ± 1.0 HRB."
                    ],
                    "name": "Material properties characterization",
                    "type": "ce_section"
                }
            ],
            "name": "Materials and methods",
            "type": "ce_section"
        },
        {
            "content": [
                {
                    "content": [
                        "The influence of artificial aging on microstructure, hardness, and electrical conductivity was investigated for four casting conditions of B319 Al alloy. The alloy conditions were produced via gravity die casting, exactly as outlined in recent work by the authors . In summary, 150 × 30 × 10 mm3 bars were cast with two Sr contents and two solidification rates. Both the unmodified and Sr-modified conditions were prepared, by adding 150 ppm Sr to the melt for the latter via an Al-10 wt% Sr master alloy. By maintaining the open H13 tool steel permanent mold temperature at either 500 or 200 °C during melt pouring, alloys with a desired Sr content were obtained with average primary solidification rates of 0.17 or 6.07 °C-s-1, respectively. These rates were evaluated from the liquidus to the Al-Si eutectic temperature, using the thermal data acquired from a K-type thermocouple suspended in the mold cavity center. Three castings were produced per condition, which were designated by the ppm Sr added followed by the mold preheating temperature: 0Sr-500C, 0Sr-200C, 150Sr-500C, and 150Sr-200C. Table 1 specifies the average chemical composition of each condition, as evaluated using an Oxford Foundry-Master Pro optical emission spectrometer.",
                        "The castings were sectioned into 25 × 15 × 10 mm3 samples, and the top and bottom faces of each sample was ground flat with 320 grit SiC paper prior to heat treatment. To ensure consistent porosity contents, the density of each sample was evaluated using the hydrostatic displacement technique (Archimedes’ principle), and the outliers were removed from the study. Using the listed pore-free density of 319 alloy, 2.79 g cm-3 s , the average percentages porosity of the accepted samples were 2.5% and 0.8% for the 500 and 200 °C mold temperature castings, respectively."
                    ],
                    "name": "Alloy casting",
                    "type": "ce_section"
                },
                {
                    "content": [
                        "The alloys were subjected to a two-stage precipitation heat treatment, consisting of 24 h solution heat treatment at 500 °C followed by artificial aging for various times at 250, 200 or 150 °C. Each full heat treatment was performed in sets of four of the 25 × 15 × 10 mm3 samples, one per casting condition, to ensure a consistent procedure. For temperature regulation inside each furnace, an additional B319 sample was placed alongside the set of interest, with an inserted K-type thermocouple that accurately recorded the alloy thermal profiles.",
                        "First, a sample set was solution heat treated for 24 h in a Thermo Scientific 16.4 L Lindberg Blue M electric resistance box furnace preheated to 500 °C. The samples reached 500 °C in approximately 10 min, and the temperature overshoot and fluctuations during isothermal holding were both within ±2 °C. After 24 h had elapsed since placing the samples in the furnace, they were removed, rapidly quenched in ambient-temperature (20–25 °C) water for 10 s, and dried with forced air. At this point, the samples were referred to as AQ, or as-quenched from solution heat treatment.",
                        "Within 2–3 min from the water-quench, the set of samples and the temperature-regulating sample were artificially aged in a preheated Lindberg Hevi-Duty crucible furnace. For each set, the aging heat treatment was performed at 250, 200, or 150 °C for a duration between 0.1 and 24 h. The samples reached the aging temperature within 30 min, and the temperature overshoot and fluctuations during isothermal holding were both at most ±0.5 °C. After the desired treatment duration had elapsed since placing the samples in the furnace, they were removed, quenched again in ambient-temperature (20–25 °C) water for 10 s, and dried with forced air."
                    ],
                    "name": "Heat treatment",
                    "type": "ce_section"
                },
                {
                    "content": [
                        "Prior to optical and scanning electron microscopy, one surface of an artificially aged sample was prepared on a semi-automatic polishing wheel with successive SiC papers, Al2O3 and diamond suspensions, and 0.02 µm colloidal SiO2. An inverted Nikon Eclipse MA200 metallurgical microscope was used to capture optical micrographs of the unetched eutectic Si morphology. As well, a Zeiss Ultra-Plus Schottky field emission gun high-resolution scanning electron microscope (FEG-SEM) operating at 10 keV was used to observe the distribution of fine precipitates in the Al matrix after aging. Phase microanalysis was conducted using an Oxford SDD energy dispersive x-ray spectroscopy (EDS) detector. The precipitates were further analyzed using a FEI Tecnai G2 T20 S-Twin transmission electron microscope (TEM) operating at 200 keV. For TEM, aged samples were conventionally thinned using mechanical dimpling followed by ion milling with a Gatan Precision Ion Polishing System (PIPS II). Ion milling was performed cold, using liquid nitrogen, so as to prevent excessive sample heating in the apparatus."
                    ],
                    "name": "Optical and electron microscopy",
                    "type": "ce_section"
                },
                {
                    "content": [
                        "The evolution of precipitates during artificial aging was investigated using in-situ x-ray diffraction (XRD). An as-cast, 0 Sr-500 C sample was sectioned with abrasive cutting to produce a 10 × 10 × 1 mm3 plate. This sample was placed flat on a zero-diffraction Si disc within a Rigaku SmartLab 9 kW high-resolution x-ray diffractometer, equipped with an Anton Paar DHS 1100 graphite heating dome attachment. The temperature calibration of the system was verified using the incipient melting temperature of 319-type alloys, 507 °C . For each XRD scan, a 45 kV and 150 mA rotating anode was used to generate a beam of Cu Kα radiation, with a wavelength of 1.54 Å. A Kβ filter was placed in the beam, and a 3 × 3 mm2 window slit and a 5° soller slit were used to limit beam divergence. X-ray intensity was detected for diffraction angles (2θ) between 10° and 90°, scanned in 0.01° steps at 10° min-1 in an inert N2 environment. Prior to each measurement, sample height and axis alignment was executed by the system to maximize incident beam intensity.",
                        "The temperature profile of the in-situ XRD experiment was designed to follow a typical precipitation heat treatment. First, the as-cast (F) B319 sample was heated slightly above ambient-temperature, to 33 °C, to obtain a baseline diffraction measurement. The sample was then heated at an average rate of 70 °C min-1 to 495 °C, where it was held for 4.7 h to complete the solution heat treatment (SHT). Diffraction measurements were taken towards the end of this stage to ensure that the pertinent phases had effectively dissolved, before proceeding to the aging treatment. Subsequently, the sample was cooled inside the diffractometer chamber at an average rate of 80 °C min-1 to 205 °C, and then reheated to 245 °C at an average rate of 10 °C min-1. The sample was held at the aging temperature for 2 min prior to starting the in-situ measurements, to ensure temperature uniformity within the heating dome. Diffraction scans were obtained every 10 min throughout the 3 h isothermal heat treatment at 245 °C. The recorded aging times refer to the elapsed time since the start of the second heating ramp, such that the first high-temperature scan began at time t = 6.5 min. For either treatment, the temperature overshoot and fluctuations during holding were both within ±1 °C."
                    ],
                    "name": "In-situ x-ray diffraction",
                    "type": "ce_section"
                },
                {
                    "content": [
                        "The electrical conductivity and Rockwell hardness of each 25 × 15 × 10 mm3 sample was evaluated at ambient-temperature (20–25 °C), immediately following heat treatment. These measurements were completed within 20 min of quenching. First, electrical conductivity was analyzed using an ETher NDE SigmaCheck 2 eddy current meter, in accordance with the ASTM E1004 standard . The conductivity of each sample was determined from two readings, taken on the surfaces ground flat prior to heat treatment, with a 13 mm diameter probe operating at 60 kHz. The values were reported as percentages of the International Annealed Copper Standard (% IACS), for which 1.7241 µΩ cm at 20 °C is defined as 100% IACS. The eddy current penetration depth into the samples was approximately 1.5 mm, and the accuracy listed by the manufacturer was ±0.25%. Before each set of measurements, the device was calibrated using three standard samples that were certified at 62.45%, 28.03%, and 8.372% IACS. Second, the sample hardness was measured using a Leco LR 300 Rockwell-type tester, operating in the HRB scale with a 1/16” ball indenter and a 100 kg load. Nine readings were used to determine the average hardness per sample, distributed evenly across its top face. Prior to measurements, the tester’s calibration was verified using a standard sample certified at 85.81 ± 1.0 HRB."
                    ],
                    "name": "Material properties characterization",
                    "type": "ce_section"
                }
            ],
            "name": "Materials and methods",
            "type": "ce_section"
        }
    ],
    "Title": "Mechanisms affecting hardness and electrical conductivity in artificially-aged B319 aluminum alloy",
    "abstract": "Artificial aging is an essential process in the production of Al-Si-Cu-Mg alloys for high-performance applications. The complex phase transformations promoted during this heat treatment tends to influence hardness and electrical conductivity contrarily, prompting significant compromise in the alloy design. Nonetheless, understanding the considerable contrast between electron and dislocation motion enables the informed manipulation of heat treatment parameters for the enhancement of both material properties. Accordingly, this study aimed to investigate the effects of artificial aging on the microstructure, hardness and electrical conductivity of B319 Al alloy, as a function of solidification rate and strontium content. After solution heat treatment, samples were aged at 150, 200 or 250 degrees C for durations up to 24 h, followed by Rockwell hardness and eddy-current electrical conductivity measurements. In conjunction with qualitative electron microscopy and quantitative transformation curves generated with in-situ x-ray diffraction, the time-dependent property curves were found to correlate with progressive precipitation processes within the Al matrix. Furthermore, the direct juxtaposition of the hardness and conductivity behaviors was used to elucidate the mechanisms affecting either property during artificial aging. Individually, substantial improvements of either +47 HRB or +8% IACS were possible for hardness or conductivity, respectively, within the investigated heat treatments. Yet, the critical analysis in this study supports the strategic design of casting and heat treatment parameters, to produce a suitable combination of both hardness and conductivity in advanced industrial Al alloys. (C) 2021 Elsevier B.V. All rights reserved."
}