{
    "Sections": [
        {
            "name": "Microhardness Test",
            "content": [
                "Changes in the microstructures should be accompanied by mechanical property variations, and the hardness values of these two alloy series are measured and presented as Vickers hardness number (VHN) in kg/mm2 as well as GPa in Figure 10(a). Along the double-cluster composition line, with increasing Cu and Ni contents, the hardness increases slowly first from 1.26 GPa in 1 to nearly 1.33 GPa in 4, and then quickly rises to 1.48 GPa in 5. The hardness values of the second alloy series with Fe/Ni = 1.46 change only slightly, from 1.24 GPa in 6 to 1.33 GPa in 10. The obvious change in hardness along the double-cluster line can be attributed to the solution strengthening from increasing amounts of Ni and Cu in the Fe solid solutions, especially alloy 5 containing the maximum amounts of Ni and Cu. The relationship between hardness and m is displayed in Figure 10(b), where the hardness declines gradually with increasing m (decreasing amounts of Ni and Cu). The relatively gradual change in hardness along the Fe/Ni = 1.46 line, especially 9 and 10, can be attributed to the precipitation of solute elements that weakens solution hardening."
            ]
        },
        {
            "name": "Corrosion Tests",
            "content": [
                "An objective of the present work is to develop highly corrosion-resistant alloys, so systematic measurements of corrosion resistances were conducted in a 3.5 wt pct NaCl solution at 298 K (25 °C). Two samples for each composition alloy were prepared to measure corrosion resistance. Figure 11 presents the potentiodynamic polarization curves of these alloys. The curves were analyzed by Tafel extrapolation. The average values of corrosion potential Ecorr, current density icorr, and pitting potential Epit are listed in Table III, from which it can be seen that the corrosion-resistant properties of alloys 1 through 8 maintain almost at the same level, with Ecorr –0.354 to –0.303 V, icorr 0.688 to 1.043 μAcm−2, and Epit –0.118 to 0.021 V. Among the average corrosion parameters of alloy 5 (Ni51.7Fe44.3Cu4 at. pct) with the best corrosion resistance are, respectively, Ecorr = –0.303 V, icorr = 0.688 μAcm−2, and Epit = 0.021 V. Compared with the commercial Invar alloy (64 ± 2 wt pct Fe, bal Ni), with Ecorr being –0.500 V, a minor amount of Cu additions indeed improves the corrosion resistance of the Fe-Ni alloys."
            ]
        }
    ],
    "abstract": "Copper is a good corrosion resisting element, but due to its immiscibility with Fe, it is only used as a minor-alloying element in stainless steels. In this work, we introduced a double-cluster structure model [CuNi12][NiFe12] (m) for stable solid solutions in Cu-containing Fe-Ni corrosion-resistant invar alloys. Our model takes into account all of the enthalpies between the element pairs by assuming Fe-Ni and Ni-Cu nearest neighbors and by avoiding Fe-Cu ones, so that the ideally stabilized structures are described by mixing two cuboctahedral clusters in the fcc lattice, NiFe12 and CuNi12. Two alloy series were designed by varying the relative proportions of the two clusters and the Cu contents. It was proved that the alloys with Cu contents below those prescribed by this model could easily be solutionized and water-quenched to a monolithic fcc solid solution, and resultant alloys possessed good corrosion-resisting properties in 3.5 wt pct NaCl solution."
}