{
    "Sections": [
        {
            "name": "Sample Synthesis",
            "content": [
                "ТanotubesTiO2 were synthesized as reported in our previous work . Here, Titanium mixed oxide nanotubes have been grown on TA6V substrates, the TA6V titanium alloy contains two metallurgical phases, the α phase being enriched with aluminium and the β phase with vanadium V . The TA6V alloy (0.1 mm thick, 25% tolerance, Goodfellow) was cut into 1.2 × 1.2 cm and ultrasonically cleaned for 10 min in acetone, propanol, and methanol. Then, the samples were rinsed in DI water and dried in compressed air. At room temperature, the anodization was performed in a two-electrode electrochemical cell with platinum as counter electrode, and TA6V foil as anode, in Ethylene Glycol (EG) electrolyte containing 0.3 wt % of ammonium fluoride (NH4F) and 20 wt % water content. All anodization experiments were carried out under a constant voltage of 60 V using a generator (ISOTECH IPS-603) for 3 h. After the anodizing, the samples were removed from the cell and cleaned with ultrapure water. In order to transform the amorphous crystallographic structure obtained just after anodization into crystalline structure, the samples were annealed at 500°C for 3 h with a heating and cooling rate of 5°C/min."
            ]
        },
        {
            "name": "Sample Сharacterization",
            "content": [
                "The crystalline phases were detected by XRD (Bruker, D2 Phaser) with CuKα radiation a Kα = 1.54 Å a scanning speed of 0.05−1 min from 20° to 80°. The topography and roughness of the surfaces were investigated by AFM device (Brucker). AFM analyses were performed using TAP190 model cantilever in an area of 5 × 5 μm. Raman spectra were recorded using a RENISHAW (Invia) Raman spectrometer outfitted with a 100° optical microscope, appropriate holographic notch filters, and an 1800 grooves/mm holographic grating to provide a spectral resolution of 0.25 cm. To excite the samples, a 632.8 nm helium-neon laser with a 10-mW power output and a 2 µm spot size was used. The spectra were taken with an exposure time of 2 s and a wavenumber range of 100–1000 cm–1."
            ]
        }
    ],
    "abstract": "Nanotubes TiO2 prepared by electrochemical anodization of titanium foil are promising due to their great physical/chemical properties and large surface area for applications in electro-energy synthesis and storage devices as an active material in ion batteries and supercapacitors, solar cells, and photocatalysis. In the present work, nanotubes TiO2 were manufactured by anodizing Ti-6Al-4V alloy at constant applied voltage of 60 V for 3 h, in a fluoride ethylene glycol electrolyte and water content of 20 wt %. The latter sample was left unattended and exposed to environmental conditions (i.e., humidity and ambient temperature) for more than four years (from 2018 to 2022) before being evaluated for any significant alteration/changes and ageing effects on the surface morphology, surface composition, and microelectronic structure. Surface morphology and surface chemical composition of nanotubes TiO2 were recorded using an environment scanning electron microscope, energy dispersive X-ray spectroscopy, X-rays fluorescence. A change in the crystallite size was investigated by X-ray diffraction. To our knowledge, this has not been yet reported for nanotubes TiO2. The micro-electronic structure alteration was depicted using electrochemical impedance spectroscopy measurements. Comparing the scanning electron microscope pictures of the freshly synthesized and the aged samples revealed a noticeable alteration in the morphology and a disparity in the nanotubes TiO2 external diameter. The aged sample showed darker areas, which may correspond to a loss of material or a presence of an oxide layer. Energy dispersive X-ray spectroscopy analysis depicts a large amount of Titan and a lower amount of oxygen in the aged samples. The result affirms a strong presence of corrosion on the aged TiO2 NTs surfaces due to the storage period. Moreover, the disappearance of the dual morphology structure (alpha, beta) (generally detected in freshly synthesized samples) and the detection of the alpha phase on the aged sample makes the surface less stable (degraded). The Nyquist diagrams on the fresh and aged samples confirm a distinguished behaviour modification between the two samples, which indicates a clear surface alteration. The excellent properties depicted on the freshly synthesized became a huge drawback for the aged sample, where the surface degradation and the microelectronic structure alteration were noticeable due to exposition to normal environmental conditions, ambient temperature, pressure and humidity, let alone being exposed to an aggressive environment of a battery when used as an active material. This opens up a new insight into the optimisation of storage and disposal conditions."
}