{
    "DOI": "10.1016/j.matchemphys.2011.05.003",
    "Journal": "Materials Chemistry and Physics",
    "Keywords": [
        "Biomaterials",
        "Shape memory effects",
        "Coatings",
        "Surface properties"
    ],
    "Sections": [
        {
            "content": [
                {
                    "content": [
                        "Commercially available NiTi SMA (50.8 at.% Ni) rods were cut into discs (Ф10 mm × 1 mm in size) using a linear cutting machine. All samples were abraded successively using SiC grinding papers from 120 to 1000 grit size to remove the original oxides and surface defects. Subsequently, they were ultrasonically cleaned with acetone, alcohol and distilled water separately for 15 min and dried in air (these samples are designated as “untreated” hereafter). For the heat treatment, NiTi SMA samples were heated to 600 °C at a heating rate of 10 °C min−1. After being held in the furnace for 1 h, NiTi SMA samples were cooled down naturally in the furnace (these samples are designated as “heat treated” hereafter). For the H2O2-oxidation treatment, NiTi SMA samples were etched for 2 min in Kroll's reagent (a mixture of HF, HNO3 and distilled water) and then soaked in 30 mass% H2O2 solution at 80 °C for 24 h, which was followed by a hot water aging treatment at 80 °C for 72 h. Finally, the samples were gently rinsed in distilled water and dried overnight in a desiccator (these samples are designated as “H2O2-oxidized” hereafter)."
                    ],
                    "name": "Heat treatment and H2O2-oxidation treatment",
                    "type": "ce_section"
                },
                {
                    "content": [
                        "The surface morphology and cross-sectional morphology of NiTi SMA samples were observed using a scanning electron microscope (FE-SEM, LEO 1530, Germany). A transmission electron microscope (TEM, Philips Tecnai 20, The Netherlands) was used to investigate the morphology and phase composition of tiny particles formed on H2O2-oxidized NiTi SMA samples. For chemical composition analysis, energy dispersive X-ray (EDX) elemental mapping of the surface of samples and line scans of cross-sections of samples were obtained using an EDX spectrometer attached to the SEM. The phase composition of the surface of samples was examined by X-ray diffraction (XRD, D8 ADVANCE, Germany). XRD analyses were performed at room temperature over the 2θ range of 20–60° and at a scanning rate of 0.05° s−1. In addition, the titanium oxide layers formed on the surface of heat treated or H2O2-oxidized NiTi SMA samples were characterized using Fourier transform infrared spectroscopy (FTIR, Spectrum BX, Perkin Elmer, USA). The phase transformation temperatures of untreated, heat treated, and H2O2-oxidized NiTi SMA samples were measured using differential scanning calorimetry (DSC, Perkin Elmer Pyris 6 DSC, USA). The DSC curves were obtained in the range of −50 to 50 °C."
                    ],
                    "name": "Surface characterization and the measurement of phase transformation temperatures",
                    "type": "ce_section"
                },
                {
                    "content": [
                        "The nanohardness and the elastic modulus of the surface of heat treated or H2O2-oxidized NiTi SMA samples were determined under the load control mode using a nanoindentation instrument (TriboScope, Hysitron Inc., USA) equipped with a Berkovich diamond tip. Nanoindentation tests were performed using the same loading and unloading rate of 250 μN s−1. The maximum indentation load was 2 mN and the holding time was 10 s."
                    ],
                    "name": "Nanoindentation",
                    "type": "ce_section"
                },
                {
                    "content": [
                        "The chemical stability of the titanium oxide layers on NiTi SMA samples was assessed using potentiodynamic polarization tests at 37 °C in phosphate buffered saline (PBS) following ASTM G5-94 and G61-86. After the immersion of samples in PBS for 1 h, potentiodynamic polarization measurements were made from −1.0 V to 3.5 V and at a scan rate of 0.5 mV s−1. A standard three-electrode system was used for the tests: a saturated calomel electrode (SCE) as a reference, a platinum sheet as the counter electrode, and a sample as the working electrode. Three samples were used for each condition to verify the reproducibility of the results. After the potentiodynamic polarization tests, the surface morphology of NiTi SMA samples was observed using SEM."
                    ],
                    "name": "Chemical stability assessment",
                    "type": "ce_section"
                },
                {
                    "content": [
                        "The bioactivity of surface modified NiTi SMA samples was evaluated by soaking each sample in the simulated body fluid (SBF) which had ion concentrations nearly equal to those in human blood plasma. The SBF was prepared by dissolving reagent grade NaCl, NaHCO3, KCl, K2HPO4·3H2O, MgCl2·6H2O, CaCl2, and Na2SO4 in distilled water and buffered at pH 7.4 with tris-hydroxymethyl aminomethane (TRIS) and HCl at 37 °C. After soaking for preset times up to 4 weeks, samples were removed from SBF, washed gently with distilled water, and dried in air at room temperature (the SBF in which NiTi SMA samples were incubated was refreshed very two days). Subsequently, the samples were analyzed using SEM, XRD and FTIR."
                    ],
                    "name": "Bioactivity evaluation",
                    "type": "ce_section"
                },
                {
                    "content": [
                        "A breast cancer cell line (MCF-7, ATCC HTB-22) was cultured in Dulbecco's Modified Eagle Medium (DMEM) (Invitrogen Co., USA) containing 10% (v/v) fetal bovine serum (FBS) (Biowest, France) and incubated at 37 °C in an atmosphere of 5% CO2 and 95% humidity. When the cells reached 75–80% confluence, they were detached by 0.25% (w/v) trypsin-ethylenediaminetetraacetic acid (trypsin-EDTA) (Invitrogen Co., USA) and counted by a haemocytometer (Tiefe Depth Profondeur, Marienfeld, Germany) before the usage in the experiments."
                    ],
                    "name": "Cell culture",
                    "type": "ce_section"
                },
                {
                    "content": [
                        "The 3-(4,5-dimethylthiazol-2-yl)-2, 5-diphenyltetrazolium bromide (MTT) assay was performed to evaluate the cytotoxicity of untreated, heat treated and H2O2-oxidized NiTi SMA samples. MCF-7 cells were seeded at 2.0 × 104 cells/well onto tissue culture polystyrene (TCP, as the negative control), latex rubber (as the positive control), untreated, heat treated and H2O2-oxidized NiTi SMA samples, respectively. After 2 days of cell culture, 100 μL of MTT solution was added into each well and then the 24-well cell culture plate containing samples was incubated in a humidified atmosphere with 5% CO2 at 37 °C for 4 h. Subsequently, 500 μL dimethyl sulfoxide (DMSO) was added into each well to dissolve the formazan as a resolvent. Finally, the absorbance was recorded using a microplate reader (DTX 800 Series Multimode Detectors, Beckman Coulter, USA) at 570 nm wavelength, with a reference wavelength of 640 nm to evaluate the proliferation of MCF-7 cells on NiTi SMA samples in comparison to the control."
                    ],
                    "name": "Cytotoxicity assay",
                    "type": "ce_section"
                },
                {
                    "content": [
                        "Viability of MCF-7 cells adherent on the surface of untreated, heat treated and H2O2-oxidized NiTi SMA was also assessed via a live/dead viability/cytotoxicity kit (Invitrogen Co., USA) that stains cells with 3′, 6′-di(O-acetyl)-4′5′-bis[N, N-bis(carboxymethyl) aminomethyl] fluorescein tetraacetoxymethyl ester (calcein-AM) and ethidium homodimer-1 (EthD-1). After being gently washed by a warm Dulbecco's phosphate buffered saline (D-PBS), MCF-7 cells seeded on untreated, heat treated and H2O2-oxidized NiTi SMA samples for 3 days were exposed to a PBS-based solution containing 2 μM calcein-AM and 2 μM EthD-1. Living cells were stained in green via the enzymatic conversion of the virtually nonfluorescent cell-permeant calcein-AM to the intensely fluorescent calcein (excitation/emission, ∼495 nm/∼515 nm), while EthD-1 entered cells with damaged membranes and produced a bright red fluorescence in dead cells (excitation/emission, ∼495 nm/∼635 nm) after binding to nucleic acids. After 3 days in culture, MCF-7 cells stained in green and red were observed using a fluorescence microscope (Olympus BX61, Olympus Optical Co., Japan). Cell viability was calculated as a percentage of living cells by counting at least 500 cells under 200× magnification from at least seven randomly chosen areas on each sample."
                    ],
                    "name": "Live/dead cells staining",
                    "type": "ce_section"
                },
                {
                    "content": [
                        "The results are expressed as a mean ± standard deviation and all statistical analyses were performed using Student's two-tailed t-test. P < 0.05 is considered statistically significant."
                    ],
                    "name": "Statistical analysis",
                    "type": "ce_section"
                }
            ],
            "name": "Experimental",
            "type": "ce_section"
        },
        {
            "content": [
                {
                    "content": [
                        "Commercially available NiTi SMA (50.8 at.% Ni) rods were cut into discs (Ф10 mm × 1 mm in size) using a linear cutting machine. All samples were abraded successively using SiC grinding papers from 120 to 1000 grit size to remove the original oxides and surface defects. Subsequently, they were ultrasonically cleaned with acetone, alcohol and distilled water separately for 15 min and dried in air (these samples are designated as “untreated” hereafter). For the heat treatment, NiTi SMA samples were heated to 600 °C at a heating rate of 10 °C min−1. After being held in the furnace for 1 h, NiTi SMA samples were cooled down naturally in the furnace (these samples are designated as “heat treated” hereafter). For the H2O2-oxidation treatment, NiTi SMA samples were etched for 2 min in Kroll's reagent (a mixture of HF, HNO3 and distilled water) and then soaked in 30 mass% H2O2 solution at 80 °C for 24 h, which was followed by a hot water aging treatment at 80 °C for 72 h. Finally, the samples were gently rinsed in distilled water and dried overnight in a desiccator (these samples are designated as “H2O2-oxidized” hereafter)."
                    ],
                    "name": "Heat treatment and H2O2-oxidation treatment",
                    "type": "ce_section"
                },
                {
                    "content": [
                        "The surface morphology and cross-sectional morphology of NiTi SMA samples were observed using a scanning electron microscope (FE-SEM, LEO 1530, Germany). A transmission electron microscope (TEM, Philips Tecnai 20, The Netherlands) was used to investigate the morphology and phase composition of tiny particles formed on H2O2-oxidized NiTi SMA samples. For chemical composition analysis, energy dispersive X-ray (EDX) elemental mapping of the surface of samples and line scans of cross-sections of samples were obtained using an EDX spectrometer attached to the SEM. The phase composition of the surface of samples was examined by X-ray diffraction (XRD, D8 ADVANCE, Germany). XRD analyses were performed at room temperature over the 2θ range of 20–60° and at a scanning rate of 0.05° s−1. In addition, the titanium oxide layers formed on the surface of heat treated or H2O2-oxidized NiTi SMA samples were characterized using Fourier transform infrared spectroscopy (FTIR, Spectrum BX, Perkin Elmer, USA). The phase transformation temperatures of untreated, heat treated, and H2O2-oxidized NiTi SMA samples were measured using differential scanning calorimetry (DSC, Perkin Elmer Pyris 6 DSC, USA). The DSC curves were obtained in the range of −50 to 50 °C."
                    ],
                    "name": "Surface characterization and the measurement of phase transformation temperatures",
                    "type": "ce_section"
                },
                {
                    "content": [
                        "The nanohardness and the elastic modulus of the surface of heat treated or H2O2-oxidized NiTi SMA samples were determined under the load control mode using a nanoindentation instrument (TriboScope, Hysitron Inc., USA) equipped with a Berkovich diamond tip. Nanoindentation tests were performed using the same loading and unloading rate of 250 μN s−1. The maximum indentation load was 2 mN and the holding time was 10 s."
                    ],
                    "name": "Nanoindentation",
                    "type": "ce_section"
                },
                {
                    "content": [
                        "The chemical stability of the titanium oxide layers on NiTi SMA samples was assessed using potentiodynamic polarization tests at 37 °C in phosphate buffered saline (PBS) following ASTM G5-94 and G61-86. After the immersion of samples in PBS for 1 h, potentiodynamic polarization measurements were made from −1.0 V to 3.5 V and at a scan rate of 0.5 mV s−1. A standard three-electrode system was used for the tests: a saturated calomel electrode (SCE) as a reference, a platinum sheet as the counter electrode, and a sample as the working electrode. Three samples were used for each condition to verify the reproducibility of the results. After the potentiodynamic polarization tests, the surface morphology of NiTi SMA samples was observed using SEM."
                    ],
                    "name": "Chemical stability assessment",
                    "type": "ce_section"
                },
                {
                    "content": [
                        "The bioactivity of surface modified NiTi SMA samples was evaluated by soaking each sample in the simulated body fluid (SBF) which had ion concentrations nearly equal to those in human blood plasma. The SBF was prepared by dissolving reagent grade NaCl, NaHCO3, KCl, K2HPO4·3H2O, MgCl2·6H2O, CaCl2, and Na2SO4 in distilled water and buffered at pH 7.4 with tris-hydroxymethyl aminomethane (TRIS) and HCl at 37 °C. After soaking for preset times up to 4 weeks, samples were removed from SBF, washed gently with distilled water, and dried in air at room temperature (the SBF in which NiTi SMA samples were incubated was refreshed very two days). Subsequently, the samples were analyzed using SEM, XRD and FTIR."
                    ],
                    "name": "Bioactivity evaluation",
                    "type": "ce_section"
                },
                {
                    "content": [
                        "A breast cancer cell line (MCF-7, ATCC HTB-22) was cultured in Dulbecco's Modified Eagle Medium (DMEM) (Invitrogen Co., USA) containing 10% (v/v) fetal bovine serum (FBS) (Biowest, France) and incubated at 37 °C in an atmosphere of 5% CO2 and 95% humidity. When the cells reached 75–80% confluence, they were detached by 0.25% (w/v) trypsin-ethylenediaminetetraacetic acid (trypsin-EDTA) (Invitrogen Co., USA) and counted by a haemocytometer (Tiefe Depth Profondeur, Marienfeld, Germany) before the usage in the experiments."
                    ],
                    "name": "Cell culture",
                    "type": "ce_section"
                },
                {
                    "content": [
                        "The 3-(4,5-dimethylthiazol-2-yl)-2, 5-diphenyltetrazolium bromide (MTT) assay was performed to evaluate the cytotoxicity of untreated, heat treated and H2O2-oxidized NiTi SMA samples. MCF-7 cells were seeded at 2.0 × 104 cells/well onto tissue culture polystyrene (TCP, as the negative control), latex rubber (as the positive control), untreated, heat treated and H2O2-oxidized NiTi SMA samples, respectively. After 2 days of cell culture, 100 μL of MTT solution was added into each well and then the 24-well cell culture plate containing samples was incubated in a humidified atmosphere with 5% CO2 at 37 °C for 4 h. Subsequently, 500 μL dimethyl sulfoxide (DMSO) was added into each well to dissolve the formazan as a resolvent. Finally, the absorbance was recorded using a microplate reader (DTX 800 Series Multimode Detectors, Beckman Coulter, USA) at 570 nm wavelength, with a reference wavelength of 640 nm to evaluate the proliferation of MCF-7 cells on NiTi SMA samples in comparison to the control."
                    ],
                    "name": "Cytotoxicity assay",
                    "type": "ce_section"
                },
                {
                    "content": [
                        "Viability of MCF-7 cells adherent on the surface of untreated, heat treated and H2O2-oxidized NiTi SMA was also assessed via a live/dead viability/cytotoxicity kit (Invitrogen Co., USA) that stains cells with 3′, 6′-di(O-acetyl)-4′5′-bis[N, N-bis(carboxymethyl) aminomethyl] fluorescein tetraacetoxymethyl ester (calcein-AM) and ethidium homodimer-1 (EthD-1). After being gently washed by a warm Dulbecco's phosphate buffered saline (D-PBS), MCF-7 cells seeded on untreated, heat treated and H2O2-oxidized NiTi SMA samples for 3 days were exposed to a PBS-based solution containing 2 μM calcein-AM and 2 μM EthD-1. Living cells were stained in green via the enzymatic conversion of the virtually nonfluorescent cell-permeant calcein-AM to the intensely fluorescent calcein (excitation/emission, ∼495 nm/∼515 nm), while EthD-1 entered cells with damaged membranes and produced a bright red fluorescence in dead cells (excitation/emission, ∼495 nm/∼635 nm) after binding to nucleic acids. After 3 days in culture, MCF-7 cells stained in green and red were observed using a fluorescence microscope (Olympus BX61, Olympus Optical Co., Japan). Cell viability was calculated as a percentage of living cells by counting at least 500 cells under 200× magnification from at least seven randomly chosen areas on each sample."
                    ],
                    "name": "Live/dead cells staining",
                    "type": "ce_section"
                },
                {
                    "content": [
                        "The results are expressed as a mean ± standard deviation and all statistical analyses were performed using Student's two-tailed t-test. P < 0.05 is considered statistically significant."
                    ],
                    "name": "Statistical analysis",
                    "type": "ce_section"
                }
            ],
            "name": "Experimental",
            "type": "ce_section"
        }
    ],
    "Title": "Surface characteristics, properties and in vitro biological assessment of a NiTi shape memory alloy after high temperature heat treatment or surface H2O2-oxidation: A comparative study",
    "abstract": "To improve the biocompatibility and bioactivity of a NiTi shape memory alloy (SMA), an oxide layer was fabricated on its surface using either a heat treatment at 600 degrees C for 1 h or surface H2O2-oxidation with subsequent hot water aging. The oxide layer synthesized by the heat treatment was not uniform and had a thickness from 1.5 mu m to 4.0 mu m, whereas the titania gel layer fabricated through the H(2)O(2-)oxidation method was homogeneous and about 4.0 mu m thick. The oxide layer formed on heat treated NiTi SMA was composed of both anatase and rutile titania with a small amount of Ni2O3. On the contrary, the gel layer made by H2O2-oxidation mainly consisted of poorly crystalline anatase and was relatively Ni-free. Abundant Ti-OH functional groups existed on the titania gel layer, contributing to the improvement of bioactivity. Mechanical properties of the two oxide layers were drastically different. The phase transformation temperatures of NiTi SMA were altered by the heat treatment. The titania gel layer on H2O2-oxidized NiTi SMA was more chemically stable than the oxide layer on heat treated NiTi SMA. Although both the heat treatment and the H2O2-oxidation method greatly improved the bioactivity of NiTi SMA, H2O2-oxidized samples were found to be more bioactive. Moreover, in vitro cytotoxicity evaluation based on MU assay revealed that both heat treated and H2O2-oxidized samples did not have acute cytotoxicity. Results from live and dead cells staining showed that more MCF-7 cells attached and spread extensively on H2O2-oxidized samples in comparison to either heat treated or untreated samples. (C) 2011 Elsevier B.V. All rights reserved."
}