{
    "DOI": "10.1016/S0924-0136(02)01043-9",
    "Journal": "Journal of Materials Processing Technology",
    "Keywords": [
        "Age-hardening",
        "Aluminum alloys",
        "Positron annihilation"
    ],
    "Sections": [
        {
            "content": [
                "Some PAS studies addressing solute clustering and precipitation in aluminum-based alloys, and report data coming from lifetime spectrometry as well as 2d-DB measurements will be discussed below. The main information regarding experimental procedures of these experiments is as follows.",
                "The lifetime spectrometer was a fast–fast timing coincidence system with a time resolution (FWHM) of 255 ps. A 20 μCi source of 22NaCl deposited on a thin Kapton foil (7.5 μm) was sandwiched between two identical alloy specimens. A positron spectrum was taken every 30 min with a high-efficiency spectrometer (count rate of about 200 counts/s). After subtracting the source component, the spectra were satisfactorily analyzed using the POSITRONFIT program as a single lifetime component. The separation of two components required the use of constraints derived from the application of the trapping model with specific hypotheses on the annihilation process (see more details in Ref. ). Lifetime spectra data were always taken at room temperature (RT).",
                "DB measurements were performed using the low-energy positron beam facility at Washington State University providing approximately 2×105e+/s in the energy range from 0 to 70 keV (see more details in Ref. ). The 2d-DB data (60–80×106 events/spectrum, beam energy 60 keV) are presented in terms of ratio-differences curves which stress the small changes in the annihilation line shape for large values of momentum of the electrons. As a reference, a spectrum of a defect-free single crystal Al was used.",
                "The samples consisted of a commercial system (alloy 7005, Al–4.6 wt.% Zn–1.4 wt.% Mg–0.5 wt.% Mn) or laboratory alloys prepared from high-purity elements (Al–4 wt.% Cu and Al–4 wt.% Cu–0.3 wt.% Mg). For solute-clustering studies with Al–Cu and Al–Cu–Mg, the samples were solution-treated for 25 min at 520 °C in an argon atmosphere and then quenched in an ice–water mixture and, depending on the particular study, aged at various moderate constant temperatures in a silicone oil bath. In the case of the study of the precipitation kinetics in the commercial alloy 7005, the samples were thermally treated for 2 h at 475 °C in an electric air circulating furnace and water quenched at 20 °C; the first step of aging (pre-aging) was performed at RT up to about 5 days. Thereafter, the second step of aging was performed in a glycerin bath at 150 °C for different times."
            ],
            "name": "Experimental procedures",
            "type": "ce_section"
        }
    ],
    "Title": "Positron studies of solute aggregation in age-hardenable aluminum alloys",
    "abstract": "The application of the positron annihilation spectroscopy (PAS), specifically lifetime and Doppler broadening (DB) techniques, to the study of age-hardening in Al alloys is presented together with a short discussion of the physical basis of both methods. First, some examples of positron lifetime spectroscopy studies, regarding the kinetics of solute clustering in Al-Cu-Mg and of the transformation of Guinier-Preston zones into semi-coherent eta' precipitates in a commercial Al-Zn-Mg alloy, are given. Secondly, modem applications of DB PAS, making use of a slow positron beam and of two gamma-ray detectors in coincidence, are also described. Results regarding solute-vacancy aggregation in laboratory-prepared Al-Cu and Al-Cu-Mg supersaturated alloys, as well as precipitation phenomena in a commercial alloy of the 7XXX series, are presented as examples. (C) 2002 Elsevier Science B.V. All rights reserved."
}