{
    "DOI": "10.1016/j.jallcom.2022.166060",
    "Journal": "Journal of Alloys and Compounds",
    "Keywords": [
        "Multicomponent alloys",
        "Damping properties",
        "Mechanical properties",
        "Deformation mechanism"
    ],
    "Sections": [
        {
            "content": [
                "An FeCrCoNi multicomponent alloy with a typical FCC structure was used as the base alloy, referred to as Ti0. T0 investigate the effect of Ti on the damping and mechanical properties, multicomponent alloys (FeCrCoNi)100−xTix (x = 1, 3, and 5) were prepared by adding different amounts of Ti (1, 3, and 5 at%) to FeCrCoNi alloy, and are denoted as Ti1, Ti3, and Ti5, respectively; the corresponding compositions are listed in Table 1. High-purity (>99.9 %) Fe, Co, Ni, Cr, and Ti metals were melted separately in an electric arc melting furnace under argon atmosphere, and single-alloy ingots (diameter = 50 mm; weight = 150 g; height=10 mm) were obtained as samples of the above-mentioned compositions. The ingots were flipping and melting five times. The ingots were hot-rolled to a thickness of 2 mm by 5 passes after homogenized by at 1373 K for 12 h, followed by solid-solution treatment at 1373 K for 1 h and water quenching.",
                "The tensile specimens, with a pitch length, pitch width, and thickness of 5, 1.5, and1 mm, respectively, were machined from the hot-rolled sheet along the rolling direction via wire cutting. Subsequently, the mechanical properties were tested using a Zwick Z 2.5TH electronic universal testing machine at a strain rate of 1 × 10−3 s−1. The tests were repeated three times for each alloy. Samples (35 mm × 5 mm × 1.5 mm) were prepared and the surfaces were polished with a sandpaper. The damping properties were measured, which were expressed as Q–1, using a Q800 DMA dynamic thermomechanical analyzer. A single cantilever beam was selected for the test at strain amplitudes (γ) ranging from 1 × 10–6 to 1 × 10–3 and a test frequency of 1 Hz.",
                "After solid-solution treatment, the specimens were mechanically polished using a 2000-grit Si-C sandpaper, and subjected to X-ray diffraction (SmartLab, Rigaku Co; Cu-Kα radiation) analysis to determine the crystal structure. The diffraction angle (2θ) range was 20–100° and the scan rate was 2°/min. The XRD results were refined using the TOPAS academic software to calculate the lattice parameters.",
                "The specimens were mechanically polished and subjected to electrolytic polishing in a 19:1 solution of ethanol (C2H5OH) and perchloric acid (HClO4) at 35 V for 40 s. Then the microstructure was characterized by SEM(HITACHI Regulus 8230) and EBSD (Oxford NordlysNano). The EBSD data were processed using Channel5. TEM samples (JEOL 2100 F) were prepared by FIB (FEI Helios G4 UC)."
            ],
            "name": "Experimental methods",
            "type": "ce_section"
        }
    ],
    "Title": "Effect of Ti addition on the damping and mechanical properties of solid-solution FeCrCoNi alloys",
    "abstract": "A series of multicomponent (FeCrCoNi)(100-x)Ti-x alloys with excellent mechanical and damping properties were designed and prepared. After solution treatment at 1327 K, the multicomponent alloys exhibited a face-centered cubic structure, and their microstructures showed typical equiaxed grain characteristics. The effects of different Ti contents on the microstructure, damping properties, and mechanical properties of the alloys were investigated; the strengthening and deformation mechanisms were also explored. The addition of solid-solution Ti atoms increased the number of weak pinning points in the alloy, resulting in significant improvement in the damping properties. The damping property of the FeCrCoNi alloy was expressed in terms of its internal friction (Q(-1)) value of 0.032. When the Ti content was 1 (at%), Q(-1) was 0.051. However, further increase in Ti content increased the number of immovable dislocations, resulting in reduced damping properties (Q(-1) =0.0469 and 0.036) when Ti contents were 3 and 5 at% respectively. Tensile property measurements showed that with increasing Ti content, the strength of the alloy improved significantly via solid-solution strengthening, and the alloy exhibited a typical plastic fracture. When the Ti content increased from 0 to 5 at%, the yield strength increased from 217 to 337 MPa, the ultimate tensile strength increased from 592 to 728 MPa, while the elongation decreased from 77.7 % to 57.6 %, respectively. The main processing strengthening mechanism of the FeCrCoNi alloy was dislocation strengthening; the alloy(with 3 at% Ti) exhibited the double influence of dislocation and stack fault, while the alloy (with 5 at% Ti) showed a change in mechanism from dislocation-dominated to stack fault-controlled. It is a promising damping material with a wide range of applications. (C) 2022 Published by Elsevier B.V."
}