{
    "DOI": "10.1016/j.msea.2009.05.023",
    "Journal": "Materials Science and Engineering: A",
    "Keywords": [
        "2024 aluminum alloy",
        "Corrosion",
        "Tensile test",
        "Fracture toughness",
        "Hydrogen embrittlement",
        "Trapping states"
    ],
    "Sections": [
        {
            "content": [
                "The material used was a wrought aluminum alloy 2024-T3 which was received in sheet form with nominal thickness of 3.2 mm. The weight percentage chemical composition of the alloy is 0.50% Si, 0.50% Fe, 4.35% Cu, 0.64% Mn, 1.50% Mg, 0.10% Cr, 0.25% Zn, 0.15% Ti and Al rem. Tensile and fracture toughness specimens were machined from the material sheet according to ASTM E8 and to ASTM E561, respectively. All specimens were cut such as to test the longitudinal (L) direction of the material.",
                "Artificial aging of the specimens was made at 210 °C aging temperature. It was selected such as to be close to the upper bound of the temperature range of the artificial aging of the commercial sheet 2024-T3 . This high aging temperature enables to bring the alloy in to the (OA) condition at a very short period of time (Table 1 ).",
                "Half of the available specimens were tested in tension and in R-curve testing according to the ASTM E8 and E561, to assess the effect of artificial aging on the respective properties. The other tensile and fracture toughness specimens were exposed for 24 h to the laboratory exfoliation corrosion environment (hereafter called EXCO solution) according to specification ASTM G34. The corrosive solution consisted of the following chemicals diluted in 1 l distilled water; sodium chloride (4.0 M NaCl), potassium nitrate (0.5 M KNO3) and nitric acid (0.1 M HNO3). More details can be seen in and in the respective specification. Fig. 2 shows a photograph of the compact-tension specimens with different artificial aging condition and subsequent 24 h exposure to the EXCO environment. The common 24 h exposure time was selected according to the literature as the hydrogen embrittlement is saturated. After the exposure, the corroded specimens were subjected to mechanical testing. Tensile tests were carried out according to the ASTM E8 specification, while fracture toughness tests were carried out according to ASTM E561 specification. After the corrosion exposure, a physical fatigue pre-crack had been formed to the C(T) specimens. More details regarding the specimens, corrosion exposure procedure and mechanical testing can be found in . Three specimens were tested in each different case to get reliable average data."
            ],
            "name": "Material test data",
            "type": "ce_section"
        }
    ],
    "Title": "On the corrosion-induced mechanical degradation for different artificial aging conditions of 2024 aluminum alloy",
    "abstract": "In the present work, the effect of different artificial aging conditions of the Al 2024-T3 on the mechanical properties degradation due to corrosion exposure is studied. Different artificial aging conditions had been applied to tensile and fracture toughness specimens, which were subsequently exposed to exfoliation corrosion environment. Microstructure analysis showed that for the reference (T3) and peak-aged (PA) specimens the corrosion-induced surface pits were followed by formation of a microcrack network, while only large surface pits were noticed for the over-aged (OA) specimens. The tensile test results showed that the higher the (OA) condition, the lower degradation due to corrosion exposure the alloy has. Fracture toughness K-cr calculated on the basis of nominal thickness of the specimens confirms that the decrease due to corrosion is lower for the (OA) specimens. The K-cr values calculated on the basis of effective thickness of the specimens showed that the degree of decrease due to corrosion damage is negligible for the (OA) specimens. This phenomenon has been explained and discussed based on the resulting microstructure for the various aging conditions of the alloy. (C) 2009 Elsevier B.V. All rights reserved."
}