{
    "DOI": "10.1016/j.msea.2021.141606",
    "Journal": "Materials Science and Engineering: A",
    "Keywords": [
        "7055 aluminum alloy",
        "Aging treatment",
        "Microstructure",
        "Mechanical properties",
        "Corrosion behavior"
    ],
    "Sections": [
        {
            "content": [
                "7055 Aluminum alloy was prepared by hot-press sintering using the powder by-products produced as the initial raw material which was produced during the spray-formed 7055 alloy. Wherein, the morphology and particle size distribution of powder by-products were shown in Fig. 1 . In the previous research, the as-sintered 7055 aluminum alloy with compact structure and excellent performance was obtained by optimizing the process parameters of hot-press sintering []. Then, the as-sintered 7055 aluminum alloy were solution-treated at 475 °C for 40 min, followed by immediate water quenching. Subsequently, the solution-treated samples were subjected to corresponding aging treatment. Referred to the heat treatment manual of aluminum alloy and related literature [,], three aging treatment parameters were determined and listed in Table 2 .",
                "A series of performance tests were carried out on the samples after aging treatment. The mechanical properties of the samples were tested by an Instron 3369 testing machine at room temperature with a tensile speed of 2 mm/min. A standard dumbbell-shaped tensile sample was prepared by a wire electric discharge machine. The hardness of the sample was tested by Vickers’ hardness tester with a load of 500g and a coining for 10 s. In order to obtain trusted tensile strength and hardness values, each sample was tested five times and the average value was calculated. Besides, the corrosion properties of the samples were also tested. According to the GB/T 7998-2005 standard [], the intergranular corrosion (IGC) test was performed on the samples after the aging treatment. The test parameters such as corrosion solution, temperature and time strictly implemented according to the GB/T 7998-2005 standard. Then, the sample were cut vertical to the corroded surface, and the cross-section of the sample was ground and polished using standard metallographic methods. Finally, the cross-section was observed under optical microscopy and the corrosion depth was measured to evaluate the corrosion properties of the samples. Furthermore, the electrochemical corrosion properties of the samples were tested by electrochemical measurements []. The electrochemical workstation consists of a standard three-electrode cell. Wherein, the saturated NaCl solution was used as the reference electrode, the platinum was served as the counter electrode, and the specimens with 1 cm2 exposure area were used as the working electrode. The corrosive medium was 3.5% NaCl solution.",
                "The microstructure of the sample was observed by the optical microscopy (OM). The scanning electron microscope (SEM; Helios Nanolab G3 UC) was used to observe the microstructure and tensile fracture morphology of the sample. The composition and phase structure of the sample were analyzed by energy dispersive spectrometer (EDS) and X-ray diffraction (XRD). Besides, the microstructure of the sample was observed in depth from the TEM scale by transmission electron microscopy (TEM; Tecnai G2 F20). The specimens for TEM were prepared by electrolytic double spray procedure."
            ],
            "name": "Experimental procedure",
            "type": "ce_section"
        }
    ],
    "Title": "Effect of aging treatment on microstructure, mechanical and corrosion properties of 7055 aluminum alloy prepared using powder by-product",
    "abstract": "To effectively improve the mechanical properties of 7055 aluminum alloy prepared by powder by-products, aging treatment was carried out on the as-sintered 7055 alloy. The effects of different aging treatment parameters on the microstructure, mechanical and corrosion properties of the as-sintered 7055 alloy were investigated. The results show that the microstructure of as-sintered alloy is still a typical equiaxed crystal structure after aging treatment, however, the number of precipitated phases in matrix was significantly reduced and in uniformly fine needle-like distribution. The metastable eta' phase is mainly precipitated. Moreover, the strength of the aging treated sample is nearly doubled in comparison to that of the as-sintered alloy, and the sequence of the strength of three aging-treated sample is: RRA > DA > T6. The improvement of mechanical properties of the aging-treated sample is mainly attributed to the precipitation strengthening. Furthermore, the corrosion resistance of three aging-treated sample follows: DA > RRA > T6, and the continuous grains boundary precipitations and Fe-containing precipitates increase the corrosion susceptibility."
}