{
    "DOI": "10.1016/S1002-0721(14)60199-X",
    "Journal": "Journal of Rare Earths",
    "Keywords": [
        "corrosion behaviors",
        "WE93 alloy",
        "NaHSO3",
        "rare earths"
    ],
    "Sections": [],
    "Title": "Corrosion behavior of extrusion, under-aged, peaked-aged and over-aged WE93 alloys in NaHSO3 solutions",
    "abstract": "The corrosion behaviors of extrusion, under-aged, peaked-aged and over-aged WE93 alloys in NaHSO3 solutions were investigated by optical microscopy (OM), scanning electron microscopy (SEM) and X-ray diffraction (XRD). The weight loss rates, corrosion morphologies and polarization curves were analyzed. The peak-aged specimen in NaHSO3 salt spray had the highest corrosion rate of 0.9787 mg/cm(2)/d, while extrusion specimen led to the lowest of 0.2184 mg/cm(2)/d. The specimens could be arranged in decreasing order of corrosion rates: extrusion<under-aged<over-aged<peak-aged. Polarization curves also gave effective evaluation of corrosion rates in agreement. The NaHSO3 played a great role in the corrosion behaviors of WE93 alloys. The main reasons were that HSO3-developed a reaction: O-2+2HSO(3)(-)+2e -> 2HSO(4)(2-)-> 2H(+)+2SO(4)(2-) to generate H+, accelerating the process of corrosion reaction. SO42- stimulated corrosion and led to an autocatalytic type of reaction: Mg2++SO42-+7H(2)O -> MgSO(4)(-)7H(2)O. XRD characterized that Mg(OH)(2) and MgSO4 center dot 7H(2)O were the main corrosion products."
}