{
    "DOI": "10.1016/j.msea.2024.146698",
    "Journal": "Materials Science and Engineering: A",
    "Keywords": [
        "Over-ageing",
        "Aspect ratio",
        "TEM",
        "Critical size",
        "Ω phase"
    ],
    "Sections": [],
    "Title": "Effect of ageing temper on the heat resistance of Al-Cu-Mg-Ag alloy with different compositions",
    "abstract": "The size and number density of Omega phase significantly affect the heat resistance of Al-Cu-Mg-Ag alloys and the ageing temper was reported to affect the heat resistance of Al-Cu-Mg-Ag alloy by changing the size and distribution of Omega phase. In this study, the over ageing heat treatment has been confirmed to notably affect the heat resistance of different Al-Cu-Mg-Ag alloys even when the solute contents are significantly different. However, slight over ageing can enhance the heat resistance of the alloy, while sever over ageing will decrease that. By combining systematic statistical quantitative characterization with guidance from the KWN modeling, the critical size of Omega at high thermal exposure temperature (r & lowast;thermal) is clarified to be the key factor influencing the coarsening of Omega. The closer the size of Omega after artificial aging is to the r & lowast;thermal, the better the heat resistance of the alloy. Therefore, the heat resistance of the alloy can be improved by adjusting the aging process to tune the size of the Omega phase to be close to the critical size at service temperature."
}