{
    "DOI": "10.1016/S0924-0136(02)01043-9",
    "Journal": "Journal of Materials Processing Technology",
    "Keywords": [
        "Age-hardening",
        "Aluminum alloys",
        "Positron annihilation"
    ],
    "Sections": [],
    "Title": "Positron studies of solute aggregation in age-hardenable aluminum alloys",
    "abstract": "The application of the positron annihilation spectroscopy (PAS), specifically lifetime and Doppler broadening (DB) techniques, to the study of age-hardening in Al alloys is presented together with a short discussion of the physical basis of both methods. First, some examples of positron lifetime spectroscopy studies, regarding the kinetics of solute clustering in Al-Cu-Mg and of the transformation of Guinier-Preston zones into semi-coherent eta' precipitates in a commercial Al-Zn-Mg alloy, are given. Secondly, modem applications of DB PAS, making use of a slow positron beam and of two gamma-ray detectors in coincidence, are also described. Results regarding solute-vacancy aggregation in laboratory-prepared Al-Cu and Al-Cu-Mg supersaturated alloys, as well as precipitation phenomena in a commercial alloy of the 7XXX series, are presented as examples. (C) 2002 Elsevier Science B.V. All rights reserved."
}