{
    "DOI": "10.1016/S0924-0136(02)00937-8",
    "Journal": "Journal of Materials Processing Technology",
    "Keywords": [
        "FeMnAlC alloys",
        "Heat treatment",
        "Mechanical properties"
    ],
    "Sections": [],
    "Title": "Heat treatment and thermal stability of FeMnAlC alloys",
    "abstract": "Alloys of the FeMnAlC system have been used for the manufacture of components for different engineering applications, such as in the aircraft and chemical industries. The best combination of properties for these applications has been obtained so far by a conventional aging treatment. In this paper the possibility of further improvement in mechanical properties of an alloy of this system by a two-step aging treatment and the stability of the resultant microstructure at service conditions and temperatures up to 500 degreesC are presented and discussed. It is shown that the resultant microstructure enables the steel to be used in applications involving continuous exposition at 400 degreesC for 500 h, even when subjected to simple stresses up to 60% of the sigma(0.2) yield stress. (C) 2002 Elsevier Science B.V. All rights reserved."
}