{
    "DOI": "10.1016/j.jmrt.2021.07.118",
    "Journal": "Journal of Materials Research and Technology",
    "Keywords": [
        "Hydrogen induced crack",
        "Corrosion behavior",
        "API X65 pipeline steel",
        "Heat treatment",
        "Microstructure"
    ],
    "Sections": [],
    "Title": "Sensitivity to hydrogen induced cracking, and corrosion performance of an API X65 pipeline steel in H2S containing environment: influence of heat treatment and its subsequent microstructural changes",
    "abstract": "In this investigation, the effect of microstructural changes and phase equilibria on corrosion behavior and hydrogen induced cracking (HIC) sensitivity of an API X65 pipeline steel was studied. For this purpose, heat treatment was performed at 850 degrees C, 950 degrees C, 1050 degrees C and 1150 degrees C to engineer the desired microstructure of this pipeline steel. Then, the microstructural evolution was performed by optical microscopy, and Field Emission Scanning Electron Mi-croscopy (FE-SEM) equipped with Energy Dispersive X-Ray Spectroscopy (EDS). Corrosion properties were evaluated in H2S environment by open circuit potential (OCP), Potentiody-namic polarization and Electrochemical Impedance Spectroscopy (EIS). As well, HIC sensi-tivity of the API X65 pipeline steel was assessed by hydrogen charging of the cathode and immediately conducting the tensile test. Microscopy analyses showed that the microstruc-ture of the steel is ferritic-pearlitic together with the islands of martensite/austenite con-stituents. Increasing the heat treatment temperature reduced the amount of pearlite and increased ferrite grain size. It also stabilized the ferrite content. Corrosion results indicated that no active layer was formed on the surface of this pipeline steel. Also, increasing the heat treatment temperature increased the corrosion resistance and reduced sensitivity to micro-galvanic localized corrosion. As well, results suggested that the sensitivity to HIC in the API X65 pipeline was substantially increased with increasing the amount of pearlite and reducing the amount of ferrite; i.e. at lower heat treatment temperature. (c) 2021 The Authors. Published by Elsevier B.V. This is an open access article under the CC BY-NC-ND license (http://creativecommons.org/licenses/by-nc-nd/4.0/)."
}