{
    "DOI": "10.1016/j.jmatprotec.2004.07.149",
    "Journal": "Journal of Materials Processing Technology",
    "Keywords": [
        "Magnesium alloys",
        "Castings",
        "Heat treatment",
        "Segregation",
        "Structure",
        "Mechanical properties",
        "Testing"
    ],
    "Sections": [
        {
            "content": [
                "For the experimental study of selected mechanical properties the model magnesium alloy AZ91 was used. This model alloy was cast in the shape of plates and rods. Plate dimensions were 200 mm × 100 mm × 15 mm and the rod diameter was 12 mm.",
                "There were used two states of these alloys for next investigation:",
                "initial casting alloy (casting into sand form)—signed A;",
                "casting alloy with application of heat treatment in electrical vacuum furnace classic type 0816 Vak with argon atmosphere with next conditions of treating–signed B.",
                "The following diagram shows the procedure used at individual types of heat treatment:",
                "B1-TZ1: pre-heating 375 °C/3 h + 415 °C/18 h (solid solution heat treatment–T4 after ASTM), air cooling;",
                "B2-TZ2: pre-heating 375 °C/3 h + 415 °C/18 h, water cooling;",
                "B3-TZ3: pre-heating 375 °C/3 h + 415 °C/18 h, cooling in the furnace–up to temperatures 200 °C. The samples were taken out of the furnace at the t = 23 °C;",
                "B4-TZ4: pre-heating 375 °C/3 h + 415 °C/18 h, air cooling +168 °C/8 h (ageing), air cooling;",
                "B5-TZ5: pre-heating 375 °C/3 h + 415 °C/18 h, water cooling +168 °C/8 h, air cooling.",
                {
                    "content": [
                        "After standard metallographic preparation the samples were etched in highly diluted Nital. The selected typical structure of this alloy in initial state (A) is shown in the Fig. 1a. The basic structure of magnesium alloy AZ91 consists of solid solution matrix on the Mg base and massive γ-phase Mg17Al12, or Mg17(Al,Zn)12 with fine precipitates this phases near the grain boundary and was detailed described in papers . We have chosen for future investigation five types of heat treatment (marked as TZ1-TZ5, state B) in order to assess the impact of this heat treatment on the alloy structure. The selected structures are given in the Fig. 1b–f.",
                        "It is possible to observe similar differences in samples after heat treatment T4. At first the comparison makes it possible to observe further little magnification of the grain as compared with the initial state. It can also be seen that both massive and precipitated γ-phase has been dissolved again. This is connected with the special shape of grain boundaries (meandering, Fig. 1b and c.). It is also obvious from this analysis, suppose that applied heat treatment contributes to homogenization of castings made of magnesium alloy. This homogenization is not so perfect, from the reason of observation new precipitates near grain boundary after ageing Fig. 1e and f. In Fig. 1d, we can see creation more fine precipitation phase γ namely near grain boundary. There is some difference in structure after ageing Mg alloy with previous cooling in air and water (state B4 and B5, Fig. 1e and f). In Fig. 1f, we can see the twinning pass trough the grain.",
                        {
                            "content": [
                                "The samples for tensile test were made from rod shape alloy. The results of tensile test, using INOVA TSM 50 tensile machine are given in Table 1 ."
                            ],
                            "name": "Tensile test",
                            "type": "ce_section"
                        },
                        {
                            "content": [
                                "The samples for impact test-Charpy V-notch were made from plate shape alloy. The results of impact test-Charpy V-notch are given in Table 1."
                            ],
                            "name": "Impact test",
                            "type": "ce_section"
                        },
                        {
                            "content": [
                                "Measurements of hardness were made on the polish surface of the plate A and B. The results of hardness are given in Table 1.",
                                "Measured mechanical properties correspond to structure investigations.",
                                "The highest ultimate strength after heat treatment TZ2 was determined. Sample of heat treatment TZ3 showed lowest value of KCV from the reason highest content of precipitated γ-phase."
                            ],
                            "name": "Hardness",
                            "type": "ce_section"
                        }
                    ],
                    "name": "Structure and properties of alloy after heat treatment",
                    "type": "ce_section"
                },
                {
                    "content": [
                        "Thanks to hexagonal structure magnesium and its alloys are characterized by limited cold formability. Forming techniques are therefore based mostly on hot forming. There were used cold forming and hot forming methods on two-high rolling mill with diameter of rolls 70 mm. The strain rate was 1.23 s−1",
                        {
                            "content": [
                                "Cold forming was performed on prisms with dimensions 10 mm × 10 mm × 55 mm on sample A and B1. Results of study of cold forming on the given samples were the following:",
                                "macrographs of parts of samples after cold forming are shown in Fig. 2 . After failure of samples there was analyzed fracture surface after separation of individual parts of the sample (Fig. 3 );",
                                "on the sample without heat treatment there were applied three passes to failure, while on the sample with heat treatment T4 there were applied four passes to failure. We choose a reduction of 0.6 mm for each pass;",
                                "indication of first cracks was observed by one pass sooner before failure (at visual observation by a naked eye);",
                                "direction of cracks across the sample was located approximately within the range of 45° in respect to the direction of rolling.In contrast to fractures on testing rods at the tensile test the character of the fracture surface is planar, which is caused by change of failure mechanism. It seems that while at tensile test there prevails inter-crystalline failure of perceptible dendritic character, in case of failure at forming there is probable a trans-crystalline character of failure.Study of fracture surface was completed by metallographic analysis of structure. It is apparent from the Fig. 4 , which shows structure of heat treated samples after forming in longitudinal and cross sections, that there are cracks along the grain boundaries, or cracks initiated at shrinkage porosities."
                            ],
                            "name": "Cold forming",
                            "type": "ce_section"
                        },
                        {
                            "content": [
                                "Hot forming was performed on prisms with dimensions 10 mm × 20 mm × 100 mm for sample of state A and B1 at forming temperature T 1 = 380 °C and T 2 = 420 °C. The speed of forming was the same as given above. Each pass represents thickness reduction approximately 1.5 mm. It means that deformation with increasing passes is increased. Heating of the samples was made between each pass. Results of study of hot forming on the given samples were the following:",
                                "micrographs of selected samples after hot forming are shown in Figs. 5–8 ;",
                                "on the sample without heat treatment and with heat treatment T4 there were applied six passes to failure. Indication of forming of first little cracks was observed by one pass sooner (at visual observation by a naked eye) on the sample without heat treatment;",
                                "observation of microstructure was completed measurements of hardness on the polish surface of the plate A and B perpendicular to rolling surface. The results of hardness are given in Fig. 9 . After next deformation the hardness were increased in agreement with process of hardening after strengthening and decreasing of grain;",
                                "for sample of state A more hardening at first passes were observed. For sample of state B1 more hardening at medium passes were observed;",
                                "at forming under temperatures of 420 and 380 °C there took place phenomena of plastic deformation and re-crystallization differently for both initial states A and B, as it is also indicated by course of hardness (Fig. 9);",
                                "at forming of samples in as cast state—A, there has been observed at lower degrees of deformation a spheroidization of fine phases in the area near the grain boundaries and their gradual dissolving (Figs. 5 and 7);",
                                "similar phenomena were observed for both forming temperatures. Even at the highest amount of deformation the extent of re-crystallization did not exceed approximately 50% of the volume. There was not observed more significant grain deformation or forming of slip bands;",
                                "at forming of annealed samples with more homogenous micro-structure – state B–structural changes were driven by different mechanism;",
                                "re-crystallization, beginning also in matrix near the grain boundaries, occurred already on the lowest deformation degree (10%) (Fig. 7). At the amount of 30% of deformation the volume of re-crystallized grains was almost 100%. At the same time there was observed intensive precipitation of fine phases in the area near the grain boundaries, as well as in the area of slip bands in grains (Fig. 8);",
                                "the highest degrees of deformation were related to formation of elongated grains and occurrence of slip bands."
                            ],
                            "name": "Hot forming",
                            "type": "ce_section"
                        }
                    ],
                    "name": "Structure and properties of alloy after forming",
                    "type": "ce_section"
                }
            ],
            "name": "Experimental procedures and results",
            "type": "ce_section"
        }
    ],
    "Title": "Study of selected properties of magnesium alloy AZ91 after heat treatment and forming",
    "abstract": "Magnesium and magnesium alloys are primarily used in aeronautical and automobile industry in large variety of structural characteristics because of their favorable combination of tensile strength (160-365 MPa), elastic modulus (45 GPa), and low density (1740 kg/m(3)), which is two-thirds that of aluminum. Magnesium alloys have high strength-to-weight ratio (tensile strength/density), comparable to those of other structural metals. Application, structure and mechanical properties of selected magnesium alloys were investigated. (C) 2004 Elsevier B.V. All rights reserved."
}