{
    "DOI": "10.1016/j.msea.2021.141606",
    "Journal": "Materials Science and Engineering: A",
    "Keywords": [
        "7055 aluminum alloy",
        "Aging treatment",
        "Microstructure",
        "Mechanical properties",
        "Corrosion behavior"
    ],
    "Sections": [
        {
            "content": [
                {
                    "content": [
                        "Fig. 2 shows a typical optical micrograph of 7055 aluminum alloy before and after aging treatment. From Fig. 2a, the microstructure of the as-sintered alloy was relatively compact, with typical equiaxed grain structure and coarse grain boundaries. After solution-aging treatment, the microstructure of the sample was still relatively compact, and the grain boundary was clearly visible due to the solid solution of the second phase, and the grains was still equiaxed grains. Wherein, the grain size of T6 sample was quite different (Fig. 2b). Due to the increase of aging temperature and the extension of aging time, the average grain size of DA sample was larger than that of T6 sample (Fig. 2c). However, compared with T6 and DA samples, the grain size of RRA sample was between the two, and the grain size was relatively uniform.",
                        "Fig. 3 displayed the SEM micrographs of the samples of as-sintered and aging treatments. Obviously, a large number of coarse white precipitates were distributed in the matrix of as-sintered sample (see Fig. 3a). Wherein, the white precipitation precipitated within the grains showed uniform point-shape distribution, while the white precipitation precipitated at the grain boundary showed that slender chain shape distribution. In comparison, the microstructure of the samples after aging treatment changed significantly (see Fig. 3b, c and d). The number and size of the white precipitates in the matrix were significantly reduced, and they were evenly distributed in the matrix.",
                        "In order to further analyze the phase change characteristics of the samples before and after aging treatment, the phase structure and composition were analyzed by XRD and EDS, and the results were shown in Fig. 4 . From the XRD pattern in Fig. 4a, the precipitated phase of as-sintered sample was MgZn2, while the three aging treatment samples had only α-Al diffraction peak and no second-phase diffraction peak. This was mainly because after the solid solution treatment of sintered alloy, the precipitated phase in the matrix was dissolved to form a supersaturated solid solution. In the subsequent aging process, supersaturated solid solution re-precipitates, the precipitation sequence was generally described as: supersaturated solid solution → GP zone → η′ phase → η phase []. Generally, the GP zone and metastable η′ phase were mainly formed in the aged samples (which can be confirmed by the analysis in Section 4.1 later). Moreover, the precipitated phase had low content and small size. Therefore, XRD cannot detect the diffraction peak of the precipitated phase.",
                        "The EDS results showed that the white precipitates in the sintered samples were mainly composed of Mg, Al, Cu and Zn elements (see Fig. 4b). After aging treatment, the white precipitates in the three samples were also composed of Mg, Al, Cu and Zn elements (see Fig. 4c, d and e). The difference was that the white precipitated phases of both T6 and RRA samples contained Fe element, while the RRA samples also contained Zr element besides Fe element."
                    ],
                    "name": "Microstructure characteristics before and after aging treatment",
                    "type": "ce_section"
                },
                {
                    "content": [
                        "The mechanical properties of as-sintered and aging-treated sample were tested and the results were listed in Table 3 . It can be seen that the ultimate tensile strength (UTS) of the as-sintered alloy was 287.29 MPa, and the elongation was 8.15%. By contrast, the ultimate tensile strength of the sample after aging treatment increased significantly, while the elongation decreased. Therein, the UTS value of T6 sample was the lowest, which was 561.56 MPa, and that of RRA sample was the highest, which was 597.48 MPa, while that of DA sample was between T6 and RRA. However, in terms of elongation, the T6 sample was the largest with 6.57%, while the RRA sample was the smallest with only 5.17%. In short, the order of ultimate tensile strength of three aging-treated sample was T6 < DA < RRA, and the order of elongation was opposite to that of ultimate tensile strength. Moreover, it can be seen from the Vickers hardness value in Table 3 that the hardness of the samples after aging treatment was more than twice that of the sintered samples, and the hardness order of the three aged-treat samples was consistent with UTS.",
                        "Fig. 5 showed the tensile fracture morphology of as-sintered and three aged-treat samples. By observing the fracture morphology, the fracture mechanism of the sample during loading can be deeply understood, and the reasons for the differences in mechanical properties of the sample can be further explained. From Fig. 5, there were obvious differences in the fracture morphology between the as-sintered sample and the aged-treat sample. The fracture of the sintered sample is relatively rough, with cleavage plane and a large number of small and shallow dimples on the fracture surface (see Fig. 5a), which showed brittle cleavage fracture characteristics on the whole, but local ductile fracture characteristics. In contrast, the fracture morphology of the three samples after aging treatment was relatively similar, with smooth cleavage plane and cleavage steps (see Fig. 5b, c and d). Carefully observed, it is found that there were transgranular cleavage plane and intergranular cleavage plane in the fracture surfaces of the three samples, and the intergranular cleavage planes were the dominant ones. Therefore, the three samples with aging treatment all showed brittle cleavage fracture characteristics []."
                    ],
                    "name": "Mechanical properties and tensile fracture morphology",
                    "type": "ce_section"
                },
                {
                    "content": [
                        "In view of the particularity of aluminum alloy application environment [], the corrosion performance of the samples after aging treatment was tested. Fig. 6 showed the corrosion cross-section morphology of the three samples after IGC. By comparing the corrosion depth of the cross sections of three samples, it can be clearly seen that the corrosion depth of the T6 sample was the maximum with 109.24 μm (see Fig. 6a and b), was followed by the RRA sample, which was 68.79 μm (see Fig. 6e and f). And the corrosion depth of the DA sample was the minimum, which is 58.92 μm (see Fig. 6c and d). The corrosion depth of the sample reflects the typical corrosion rate. According to GB7998-2005 standard [], the IGC grade was determined from the maximum corrosion depth: T6 sample was grade 4, DA and RRA were grade 3. Therefore, the order of the resistance to IGC was T6 < RRA < DA. However, from the corrosion cross-sectional morphology, it can be seen that the T6 sample showed typical IGC morphology locally, while the DA and RRA samples showed pits and pit holes corrosion morphology."
                    ],
                    "name": "Intergranular corrosion behavior",
                    "type": "ce_section"
                },
                {
                    "content": [
                        "Subsequently, electrochemical corrosion tests were carried out on the samples under different aging treatments, and the typical potentiodynamic polarization curves are shown in Fig. 7 . As seen, the characteristic of the anodic polarization was the similar upon three aged-treat samples. The polarization curves of three aged-treat samples were analyzed, and the related electrochemical parameters such as corrosion current density I corr and corrosion voltage E corr were obtained, as listed in Table 4 . For electrochemical corrosion, the higher the corrosion potential E corr, the smaller the corrosion current density I corr, the better the corrosion resistance of the alloy []. From Fig. 7 and Table 4, the T6 sample had the highest and the DA samples had the lowest corrosion current density. The RRA samples were in between of the values given by T6 and DA samples. Therefore, the order of corrosion resistance of three aged samples was: T6 < RRA < DA, which was also consistent with the results of the IGC test shown in Fig. 6."
                    ],
                    "name": "Electrochemical corrosion behavior",
                    "type": "ce_section"
                }
            ],
            "name": "Results",
            "type": "ce_section"
        },
        {
            "content": [
                {
                    "content": [
                        "Fig. 2 shows a typical optical micrograph of 7055 aluminum alloy before and after aging treatment. From Fig. 2a, the microstructure of the as-sintered alloy was relatively compact, with typical equiaxed grain structure and coarse grain boundaries. After solution-aging treatment, the microstructure of the sample was still relatively compact, and the grain boundary was clearly visible due to the solid solution of the second phase, and the grains was still equiaxed grains. Wherein, the grain size of T6 sample was quite different (Fig. 2b). Due to the increase of aging temperature and the extension of aging time, the average grain size of DA sample was larger than that of T6 sample (Fig. 2c). However, compared with T6 and DA samples, the grain size of RRA sample was between the two, and the grain size was relatively uniform.",
                        "Fig. 3 displayed the SEM micrographs of the samples of as-sintered and aging treatments. Obviously, a large number of coarse white precipitates were distributed in the matrix of as-sintered sample (see Fig. 3a). Wherein, the white precipitation precipitated within the grains showed uniform point-shape distribution, while the white precipitation precipitated at the grain boundary showed that slender chain shape distribution. In comparison, the microstructure of the samples after aging treatment changed significantly (see Fig. 3b, c and d). The number and size of the white precipitates in the matrix were significantly reduced, and they were evenly distributed in the matrix.",
                        "In order to further analyze the phase change characteristics of the samples before and after aging treatment, the phase structure and composition were analyzed by XRD and EDS, and the results were shown in Fig. 4 . From the XRD pattern in Fig. 4a, the precipitated phase of as-sintered sample was MgZn2, while the three aging treatment samples had only α-Al diffraction peak and no second-phase diffraction peak. This was mainly because after the solid solution treatment of sintered alloy, the precipitated phase in the matrix was dissolved to form a supersaturated solid solution. In the subsequent aging process, supersaturated solid solution re-precipitates, the precipitation sequence was generally described as: supersaturated solid solution → GP zone → η′ phase → η phase []. Generally, the GP zone and metastable η′ phase were mainly formed in the aged samples (which can be confirmed by the analysis in Section 4.1 later). Moreover, the precipitated phase had low content and small size. Therefore, XRD cannot detect the diffraction peak of the precipitated phase.",
                        "The EDS results showed that the white precipitates in the sintered samples were mainly composed of Mg, Al, Cu and Zn elements (see Fig. 4b). After aging treatment, the white precipitates in the three samples were also composed of Mg, Al, Cu and Zn elements (see Fig. 4c, d and e). The difference was that the white precipitated phases of both T6 and RRA samples contained Fe element, while the RRA samples also contained Zr element besides Fe element."
                    ],
                    "name": "Microstructure characteristics before and after aging treatment",
                    "type": "ce_section"
                },
                {
                    "content": [
                        "The mechanical properties of as-sintered and aging-treated sample were tested and the results were listed in Table 3 . It can be seen that the ultimate tensile strength (UTS) of the as-sintered alloy was 287.29 MPa, and the elongation was 8.15%. By contrast, the ultimate tensile strength of the sample after aging treatment increased significantly, while the elongation decreased. Therein, the UTS value of T6 sample was the lowest, which was 561.56 MPa, and that of RRA sample was the highest, which was 597.48 MPa, while that of DA sample was between T6 and RRA. However, in terms of elongation, the T6 sample was the largest with 6.57%, while the RRA sample was the smallest with only 5.17%. In short, the order of ultimate tensile strength of three aging-treated sample was T6 < DA < RRA, and the order of elongation was opposite to that of ultimate tensile strength. Moreover, it can be seen from the Vickers hardness value in Table 3 that the hardness of the samples after aging treatment was more than twice that of the sintered samples, and the hardness order of the three aged-treat samples was consistent with UTS.",
                        "Fig. 5 showed the tensile fracture morphology of as-sintered and three aged-treat samples. By observing the fracture morphology, the fracture mechanism of the sample during loading can be deeply understood, and the reasons for the differences in mechanical properties of the sample can be further explained. From Fig. 5, there were obvious differences in the fracture morphology between the as-sintered sample and the aged-treat sample. The fracture of the sintered sample is relatively rough, with cleavage plane and a large number of small and shallow dimples on the fracture surface (see Fig. 5a), which showed brittle cleavage fracture characteristics on the whole, but local ductile fracture characteristics. In contrast, the fracture morphology of the three samples after aging treatment was relatively similar, with smooth cleavage plane and cleavage steps (see Fig. 5b, c and d). Carefully observed, it is found that there were transgranular cleavage plane and intergranular cleavage plane in the fracture surfaces of the three samples, and the intergranular cleavage planes were the dominant ones. Therefore, the three samples with aging treatment all showed brittle cleavage fracture characteristics []."
                    ],
                    "name": "Mechanical properties and tensile fracture morphology",
                    "type": "ce_section"
                },
                {
                    "content": [
                        "In view of the particularity of aluminum alloy application environment [], the corrosion performance of the samples after aging treatment was tested. Fig. 6 showed the corrosion cross-section morphology of the three samples after IGC. By comparing the corrosion depth of the cross sections of three samples, it can be clearly seen that the corrosion depth of the T6 sample was the maximum with 109.24 μm (see Fig. 6a and b), was followed by the RRA sample, which was 68.79 μm (see Fig. 6e and f). And the corrosion depth of the DA sample was the minimum, which is 58.92 μm (see Fig. 6c and d). The corrosion depth of the sample reflects the typical corrosion rate. According to GB7998-2005 standard [], the IGC grade was determined from the maximum corrosion depth: T6 sample was grade 4, DA and RRA were grade 3. Therefore, the order of the resistance to IGC was T6 < RRA < DA. However, from the corrosion cross-sectional morphology, it can be seen that the T6 sample showed typical IGC morphology locally, while the DA and RRA samples showed pits and pit holes corrosion morphology."
                    ],
                    "name": "Intergranular corrosion behavior",
                    "type": "ce_section"
                },
                {
                    "content": [
                        "Subsequently, electrochemical corrosion tests were carried out on the samples under different aging treatments, and the typical potentiodynamic polarization curves are shown in Fig. 7 . As seen, the characteristic of the anodic polarization was the similar upon three aged-treat samples. The polarization curves of three aged-treat samples were analyzed, and the related electrochemical parameters such as corrosion current density I corr and corrosion voltage E corr were obtained, as listed in Table 4 . For electrochemical corrosion, the higher the corrosion potential E corr, the smaller the corrosion current density I corr, the better the corrosion resistance of the alloy []. From Fig. 7 and Table 4, the T6 sample had the highest and the DA samples had the lowest corrosion current density. The RRA samples were in between of the values given by T6 and DA samples. Therefore, the order of corrosion resistance of three aged samples was: T6 < RRA < DA, which was also consistent with the results of the IGC test shown in Fig. 6."
                    ],
                    "name": "Electrochemical corrosion behavior",
                    "type": "ce_section"
                }
            ],
            "name": "Results",
            "type": "ce_section"
        },
        {
            "content": [
                {
                    "content": [
                        "Through the above analysis of the experimental results, it can be seen that compared with the as-sintered 7055 alloy, the microstructure of the alloy after aging treatment has changed significantly. To further analyze the microstructure evolution characteristics of the samples before and after aging treatment, the microstructure was observed on the TEM scale. Fig. 8 showed the bright-field TEM images and the corresponding selected area electron diffraction (SAED) patterns of the as-sintered and three aged-treat samples. As seen, there were lathy and continuous distributed precipitates at the grain boundary of as-sintered sample (shown by the arrow in Fig. 8a), with a grain boundary width of 87.72 μm. Meanwhile, the coarse hexagonal precipitates were formed and aggregated distributed in the Al matrix. The TEM map scanning results showed that the precipitates was mainly composed of Mg and Zn elements, which was speculated to be η (MgZn2) phase based on the XRD pattern in Fig. 4a []. By calibrating the SAED pattern in Fig. 8c, the orientation relationship between MgZn2 phase and Al matrix was determined to be [011]Al//[01-12]MgZn2 and (11-1)Al//(01-1-1)MgZn2.",
                        "Fig. 8d, e and f were the TEM images and the corresponding SAED spectra of T6 sample. From Fig. 8d, it can be clearly seen that the precipitated phase with 10–50 nm size were continuous point-like distribution at grain boundary. Meanwhile, the width of grain boundary also decreases obviously, which was 32.18 nm. In addition, a large number of fine precipitates with about 10 nm size were uniformly distributed in the Al matrix (see Fig. 8e). From the SAED pattern in Fig. 8f, some weak diffraction streaks were also observed at the 1/3 and 2/3 {-2-20}α-Al positions except the diffraction spots of [−112] Al matrix, which indicated that the η′ phases had been precipitated []. This was consistent with the result of Ref. []. In the DA sample in Fig. 8g, it was observed that the precipitated phases with a size of about 20–50 nm were discontinuous distributed at the grain boundary. Similarly, a large number of fine precipitates with a size of about 10–30 nm were uniformly distributed in the Al matrix (see Fig. 8h). Obviously, the SAED pattern of DA sample in Fig. 8i is similar to that of T6 sample in Fig. 8f. In addition to the diffraction spots from the Al matrix, some weak diffraction streaks appear at the positions of 1/3 and 2/3 {-220}α-Al, indicating the precipitation of η′ phase []. For the RRA sample, the precipitated phases with a size of about 10–30 nm were also continuous point-like distributed at the grain boundary (see Fig. 8j). While the precipitates in the matrix were similar to those in the T6 and DA samples, which were also uniformly distributed with a size of 10–20 nm (see Fig. 8k). It can be seen from the SAED pattern in Fig. 8l that there were also weak diffraction streaks, indicating the precipitation of η′ phase [].",
                        "From the analysis of the above TEM scale, the significant difference in the microstructure of the samples before and after aging treatment was the change of precipitate phase and grain boundary. Regardless of the T6 sample, or DA and RRA samples, the width of the grain boundary and the size of the precipitated phase were significantly smaller than the as-sintered samples. Moreover, a large number of fine needle-like or rod-like precipitates were uniformly distributed in the Al matrix after aging treatment. This morphological feature can be further confirmed from the high resolution transmission electron microscopy (HRTEM) image shown in Fig. 9 . As seen, the precipitated phase in the as-sintered sample was stable η phase, which had a certain orientation relationship with the matrix phase. After aging treatment, however, from T6 sample to RRA sample, the length-width ratio of the needle-like or rod-like precipitates gradually increased, and the precipitates tended to coarsen. This indicated that although metastable η′ phase was precipitated in all samples under three aging conditions, its morphology varies with the aging conditions. The morphology difference of the precipitates may also be one of the reasons for the difference in mechanical properties of the samples [,]."
                    ],
                    "name": "Effects of aging treatment on microstructures",
                    "type": "ce_section"
                },
                {
                    "content": [
                        "Fig. 10 showed the typical stress-strain curves of the as-sintered and the aging treated samples, through which the performance characteristics of the samples under different heat treatment conditions can be compared intuitively. Obviously, the stress-strain curves of aged-treat samples were significantly different from those of the general alloys. Generally, the stress-strain curve is divided into four stages: elastic stage, yield stage, strengthening stage and local deformation []. However, the stress-strain curves of three aged-treat samples in Fig. 10 basically only had the elastic phase and the strengthening phase, which indicates that the three aged-treat samples exhibit brittle fracture during tensile test. This phenomenon can be confirmed by the tensile fracture morphology in Fig. 5. Furthermore, from the SEM micrograph in Fig. 3, the size and number of precipitates in the matrix of the aged-treat sample were significantly reduced compared with the sintered sample. Meanwhile, from the TEM analysis in Fig. 8, a large number of fine needle-like or rod-like η′ phases were precipitated in the Al matrix after aging treatment. Therefore, the significant increase on the strength of the sample after aging treatment was mainly attributed to the reduction of defects in the alloy matrix and precipitation strengthening. Wherein, the precipitation strengthening plays a leading role [,,,].",
                        "However, comparing T6, DA and RRA samples, the order of ultimate tensile strength was RRA > DA > T6. This difference on ultimate tensile strength is closely related to the microstructure of the sample. According to the EDS results in Fig. 4, the precipitated phase in T6 sample contains Fe element (Fig. 4c), while the precipitated phase in RRA sample contains Fe and Zr elements (Fig. 4e). It was generally believed that Fe element was a harmful element in aluminum alloy, which had a negative effect on the mechanical properties of the alloy []. This was mainly because Fe element can form coarse secondary phase in the aluminum alloy matrix, which can correspondingly reduce the precipitation of the effective strengthening phase η or s phase in the alloy. Meanwhile, the Fe-containing phase was difficult to be dissolved in the subsequent solution and aging heat treatment process, and finally remained in the form of coarse particles phases in the alloy microstructure [,]. However, the Zr element was easy to form a fine Al3Zr phase in the aluminum alloy, which dispersed in the matrix, and played a role of dispersion strengthening and the Orowan strengthening of the alloy []. Therefore, the strength of the RRA sample was higher than that of the T6 and DA samples, and while the strength of the DA sample was slightly higher than that of the T6 sample.",
                        "Furthermore, in order to highlight the significance of this work, the results were compared with the mechanical properties of the corresponding alloys reported in the existing references, as shown in Fig. 11 . As seen, the UTS of T6, DA and RRA samples in this work was significantly lower than that of the samples in Ref. []. Compared with Ref. [], in addition to the DA sample in this work, the strength of T6 and RRA sample was also lower than that of the corresponding sample in Ref. []. In addition, the ultimate tensile strength of the aged samples in this work were less than that of the aged samples under 120 °C/24 h and 150 °C/8 h in Ref. [], but the RRA sample was higher than that of the aged-treat sample under 150 °C/30h in Ref. []. It can be seen that although the strength of the aged-treat samples in this study is slightly lower than that of the samples in the above-mentioned reference, it is worth noting that the samples in the reference have undergone plastic deformation (rolling or extrusion) before aging treatment, which has a significant improvement on the mechanical properties of the alloy, resulted in the performance of the initial material in the reference is better than that of the sintered alloy in this study []. However, the UTS of the sintered alloy in this study after T6, DA and RRA treatment increased by 92.26%, 105.93% and 107.97% respectively, while the heavily-extruded alloy in Ref. [] only increased by 77.87% after aging treatment. Obviously, the improvement of mechanical properties of the sintered alloy after aging treatment in this study is more effective.",
                        "In addition, in terms of elongation, which of the samples in this work was significantly lower than that of the samples in the above references. The reason may be that, on the one hand, the alloy in the above reference has undergone plastic deformation, which improves the continuity of microstructure and increases its plasticity [,]; On the other hand, it may be related to the characteristics of the raw material powder used in this work. According to our previous research results [], there was a continuous oxide layer on the particle surface of the powder by-product. Although hot-press sintering can effectively destroy the continuous oxide layer on the particle surface, thus obtaining compact structure and high mechanical properties. However, the O element cannot be eliminated during sintering, and it still exists at the grain boundary in the form of MgAl2O4, resulted in poor plasticity of the alloy []. By comprehensive comparison, this powder by-product can be prepared high performance 7055 alloy by powder metallurgy, so as to achieve secondary utilization."
                    ],
                    "name": "Effect of aging treatment on mechanical properties",
                    "type": "ce_section"
                },
                {
                    "content": [
                        "The studies showed that the Al–Zn–Mg–Cu alloy was very sensitive to local corrosion such as intergranular corrosion, exfoliation corrosion and stress corrosion [,,]. Meanwhile, the corrosion behavior was closely related to the microstructure of the material []. Therefore, based on the above test results of the corrosion performance of the experimental samples and the corresponding microstructure characteristics, the influence of aging treatment on the corrosion performance of the samples was analyzed. For intergranular corrosion, it was the corrosion that extends to the inside of the metal along the interface between the grains, so the corrosion depth of the cross-section of the sample reflects the typical corrosion rate []. However, the corrosion rate of intergranular corrosion was mainly related to the composition difference between grain surface and grain interior, as well as the existence of grain boundary impurities or internal stress. Besides, the micro galvanic-coupling between different phases was also related to the intergranular corrosion behavior. Reference [] showed that the corrosion potentials of η (MgZn2) phase and Al matrix were −0.869V and −0.68V, respectively. Obviously, there was a large potential difference between the η phase and the Al matrix, and the potential difference often acts as the driving force of intergranular corrosion. Therefore, the micro galvanic-coupling was formed between the η phase and the Al matrix during intergranular corrosion, and the η phase is the anode.",
                        "In this work, a continuous η′ phase was precipitated at the grain boundary under T6 treatment (Fig. 8d), which formed a corrosion path between it and the Al matrix, resulting in a serious intergranular corrosion sensitivity of the sample. Similarly, in Fig. 8j, the RRA sample also has high intergranular corrosion sensitivity due to the precipitation of continuous η′ phase at the grain boundary. In contrast, the DA sample has a fine and discontinuous η′ phase precipitated at the grain boundary (Fig. 8g), so its intergranular corrosion resistance is better than that of the T6 and RRA samples. Furthermore, as seen from the EDS results in Fig. 4, there are precipitated phases containing Fe elements in T6 and RRA samples. According to the literature [] speculated that may be formed Al7Cu2Fe phase. Kannan et al. [] and Liu et al. [] believed that the Cu element in the alloy can promote the formation of passive film on the surface of the sample, while Al7Cu2Fe intermetallic particles will change the stability of the passive film, thereby accelerating the corrosion process of the sample. Therefore, the poor corrosion resistance of T6 and RRA samples may also be related to the presence of Fe-containing precipitates."
                    ],
                    "name": "Effect of aging treatment on corrosion properties",
                    "type": "ce_section"
                }
            ],
            "name": "Discussion",
            "type": "ce_section"
        }
    ],
    "Title": "Effect of aging treatment on microstructure, mechanical and corrosion properties of 7055 aluminum alloy prepared using powder by-product",
    "abstract": "To effectively improve the mechanical properties of 7055 aluminum alloy prepared by powder by-products, aging treatment was carried out on the as-sintered 7055 alloy. The effects of different aging treatment parameters on the microstructure, mechanical and corrosion properties of the as-sintered 7055 alloy were investigated. The results show that the microstructure of as-sintered alloy is still a typical equiaxed crystal structure after aging treatment, however, the number of precipitated phases in matrix was significantly reduced and in uniformly fine needle-like distribution. The metastable eta' phase is mainly precipitated. Moreover, the strength of the aging treated sample is nearly doubled in comparison to that of the as-sintered alloy, and the sequence of the strength of three aging-treated sample is: RRA > DA > T6. The improvement of mechanical properties of the aging-treated sample is mainly attributed to the precipitation strengthening. Furthermore, the corrosion resistance of three aging-treated sample follows: DA > RRA > T6, and the continuous grains boundary precipitations and Fe-containing precipitates increase the corrosion susceptibility."
}