{
    "DOI": "10.1016/j.jallcom.2021.160559",
    "Journal": "Journal of Alloys and Compounds",
    "Keywords": [
        "Die-cast",
        "Heat treatment",
        "Al-Cu-Si-Mg alloys",
        "Precipitation",
        "Mechanical properties"
    ],
    "Sections": [
        {
            "content": [
                {
                    "content": [
                        "The prolonged solution treatment time at a high temperature can cause unacceptable surface blistering. However, the increased solution temperature enables a higher peak-ageing hardness after artificial ageing. The DSC melting temperature for the quaternary eutectic mixture of the Al-Cu-Mg-Si alloys is similar, which is ~508 °C . Thus, the solution temperature of 500 °C was selected, aiming at the sufficient dissolution of elements into the matrix. All solution treated samples were quenched in water to freeze the microstructure prior to materials characterisation. Fig. 1 shows the microstructure of Al5Cu alloy after solution treatment at 500 °C for different holding times. From the OM images, no apparent pore expansion was found in samples after 20 min solution treatment. After 30 min of solution treatment, some expansion of the pores appeared. The maximum size was found to be 38 µm using image analysis. Further solution treatment for 60 min, the maximum size of porosity was determined as 60 µm, and more pores were found inside the sample. After 70 min of solution treatment, large pores with a maximum size of 104 µm was found, and the surface blistering was observed (not shown here).",
                        "Table 2 presents the area percentages of porosity for each alloy determined from OM images. In the as-cast state, the area percentage of porosity ranges from 0.43% to 0.52% in these three alloys. A slight increase in the area percentage of porosity was found in samples heat-treated from 10 min to 60 min, while a significant increase in area percentage of porosity in samples heat-treated from 60 min to 70 min. The area percentage of porosity in Al5Cu after 30 min heat treatment is very close to that in Al6.6Cu and Al10.6Cu with the heat-treated time for 60 min",
                        "Fig. 2 shows typical microstructures of the three alloys in the as-cast state and the following solution treatments for holding time up to 60 min. For all these alloys, a similar trend in microstructural development during the solution treatment with increasing time was observed. After 20 min of solution treatment, the microstructure consisted of α-Al grains and a slightly connected eutectic structure. No apparent coarsening of α-Al grains was found after 20 min solution treatment. After 30 min solution treatment, the microstructure consisted of coarse α-Al grains with fragmented eutectic structure. The further coarsening of α-Al grains and reduction in the volume fraction of the eutectic structure were observed after 60 min solution treatment.",
                        "The SEM EDX analysis was used to quantify the chemical composition of the primary α-Al in these alloys. The point analysis was conducted in the central region of tensile samples and the α-Al grains in each sample (at least 30 points were measured in each alloy). Table 3 shows the chemical composition after solution treatment for different holding times. There was a dramatic increase in Cu and Si contents after 20 min, while the Mg content decreased slightly after solution treatment for holding time up to 60 min. The Cu and Si increased very slowly after solution treatment for holding time ranging from 20 min to 60 min in these alloys. It can be noted that in the as-cast state, the primary α-Al phase in Al5Cu and Al10.6Cu alloys contained the lowest Cu content of 0.48 wt% and the highest Cu content of 1.41 wt%, respectively. The Cu content of primary α-Al in Al10.6Cu was found to be the highest after solution treatment for 60 min, and the lowest content of Cu after 60 min solution treatment was found in Al5Cu.",
                        "The image analysis was used to determine the area percentage of eutectic in these alloys. Fig. 3(a) shows the area percentage of eutectic mixtures after solution treatment for various holding time. The eutectic mixture in all these alloys decreased rapidly during the first 20 min and then followed by gradual reduction with increasing time of solution treatment. The hardness of these alloys after solution treatment at 500 °C from 0 min to 60 min is shown in Fig. 3(b). For the first 10 min of solution treatment at 500 °C, the hardness of Al10Cu and Al6.6Cu decreased slightly while the hardness of Al5Cu increased slightly. Further solution treatment for holding time upto 30 min, the hardness of each alloy increased with time but levelled off after 60 min",
                        "Based on the analysis above, the solution treatment time for Al5Cu was selected to be 30 min at 500 °C, and solution treatment time for Al6.6Cu and Al10.6Cu alloys was chosen to be 60 min at 500 °C. The main reason is that the area percentage of porosity is close or below 1%. In addition, the Cu content in α-Al matrix after solution treatment for 30/60 min is relatively high, which was reflected in the decrease of area percentage of eutectic mixture and hardness increase in Fig. 3. Lastly, the eutectic structure of the alloys after solution treatment for 30/60 min becomes disconnected and fragmented. Above all, solution treatment of 30 min in Al5Cu and 60 min in Al10.6Cu at 500 °C was adopted, prior to subsequent artificial ageing treatment.",
                        "The microstructures of the alloys after solution treatment were further studied via SEM at low and high magnifications. The microstructure of Al5Cu after solution treatment at 500 °C for various times is shown in Fig. 4. The images were taken from the central regions of the sample. The SEM EDX analysis shown in Fig. 4(d,e) confirms that there are bright Al2Cu phase and light grey Q phase existing at the intergranular regions. Fig. 4(a) shows the microstructure of Al5Cu after solution treatment for 10 min. It can be found that there are still some eutectic mixtures at the grain boundaries and the Al2Cu phases remain connected. The magnified image inserted in Fig. 4(a) shows the Al2Cu phases inside the ultrafine quaternary eutectic region. There are some dissolve of Al2Cu phases in eutectic regions. The microstructure after 30 min solution treatment is shown in Fig. 4(b). The Q phase becomes coarser, distributing at the grain boundaries. The Al2Cu phases show disconnected and spheroidized morphology. After 60 min of solution treatment, fewer Al2Cu particles were observed. The average size of the Q phase and Al2Cu particles are 0.6 µm and 1.6 µm, respectively. The microstructure evolution of Al6.6Cu alloy after solution treatment is similar to that of Al5Cu, and it is not shown here.",
                        "Fig. 5 shows back-scattered electron (BSE) images of the microstructure evolution in Al10.6Cu alloy after solution treatment for various times. The bright phase and light grey phase were identified to be Al2Cu and Q phase respectively, which are shown in Fig. 5(d,e). Fig. 5(a) shows the microstructure of Al10.6Cu after the solution treatment for 10 min. It can be seen that the Al2Cu phases are still connected. From the inserted magnified image, some of the Al2Cu lamellas are still isolated but coarsened. After solution treatment for 30 min, the Al2Cu phases become isolated and coarser at the grain boundaries shown in Fig. 5(b). From the inserted image of the eutectic region, the Al2Cu lamellas were spheroidized. The Q phases are embedded inside the Al2Cu particles, and they are coarsened. The solution treatment at 500 °C for 60 min leads to further coarsening of Al2Cu and less area fraction of Al2Cu. Moreover, the Al2Cu lamellas are nearly connected with the Q phase inside. The Q phase becomes larger with a size of 300–500 nm, showing the same morphology compared with that with shorter solution treatment time."
                    ],
                    "name": "Optimisation of solution treatment",
                    "type": "ce_section"
                },
                {
                    "content": [
                        "The comparison of the hardness versus time curves of Al-Cu-Si-Mg alloys after T5 ageing treatment at 170 °C is shown in Fig. 6(a). During the first 2 h, the hardness of each alloy increased significantly with time. After that, the hardness increased slowly and reached a peak hardness with time. The peak-ageing time of Al10.6Cu alloy was about 10 h, but for Al5Cu and Al6.6Cu alloys, the peak-ageing time increased to 14 h. Beyond the peak-ageing time, the hardness of each alloy decreased with increasing time and reached to value of 128 HV in Al10.6Cu, 112 HV in Al6.6Cu and 110 HV in Al5Cu respectively, after 48 h ageing treatment. Fig. 6(b) shows the hardness versus time curves of Al5Cu, Al6.6Cu and Al10.6Cu alloys after T6 heat treatment (500 °C for 30/60 min and artificial ageing at 170 °C). The hardness of each alloy increased rapidly with increasing ageing time upto 4 h. After that, the hardness increased slightly, reaching to the peak hardness after 10 h for Al5Cu, 12 h for Al6.6Cu and 14 h for Al10.6Cu. The highest peak hardness of 155 HV was found in Al10.6Cu. Conversely, the lowest hardness value of 143 HV was found in Al5Cu. After peak hardness was reached, the hardness decreased slowly with an ageing time upto 48 h.",
                        "The TEM bright-field images and corresponding SADPs of Al5Cu, Al6.6Cu and Al10.6Cu alloys which were taken along [001]Al after T5 peak ageing at 170 °C are shown in Fig. 7(a,b,c), respectively. It can be seen that in Al5Cu (Fig. 7(a)), there are a large number of granular-like precipitates. From the selected area electron diffraction pattern, the cruciform diffraction spots in the central positions between (000)Al and (202)Al, were observed, as shown in Fig. 7(a), indicating the existence of β’’ . Moreover, these needle-like precipitates with a diameter below 5 nm were confirmed to be β’’ phase by HRTEM image and its FFT, as shown in Fig. 8(a,b). Fig. 7(b) shows precipitates in Al6.6Cu alloy heat-treated at the peak-ageing condition. Apart from some granular precipitates, more plate-like precipitates were found inside the α-Al matrix. From the HRTEM and FFT in Fig. 8(c,d), these plate-like precipitates corresponded to θ’ phase, giving additional sets of spots in the diffraction pattern, as shown in Fig. 7(b). It is reported that θ’ precipitates are distributed along (200)Al planes . The lattice parameters of the precipitates were determined to be aθ’=0.404 nm and cθ’=0.58 nm, and they exhibited an orientation relationship with the α-Al according to (200)Al|| (002)θ’ and [010]Al|| [010] θ’, similar to those reported in the published literature . Fig. 8(e) shows the HAADF-STEM image of the precipitates in Al6.6Cu alloy. The needle-like β’’ precipitates and a few plate-like θ’ are believed to be the main strengthening phases in Al6.6Cu alloy. These long and thick plate-like θ’ precipitates were found with a width of ~3.5cθ’ nm and a length of ~40 nm.",
                        "The TEM bright-field image of Al10.6Cu alloy heat-treated at the T5 peak-ageing condition was shown in Fig. 7(c). The peak-aged microstructure mainly consisted of granular precipitates and plate-like precipitates, similar to Al6.6Cu alloy. However, the area fraction of plate-like precipitates was much higher than that in Al6.6Cu alloy. From the additional set of spots in the diffraction pattern, as shown in Fig. 7(c) and HAADF-STEM image in Fig. 8(f), these plate-like precipitate were identified as θ’ with an average length of ~35 nm and thickness of ~3.5 cθ’. The analysis of the size and number density of θ’ in Al6.6Cu and Al10.6Cu was shown in Table 4. In addition, a bright layer was observed on granular precipitates in HAADF-STEM image (Fig. 8(f)), and the precipitates were identified as Q’’ with an average diameter of ~2 nm .",
                        "Fig. 9(a,c,e) show TEM bright-field images of precipitates with inserted SADPs for Al5Cu, Al6.6Cu and Al10.6Cu alloys after T6 heat treatment respectively. The corresponding HAADF-STEM images of Al5Cu, Al6.6Cu and Al10.6Cu are shown in Fig. 9(b,d,f), respectively. The precipitates present in these three alloys were found to be similar. They contained granular Q’’ and plate-like θ’ densely and uniformly distributed within the α-Al matrix. From HAADF-STEM images, these θ’ precipitates consisted of variable thickness, and some Q’’ phase was attached to the plate-like θ’ phase, thereby giving thinner and shorter morphology .",
                        "The HAADF-STEM images were analysed to determine the numbers and size of θ’ precipitate. The counting of θ’ precipitates from HAADF-STEM was based on x-axis and y-axis, and the total number of θ’ precipitates was multiplied by 3/2 via taking into consideration the z-axis. The average number density can be obtained via dividing the number of θ’ precipitates by the estimated volume from several regions. The results are shown in Table 4. The average thickness (i.e. 2–4.5 nm) and length (i.e. 20–50 nm) of θ’ precipitates present in these three alloys were found to be similar. The number density of θ’ in Al6.6Cu and Al10.6Cu was higher than that in Al5Cu after T6 heat treatment. The Al10.6Cu has a higher number density of θ’ precipitates than Al6.6Cu after T5 heat treatment."
                    ],
                    "name": "Artificial ageing",
                    "type": "ce_section"
                },
                {
                    "content": [
                        "The mechanical properties of the Al5Cu, Al6.6Cu and Al10.6Cu alloys after T5 heat treatment are shown in Fig. 10. The Al10.6Cu alloy exhibited the highest yield strength of 395±5 MPa and ultimate tensile strength of 480±8 MPa with the lowest elongation of about 1.9±0.15% as compared with other alloy compositions. The yield strength and ultimate tensile strength of Al5Cu and Al6.6Cu were determined as 351±1.5 MPa and 405±7 MPa, 362±3 MPa and 426±7 MPa, respectively. The average elongation of Al5Cu and Al6.6Cu were measured as 2.4±0.4% and 2.0±0.3%, respectively.",
                        "The Al5Cu, Al6.6Cu and Al10.6Cu alloys show excellent mechanical properties after T6 heat treatment. The mechanical properties of the Al5Cu, Al6.6Cu and Al10.6Cu alloys are shown in Fig. 11. The highest yield strength of 453±1.5 MPa was found in Al10.6Cu, with the lowest elongation of 1.32±0.15%. The Al5Cu alloy exhibited the lowest yield strength of 427±10 MPa with the highest elongation of 4.4±0.9%. The Al6.6Cu alloy showed excellent mechanical properties, with an elongation of about 4.1±1.1% and a high yield strength of 444±3.4 MPa.",
                        "The fracture surfaces of these three alloys after T6 heat treatment are shown in Fig. 12. The fracture samples from these three alloys consist of pores, dimples and flat surfaces. The pores were developed after solution treatment, and they act as crack initiation points. Due to coarse Al2Cu phases in Al10.6Cu shown in Fig. 5(c), an increased proportion of flat surface was found in the fracture surface of Al10.6Cu. The flat surface is believed to be caused by the brittle fracture of hard phases, such as Al2Cu and Q. Meanwhile, fewer dimples were found in the fracture surface of Al10.6Cu, indicating low ductility."
                    ],
                    "name": "Mechanical properties",
                    "type": "ce_section"
                }
            ],
            "name": "Results",
            "type": "ce_section"
        },
        {
            "content": [
                {
                    "content": [
                        "The prolonged solution treatment time at a high temperature can cause unacceptable surface blistering. However, the increased solution temperature enables a higher peak-ageing hardness after artificial ageing. The DSC melting temperature for the quaternary eutectic mixture of the Al-Cu-Mg-Si alloys is similar, which is ~508 °C . Thus, the solution temperature of 500 °C was selected, aiming at the sufficient dissolution of elements into the matrix. All solution treated samples were quenched in water to freeze the microstructure prior to materials characterisation. Fig. 1 shows the microstructure of Al5Cu alloy after solution treatment at 500 °C for different holding times. From the OM images, no apparent pore expansion was found in samples after 20 min solution treatment. After 30 min of solution treatment, some expansion of the pores appeared. The maximum size was found to be 38 µm using image analysis. Further solution treatment for 60 min, the maximum size of porosity was determined as 60 µm, and more pores were found inside the sample. After 70 min of solution treatment, large pores with a maximum size of 104 µm was found, and the surface blistering was observed (not shown here).",
                        "Table 2 presents the area percentages of porosity for each alloy determined from OM images. In the as-cast state, the area percentage of porosity ranges from 0.43% to 0.52% in these three alloys. A slight increase in the area percentage of porosity was found in samples heat-treated from 10 min to 60 min, while a significant increase in area percentage of porosity in samples heat-treated from 60 min to 70 min. The area percentage of porosity in Al5Cu after 30 min heat treatment is very close to that in Al6.6Cu and Al10.6Cu with the heat-treated time for 60 min",
                        "Fig. 2 shows typical microstructures of the three alloys in the as-cast state and the following solution treatments for holding time up to 60 min. For all these alloys, a similar trend in microstructural development during the solution treatment with increasing time was observed. After 20 min of solution treatment, the microstructure consisted of α-Al grains and a slightly connected eutectic structure. No apparent coarsening of α-Al grains was found after 20 min solution treatment. After 30 min solution treatment, the microstructure consisted of coarse α-Al grains with fragmented eutectic structure. The further coarsening of α-Al grains and reduction in the volume fraction of the eutectic structure were observed after 60 min solution treatment.",
                        "The SEM EDX analysis was used to quantify the chemical composition of the primary α-Al in these alloys. The point analysis was conducted in the central region of tensile samples and the α-Al grains in each sample (at least 30 points were measured in each alloy). Table 3 shows the chemical composition after solution treatment for different holding times. There was a dramatic increase in Cu and Si contents after 20 min, while the Mg content decreased slightly after solution treatment for holding time up to 60 min. The Cu and Si increased very slowly after solution treatment for holding time ranging from 20 min to 60 min in these alloys. It can be noted that in the as-cast state, the primary α-Al phase in Al5Cu and Al10.6Cu alloys contained the lowest Cu content of 0.48 wt% and the highest Cu content of 1.41 wt%, respectively. The Cu content of primary α-Al in Al10.6Cu was found to be the highest after solution treatment for 60 min, and the lowest content of Cu after 60 min solution treatment was found in Al5Cu.",
                        "The image analysis was used to determine the area percentage of eutectic in these alloys. Fig. 3(a) shows the area percentage of eutectic mixtures after solution treatment for various holding time. The eutectic mixture in all these alloys decreased rapidly during the first 20 min and then followed by gradual reduction with increasing time of solution treatment. The hardness of these alloys after solution treatment at 500 °C from 0 min to 60 min is shown in Fig. 3(b). For the first 10 min of solution treatment at 500 °C, the hardness of Al10Cu and Al6.6Cu decreased slightly while the hardness of Al5Cu increased slightly. Further solution treatment for holding time upto 30 min, the hardness of each alloy increased with time but levelled off after 60 min",
                        "Based on the analysis above, the solution treatment time for Al5Cu was selected to be 30 min at 500 °C, and solution treatment time for Al6.6Cu and Al10.6Cu alloys was chosen to be 60 min at 500 °C. The main reason is that the area percentage of porosity is close or below 1%. In addition, the Cu content in α-Al matrix after solution treatment for 30/60 min is relatively high, which was reflected in the decrease of area percentage of eutectic mixture and hardness increase in Fig. 3. Lastly, the eutectic structure of the alloys after solution treatment for 30/60 min becomes disconnected and fragmented. Above all, solution treatment of 30 min in Al5Cu and 60 min in Al10.6Cu at 500 °C was adopted, prior to subsequent artificial ageing treatment.",
                        "The microstructures of the alloys after solution treatment were further studied via SEM at low and high magnifications. The microstructure of Al5Cu after solution treatment at 500 °C for various times is shown in Fig. 4. The images were taken from the central regions of the sample. The SEM EDX analysis shown in Fig. 4(d,e) confirms that there are bright Al2Cu phase and light grey Q phase existing at the intergranular regions. Fig. 4(a) shows the microstructure of Al5Cu after solution treatment for 10 min. It can be found that there are still some eutectic mixtures at the grain boundaries and the Al2Cu phases remain connected. The magnified image inserted in Fig. 4(a) shows the Al2Cu phases inside the ultrafine quaternary eutectic region. There are some dissolve of Al2Cu phases in eutectic regions. The microstructure after 30 min solution treatment is shown in Fig. 4(b). The Q phase becomes coarser, distributing at the grain boundaries. The Al2Cu phases show disconnected and spheroidized morphology. After 60 min of solution treatment, fewer Al2Cu particles were observed. The average size of the Q phase and Al2Cu particles are 0.6 µm and 1.6 µm, respectively. The microstructure evolution of Al6.6Cu alloy after solution treatment is similar to that of Al5Cu, and it is not shown here.",
                        "Fig. 5 shows back-scattered electron (BSE) images of the microstructure evolution in Al10.6Cu alloy after solution treatment for various times. The bright phase and light grey phase were identified to be Al2Cu and Q phase respectively, which are shown in Fig. 5(d,e). Fig. 5(a) shows the microstructure of Al10.6Cu after the solution treatment for 10 min. It can be seen that the Al2Cu phases are still connected. From the inserted magnified image, some of the Al2Cu lamellas are still isolated but coarsened. After solution treatment for 30 min, the Al2Cu phases become isolated and coarser at the grain boundaries shown in Fig. 5(b). From the inserted image of the eutectic region, the Al2Cu lamellas were spheroidized. The Q phases are embedded inside the Al2Cu particles, and they are coarsened. The solution treatment at 500 °C for 60 min leads to further coarsening of Al2Cu and less area fraction of Al2Cu. Moreover, the Al2Cu lamellas are nearly connected with the Q phase inside. The Q phase becomes larger with a size of 300–500 nm, showing the same morphology compared with that with shorter solution treatment time."
                    ],
                    "name": "Optimisation of solution treatment",
                    "type": "ce_section"
                },
                {
                    "content": [
                        "The comparison of the hardness versus time curves of Al-Cu-Si-Mg alloys after T5 ageing treatment at 170 °C is shown in Fig. 6(a). During the first 2 h, the hardness of each alloy increased significantly with time. After that, the hardness increased slowly and reached a peak hardness with time. The peak-ageing time of Al10.6Cu alloy was about 10 h, but for Al5Cu and Al6.6Cu alloys, the peak-ageing time increased to 14 h. Beyond the peak-ageing time, the hardness of each alloy decreased with increasing time and reached to value of 128 HV in Al10.6Cu, 112 HV in Al6.6Cu and 110 HV in Al5Cu respectively, after 48 h ageing treatment. Fig. 6(b) shows the hardness versus time curves of Al5Cu, Al6.6Cu and Al10.6Cu alloys after T6 heat treatment (500 °C for 30/60 min and artificial ageing at 170 °C). The hardness of each alloy increased rapidly with increasing ageing time upto 4 h. After that, the hardness increased slightly, reaching to the peak hardness after 10 h for Al5Cu, 12 h for Al6.6Cu and 14 h for Al10.6Cu. The highest peak hardness of 155 HV was found in Al10.6Cu. Conversely, the lowest hardness value of 143 HV was found in Al5Cu. After peak hardness was reached, the hardness decreased slowly with an ageing time upto 48 h.",
                        "The TEM bright-field images and corresponding SADPs of Al5Cu, Al6.6Cu and Al10.6Cu alloys which were taken along [001]Al after T5 peak ageing at 170 °C are shown in Fig. 7(a,b,c), respectively. It can be seen that in Al5Cu (Fig. 7(a)), there are a large number of granular-like precipitates. From the selected area electron diffraction pattern, the cruciform diffraction spots in the central positions between (000)Al and (202)Al, were observed, as shown in Fig. 7(a), indicating the existence of β’’ . Moreover, these needle-like precipitates with a diameter below 5 nm were confirmed to be β’’ phase by HRTEM image and its FFT, as shown in Fig. 8(a,b). Fig. 7(b) shows precipitates in Al6.6Cu alloy heat-treated at the peak-ageing condition. Apart from some granular precipitates, more plate-like precipitates were found inside the α-Al matrix. From the HRTEM and FFT in Fig. 8(c,d), these plate-like precipitates corresponded to θ’ phase, giving additional sets of spots in the diffraction pattern, as shown in Fig. 7(b). It is reported that θ’ precipitates are distributed along (200)Al planes . The lattice parameters of the precipitates were determined to be aθ’=0.404 nm and cθ’=0.58 nm, and they exhibited an orientation relationship with the α-Al according to (200)Al|| (002)θ’ and [010]Al|| [010] θ’, similar to those reported in the published literature . Fig. 8(e) shows the HAADF-STEM image of the precipitates in Al6.6Cu alloy. The needle-like β’’ precipitates and a few plate-like θ’ are believed to be the main strengthening phases in Al6.6Cu alloy. These long and thick plate-like θ’ precipitates were found with a width of ~3.5cθ’ nm and a length of ~40 nm.",
                        "The TEM bright-field image of Al10.6Cu alloy heat-treated at the T5 peak-ageing condition was shown in Fig. 7(c). The peak-aged microstructure mainly consisted of granular precipitates and plate-like precipitates, similar to Al6.6Cu alloy. However, the area fraction of plate-like precipitates was much higher than that in Al6.6Cu alloy. From the additional set of spots in the diffraction pattern, as shown in Fig. 7(c) and HAADF-STEM image in Fig. 8(f), these plate-like precipitate were identified as θ’ with an average length of ~35 nm and thickness of ~3.5 cθ’. The analysis of the size and number density of θ’ in Al6.6Cu and Al10.6Cu was shown in Table 4. In addition, a bright layer was observed on granular precipitates in HAADF-STEM image (Fig. 8(f)), and the precipitates were identified as Q’’ with an average diameter of ~2 nm .",
                        "Fig. 9(a,c,e) show TEM bright-field images of precipitates with inserted SADPs for Al5Cu, Al6.6Cu and Al10.6Cu alloys after T6 heat treatment respectively. The corresponding HAADF-STEM images of Al5Cu, Al6.6Cu and Al10.6Cu are shown in Fig. 9(b,d,f), respectively. The precipitates present in these three alloys were found to be similar. They contained granular Q’’ and plate-like θ’ densely and uniformly distributed within the α-Al matrix. From HAADF-STEM images, these θ’ precipitates consisted of variable thickness, and some Q’’ phase was attached to the plate-like θ’ phase, thereby giving thinner and shorter morphology .",
                        "The HAADF-STEM images were analysed to determine the numbers and size of θ’ precipitate. The counting of θ’ precipitates from HAADF-STEM was based on x-axis and y-axis, and the total number of θ’ precipitates was multiplied by 3/2 via taking into consideration the z-axis. The average number density can be obtained via dividing the number of θ’ precipitates by the estimated volume from several regions. The results are shown in Table 4. The average thickness (i.e. 2–4.5 nm) and length (i.e. 20–50 nm) of θ’ precipitates present in these three alloys were found to be similar. The number density of θ’ in Al6.6Cu and Al10.6Cu was higher than that in Al5Cu after T6 heat treatment. The Al10.6Cu has a higher number density of θ’ precipitates than Al6.6Cu after T5 heat treatment."
                    ],
                    "name": "Artificial ageing",
                    "type": "ce_section"
                },
                {
                    "content": [
                        "The mechanical properties of the Al5Cu, Al6.6Cu and Al10.6Cu alloys after T5 heat treatment are shown in Fig. 10. The Al10.6Cu alloy exhibited the highest yield strength of 395±5 MPa and ultimate tensile strength of 480±8 MPa with the lowest elongation of about 1.9±0.15% as compared with other alloy compositions. The yield strength and ultimate tensile strength of Al5Cu and Al6.6Cu were determined as 351±1.5 MPa and 405±7 MPa, 362±3 MPa and 426±7 MPa, respectively. The average elongation of Al5Cu and Al6.6Cu were measured as 2.4±0.4% and 2.0±0.3%, respectively.",
                        "The Al5Cu, Al6.6Cu and Al10.6Cu alloys show excellent mechanical properties after T6 heat treatment. The mechanical properties of the Al5Cu, Al6.6Cu and Al10.6Cu alloys are shown in Fig. 11. The highest yield strength of 453±1.5 MPa was found in Al10.6Cu, with the lowest elongation of 1.32±0.15%. The Al5Cu alloy exhibited the lowest yield strength of 427±10 MPa with the highest elongation of 4.4±0.9%. The Al6.6Cu alloy showed excellent mechanical properties, with an elongation of about 4.1±1.1% and a high yield strength of 444±3.4 MPa.",
                        "The fracture surfaces of these three alloys after T6 heat treatment are shown in Fig. 12. The fracture samples from these three alloys consist of pores, dimples and flat surfaces. The pores were developed after solution treatment, and they act as crack initiation points. Due to coarse Al2Cu phases in Al10.6Cu shown in Fig. 5(c), an increased proportion of flat surface was found in the fracture surface of Al10.6Cu. The flat surface is believed to be caused by the brittle fracture of hard phases, such as Al2Cu and Q. Meanwhile, fewer dimples were found in the fracture surface of Al10.6Cu, indicating low ductility."
                    ],
                    "name": "Mechanical properties",
                    "type": "ce_section"
                }
            ],
            "name": "Results",
            "type": "ce_section"
        },
        {
            "content": [
                {
                    "content": [
                        "The solution treatment plays a vital role in dissolving and spheroidising the eutectic phases. Compared with Si and Mg2Si, the dissolution of Al2Cu and Al5Cu2Mg8Si7 is much slower . In the current work, the Cu concentration shows a similar trend that in the first 20 min there is a sharp increase in Cu concentration in the α-Al matrix, while it increases very slowly after 20 min solution treatment. The reason is as follows. The dissolution speed and increase of Cu content are related to solution treatment temperature/ time, the grain size of α-Al and Al2Cu particle size, and the finer grain size of α-Al and size of Al2Cu can facilitate the dissolution of Cu into the matrix . At the beginning of solution treatment, there are a large amount of Al2Cu interfaces because of the fine lamellar spacing of eutectic structure. As a result, those Al2Cu phases dissolve very fast in the form of fragmentation, and the Cu content is approaching the equilibrium state. The further solution treatment led to a slower increment of Cu concentration, due to the coarsening of the Al2Cu phases and decreased diffusion kinetics .",
                        "The Q phase is reported to be insoluble in the matrix with various Cu and Mg concentrations . However, there are fine Si particles present inside the 4-phase eutectic mixture in the as-cast Al-Cu-Si-Mg alloys, which can be dissolved . Consequently, the Cu and Si contents in the α-Al matrix increase after solution treatment. Lastly, it is found that Mg content in the α-Al matrix decreases slightly after solution treatment. This similar phenomenon has been observed by Long et al. . On the one hand, HPDC process has a fast cooling rate, and the α-Al matrix is supersaturated with Mg. The Q phase, which is the only magnesium-containing phase in these alloys, is not able to be dissolved into the matrix. Thus, there is no increase in Mg after solution treatment at 500 °C. On the other hand, these samples contain more pores after solution treatment. It is also known that Al2O3 film can usually form in the internal surface of these pores . Due to the strong affinity of magnesium to oxygen atoms, leading to the driving force for Mg diffusion into the oxide film at these micro-voids . The Mg content in these regions will decrease. Consequently, Mg content in the α-Al grains is slightly lower than that in the as-cast state.",
                        "The hardness of each Al-Cu-Si-Mg alloy depends on the coarsening of eutectic phases and α-Al, together with the dissolution of intermetallic compounds, as well as the expansion of pores . The hardness for samples after the initial 10 min solution treatment change slightly, which is mainly balanced by the dissolution of the eutectic phases and increase of solute content in the matrix. Further solution treatment leads to a rapid increase of solute inside the matrix. Although the microstructure is coarsening and the fraction of intermetallics is decreasing, the solution strengthening makes a great contribution to the hardness. Overall, the hardness increased. There is almost no change of hardness in samples after solution treatment for the time between 30 and 60 min. The reason is that the solution strengthening is offset by the strength reduction caused by an increased area percentage of porosity and coarsen α-Al or intermetallics phases."
                    ],
                    "name": "Microstructural evolution after solution treatment",
                    "type": "ce_section"
                },
                {
                    "content": [
                        "Due to the high cooling rate of HPDC process, the α-Al phase is saturated with Cu, Mg and Si alloying elements. Thus, the hardness is expected to increase after T5 artificial ageing treatment due to the formation of precipitates. In this study, the major precipitates are discussed, which contribute to the high strength of the alloy. From SEM EDX analysis Table 3, the Si and Mg contents in the α-Al, are similar in these three Al-Cu-Si-Mg alloys, and Al5Cu alloy has the lowest Cu content. It is reasonable that after peaking ageing, the peak hardness in Al5Cu alloy is contributed by the presence of a high number density of β’’ , as shown in Fig. 7(a). The prolonged ageing treatment causes coarsening of β’’ or formation of semi-coherent β’, resulting in a decrease in hardness. More Cu content in the matrix triggers the formation of θ’ phase . Thus, in Al6.6Cu alloy, the coexisting of minor θ’ and β’’ were found, as shown in Fig. 7(b). In Al10.6Cu alloy which has the highest Cu content under as-cast state, the β’’ phase is replaced by Q’’, and more θ’ phase is formed, as shown in Fig. 7(c) and 8(f). It is reported that Q’’-type phase is transformed from β’’ phase incorporating with Cu atoms, and an outer layer of bright Cu atoms is usually observed from HAADF-STEM images . Saito et al. proposed that the formation mechanism is because Cu atoms can suppress the misfit dislocations at β’’/Al interface . Thus the strain and interface energy are reduced . In addition, Q’’-type precipitates contribute to the heterogeneous nucleation of θ’, increasing the ageing kinetics . As a result, the thin θ’ plates attached by Q’’ precipitate and the shortest T5 peak ageing time were observed in Al10.6Cu.",
                        "After T6 heat treatment, the types of precipitates observed in these three alloys are the same, which correspond to θ’ and Q’’. The composition of the matrix after solution treatment comprises of increased Si and Cu, as shown in Table 3. It is reported that the Q’’ and θ’ phase usually form together in the high Cu content alloys with various Si and Mg . The Cu content of the Al matrix in Al5Cu alloy is slightly lower than those in Al6.6Cu or Al10.6Cu alloys after solution treatment. Hence, the number density of θ’ in Al5Cu is lower, but it is still much higher than the alloys after T5 heat treatment, as shown in Table 4. In addition, higher Cu content seems to delay the T6 peak ageing time. The reason is that higher content of Cu leads to a higher fraction of θ’, resulting in more time for reaching peak ageing ."
                    ],
                    "name": "Microstructure and precipitation hardening behaviour after ageing",
                    "type": "ce_section"
                },
                {
                    "content": [
                        "The microstructure of Al-Cu-Si-Mg alloys after T5 heat treatment consists of a eutectic mixture and α-Al, which is mainly strengthened by one or two types of precipitates. The combination of β’’ and θ’ precipitates in Al6.6Cu alloy contribute higher strength than Al5Cu, only having β’’ under T5 peak ageing condition. The highest number density of θ’ exists in Al10.6Cu, due to the highest content of Cu in the matrix. Consequently, the highest strength was achieved in Al10Cu, which consists of θ’ and Q’’ precipitates. The elongation was also dominated by the area fraction of the eutectic mixture at peak ageing condition. Hence, Al10Cu has the lowest elongation.",
                        "After T6 heat treatment of these three alloys, the yield strength of all three alloys exceeds 420 MPa. Due to solution treatment, the matrix has a higher Cu content of 2.5–3 wt% compared with the as-cast condition. As a result, there are more θ’ precipitates under T6 peak ageing condition, as shown in Table 4. Thus, the strength of the alloys after T6 heat treatment are higher than their strength under T5 heat treatment condition. The precipitates observed in these three alloys are similar (θ’+Q’’), but Al5Cu has the lowest number density of θ’ precipitates, as shown in Table 4. It is seen that the area fraction of intermetallics in Al5Cu at solution treatment for 30 min is almost the same as that in Al6.6Cu alloy solution-treated for 60 min (shown in Fig. 3(a)). Thus, the contribution of the intermetallic phase in the eutectic mixture to the strength in Al5Cu and Al6.6Cu alloys are roughly the same. Therefore, it is believed that the higher strength in Al6.6Cu compared with Al5Cu is caused by the presence of more θ’ precipitates. However, the number density of θ’ precipitates in Al6.6Cu and Al10.6Cu are very close, but the proportion of eutectic phases in Al10.6Cu is much higher, as shown in Fig. 3(a). It can be induced that an increased amount of intermetallics causes the highest yield strength in Al10.6Cu.",
                        "However, Al10.6Cu has the lowest elongation. This is likely to be caused by the very large amount of hard/brittle intermetallic eutectic phases in Al10.6Cu alloy (Fig. 5(c)), which is the source of fracture upon tensile loading, as shown in Fig. 12. The area fractions of the intermetallic phase in the eutectic region between Al5Cu and Al6.6Cu alloys are similar, therefore there is not much difference in their elongation. Finally, in Al-Cu-Si-Mg alloys, although high Cu content can achieve higher strength, after solution treatment all the intermetallic phases can not be completely dissolved in the matrix, which have a negative effect on the ductility."
                    ],
                    "name": "Relationship between the microstructure and mechanical properties",
                    "type": "ce_section"
                }
            ],
            "name": "Discussion",
            "type": "ce_section"
        }
    ],
    "Title": "Effect of heat treatment on microstructure and tensile properties of die-cast Al-Cu-Si-Mg alloys",
    "abstract": "The effects of T5 and T6 heat treatment on the microstructural development and mechanical properties of newly developed die-cast Al-xCu-2.2%Si-1.1%Mg (x=5, 6.6 and 10.6, in wt%) alloys were investigated. After T5 heat treatment to peak hardness, the main precipitates changes from beta '' in Al5Cu to beta '' and theta' in Al6.6Cu and then to theta' and Q ''-type precipitate in Al10.6Cu, due to the various Cu content in the alpha-Al matrix. The highest yield strength of 395 +/- 5 MPa and lowest elongation of 1.9 +/- 0.15% have been achieved in Al10.6Cu after peak-aged T5 condition as compared to other Al-Cu-Si-Mg alloy compositions. The solution treatment of Al-Cu-Si-Mg alloys for 30-60 min at 500 degrees C dissolves a sufficient quantity of Cu (similar to 3 wt%), and spheridises the Al2Cu and Al5Cu2Mg8Si7 phases. A large number of theta' and Q '' coexist inside the alpha-Al matrix after T6 heat treatment, contributing to the exceptionally high mechanical strength. The T6 peak ageing time increased from 10 h in Al5Cu to 14 h in Al10.6Cu. These newly developed aluminium die-cast alloys having excellent mechanical properties that exceed those in existing aluminium die-cast alloys after heat treatment. Especially, the excellent yield strength of 427 MPa and 444 MPa, as well as elongation of 4.4% and 4.1%, were achieved in Al5Cu and Al6.6Cu after T6 heat treatment, respectively. (C) 2021 Elsevier B.V. All rights reserved."
}