{
    "Sections": [
        {
            "name": "Microstructure and Phase Analysis",
            "content": [
                "Microstructural examinations were conducted to observe the effect of different heat treatment processes on the microstructure of Ti6Al4V alloy. According to microstructural examinations, it was observed that the application of cryogenic treatment affected the α–β phase density in the microstructure. However, overall microstructural appearance did not significantly change. In the aged samples, the form of the β phase was altered, and the β phase formed a basket structure. Cryogenic treatment affected the ratio of light and dark areas in the microstructure. Phase analysis was performed using microstructures obtained with 1000 × magnification. Figure 3 shows the microstructures taken at 1000 magnification. After the initial observation of microstructures, the microstructures were processed using an image processing technique. The surface ratios of the phases were measured as that the β phase was dark and the α phase was light-colored. In order to make this process right, microstructures of all samples were taken under the same conditions. The image processing software was calibrated by performing a coloration and filtering process with the expected β phase ratio of 8.1% to be in the structure of the supplied sample. This calibration was also used for other samples. ImajeX software was used for these operations. As a result of the analysis, the ratio of the β phase amount of the different samples to the whole structure is shown graphically in Fig. 4. According to these results, it could be said that the application of shallow cryogenic treatment did not lead to a significant change in the phase ratio in the structure, but the application of deep cryogenic treatment was effective in the β to α phase transformation. The aging process increased the β phase ratio in the structure. In the aging process, cryogenic treatment before aging decreased the ratio of β phase in the structure. These results showed the amount and distribution of the β phase in the structure transforming with cryogenic treatment."
            ]
        },
        {
            "name": "Wear Test Results",
            "content": [
                "The ball-on-disk wear testing module was used to determine the effect of cryogenic treatment on the tribological properties of Ti6Al4V alloy. Wear test samples were polished and alcohol cleaned prior to each test, and the surface roughness values were between 0.010 and 0.02 µm. Wear test results are given in Table 4. According to the results of this experiment, meaningful test results were obtained for all samples at a test distance of 50 meters under 2 N load. Wear tests were performed with ball-on-disk geometry according to DIN 50324 standard. After the tests, the balls were examined. There was not any remarkable wear on WC balls. The experiments were carried out on the same day in a closed environment.",
                "The wear resistance was determined taking into account the wear rate. Wear rates were calculated with the measured wear profiles by using Eqs. (1, 2). Sample profile measurement for each group is given in Fig. 5; the calculated wear rates are shown in Fig. 7a. The lowest wear rate, i.e., the highest wear resistance group, was the eighth group, which was subjected to cryogenic treatment for 36 h before aging. Wear resistance improved by approximately 8% relative to the reference sample in 24 h cryogenic-treated sample 4. Shallow cryogenic-treated sample groups 2 and 3 showed a 3% and 5% wear resistance improvement, respectively. On the other hand, wear resistance decreased by 12% compared to the reference sample in group 5, which was subjected to cryogenic treatment for 36 h. According to these results, it was observed that cryogenic treatment increased wear resistance under certain conditions, but it could have a negative effect when applied more than a certain time.",
                "In situ friction force measurement was carried out instantly during each wear test. The measured friction force values were divided by the test load, and the instantaneous friction coefficient was calculated. Friction coefficients vs test distance graph is given at Fig. 6, and average friction coefficients are given in Fig. 7b. The lowest friction coefficient was seen in the untreated reference group. In Group 8 and Group 4, where the wear resistance improved, the average coefficient of friction was calculated as 0.468 and 0.476, respectively. These values were very close to the friction coefficient of the reference group. When these results were examined, the lowest coefficient of friction was observed in the reference sample in Group 1 (0.44), and the highest average coefficient of friction was observed in Group 5 with the highest wear volume.",
                "In order to better understand the wear mechanism of Ti6Al4 V alloy against WC ball, the wear zone was examined under magnification. The inspection of the wear scar was carried out within 24 h of testing to prevent deterioration of the wear zone by atmospheric influences. Wear scar images that were taken from the wear zone are shown in Fig. 8. Wear scar examinations showed that the wear characteristics of the samples were similar. In other words, the application of cryogenic treatment and aging treatment affected the wear amount under test conditions but did not change the wear characteristics completely. The friction coefficient graph was plotted instantly during the wear test which is given at Fig. 6. Fluctuations in certain frequencies were observed. The reason for these observed fluctuations might indicate the formation of adhesive bonds broken during the test. The wear mechanism was assumed to occur due to delamination of these bonds. It was presumed that the wear rate decreased, and the wear resistance increased in the samples with less adhesion and delamination effect. Another interesting finding was that, the delaminated particles increased friction coefficient. In some cases, the worn particles could act like rollers and lower the friction coefficient, but in Ti6Al4 V alloy the delaminated particles started abrasive wear processes and increased the wear amount."
            ]
        }
    ],
    "abstract": "Cryogenic treatment is a supplementary heat treatment which can be applied to many different alloys. The effects of treatment are permanent and affect the entire material section. There have been many studies focused on the cryogenic treatment of tool steels. In the current study, an annealed Ti6Al4V material was used, and different cryogenic treatment processes and aging were applied. The effects of different heat treatment procedures on the microstructural and tribological properties were investigated. Eight different structures were obtained with different heat treatment cycles. As a result of wear tests and hardness tests, both cryogenic treatment and the aging treatment improved the wear resistance. The results of the ball-on-disk wear tests showed that the cryo-treated and aged samples have better wear resistance than annealed and shallow cryo-treated samples. 24 h deep cryogenic treatment improved wear resistance of the Ti6Al4V sample without significantly affecting hardness. It was also found that the aging process was effective due to both increasing hardness and wear resistance. Applying additional cryogenic treatment between solutionizing and aging improved this effect."
}