{
    "DOI": "10.1016/j.jallcom.2024.175976",
    "Journal": "Journal of Alloys and Compounds",
    "Keywords": [
        "Lightweight brake discs",
        "High-performance aluminum alloy",
        "Laser additive manufacturing",
        "Post heat treatment",
        "T-phase evolution",
        "Performance matching"
    ],
    "Sections": [
        {
            "content": [
                "The alloy samples were sectioned in the orientation as indicated in Fig. 1 (c) for microstructure analysis and performance evaluation of wear resistance, compressive performance, and electrochemical performance. The microstructure of the YOZ surface in Fig. 1 (c) was observed using an OLYMPUS-GX71 optical microscope (OM), a Leo Supra 55 field emission scanning electron microscope (SEM) equipped with an energy-dispersive spectroscopy (EDS) probe, and a JEM-2100 F transmission electron microscope (TEM). An XRD-7000 X-ray diffractometer equipped with Cu target material with a wavelength of 0.154 nm was employed to analyze the phases of different samples at a scanning angle range of 20 ° - 90 ° and a scanning speed of 5 °/min.",
                "The MicroMet-510 MHV 2000 digital microhardness tester was utilized to test the hardness of different post heat-treated samples on the YOZ surface shown in Fig. 1 (c), with a test load of 50 g and a dwell time of 10 s. The wear resistance of the sample surface was evaluated using the MMU-1 G high-temperature end-face friction and the friction pair material is Al2O3 ceramic, as shown in Fig. 1 (c). The samples with a diameter of 5 mm and height of 6 mm were tested at a friction speed of 100 r/min for 10 min under a load of 40 N.",
                "The post heat-treated samples with a diameter of 3 mm and a height of 4 mm were subjected to compression testing using an AG-XPLUS100KN electronic universal testing machine at a rate of 5×10−3 s−1, as observed in Fig. 1 (c). According to the Vickers indentation method , the fracture toughness (K IC) of the samples was evaluated using a VH-500AC Vickers hardness tester under a load of 490 N with a dwell time of 10 s. Subsequently, the crack propagation distance from the tip of the hardness indentation and the relative proportions of each indentation were statistically analyzed under a scanning electron microscope to calculate the K IC values for different samples.",
                "The electrochemical corrosion performance of different samples was measured using a CS350 electrochemical workstation. A platinum electrode served as the auxiliary electrode, a calomel electrode functioned as the reference electrode, and the cladded samples were the working electrodes. To determine the open circuit potential (EOCP), these samples were allowed to rest in a 3.5 wt% NaCl solution for 20 minutes. Subsequently, the polarization curve of the sample was tested at a scanning range of EOCP ± 500 mV and a scanning rate of 0.5 mV·s−1."
            ],
            "name": "Characterization and testing methods",
            "type": "ce_section"
        },
        {
            "content": [
                {
                    "content": [
                        "Fig. 6 shows the XRD patterns of cladded and post heat-treated samples. The cladded sample microstructure is mainly composed of α-Al matrix, T-phase (T-AlMgZnCuZrEr), Al6Mn, Mg2Si, Al3Zr and Al3(Er,Zr). No new phases were observed in the post heat-treated samples, but there was a change in the phase content. Further observation of the XRD patterns shown in Fig. 6 (b) reveals that the α-Al peak of the aged sample shifts towards the right. According to the Bragg equation and the face-centered cubic (FCC) interplanar spacing formula ： 2dsinθ=nλ d=ah2+k2+l2 where λ is the wavelength, an increase in the angle (θ) corresponds to a decrease in the interplanar spacing (d) and the lattice constant (a).",
                        "Due to the larger atomic radii of Mg, Zn, and Cu solute atoms compared to the Al atom, these solute atoms exist as substitutional solute atoms within the α-Al solid solution. Owing to the diffusion of these solute atoms from the α-Al phase to form the T-phase after aging, the solid solubility in α-Al reduced to decrease the a and d, which increased θ. Conversely, the α-Al peak in the annealed and T6-treated samples shifts gradually towards the left, signifying an elevated solid solubility of the samples. Of these post heat-treated samples, the T6-treated sample exhibits higher solid solubility due to the diffusion of solute atoms from the T-phase into the α-Al matrix during the solid solution stage.",
                        "Fig. 7 displays the scanning morphology and EDS information of different samples. Based on the analysis results of Fig. 6 and our previous research , it can be confirmed that the gray network phases with internal cell-like α-Al as seen in Fig. 7 is the novel T-AlMgZnCuZrEr phase, which is the most important microstructure for enhancing performance matching of the alloy. Therefore, the area fraction of T-phase (T-phase area fraction), the size of network morphology enclosed by neuron-shaped T-phase (T-network size), and the size of cell-like structure inside the T-phase (cell-like structure size) of different samples were calculated using the area method by Image-Pro Plus and summarized in Table 3. The results indicate that due to the addition of Er rare earth elements, the affinity between Er and Cu solute atoms in the T-phase was increased to prompt the T-phase evolution under low-temperature aging heat treatment . After aging, more T-phase precipitated in the aged sample with a nearly 15 vol% rise, which is consistent with the decreased solid solubility observed in the aged sample as depicted in Fig. 6. Additionally, as the precipitated T-phases interconnected, the T-network size in the aged sample reduced from 12.59 μm to 8.92 μm. Moreover, the cell-like structure size inside the T-phase increased by nearly 10 % after aging, reaching 0.35 μm as shown in Fig. 7 (b).",
                        "However, after annealing, the T-phase area fraction slightly decreased to 26 %, while the T-network size increased to 13.02 μm and the cell-like structure size inside the T-phase enlarged to 0.35 μm. Furthermore, after T6 post heat treatment, the sample exhibited the lowest T-phase area fraction due to the increase in solid solubility of ∼15 %, while the T-network and cell-like structure size further increased to 13.93 μm and 0.93 μm, respectively. The above results indicate that post heat treatments have a significant impact on the T-phase area fraction, T-network size, and cell-like structure size inside the T-phase, indicating the variation in properties among distinct post heat-treated samples.",
                        "Fig. 8 illustrates the changes in the grain size of the samples after different post heat treatments. It can be observed that the sample grain coarsened after post heat treatments, but the grain orientation remained relatively uniform and there was no noticeable texture produced. Additionally, the grain size increased with an elevated post heat treatment temperature. After aging at 200 °C, the coarsening degree of grains was relatively small, ranging from 2.24 μm to 2.51 μm. However, after high-temperature annealing at 325 °C, the grain size coarsened to 4.52 μm. When the post heat treatment temperature was further raised to 465 °C during T6 treatment, the grain growth became even more obvious, reaching 8.05 μm, approximately 3.6 times that of the cladded sample.",
                        "The results in Fig. 8 indicate that the grain growth change degree was attributed to the increase in post heat treatment temperature, the overall grain size shows a growing trend with increasing temperature. The growth of grains is mainly attributed to the following mechanisms: Firstly, post heat treatment provided energy, and promoted the diffusion of Mg, Zn, and Cu solute atoms, which caused the merging of polygonal grain boundaries to promote grain growth . Secondly, there is a compositional fluctuation between the solute atoms content dissolved inside the T-phase grown at the grain boundary and the solute atoms content in the α-Al matrix. Under the action of heat treatment, these solute atoms diffused into the matrix, and the diffusion rate accelerated with the increase in temperature . The high diffusion rate of solute atoms caused the dissolution of the T-phase at the grain boundary, as shown in Fig. 7, then the grains surrounded by the T-phase grew up in the form of annexation. Therefore, after high-temperature T6 heat treatment at 426 ℃, the maximum size of the grains in the alloy sample reached 8.05 μm."
                    ],
                    "name": "Microstructure evolution of different post heat-treated samples",
                    "type": "ce_section"
                },
                {
                    "content": [
                        "Fig. 9 presents a comparison of the hardness and wear resistance of various samples with a summary provided in Table 4. In Fig. 9 (a), the aged sample exhibited the highest hardness of 193 HV, which was about 12 % higher than that of the cladded sample. The rise of hardness was attributed to the increased area fraction of hard T-phase after aging. However, after annealing, the hardness of the sample significantly declined by nearly 10 % attributed to grain growth. After T6 treatment, the increased solid solubility of α-Al during the solid solution treatment enhanced lattice distortion and facilitated solid solution strengthening, causing a decrease in the trend of hardness decline.",
                        "In Fig. 9 (b), it can be observed that the friction coefficients of different samples exhibited fluctuations in the initial 300 s, and then became relatively stable. Moreover, the aged sample exhibited the lowest average friction coefficient of 0.43, which decreased by nearly 20 % compared to that of the cladded sample. However, after annealing and T6 treatments, the friction coefficients of the samples increased to 0.61 and 0.59, respectively. Fig. 9 shows the relationship between the friction coefficient, wear rate, and hardness of the samples. As the hardness increased, the friction coefficient and wear rate gradually decreased, which enhanced the wear resistance of the samples. Therefore, due to the high hardness of 193 HV, the aged sample demonstrated a lower wear rate of 3.87 cm3×10−6/(N·m) and excellent wear resistance as shown in Fig. 9 (d).",
                        "Fig. 10 presents the friction surface morphology and EDS of the post heat-treated samples. From the figure, various samples exhibited valleys with different widths and fracture chipping pits of varying areas on the friction surface, which was attributed to the strain-hardening effect of α-Al under a 40 N load. Further analysis of Fig. 10 (a) reveals that there was a minor amount of abrasive dust in the valley, and the fracture chipping pits formed in the plastic deformation zone surrounding the valley. As wear progresses, these fracture chipping pits gradually connect to form a fracture surface. In Fig. 10 (b), it can be observed that the abrasive dust primarily consisted of hard Al6Mn and Mg2Si particles, while Al2O3 oxide adhered to the friction surface.",
                        "After aging, owing to the hardness increased to 193 HV, the friction surface became relatively flat with narrower valleys and shallower fracture chipping pits, as presented in Fig. 10 (c). In addition, the T-phase evolution is an important reason for the better wear resistance of aged samples. The precipitation of hard T-phase after aging helped to protect the soft phase α-Al matrix from wear during the friction process of the sample. When the wear continued, the hard T-phase was exposed on the sample surface and generated a supportive effect to hinder the wear of α-Al as shown in Fig. 10 (d), which increased the wear resistance of the aged sample. However, after annealing and T6, the friction surfaces of the samples became rougher with larger and deeper valleys and fracture chipping pits, as depicted in Fig. 10 (e) and (f), attributing to the decreased sample hardness. Therefore, due to the flat friction surface and the lowest wear rate, the aged sample exhibited optimal wear resistance."
                    ],
                    "name": "Hardness and wear resistance of the samples",
                    "type": "ce_section"
                },
                {
                    "content": [
                        "Fig. 11 compares the mechanical properties of the samples, and Table 4 presents the statistical results of compression strength (σ bc), yield strength (σ ys), maximum deformation (ε c), and toughness (K IC) of the various samples. As shown in the figure and table, different post heat treatments had a significant improvement effect on the mechanical properties of the cladded samples, with the aging treatment having the highest improvement effect. The compressive strength, yield strength, deformation, and toughness of the aged samples were 703 MPa, 435 MPa, 26 % and 45 MPa·m1/2, respectively, which increased to 13 %, 10 %, 60 %, and 18 % compared to those of the cladded sample. Meanwhile, the compressive strength and toughness product (Z) of the aged sample improved by 30 %, reaching 31644 MPa·m1/2. However, after annealing, the ε c and K IC of the sample increased by 38 % and 13 %, respectively, and the Z improved by 12 %. After T6 treatment, the ε c and K IC of the sample increased to 20 % and 40 MPa·m1/2, respectively, while the Z elevated to 25083 MPa2·m1/2. Therefore, the aged sample exhibited the highest strength-toughness matching, which was closely related to the T-phase evolution after aging."
                    ],
                    "name": "Strength and toughness of the samples",
                    "type": "ce_section"
                },
                {
                    "content": [
                        "The polarization curves of various samples were compared in Fig. 12, while their corrosion potential and corrosion current density were provided in Table 5. It can be observed that the aged sample exhibited the highest corrosion potential of −0.7 V. However, after annealing and T6 post heat treatment, multiple polarizations occurred during the corrosion testing, and the final polarization potentials were −0.75 V and −0.74 V, respectively. Fig. 13 presents the corrosion surface morphology of the samples. In the figure, the aged sample displayed a more uniform corrosion surface with only a small amount of corrosion pits which were mostly located at the intersection of the T-network. Conversely, after annealing and T6 treatment, multiple deep corrosion pits appeared on the corrosion surface of the samples as shown in Fig. 13 (c) and (d). However, after annealing, the hardness of the sample significantly declined by nearly 10 % attributed to grain growth. Therefore, due to the high corrosion potential and the smoothest corrosion surface, the aged sample exhibited the best corrosion resistance."
                    ],
                    "name": "Corrosion resistance of the samples",
                    "type": "ce_section"
                }
            ],
            "name": "Results",
            "type": "ce_section"
        },
        {
            "content": [
                {
                    "content": [
                        "Fig. 6 shows the XRD patterns of cladded and post heat-treated samples. The cladded sample microstructure is mainly composed of α-Al matrix, T-phase (T-AlMgZnCuZrEr), Al6Mn, Mg2Si, Al3Zr and Al3(Er,Zr). No new phases were observed in the post heat-treated samples, but there was a change in the phase content. Further observation of the XRD patterns shown in Fig. 6 (b) reveals that the α-Al peak of the aged sample shifts towards the right. According to the Bragg equation and the face-centered cubic (FCC) interplanar spacing formula ： 2dsinθ=nλ d=ah2+k2+l2 where λ is the wavelength, an increase in the angle (θ) corresponds to a decrease in the interplanar spacing (d) and the lattice constant (a).",
                        "Due to the larger atomic radii of Mg, Zn, and Cu solute atoms compared to the Al atom, these solute atoms exist as substitutional solute atoms within the α-Al solid solution. Owing to the diffusion of these solute atoms from the α-Al phase to form the T-phase after aging, the solid solubility in α-Al reduced to decrease the a and d, which increased θ. Conversely, the α-Al peak in the annealed and T6-treated samples shifts gradually towards the left, signifying an elevated solid solubility of the samples. Of these post heat-treated samples, the T6-treated sample exhibits higher solid solubility due to the diffusion of solute atoms from the T-phase into the α-Al matrix during the solid solution stage.",
                        "Fig. 7 displays the scanning morphology and EDS information of different samples. Based on the analysis results of Fig. 6 and our previous research , it can be confirmed that the gray network phases with internal cell-like α-Al as seen in Fig. 7 is the novel T-AlMgZnCuZrEr phase, which is the most important microstructure for enhancing performance matching of the alloy. Therefore, the area fraction of T-phase (T-phase area fraction), the size of network morphology enclosed by neuron-shaped T-phase (T-network size), and the size of cell-like structure inside the T-phase (cell-like structure size) of different samples were calculated using the area method by Image-Pro Plus and summarized in Table 3. The results indicate that due to the addition of Er rare earth elements, the affinity between Er and Cu solute atoms in the T-phase was increased to prompt the T-phase evolution under low-temperature aging heat treatment . After aging, more T-phase precipitated in the aged sample with a nearly 15 vol% rise, which is consistent with the decreased solid solubility observed in the aged sample as depicted in Fig. 6. Additionally, as the precipitated T-phases interconnected, the T-network size in the aged sample reduced from 12.59 μm to 8.92 μm. Moreover, the cell-like structure size inside the T-phase increased by nearly 10 % after aging, reaching 0.35 μm as shown in Fig. 7 (b).",
                        "However, after annealing, the T-phase area fraction slightly decreased to 26 %, while the T-network size increased to 13.02 μm and the cell-like structure size inside the T-phase enlarged to 0.35 μm. Furthermore, after T6 post heat treatment, the sample exhibited the lowest T-phase area fraction due to the increase in solid solubility of ∼15 %, while the T-network and cell-like structure size further increased to 13.93 μm and 0.93 μm, respectively. The above results indicate that post heat treatments have a significant impact on the T-phase area fraction, T-network size, and cell-like structure size inside the T-phase, indicating the variation in properties among distinct post heat-treated samples.",
                        "Fig. 8 illustrates the changes in the grain size of the samples after different post heat treatments. It can be observed that the sample grain coarsened after post heat treatments, but the grain orientation remained relatively uniform and there was no noticeable texture produced. Additionally, the grain size increased with an elevated post heat treatment temperature. After aging at 200 °C, the coarsening degree of grains was relatively small, ranging from 2.24 μm to 2.51 μm. However, after high-temperature annealing at 325 °C, the grain size coarsened to 4.52 μm. When the post heat treatment temperature was further raised to 465 °C during T6 treatment, the grain growth became even more obvious, reaching 8.05 μm, approximately 3.6 times that of the cladded sample.",
                        "The results in Fig. 8 indicate that the grain growth change degree was attributed to the increase in post heat treatment temperature, the overall grain size shows a growing trend with increasing temperature. The growth of grains is mainly attributed to the following mechanisms: Firstly, post heat treatment provided energy, and promoted the diffusion of Mg, Zn, and Cu solute atoms, which caused the merging of polygonal grain boundaries to promote grain growth . Secondly, there is a compositional fluctuation between the solute atoms content dissolved inside the T-phase grown at the grain boundary and the solute atoms content in the α-Al matrix. Under the action of heat treatment, these solute atoms diffused into the matrix, and the diffusion rate accelerated with the increase in temperature . The high diffusion rate of solute atoms caused the dissolution of the T-phase at the grain boundary, as shown in Fig. 7, then the grains surrounded by the T-phase grew up in the form of annexation. Therefore, after high-temperature T6 heat treatment at 426 ℃, the maximum size of the grains in the alloy sample reached 8.05 μm."
                    ],
                    "name": "Microstructure evolution of different post heat-treated samples",
                    "type": "ce_section"
                },
                {
                    "content": [
                        "Fig. 9 presents a comparison of the hardness and wear resistance of various samples with a summary provided in Table 4. In Fig. 9 (a), the aged sample exhibited the highest hardness of 193 HV, which was about 12 % higher than that of the cladded sample. The rise of hardness was attributed to the increased area fraction of hard T-phase after aging. However, after annealing, the hardness of the sample significantly declined by nearly 10 % attributed to grain growth. After T6 treatment, the increased solid solubility of α-Al during the solid solution treatment enhanced lattice distortion and facilitated solid solution strengthening, causing a decrease in the trend of hardness decline.",
                        "In Fig. 9 (b), it can be observed that the friction coefficients of different samples exhibited fluctuations in the initial 300 s, and then became relatively stable. Moreover, the aged sample exhibited the lowest average friction coefficient of 0.43, which decreased by nearly 20 % compared to that of the cladded sample. However, after annealing and T6 treatments, the friction coefficients of the samples increased to 0.61 and 0.59, respectively. Fig. 9 shows the relationship between the friction coefficient, wear rate, and hardness of the samples. As the hardness increased, the friction coefficient and wear rate gradually decreased, which enhanced the wear resistance of the samples. Therefore, due to the high hardness of 193 HV, the aged sample demonstrated a lower wear rate of 3.87 cm3×10−6/(N·m) and excellent wear resistance as shown in Fig. 9 (d).",
                        "Fig. 10 presents the friction surface morphology and EDS of the post heat-treated samples. From the figure, various samples exhibited valleys with different widths and fracture chipping pits of varying areas on the friction surface, which was attributed to the strain-hardening effect of α-Al under a 40 N load. Further analysis of Fig. 10 (a) reveals that there was a minor amount of abrasive dust in the valley, and the fracture chipping pits formed in the plastic deformation zone surrounding the valley. As wear progresses, these fracture chipping pits gradually connect to form a fracture surface. In Fig. 10 (b), it can be observed that the abrasive dust primarily consisted of hard Al6Mn and Mg2Si particles, while Al2O3 oxide adhered to the friction surface.",
                        "After aging, owing to the hardness increased to 193 HV, the friction surface became relatively flat with narrower valleys and shallower fracture chipping pits, as presented in Fig. 10 (c). In addition, the T-phase evolution is an important reason for the better wear resistance of aged samples. The precipitation of hard T-phase after aging helped to protect the soft phase α-Al matrix from wear during the friction process of the sample. When the wear continued, the hard T-phase was exposed on the sample surface and generated a supportive effect to hinder the wear of α-Al as shown in Fig. 10 (d), which increased the wear resistance of the aged sample. However, after annealing and T6, the friction surfaces of the samples became rougher with larger and deeper valleys and fracture chipping pits, as depicted in Fig. 10 (e) and (f), attributing to the decreased sample hardness. Therefore, due to the flat friction surface and the lowest wear rate, the aged sample exhibited optimal wear resistance."
                    ],
                    "name": "Hardness and wear resistance of the samples",
                    "type": "ce_section"
                },
                {
                    "content": [
                        "Fig. 11 compares the mechanical properties of the samples, and Table 4 presents the statistical results of compression strength (σ bc), yield strength (σ ys), maximum deformation (ε c), and toughness (K IC) of the various samples. As shown in the figure and table, different post heat treatments had a significant improvement effect on the mechanical properties of the cladded samples, with the aging treatment having the highest improvement effect. The compressive strength, yield strength, deformation, and toughness of the aged samples were 703 MPa, 435 MPa, 26 % and 45 MPa·m1/2, respectively, which increased to 13 %, 10 %, 60 %, and 18 % compared to those of the cladded sample. Meanwhile, the compressive strength and toughness product (Z) of the aged sample improved by 30 %, reaching 31644 MPa·m1/2. However, after annealing, the ε c and K IC of the sample increased by 38 % and 13 %, respectively, and the Z improved by 12 %. After T6 treatment, the ε c and K IC of the sample increased to 20 % and 40 MPa·m1/2, respectively, while the Z elevated to 25083 MPa2·m1/2. Therefore, the aged sample exhibited the highest strength-toughness matching, which was closely related to the T-phase evolution after aging."
                    ],
                    "name": "Strength and toughness of the samples",
                    "type": "ce_section"
                },
                {
                    "content": [
                        "The polarization curves of various samples were compared in Fig. 12, while their corrosion potential and corrosion current density were provided in Table 5. It can be observed that the aged sample exhibited the highest corrosion potential of −0.7 V. However, after annealing and T6 post heat treatment, multiple polarizations occurred during the corrosion testing, and the final polarization potentials were −0.75 V and −0.74 V, respectively. Fig. 13 presents the corrosion surface morphology of the samples. In the figure, the aged sample displayed a more uniform corrosion surface with only a small amount of corrosion pits which were mostly located at the intersection of the T-network. Conversely, after annealing and T6 treatment, multiple deep corrosion pits appeared on the corrosion surface of the samples as shown in Fig. 13 (c) and (d). However, after annealing, the hardness of the sample significantly declined by nearly 10 % attributed to grain growth. Therefore, due to the high corrosion potential and the smoothest corrosion surface, the aged sample exhibited the best corrosion resistance."
                    ],
                    "name": "Corrosion resistance of the samples",
                    "type": "ce_section"
                }
            ],
            "name": "Results",
            "type": "ce_section"
        },
        {
            "content": [
                {
                    "content": [
                        "As depicted in Fig. 7, the SEM images of the various post heat-treated samples reveal that the T-phase evolution during post heat treatment was mainly inside the T-phase area fraction, T-network size and the cell-like structure size inside the T-phase. The main mechanisms that led to T-phase evolution are as follows:",
                        "T-phase precipitation to refine T-network",
                        "Fig. 14 displays TEM photos of the cladded and aged samples, while Fig. 15 illustrates the mechanism diagram of T-phase precipitation and dissolution under different post heat treatments. From Fig. 14 (a), it can be seen that the typical T-phase morphology is composed of multiple cell-like α-Al structures inside it. Fig. 14 (b) displays that the cell-like structure inside the T-phase has a strong inhibitory effect on dislocations. Further magnifying the T-phase as shown in Fig. 14 (c), there are GP regions inside the α-Al phase. Under rapid cooling rate of cladding, these GP regions formed a metastable T′ phase with the EDS information shown in Fig. 14 (d). After aging, since the aging temperature was set at 200 °C, the diffusion activation energy of Mg, Zn and Cu solute atoms in α-Al increased, thereby accelerating the rate of solute atom aggregation to form GP zones shown in Fig. 14 (e). These GP zones gradually transformed into elongated T′ phases with the EDS information shown in Fig. 14 (f) and the diffraction pattern displayed in Fig. 14 (g). Subsequently, as the solute atoms continued to aggregate, these T′ phases gradually interconnected to form a T-network , as shown in Fig. 14 (h). Furthermore, the addition of Er and Zr rare earth elements formed high melting point Al3Zr and Al3(Er,Zr) phases shown in Fig. 7, which promoted the heterogeneous nucleation of T-phase due to the energy fluctuation of heat treatment. Therefore, after aging, the T-phase area fraction increased to 32 % and the T-network size refined to 8.92 μm, corresponding to the results in Table 3.",
                        "T-phase concave surface dissolution to enlarge the cell-like structure",
                        "High-temperature post heat treatment accelerates the diffusion of Mg, Zn and Cu solute atoms within the T-phase in the sample, leading to their redistribution in the α-Al solid solution. In Fig. 15 (b), it can be observed that both the T-network and its internal cell-like structure exhibit concave surfaces, where the diffusion rate of solute atoms is affected by the interface curvature. According to the Gibbs-Thompson equation ： lnC(r)C(∞)=∆PVmRT where C represents the solute concentration; ∆P represents the increment of free energy, ∆P=2σ/r, where r is the particle radius, σis the surface tension on the particle boundary; Vm is the molar volume; R is the molar gas constant; T is the thermodynamic temperature. The concave surfaces in the refined T-network or cell-like structure displayed a big curvature to generate large free energy (∆P), which reduced the critical pressure required to overcome the phase transition and increase the diffusion rate of solute atoms. Consequently, during post heat treatments, solute atoms like Mg, Zn, and Cu easily migrated from the T-phase to the α-Al phase, which resulted in the T-phase concave surface dissolution to enlarge the cell-like structure, as shown in Fig. 7 (b)-(d).",
                        "In addition, the post heat treatment temperature is a significant factor influencing the T-phase evolution. With a lower aging temperature of 200 ℃, the excellent chemical attraction of Er and Cu elements increased the stability of the T-phase , resulting in the precipitation rate of the T-phase being close to the dissolution rate, resulting in an increase of the T-phase area fraction to 32 % and an enlargement of the cell-like structure inside the T-phase to 0.35 μm, as observed in Fig. 7 (b). However, the annealing temperature of 325 ℃ is higher than the aging temperature, the chemical affinity between Er and Cu was insufficient to resist the driving force of energy fluctuations generated by high-temperature annealing on element diffusion, thus the T-phase dissolution rate surpassed the precipitation rate shown in Fig. 15 (c), which decreased the T-phase area fraction to 26 % and further enlarged the cell-like structure size to 0.44 μm displayed in Fig. 7 (c). Furthermore, since the T6 treatment has the highest post heat treatment temperature of 465 ℃, the T-phase concave surface dissolution rate was the highest, causing the enlargement of the cell-like structure size to 0.93 μm as exhibited in Fig. 7 (d). Therefore, under the thermal driving force of post heat treatments, Mg, Zn, Cu, Er and Zr solute atoms diffused from the T-phase with high solute concentration to the α-Al matrix with low solute concentration, forming a T-phase concave surface dissolution mechanism to enlarge the cell-like structure size inside the T-phase of the sample."
                    ],
                    "name": "T-phase evolution mechanisms during post heat treatments",
                    "type": "ce_section"
                },
                {
                    "content": [
                        "Fig. 16 depicts the mechanism diagram of T-phase evolution before and after post heat treatment on the wear resistance of the samples. In Fig. 16 (a) and (b), the cladded sample generated relative motion with the friction pair during the friction process. The sliding friction leads to the abrasion of the soft α-Al on the friction surface, causing wear of the sample. The main wear mechanisms observed in the cladded sample are as follows: Firstly, the hard Al6Mn and Mg2Si particles with weaker bonding to the matrix were peeled off and acted on the sample surface to produce abrasive wear. Secondly, as friction continued, Al on the sample surface reacted with O to form Al2O3, which adhered to the sample surface due to the heat generated by friction, resulting in oxidative and adhesive wear as indicated in Fig. 16 (b).",
                        "Furthermore, the hard T-phase served as a skeleton to protect the internal soft α-Al and inhibit the wear of the sample . As a result, the T-phase evolution after post heat treatment was crucial for changing the wear resistance of the post heat-treated samples. According to the statistical results in Table 3 and Table 4, a three-dimensional model shown in Fig. 17 (a) was plotted to illustrate the influence of T-phase area fraction and cell-like structure size inside the T-phase on wear resistance. Based on Fig. 16, it can be inferred that the influence mechanism of T-phase evolution on the wear resistance of the sample after post heat treatments mainly involve the following two aspects:",
                        "Hindrance mechanism of refined T-network to dislocation movement",
                        "Fig. 17 (a) illustrates the effect of T-phase area fraction after post heat treatment on wear resistance. It is observed that as the T-phase area fraction increased after post heat treatment, the wear rate of the sample first rose and then fell, while the wear resistance initially declined and then improved. When the T-phase area fraction was low, the decline in the wear resistance of the sample was mainly because the increased T-phase area fraction reduced the solid solution strengthening effect. However, when the T-phase area fraction continued to increase beyond 26 %, the improved wear resistance was attributed to the significant refinement of the T-network, which effectively hindered the dislocation movement in the α-Al phase presented in Fig. 14 (b) and Fig. 16 (d), enhancing the dislocation strengthening effect.",
                        "According to the relationship expression between dislocation strengthening σD and dislocation densityρ : σD=MaGbρ1/2 where M=3.06 is the mean matrix orientation factor for Al , a=0.2 is a constant, G=25.4 GPa is the shear modulus of α-Al at room temperature, b=0.286 is the Burger vector, ρ is the dislocation density in the Al alloy. ρ=2θ/μb where θis the average value of local misorientation calculated from the kernel average misorientation (KAM) diagram of EBSD shown in Fig. 17 (b)-(d), μ= 0.5 μm is the step size selected for the EBSD experiment. According to Eq. 5, the θ of the aged sample increases to 0.42°, and the dislocation density rises to 5.9×1014 cm−2. Consequently, due to the increase in T-phase area fraction to 32 % and the refinement of T-network to 8.92 μm, the aged sample exhibits a high dislocation strengthening effect of up to 108 MPa, which improves the wear resistance of the sample.",
                        "Enhancement mechanism of enlarged cell-like structure to deformation resistance",
                        "The cell-like structure evolution after post heat treatments is another crucial factor that affects the wear resistance of the sample. In Fig. 17, as the cell-like structure size enlarged, the wear resistance of the sample initially improved and then decreased. When the cell-like structure size increased but remained below 0.35 μm, the improved wear resistance of the sample was due to that the enlargement of the cell-like structure was beneficial for accommodating more strain to enhance the deformation resistance , as illustrated in Fig. 16 (e). However, when the cell-like structure size further enlarged beyond 0.35 μm, the decreased wear resistance of the samples was attributed to that the decline of T-phase area fraction reduced the dislocation strengthening effect of the T-phase.",
                        "Therefore, due to the cell-like structure increased by 10 % to 0.35 μm after aging, the better interfacial binding force between T-phase and α-Al ( Fig. 18 (a)) increased the critical shear stress required for shear protrusions, meanwhile the enlarged cell-like structure accommodated more strain (Fig. 18 (b)), these two factors enhanced the deformation resistance to improve the wear resistance of aged samples by 28 % compared to that of the cladded sample."
                    ],
                    "name": "Mechanisms of T-phase evolution on wear resistance",
                    "type": "ce_section"
                },
                {
                    "content": [
                        "The enhancement of strength and toughness in post heat-treated samples is closely related to the T-phase evolution. The relationship can be explained by constructing a matching equation between the quantity, size, and structure of the T-phase and the strength-toughness of the alloy sample.",
                        "Dispersion strengthening mechanisms of T-phase precipitation",
                        "After dividing the model unit, the expression for the average T-phase size RT can be formulated as : RT=∅T∅α−Al1/2×Rα−Al4 whereRα−Al is the average radius of a cell-like structure (Rcell). By combining the dispersion strengthening formula with the relationship formula between the spacing between parallel planes and the area fraction and size of precipitates, the relationship expression for the average radius (R) and area fraction (ϕ) of particles, as well as the dispersion strengthening effect (σor) can be derived as follows ： σor=M0.4πG1−vln(2(2/3R)b)3π4ϕ1/2−1.64R where v=0.34 is the Poisson’s ratio for Al . Since the microstructure of the cladded sample is mainly composed of T-phase and α-Al phase, with an area fraction of other precipitated phases at approximately 5 %, for simplification,∅α−Al is expressed as (1-∅T). By substituting the Eq. (6) into Eq. (7), the expression for the T-phase area fraction (∅T), the cell-like structure size (Rcell), and the dispersion strengthening effect (σor) is obtained after simplification: σor=501−∅Tln⁡10∅T1−∅T1/2×Rcell1−∅T1/2×Rcell",
                        "By inputting the T-phase area fraction and cell-like structure size of the post heat-treated samples in Table 3 into Eq. (8), the dispersion strengthening effect of T-phase after post heat treatments can be calculated, as displayed in the three-dimensional graph of Fig. 19 (a). Analysis of the graph reveals that increasing the ∅T and reducing the Rcellcan enhance the dispersion strengthening effect of the sample. According to Eq. (8), the strengthening effect of the T-phase after aging was calculated to be about 240 MPa, representing a 26 % increase compared to that of the cladded sample and raising the compressive strength of the aged sample to 703 MPa.",
                        "Toughening mechanism of enlarged cell-like structure to hinder crack propagation",
                        "Based on the influence of precipitated particles on the fracture toughness (K IC) of aluminum alloys, quantitative factors such as particle size and area fraction were introduced into the Hahn and Rosenfield equations to obtain the following equation: KIC=2σysπ61/3ED1/2∅−1/6 where E and σys represent the elastic modulus and yield strength of the cladded sample, D represents the particle diameter, and ∅ represents the particle area fraction. By substituting the Eq. (6) into Eq. (9), the expression for the T-phase area fraction (∅T), the cell-like structure size (Rcell), and the fracture toughness (K IC) was obtained as follows: KIC=σysπ61/3E∅T1−∅T1/2Rcell1/2∅T−1/6",
                        "According to the equation for the influence of solute atoms on yield strength : σys=MGbε3/2c, because the solute atoms are mainly Mg atoms, the empirical coefficient εMg is 0.38. cMg is the solute concentration of Mg related to the ∅T. According to the EDS results of these samples, it can be obtained that cMg=−27∅T+15. After simplification, Eq. (10) can be expressed as: KIC=11(15−27∅T1−∅T)1/4Rcell1/2∅T−1/12",
                        "By substituting the T-phase area fraction and the cell-like structure size after different post heat treatments from Table 3 into Eq. (11), the fracture toughness after different post heat treatments were calculated illustrated in Fig. 19 (b). From the graph, it can be analyzed that the decreased T-phase area fraction and the increased cell-like structure size can enhance the toughness. Therefore, after aging treatment, since the cell-like structure size increased by nearly 10 %, the T-phase in the aged sample can accommodate more strain to prevent crack propagation, thereby improving the toughness of the aged sample . According to Eq. (11), the toughening effect of the T-phase in the aged sample was calculated to be around 4 MPa·m1/2 with an increase of 5 % compared to that in the cladded sample, resulting in an enhancement in the toughness of the aged sample to 45 MPa·m1/2, as detailed in Table 4.",
                        "Strength-toughness matching equation related to T-phase evolution",
                        "The strength-toughness matching equation of T-phase in cladded Al-Mg-Zn-(Cu-Er-Zr) alloy can be derived based on Eqs. (8) and (11) as follows: ZT=σor∙KIC=724ln⁡10∅T/1−∅T1/2×Rcell1+∅T1/4×Rcell1/2×(5−9∅T)1/4∅T−1/12",
                        "According to Eq. (12), the influence of T-phase evolution on the enhancement of strength-toughness matching in different post heat-treated samples can be further revealed. By substituting the data from Table 3 into Eq. (12) to calculate the compressive strength and toughness product of T-phase (Z T) in various post heat-treated samples, a trend chart illustrating the influence of T-phase area fraction (∅T) and the cell-like structure size (Rcell) on Z T was plotted, as shown in Fig. 19 (c). The figure indicates that the increase of∅T and Rcellwithin a certain range are the two main conditions for enhancing the strength-toughness matching of the cladded Al-Mg-Zn-(Cu-Er-Zr) alloy sample. After aging, the strength-toughness of the aged sample was improved due to the simultaneous fulfillment of these two conditions in the T-phase evolution. According to Eq. (12), the strengthening and toughening effect of the T-phase in the aged sample was calculated to be 30 % higher than that of the T-phase in the cladded sample, reaching 972 MPa2·m1/2.",
                        "Eq. (12) indicates that it is feasible to achieve a superior strength-toughness matching relationship of cladded Al-Mg-Zn-(Cu-Er-Zr) alloy samples by scientifically controlling the T-phase via different post heat treatments. Therefore, to determine the optimal matching microstructure of the alloy sample, the relationship curve between the T-phase area fraction (∅T) and the cell-like structure size (Rcell) on the compressive strength and toughness product (Z) of the alloy in Tables 3 and 4 were plotted in Fig. 20. It can be observed that when adjusting the post heat treatment process parameters to achieve a T-phase area fraction of 28.5 vol%<∅T, meanwhile a cell structure size of 0.35 μm<Rcell<0.4 μm, the sample is expected to obtain a superior strength-toughness matching of 32000 MPa2·m1/2, which is 30 % higher than that of the cladded sample."
                    ],
                    "name": "Strengthening and toughening mechanisms of T-phase evolution",
                    "type": "ce_section"
                },
                {
                    "content": [
                        "Fig. 21 shows the influence mechanisms of the cell-like structure evolution inside the T-phase after post heat treatments on the corrosion resistance of the samples. The dispersed precipitation of the network T-phase led to a relatively uniform electrochemical corrosion, as displayed in Fig. 21 (a). After aging, because the T-phase area fraction increased, more ultrafine cell-liked structures were formed in the sample to create a strong interfacial tension on the corrosion solution surface with a \"filtering\" effect on the electrolyte . This interfacial tension hindered further corrosion, thereby enhancing the corrosion resistance of the aged sample, as demonstrated in Fig. 21 (b) and (c).",
                        "After high-temperature annealing and T6 post heat treatment, the cell-like structure inside the T-phase was further coarsened to over 0.35 μm. The coarsening resulted in insufficient surface tension of the water molecule for the T-phase to carry more electrolyte, which caused corrosion at the phase interface of the sample, as displayed in Fig. 21 (d). As corrosion progressed, the dispersed cell-like structure formed a corrosion product layer on the sample surface, providing a passivation ability to hinder further corrosion. However, owing to the small interfacial tension at the center of the molten pool, the product layer was relatively thin, which caused the formation of large corrosion pits on the sample surface, as observed in Fig. 13 (d). Eventually, the corrosive product layer was stacked into a thick passivation film to hinder further corrosion of the sample as shown in Fig. 21 (e). Consequently, multiple polarizations appeared in the polarization curves of the annealed and T6-treated samples presented in Fig. 12."
                    ],
                    "name": "Corrosion resistance mechanisms of the T-phase evolution",
                    "type": "ce_section"
                },
                {
                    "content": [
                        "The influence mechanisms of T-phase area fraction",
                        "Fig. 22 shows the synergistic effect of T-phase area fraction (Φ T) and its internal cell-like structure size (Rcell) evolution on the strength-toughness, corrosion resistance, and wear resistance of the sample. Firstly, when the Φ T was below 26 %, with the increase of T-phase area fraction, the improvement of dispersion strengthening was higher than the decline of solid solution strengthening, thus enhancing the strength-toughness of the sample. However, within the range of 26 %<Φ T<28, solid solution strengthening primarily influenced the performance of the alloy and as the T-phase area fraction increased, the solid solubility of the sample gradually decreased to reduce the strength-toughness. When Φ T exceeded 28 %, the dispersion strengthening effect of the T-phase became dominant, and the strength-toughness was gradually improved with the increase of Φ T.",
                        "Secondly, the wear resistance of the sample exhibited a pattern of initially decreasing and then increasing with the rise of the T-phase area fraction. The initial decrease in wear resistance is attributed to the significant reduction in sample hardness caused by the decline in solid solubility. When the area fraction exceeded 26 %, the enhancement in wear resistance was attributed to that the higher dislocation strengthening induced by the hard T-network increased sample hardness. Lastly, when the Φ T was below 26 %, the increased T-phase area fraction raised the potential difference between the precipitates and the matrix, which consequently reduced the corrosion resistance of the sample. When the Φ T was further increased, more cell-like structures with a “filtering effect” on the electrolyte formed in the sample, which promoted the improvement of the corrosion resistance of the sample.",
                        "The influence mechanisms of cell-like structure inside the T-phase",
                        "Firstly, when Rcell enlarged from 0.32 μm to 0.35 μm, the toughness was improved due to the hindering effect on crack propagation of enlarged cell-like structure. However when Rcell further increased from 0.35 μm to 0.93 μm, the Rcell became too large, which reduced the dispersion effect of the T-phase in the sample to decline the strength-toughness matching. Secondly, as Rcell continued to increase, the wear resistance exhibited a pattern of initially increasing and then decreasing, which was closely related to the hindering mechanism of the cell-like structure on plastic deformation. Finally, as Rcellincreased from 0.32 μm to 0.35 μm, the corrosion resistance of the sample was improved owing to the “filtering effect” of fined cell-like structure. However, when Rcell was greater than 0.35 μm, the “filtering effect” of the T-phase decreased to reduce the corrosion resistance.",
                        "The synergistic matching equation for strength-toughness, wear resistance, and corrosion resistance related to T-phase evolution",
                        "Based on Fig. 22 , when adjusting the T-phase area fraction and the cell-like structure size so that these three properties were distributed in the outer ring of the spider web, the sample can exhibit the best matching relationship between strength-toughness, wear resistance, and corrosion resistance. To achieve this goal, the T-phase evolution should meet the optimal strength-toughness matching conditions, meanwhile, the lengths of the three performance vectors in the spider web should be roughly equal.",
                        "It has been known that when the T-phase area fraction was 28.5 vol%<∅T and the cell structure size was 0.35 μm<Rcell<0.4 μm, the sample exhibited the optimal strength-toughness matching. Based on the Eq. 12, the length expression of the strength-toughness in Fig. 22 is as follows: Ls−t=ln⁡10∅T/1−∅T1/2×Rcell1+∅T1/4×Rcell1/2×(5−9∅T)1/4∅T−1/12",
                        "According to Fig. 22, when 28.5 vol%<∅T and 0.35 μm<Rcell<0.4 μm, the wear resistance and corrosion resistance of the sample both increased with the rise of ∅T and decrease with the enlargement ofRcell. Therefore, both length expressions of these properties in Fig. 22 can be expressed as follows: Lw−c=7(a∅T/Rcell+b)+0.75",
                        "After substituting the ∅T and Rcell parameters, along with the corresponding wear rate and corrosion potential parameters from Tables 3 and 4, it can be obtained that a=0.256 and b=-0.95.",
                        "Therefore the matching equation for the strength-toughness, wear resistance and corrosion resistance related to T-phase evolution in the cladded Al-Mg-Zn-(Cu-Er-Zr) sample can be expressed as follows: Q=ln⁡10∅T/1−∅T1/2×Rcell1+∅T1/4×Rcell1/2×(5−9∅T)1/4∅T−1/12−2∅T/Rcell+3/2 where ∅T>28.5 vol% and 0.35 μm<Rcell<0.4 μm. When the quality impact factor Q approaches 0, the cladded Al-Mg-Zn-(Cu-Er-Zr) sample exhibits the optimal matching relationship of three properties.",
                        "Based on the analysis of Fig. 20 and Fig. 22, it can be concluded that when 26 vol%<∅T<27.2 vol% or ∅T>28.5 vol%, while the cell-like structure size inside the T-phase ranged from 0.32 μm <Rcell< 0.44 μm, the sample could achieve a better microstructure matching relationship, as depicted in the blue area of Fig. 22. Meanwhile, the strength-toughness, wear resistance, and corrosion resistance of the sample were located in the red area of Fig. 22, which indicated the high matching relationship of three properties. More importantly, using post heat treatments to regulate the T-phase to make ∅T>28.5 vol% and 0.35 μm<Rcell<0.4 μm, meanwhile the Q in Eq. (15) close to 0, a novel cladded Al-Mg-Zn-(Cu-Er-Zr) aluminum alloy sample with optimal comprehensive performance can be fabricated.",
                        "In summary, based on laser powder bed fusion of Al-Mg-Zn-(Cu-Er-Zr) alloy, the effects of the T-phase area fraction and the cell-like structure size inside the T-phase in alloy samples before and after different post heat treatments on the matching of strength-toughness, wear resistance, and corrosion resistance were finely studied. The results showed that the comprehensive performance of the alloy sample was significantly improved after post heat treatments. Compared with the cladded sample, the strength-toughness, wear resistance and corrosion resistance of the aged sample were improved by 30 %, 28 %, and 1.4 %, respectively. At the same time, the relationship between the T-phase evolution and the performance enhancement was emphatically clarified, and a three-performance matching relationship model of the alloy was first constructed based on the strength-toughness matching equation. A new laser powder bed fusion followed by post heat treatment process for preparing Al-Mg-Zn-(Cu-Er-Zr) alloy with superior strength-toughness, wear resistance and corrosion resistance was obtained, which provided a valuable reference for the study of laser additive manufacturing aluminum alloy parts with different matching relationships of strength-toughness, wear resistance and corrosion resistance."
                    ],
                    "name": "Influence mechanisms of T-phase evolution on strength-toughness, wear resistance and corrosion resistance matching",
                    "type": "ce_section"
                }
            ],
            "name": "Discussion",
            "type": "ce_section"
        }
    ],
    "Title": "Effects of post heat treatment on key T-phase evolution and the matching mechanism of enhanced strength-toughness, wear resistance and corrosion resistance in Al-Mg-Zn-(Cu-Er-Zr) alloy by laser powder bed fusion",
    "abstract": "Al-Mg-Zn-(Cu-Er-Zr) system alloy is a novel alloy designed by materials genetic method for laser additive manufacturing of lightweight brake discs and the T-phase (T-AlMgZnCuZrEr) in this alloy is the most important microstructure for enhancing performance matching of the alloy. Scientifically regulating the T-phase evolution through innovative preparation processes to improve the matching of strength-toughness, wear resistance, and corrosion resistance in this novel alloy is the fundamental work for preparing high-performance lightweight high-speed train brake disc parts using laser additive manufacturing. In this work, laser powder bed fusion and post heat treatments were employed to prepare Al-Mg-Zn-(Cu-Er-Zr) alloy samples with the superior matching of strength-toughness, wear resistance and corrosion resistance, and the key T-phase evolution and performance enhancement mechanisms of the samples were studied. The results indicate that post heat treatments significantly influenced the quantity, size, and structure of the T-phase in the cladded sample, which significantly enhanced the strength-toughness, wear resistance and corrosion resistance matching of the alloy. It is found that under the optimized aging treatment at 200 (degrees) C/6 h, due to the evolution of T-phase area fraction and cell-like structure inside the T-phase, the strength-toughness, wear resistance and corrosion resistance were improved by 30 %, 28 %, 1.4 %, respectively. The precipitation and concave dissolution mechanisms of the T-phase during post heat treatment have been finely revealed, and a three-performance matching relationship model has been successfully constructed based on the strength-toughness matching equation. A new laser powder bed fusion followed by the aging process to manufacture an Al-Mg-Zn-(Cu-Er-Zr) alloy sample with the superior matching of strength-toughness, corrosion resistance, and wear resistance has been obtained, which provides a valuable reference for laser additive manufacturing high-performance lightweight aluminum alloy brake disc parts."
}