{
    "DOI": "10.1016/j.msea.2017.08.100",
    "Journal": "Materials Science and Engineering: A",
    "Keywords": [
        "Mg-Gd-Y-Zr",
        "Heat treatment",
        "Impact toughness",
        "Fracture toughness",
        "Cast magnesium alloy"
    ],
    "Sections": [
        {
            "content": [
                {
                    "content": [
                        "Fig. 2 shows the typical SEM micrographs of the as-cast GW63 alloy. The microstructure of as-cast alloy mainly consisted of equiaxed α-Mg matrix and eutectic compounds distributed along grain boundaries. The average grain size of as-cast alloy was about 45 µm. The volume fraction of eutectic compounds was a little lower than that of GW magnesium alloys with higher Gd content, such as GW103 and GW123 alloy . It was found that a few cuboid-shaped phases located at the eutectic compounds in the higher magnified view (Fig. 2(b)), which might form during the solidification of casting process at the high temperature. The EDS results of micro-constitution are listed in Table 1, which indicated that cuboid-shaped phase have higher amount of Gd and Y than eutectic compounds. According to EDS examination and XRD analysis showed in Fig. 3, the phase composition of eutectic compounds was Mg24(Gd, Y)5.",
                        "Solution treatment was carried out at the temperature ranging from 475 ℃ to 515 ℃. Fig. 4 shows optical microstructures of the GW63 alloy in different solution conditions, and grain size of the different solution treated alloy was showed in Fig. 5. After solution treatment at 475 ℃ for 12 h, there were still some eutectics existing in the grain boundaries, which suggested that 475 ℃ was too low for solution treatment. After solution treatment at 490 ℃, the amount of remained eutectics gradually diminished with increasing solution time. The remained eutectics had almost dissolved into the matrix when alloy was solutionized at 490 ℃ for 12 h. Grain size of the alloy in this condition was about 54 µm. Prolonging solution time to 16 h, the grain size had a slight increase. It can be observed in Figs. 4 and 5 that grains coarsen obviously when solution temperature was higher than 500 ℃. Given the solution microstructure evolution, 490 ℃×1 2 h was considered as the optimum solution treatment for the sand-cast GW63 alloy. In addition, some black spots located at grain boundary and grain interior can be observed in the optical microstructure of solution treated alloy. Corresponding SEM image indicated that most of black spots were cuboid-shaped phase, whose size was 0.3–2 µm. During solution treatment at 490 ℃, with the time prolong, the amount of remained cuboid-shaped phase gradually increased because the eutectic compounds transformed to favored shape to reduce the interface energy. The behavior of Mg24(Gd, Y)5 during the solution treatment is isolated secondary phase→spheroidized eutectic phase→cuboid-shaped phase . XRD result (Fig. 3) of the as-quenched alloy only presented α-Mg matrix. The cuboid-shaped phase was not detected due to its small amount.",
                        "After solution treatment at 490 ℃ for 12 h, alloys were aged at 200, 212, 225 and 250 ℃, respectively. Fig. 6 shows the effect of aging time on the hardness of the sand-cast GW63 alloy during each isothermal aging condition. The alloy exhibited remarkable aging hardening behavior at the temperature ranged from 200 to 225 ℃. When aging time was less than 8 h, the hardness increased slowly, and then increased rapidly until peak hardness. Thereafter, hardness value decreased gradually. The peak aging was obtained at 100 h for all three studied temperatures. Maximum aging hardness was 116, 114 and 96 HV at 200, 212 and 225 ℃, respectively. Furthermore, there was an aging plateau at the time between 50 and 100 h aged at 212 ℃. The alloy aged at 250 ℃ exhibited the weakest aging hardening response and had the minimum peak hardness of 75 HV, corresponding the aging time being about 50 h. He et al. reported that precipitation sequence of Mg-Gd-Y-Zr alloy during isothermal aging involved super-saturated solid solution (S.S.S.S.)→β″(D019)→β′(cbco)→β 1 (fcc)→β (fcc). The metastable β′ phase played an important role in the age hardening of the alloy .",
                        "Fig. 7 shows tensile properties of the GW63 alloy aged at 200, 212 and 225 ℃. The yield strength (YS) and ultimate tensile strength (UTS) decreased gradually with increasing aging temperature, in agreement with the aging hardness curves. On the contrary, elongation (EL) exhibited an increasing trend. Take peak aging for example, the alloy had the highest UTS (371 MPa) and lowest EL (3.3%) at the 200 ℃, and corresponding values aged at 225 ℃ were 287 MPa and 11.9%. Therefore, aged at 212 ℃, the alloy obtained a comparative balance between strength and ductility. 490 ℃×1 h + 212 ℃×10 h was accepted as the optimum aged treatment condition. It can also be observed that UTS increased slightly from 24 h to peak aging time. However, nearly same YS seemed not sensitive to aging time during the studied temperature.",
                        "The tensile properties of the sand-cast GW63 alloy in different thermal treatment conditions are summarized in Table 2. The typical tensile stress-strain curves are also showed in Fig. 8. It can be found that solution treated alloy had a relatively low strength but high elongation compared with as-cast alloy, which was due to dissolution of the eutectic compounds. The tensile strength exhibited significant improvement after alloy underwent aging treatment, i.e., YS and UTS increased by 41.6% and 44.6%, respectively. Aged alloy has a high strength, however, at the expense of low elongation."
                    ],
                    "name": "Microstructure evolution and tensile properties",
                    "type": "ce_section"
                },
                {
                    "content": [
                        "Fig. 9 shows the impact toughness results of sand-cast GW63 alloy in different conditions. As shown in Fig. 9(a), impact values of alloy in as-cast, as-quenched and peak-aging states were 34.6, 50.9 and 20.3 J/cm2, respectively. When alloy aged at 212 ℃ for less than 8 h, the impact toughness decreased slightly and was higher than 50 J/cm2. The eutectic phase had already dissolved and β″ phase appeared in the matrix at this early stage of aging treatment . The impact toughness decreased rapidly with prolonging aging time, which resulted from β′ precipitates just as aging curve in Fig. 6. The impact toughness fluctuated slightly after 24 h. Fig. 9(b) shows impact toughness and Vickers hardness curves of GW63 alloy aged at 175–250 ℃ for 50 h. The impact toughness was sensitive to aging temperature, which obviously exhibited completely opposite trend in contrast with Vickers hardness. The impact toughness attained minimum at the temperature ranged from 200 to 212 ℃, corresponding to a maximum Vickers hardness.",
                        "It was reported that room temperature impact toughness of magnesium alloy was associated with alloying elements, grain refinement and heat treatment . In the final analysis, impact toughness depends on material strength and ductility. It can be seen from Table 2 that elongation seemed more closely related to impact toughness for sand-cast GW63 alloy than yield or tensile strength. Fig. 10 illustrates the relationship between impact toughness and elongation to failure of alloy under different heat treatment conditions. Each data point represents a treated condition. The result indicated that impact toughness was proportional to elongation. With the linear fit of the testing data, impact toughness vs. elongation to failure could be expressed as following equation: IT=3.75EL+5.38 where IT is impact toughness; EL is elongation. The correlation coefficient R is 0.97. Therefore, it was supposed that room temperature impact toughness was closely related to ductility for the studied alloy.",
                        "The SEM micrographs of impacted fracture for sand-cast GW63 alloy under the as-cast, as-quenched and aged state are showed in Fig. 11(a), (b) and (c), corresponding OM micrographs of longitudinal section shown in Fig. 11(d), (e) and (f). It was observed that main crack presented a transgranular propagation mode under all thermal conditions by longitudinal micrograph. As shown in Fig. 11(a), for as-cast alloy, the rough impacted fracture displayed a brittle feature. Backscattering analysis indicated massive micro-cracks nucleated in the eutectic compounds. The main crack propagated rapidly across the weak eutectics once it originated, which gave rise to lower impact toughness. In comparison, the as-quenched fracture surface displayed a typical of quasi-cleavage failure pattern. It was seen from Fig. 11(b) that impacted fracture was characterized by some cleavage steps and a lot of tear ridges. The impact load made specimen considerable plastic deformation, shown in Fig. 11(e), which agreed with better impact property. It should consider that result is due to (i) lower yield strength makes grain deform easily; (ii) main crack can propagate persistently with the absence of network eutectics. Fig. 11(c) showed that aged alloy demonstrated cleavage fracture pattern, which was mainly characterized by a number of cleavage planes. It can also be observed that some voids and ditches distributed on fracture surface. In addition, longitudinal micrograph of aged alloy consisted of more secondary cracks compared with as-cast and as-quenched states. All these characteristics were consistent with high strength but low ductility of studied aged alloy."
                    ],
                    "name": "Impact toughness",
                    "type": "ce_section"
                },
                {
                    "content": [
                        "It was reported that fracture toughness was related to mechanical properties, generally, a good combination of strength and ductility probably gives rise to higher ability to resist fracture failure. As tensile tests indicate, as-quenched GW63 alloy has high elongation but low tensile strength, nevertheless, aged alloy has higher strength but worse ductility. It cannot make an accurate prediction about fracture toughness of the studied alloy in different conditions. The plane-strain fracture toughness test results are summarized in Table 3. The average of valid KQ calculated value is considered as fracture toughness. It can be found that fracture toughness of the aged GW63 alloy was 19.5 MPa∙m½, i.e., the improvement of 20.4% had been achieved by aging strengthening. In contrast, fracture toughness of as-quenched alloy showed slight improvement of 9.3%. Therefore, precipitation strengthening was one of effective methods to improve fracture toughness of studied alloy.",
                        "In comparison with previous investigation, the fracture toughness of GW103 alloy produced by gravity permanent casting were 12.1 and 16.3 MPa m½ in the as-cast and aged states, respectively . The current GW63 alloy produced by low-pressure sand-casting exhibits higher fracture toughness. Reasons can be attributed to (i) smaller amount of eutectic compounds in the as-cast microstructure of the studied alloy and (ii) fewer cast defects such as inclusion, segregation and shrinkage porosity in the low-pressure casting. However, GW103 alloy presented more remarkable improvement after aging treatment, which is attributed to high Gd content leading to dramatic precipitation strengthening. In terms of magnesium alloy, the fracture toughness of RE-free wrought alloy, such as AZ, Mg-Zn, etc., ranged from about 12 MPa m½ (pure magnesium) to around 30 MPa m½, which was higher than that of corresponding cast alloy . In fact, the material strength played an important role in fracture resistance. Several literatures were also reported that the following relation had been developed: KIC ∝ σys1/2 , in accordance with experimental results of this work.",
                        "Fig. 12 shows typical optical microstructures at the notch tip of three-point bending sample in different thermal treatment conditions after fatigue pre-crack test. As shown in Fig. 12(a), pre-crack route was characterized by zigzag style in the as-cast alloy, which propagated along the grain boundary due to the presence of weak eutectic compounds. In other word, the pre-crack displayed an intergranular propagation mode in the as-cast state. It can also be observed that crack originated from eutectic compounds at the vicinity of notch (Fig. 12(b)). Meanwhile, there were several isolated secondary cracks formed at eutectic compounds. After solution treatment, fatigue crack initiated directly from the notch tip, where specimen was subjected to a maximum stress concentration. In comparison with as-cast alloy, the crack in the as-quenched alloy displayed a mixture of intergranular and transgranular mode (Fig. 12(c)). It was observed clearly that cracks nucleated at multiple sites located at the root of notch after aging strengthening (Fig. 12(d) and (e)). Two separated fatigue cracks had been developed in the aged alloy. Both cracks mainly displayed a transgranular propagation mode and exhibited a straight style. In addition, a small amount of slip lines formed in grain interior, which can serve to promote main crack propagation. Twinning is an important deformation mechanism for hcp magnesium alloy. However, twining deformation hardly occurs due to the suppression effect of precipitates in the aged alloy. During the fatigue pre-crack test, slip bands are formed in the grain surface under cyclic load, which are closely related to dislocation glide. He et al. indicate that the slip bands of Mg-Gd-Y alloy are formed by basal slip system . In general, the average lengths of pre-crack were approximately 3000, 2000 and 1500 µm in as-cast, as-quenched and aged states, respectively. It is suggested that ability of the sand-cast alloy to resist fracture gradually enhanced with solution and aging strengthening.",
                        "Fig. 13 shows fracture images of fracture toughness specimens in different heat treatment conditions. The overall fracture surfaces were observed by optical macro scope, shown in Fig. 13(a). After fatigue pre-crack test, the main crack propagated directly and then fracture failure taking advantage of existing fatigue crack (dyed section). The as-cast and aged specimens exhibited typically macroscopic feature, i.e., the fracture surface displayed three distinct regions: radiation zone (region 1), fibrous zone (region 2) and shear lip (region 3). Shear lip, about 1 mm wide, was barely noticeable on the fracture surface in three conditions. It was observed that apparent radiation zone nearly covered the whole fracture surface of as-quenched specimen. The area of fibrous zone in the aged alloy was larger than that of as-cast alloy. In the microscopic level, the entire radiation zone mainly composed of cleavage planes and cleavage steps in as-cast, as-quenched and aged states, shown in Fig. 13(b), (c) and (d). Comparatively, there are many cleavage steps in the as-cast alloy but more cleavage planes in the aged alloy. Therefore, the as-cast and aged alloy exhibited transgranular fracture in radiation zone. The as-quenched alloy also displayed brittle feature with numerous secondary cracks in radiation zone. It can be seen in Fig. 13(e) that fibrous zone of aged alloy was typical of massive tear ridges and a few cleavage steps. When brittle crack met edge of specimen, the fracture surface occurred yielding and formed the shear lip. Fig. 13(f) showed shear lip of aged alloy, which displayed a lot cleavage steps. Considering both macroscopic and microscopic fractography, the plane-strain fracture toughness specimens mainly exhibited transgranular fracture pattern with the help of existing fatigue crack in as-cast, as-quenched and aged states."
                    ],
                    "name": "Plane-strain fracture toughness",
                    "type": "ce_section"
                }
            ],
            "name": "Results and discussion",
            "type": "ce_section"
        },
        {
            "content": [
                {
                    "content": [
                        "Fig. 2 shows the typical SEM micrographs of the as-cast GW63 alloy. The microstructure of as-cast alloy mainly consisted of equiaxed α-Mg matrix and eutectic compounds distributed along grain boundaries. The average grain size of as-cast alloy was about 45 µm. The volume fraction of eutectic compounds was a little lower than that of GW magnesium alloys with higher Gd content, such as GW103 and GW123 alloy . It was found that a few cuboid-shaped phases located at the eutectic compounds in the higher magnified view (Fig. 2(b)), which might form during the solidification of casting process at the high temperature. The EDS results of micro-constitution are listed in Table 1, which indicated that cuboid-shaped phase have higher amount of Gd and Y than eutectic compounds. According to EDS examination and XRD analysis showed in Fig. 3, the phase composition of eutectic compounds was Mg24(Gd, Y)5.",
                        "Solution treatment was carried out at the temperature ranging from 475 ℃ to 515 ℃. Fig. 4 shows optical microstructures of the GW63 alloy in different solution conditions, and grain size of the different solution treated alloy was showed in Fig. 5. After solution treatment at 475 ℃ for 12 h, there were still some eutectics existing in the grain boundaries, which suggested that 475 ℃ was too low for solution treatment. After solution treatment at 490 ℃, the amount of remained eutectics gradually diminished with increasing solution time. The remained eutectics had almost dissolved into the matrix when alloy was solutionized at 490 ℃ for 12 h. Grain size of the alloy in this condition was about 54 µm. Prolonging solution time to 16 h, the grain size had a slight increase. It can be observed in Figs. 4 and 5 that grains coarsen obviously when solution temperature was higher than 500 ℃. Given the solution microstructure evolution, 490 ℃×1 2 h was considered as the optimum solution treatment for the sand-cast GW63 alloy. In addition, some black spots located at grain boundary and grain interior can be observed in the optical microstructure of solution treated alloy. Corresponding SEM image indicated that most of black spots were cuboid-shaped phase, whose size was 0.3–2 µm. During solution treatment at 490 ℃, with the time prolong, the amount of remained cuboid-shaped phase gradually increased because the eutectic compounds transformed to favored shape to reduce the interface energy. The behavior of Mg24(Gd, Y)5 during the solution treatment is isolated secondary phase→spheroidized eutectic phase→cuboid-shaped phase . XRD result (Fig. 3) of the as-quenched alloy only presented α-Mg matrix. The cuboid-shaped phase was not detected due to its small amount.",
                        "After solution treatment at 490 ℃ for 12 h, alloys were aged at 200, 212, 225 and 250 ℃, respectively. Fig. 6 shows the effect of aging time on the hardness of the sand-cast GW63 alloy during each isothermal aging condition. The alloy exhibited remarkable aging hardening behavior at the temperature ranged from 200 to 225 ℃. When aging time was less than 8 h, the hardness increased slowly, and then increased rapidly until peak hardness. Thereafter, hardness value decreased gradually. The peak aging was obtained at 100 h for all three studied temperatures. Maximum aging hardness was 116, 114 and 96 HV at 200, 212 and 225 ℃, respectively. Furthermore, there was an aging plateau at the time between 50 and 100 h aged at 212 ℃. The alloy aged at 250 ℃ exhibited the weakest aging hardening response and had the minimum peak hardness of 75 HV, corresponding the aging time being about 50 h. He et al. reported that precipitation sequence of Mg-Gd-Y-Zr alloy during isothermal aging involved super-saturated solid solution (S.S.S.S.)→β″(D019)→β′(cbco)→β 1 (fcc)→β (fcc). The metastable β′ phase played an important role in the age hardening of the alloy .",
                        "Fig. 7 shows tensile properties of the GW63 alloy aged at 200, 212 and 225 ℃. The yield strength (YS) and ultimate tensile strength (UTS) decreased gradually with increasing aging temperature, in agreement with the aging hardness curves. On the contrary, elongation (EL) exhibited an increasing trend. Take peak aging for example, the alloy had the highest UTS (371 MPa) and lowest EL (3.3%) at the 200 ℃, and corresponding values aged at 225 ℃ were 287 MPa and 11.9%. Therefore, aged at 212 ℃, the alloy obtained a comparative balance between strength and ductility. 490 ℃×1 h + 212 ℃×10 h was accepted as the optimum aged treatment condition. It can also be observed that UTS increased slightly from 24 h to peak aging time. However, nearly same YS seemed not sensitive to aging time during the studied temperature.",
                        "The tensile properties of the sand-cast GW63 alloy in different thermal treatment conditions are summarized in Table 2. The typical tensile stress-strain curves are also showed in Fig. 8. It can be found that solution treated alloy had a relatively low strength but high elongation compared with as-cast alloy, which was due to dissolution of the eutectic compounds. The tensile strength exhibited significant improvement after alloy underwent aging treatment, i.e., YS and UTS increased by 41.6% and 44.6%, respectively. Aged alloy has a high strength, however, at the expense of low elongation."
                    ],
                    "name": "Microstructure evolution and tensile properties",
                    "type": "ce_section"
                },
                {
                    "content": [
                        "Fig. 9 shows the impact toughness results of sand-cast GW63 alloy in different conditions. As shown in Fig. 9(a), impact values of alloy in as-cast, as-quenched and peak-aging states were 34.6, 50.9 and 20.3 J/cm2, respectively. When alloy aged at 212 ℃ for less than 8 h, the impact toughness decreased slightly and was higher than 50 J/cm2. The eutectic phase had already dissolved and β″ phase appeared in the matrix at this early stage of aging treatment . The impact toughness decreased rapidly with prolonging aging time, which resulted from β′ precipitates just as aging curve in Fig. 6. The impact toughness fluctuated slightly after 24 h. Fig. 9(b) shows impact toughness and Vickers hardness curves of GW63 alloy aged at 175–250 ℃ for 50 h. The impact toughness was sensitive to aging temperature, which obviously exhibited completely opposite trend in contrast with Vickers hardness. The impact toughness attained minimum at the temperature ranged from 200 to 212 ℃, corresponding to a maximum Vickers hardness.",
                        "It was reported that room temperature impact toughness of magnesium alloy was associated with alloying elements, grain refinement and heat treatment . In the final analysis, impact toughness depends on material strength and ductility. It can be seen from Table 2 that elongation seemed more closely related to impact toughness for sand-cast GW63 alloy than yield or tensile strength. Fig. 10 illustrates the relationship between impact toughness and elongation to failure of alloy under different heat treatment conditions. Each data point represents a treated condition. The result indicated that impact toughness was proportional to elongation. With the linear fit of the testing data, impact toughness vs. elongation to failure could be expressed as following equation: IT=3.75EL+5.38 where IT is impact toughness; EL is elongation. The correlation coefficient R is 0.97. Therefore, it was supposed that room temperature impact toughness was closely related to ductility for the studied alloy.",
                        "The SEM micrographs of impacted fracture for sand-cast GW63 alloy under the as-cast, as-quenched and aged state are showed in Fig. 11(a), (b) and (c), corresponding OM micrographs of longitudinal section shown in Fig. 11(d), (e) and (f). It was observed that main crack presented a transgranular propagation mode under all thermal conditions by longitudinal micrograph. As shown in Fig. 11(a), for as-cast alloy, the rough impacted fracture displayed a brittle feature. Backscattering analysis indicated massive micro-cracks nucleated in the eutectic compounds. The main crack propagated rapidly across the weak eutectics once it originated, which gave rise to lower impact toughness. In comparison, the as-quenched fracture surface displayed a typical of quasi-cleavage failure pattern. It was seen from Fig. 11(b) that impacted fracture was characterized by some cleavage steps and a lot of tear ridges. The impact load made specimen considerable plastic deformation, shown in Fig. 11(e), which agreed with better impact property. It should consider that result is due to (i) lower yield strength makes grain deform easily; (ii) main crack can propagate persistently with the absence of network eutectics. Fig. 11(c) showed that aged alloy demonstrated cleavage fracture pattern, which was mainly characterized by a number of cleavage planes. It can also be observed that some voids and ditches distributed on fracture surface. In addition, longitudinal micrograph of aged alloy consisted of more secondary cracks compared with as-cast and as-quenched states. All these characteristics were consistent with high strength but low ductility of studied aged alloy."
                    ],
                    "name": "Impact toughness",
                    "type": "ce_section"
                },
                {
                    "content": [
                        "It was reported that fracture toughness was related to mechanical properties, generally, a good combination of strength and ductility probably gives rise to higher ability to resist fracture failure. As tensile tests indicate, as-quenched GW63 alloy has high elongation but low tensile strength, nevertheless, aged alloy has higher strength but worse ductility. It cannot make an accurate prediction about fracture toughness of the studied alloy in different conditions. The plane-strain fracture toughness test results are summarized in Table 3. The average of valid KQ calculated value is considered as fracture toughness. It can be found that fracture toughness of the aged GW63 alloy was 19.5 MPa∙m½, i.e., the improvement of 20.4% had been achieved by aging strengthening. In contrast, fracture toughness of as-quenched alloy showed slight improvement of 9.3%. Therefore, precipitation strengthening was one of effective methods to improve fracture toughness of studied alloy.",
                        "In comparison with previous investigation, the fracture toughness of GW103 alloy produced by gravity permanent casting were 12.1 and 16.3 MPa m½ in the as-cast and aged states, respectively . The current GW63 alloy produced by low-pressure sand-casting exhibits higher fracture toughness. Reasons can be attributed to (i) smaller amount of eutectic compounds in the as-cast microstructure of the studied alloy and (ii) fewer cast defects such as inclusion, segregation and shrinkage porosity in the low-pressure casting. However, GW103 alloy presented more remarkable improvement after aging treatment, which is attributed to high Gd content leading to dramatic precipitation strengthening. In terms of magnesium alloy, the fracture toughness of RE-free wrought alloy, such as AZ, Mg-Zn, etc., ranged from about 12 MPa m½ (pure magnesium) to around 30 MPa m½, which was higher than that of corresponding cast alloy . In fact, the material strength played an important role in fracture resistance. Several literatures were also reported that the following relation had been developed: KIC ∝ σys1/2 , in accordance with experimental results of this work.",
                        "Fig. 12 shows typical optical microstructures at the notch tip of three-point bending sample in different thermal treatment conditions after fatigue pre-crack test. As shown in Fig. 12(a), pre-crack route was characterized by zigzag style in the as-cast alloy, which propagated along the grain boundary due to the presence of weak eutectic compounds. In other word, the pre-crack displayed an intergranular propagation mode in the as-cast state. It can also be observed that crack originated from eutectic compounds at the vicinity of notch (Fig. 12(b)). Meanwhile, there were several isolated secondary cracks formed at eutectic compounds. After solution treatment, fatigue crack initiated directly from the notch tip, where specimen was subjected to a maximum stress concentration. In comparison with as-cast alloy, the crack in the as-quenched alloy displayed a mixture of intergranular and transgranular mode (Fig. 12(c)). It was observed clearly that cracks nucleated at multiple sites located at the root of notch after aging strengthening (Fig. 12(d) and (e)). Two separated fatigue cracks had been developed in the aged alloy. Both cracks mainly displayed a transgranular propagation mode and exhibited a straight style. In addition, a small amount of slip lines formed in grain interior, which can serve to promote main crack propagation. Twinning is an important deformation mechanism for hcp magnesium alloy. However, twining deformation hardly occurs due to the suppression effect of precipitates in the aged alloy. During the fatigue pre-crack test, slip bands are formed in the grain surface under cyclic load, which are closely related to dislocation glide. He et al. indicate that the slip bands of Mg-Gd-Y alloy are formed by basal slip system . In general, the average lengths of pre-crack were approximately 3000, 2000 and 1500 µm in as-cast, as-quenched and aged states, respectively. It is suggested that ability of the sand-cast alloy to resist fracture gradually enhanced with solution and aging strengthening.",
                        "Fig. 13 shows fracture images of fracture toughness specimens in different heat treatment conditions. The overall fracture surfaces were observed by optical macro scope, shown in Fig. 13(a). After fatigue pre-crack test, the main crack propagated directly and then fracture failure taking advantage of existing fatigue crack (dyed section). The as-cast and aged specimens exhibited typically macroscopic feature, i.e., the fracture surface displayed three distinct regions: radiation zone (region 1), fibrous zone (region 2) and shear lip (region 3). Shear lip, about 1 mm wide, was barely noticeable on the fracture surface in three conditions. It was observed that apparent radiation zone nearly covered the whole fracture surface of as-quenched specimen. The area of fibrous zone in the aged alloy was larger than that of as-cast alloy. In the microscopic level, the entire radiation zone mainly composed of cleavage planes and cleavage steps in as-cast, as-quenched and aged states, shown in Fig. 13(b), (c) and (d). Comparatively, there are many cleavage steps in the as-cast alloy but more cleavage planes in the aged alloy. Therefore, the as-cast and aged alloy exhibited transgranular fracture in radiation zone. The as-quenched alloy also displayed brittle feature with numerous secondary cracks in radiation zone. It can be seen in Fig. 13(e) that fibrous zone of aged alloy was typical of massive tear ridges and a few cleavage steps. When brittle crack met edge of specimen, the fracture surface occurred yielding and formed the shear lip. Fig. 13(f) showed shear lip of aged alloy, which displayed a lot cleavage steps. Considering both macroscopic and microscopic fractography, the plane-strain fracture toughness specimens mainly exhibited transgranular fracture pattern with the help of existing fatigue crack in as-cast, as-quenched and aged states."
                    ],
                    "name": "Plane-strain fracture toughness",
                    "type": "ce_section"
                }
            ],
            "name": "Results and discussion",
            "type": "ce_section"
        },
        {
            "content": [
                {
                    "content": [
                        "Fig. 2 shows the typical SEM micrographs of the as-cast GW63 alloy. The microstructure of as-cast alloy mainly consisted of equiaxed α-Mg matrix and eutectic compounds distributed along grain boundaries. The average grain size of as-cast alloy was about 45 µm. The volume fraction of eutectic compounds was a little lower than that of GW magnesium alloys with higher Gd content, such as GW103 and GW123 alloy . It was found that a few cuboid-shaped phases located at the eutectic compounds in the higher magnified view (Fig. 2(b)), which might form during the solidification of casting process at the high temperature. The EDS results of micro-constitution are listed in Table 1, which indicated that cuboid-shaped phase have higher amount of Gd and Y than eutectic compounds. According to EDS examination and XRD analysis showed in Fig. 3, the phase composition of eutectic compounds was Mg24(Gd, Y)5.",
                        "Solution treatment was carried out at the temperature ranging from 475 ℃ to 515 ℃. Fig. 4 shows optical microstructures of the GW63 alloy in different solution conditions, and grain size of the different solution treated alloy was showed in Fig. 5. After solution treatment at 475 ℃ for 12 h, there were still some eutectics existing in the grain boundaries, which suggested that 475 ℃ was too low for solution treatment. After solution treatment at 490 ℃, the amount of remained eutectics gradually diminished with increasing solution time. The remained eutectics had almost dissolved into the matrix when alloy was solutionized at 490 ℃ for 12 h. Grain size of the alloy in this condition was about 54 µm. Prolonging solution time to 16 h, the grain size had a slight increase. It can be observed in Figs. 4 and 5 that grains coarsen obviously when solution temperature was higher than 500 ℃. Given the solution microstructure evolution, 490 ℃×1 2 h was considered as the optimum solution treatment for the sand-cast GW63 alloy. In addition, some black spots located at grain boundary and grain interior can be observed in the optical microstructure of solution treated alloy. Corresponding SEM image indicated that most of black spots were cuboid-shaped phase, whose size was 0.3–2 µm. During solution treatment at 490 ℃, with the time prolong, the amount of remained cuboid-shaped phase gradually increased because the eutectic compounds transformed to favored shape to reduce the interface energy. The behavior of Mg24(Gd, Y)5 during the solution treatment is isolated secondary phase→spheroidized eutectic phase→cuboid-shaped phase . XRD result (Fig. 3) of the as-quenched alloy only presented α-Mg matrix. The cuboid-shaped phase was not detected due to its small amount.",
                        "After solution treatment at 490 ℃ for 12 h, alloys were aged at 200, 212, 225 and 250 ℃, respectively. Fig. 6 shows the effect of aging time on the hardness of the sand-cast GW63 alloy during each isothermal aging condition. The alloy exhibited remarkable aging hardening behavior at the temperature ranged from 200 to 225 ℃. When aging time was less than 8 h, the hardness increased slowly, and then increased rapidly until peak hardness. Thereafter, hardness value decreased gradually. The peak aging was obtained at 100 h for all three studied temperatures. Maximum aging hardness was 116, 114 and 96 HV at 200, 212 and 225 ℃, respectively. Furthermore, there was an aging plateau at the time between 50 and 100 h aged at 212 ℃. The alloy aged at 250 ℃ exhibited the weakest aging hardening response and had the minimum peak hardness of 75 HV, corresponding the aging time being about 50 h. He et al. reported that precipitation sequence of Mg-Gd-Y-Zr alloy during isothermal aging involved super-saturated solid solution (S.S.S.S.)→β″(D019)→β′(cbco)→β 1 (fcc)→β (fcc). The metastable β′ phase played an important role in the age hardening of the alloy .",
                        "Fig. 7 shows tensile properties of the GW63 alloy aged at 200, 212 and 225 ℃. The yield strength (YS) and ultimate tensile strength (UTS) decreased gradually with increasing aging temperature, in agreement with the aging hardness curves. On the contrary, elongation (EL) exhibited an increasing trend. Take peak aging for example, the alloy had the highest UTS (371 MPa) and lowest EL (3.3%) at the 200 ℃, and corresponding values aged at 225 ℃ were 287 MPa and 11.9%. Therefore, aged at 212 ℃, the alloy obtained a comparative balance between strength and ductility. 490 ℃×1 h + 212 ℃×10 h was accepted as the optimum aged treatment condition. It can also be observed that UTS increased slightly from 24 h to peak aging time. However, nearly same YS seemed not sensitive to aging time during the studied temperature.",
                        "The tensile properties of the sand-cast GW63 alloy in different thermal treatment conditions are summarized in Table 2. The typical tensile stress-strain curves are also showed in Fig. 8. It can be found that solution treated alloy had a relatively low strength but high elongation compared with as-cast alloy, which was due to dissolution of the eutectic compounds. The tensile strength exhibited significant improvement after alloy underwent aging treatment, i.e., YS and UTS increased by 41.6% and 44.6%, respectively. Aged alloy has a high strength, however, at the expense of low elongation."
                    ],
                    "name": "Microstructure evolution and tensile properties",
                    "type": "ce_section"
                },
                {
                    "content": [
                        "Fig. 9 shows the impact toughness results of sand-cast GW63 alloy in different conditions. As shown in Fig. 9(a), impact values of alloy in as-cast, as-quenched and peak-aging states were 34.6, 50.9 and 20.3 J/cm2, respectively. When alloy aged at 212 ℃ for less than 8 h, the impact toughness decreased slightly and was higher than 50 J/cm2. The eutectic phase had already dissolved and β″ phase appeared in the matrix at this early stage of aging treatment . The impact toughness decreased rapidly with prolonging aging time, which resulted from β′ precipitates just as aging curve in Fig. 6. The impact toughness fluctuated slightly after 24 h. Fig. 9(b) shows impact toughness and Vickers hardness curves of GW63 alloy aged at 175–250 ℃ for 50 h. The impact toughness was sensitive to aging temperature, which obviously exhibited completely opposite trend in contrast with Vickers hardness. The impact toughness attained minimum at the temperature ranged from 200 to 212 ℃, corresponding to a maximum Vickers hardness.",
                        "It was reported that room temperature impact toughness of magnesium alloy was associated with alloying elements, grain refinement and heat treatment . In the final analysis, impact toughness depends on material strength and ductility. It can be seen from Table 2 that elongation seemed more closely related to impact toughness for sand-cast GW63 alloy than yield or tensile strength. Fig. 10 illustrates the relationship between impact toughness and elongation to failure of alloy under different heat treatment conditions. Each data point represents a treated condition. The result indicated that impact toughness was proportional to elongation. With the linear fit of the testing data, impact toughness vs. elongation to failure could be expressed as following equation: IT=3.75EL+5.38 where IT is impact toughness; EL is elongation. The correlation coefficient R is 0.97. Therefore, it was supposed that room temperature impact toughness was closely related to ductility for the studied alloy.",
                        "The SEM micrographs of impacted fracture for sand-cast GW63 alloy under the as-cast, as-quenched and aged state are showed in Fig. 11(a), (b) and (c), corresponding OM micrographs of longitudinal section shown in Fig. 11(d), (e) and (f). It was observed that main crack presented a transgranular propagation mode under all thermal conditions by longitudinal micrograph. As shown in Fig. 11(a), for as-cast alloy, the rough impacted fracture displayed a brittle feature. Backscattering analysis indicated massive micro-cracks nucleated in the eutectic compounds. The main crack propagated rapidly across the weak eutectics once it originated, which gave rise to lower impact toughness. In comparison, the as-quenched fracture surface displayed a typical of quasi-cleavage failure pattern. It was seen from Fig. 11(b) that impacted fracture was characterized by some cleavage steps and a lot of tear ridges. The impact load made specimen considerable plastic deformation, shown in Fig. 11(e), which agreed with better impact property. It should consider that result is due to (i) lower yield strength makes grain deform easily; (ii) main crack can propagate persistently with the absence of network eutectics. Fig. 11(c) showed that aged alloy demonstrated cleavage fracture pattern, which was mainly characterized by a number of cleavage planes. It can also be observed that some voids and ditches distributed on fracture surface. In addition, longitudinal micrograph of aged alloy consisted of more secondary cracks compared with as-cast and as-quenched states. All these characteristics were consistent with high strength but low ductility of studied aged alloy."
                    ],
                    "name": "Impact toughness",
                    "type": "ce_section"
                },
                {
                    "content": [
                        "It was reported that fracture toughness was related to mechanical properties, generally, a good combination of strength and ductility probably gives rise to higher ability to resist fracture failure. As tensile tests indicate, as-quenched GW63 alloy has high elongation but low tensile strength, nevertheless, aged alloy has higher strength but worse ductility. It cannot make an accurate prediction about fracture toughness of the studied alloy in different conditions. The plane-strain fracture toughness test results are summarized in Table 3. The average of valid KQ calculated value is considered as fracture toughness. It can be found that fracture toughness of the aged GW63 alloy was 19.5 MPa∙m½, i.e., the improvement of 20.4% had been achieved by aging strengthening. In contrast, fracture toughness of as-quenched alloy showed slight improvement of 9.3%. Therefore, precipitation strengthening was one of effective methods to improve fracture toughness of studied alloy.",
                        "In comparison with previous investigation, the fracture toughness of GW103 alloy produced by gravity permanent casting were 12.1 and 16.3 MPa m½ in the as-cast and aged states, respectively . The current GW63 alloy produced by low-pressure sand-casting exhibits higher fracture toughness. Reasons can be attributed to (i) smaller amount of eutectic compounds in the as-cast microstructure of the studied alloy and (ii) fewer cast defects such as inclusion, segregation and shrinkage porosity in the low-pressure casting. However, GW103 alloy presented more remarkable improvement after aging treatment, which is attributed to high Gd content leading to dramatic precipitation strengthening. In terms of magnesium alloy, the fracture toughness of RE-free wrought alloy, such as AZ, Mg-Zn, etc., ranged from about 12 MPa m½ (pure magnesium) to around 30 MPa m½, which was higher than that of corresponding cast alloy . In fact, the material strength played an important role in fracture resistance. Several literatures were also reported that the following relation had been developed: KIC ∝ σys1/2 , in accordance with experimental results of this work.",
                        "Fig. 12 shows typical optical microstructures at the notch tip of three-point bending sample in different thermal treatment conditions after fatigue pre-crack test. As shown in Fig. 12(a), pre-crack route was characterized by zigzag style in the as-cast alloy, which propagated along the grain boundary due to the presence of weak eutectic compounds. In other word, the pre-crack displayed an intergranular propagation mode in the as-cast state. It can also be observed that crack originated from eutectic compounds at the vicinity of notch (Fig. 12(b)). Meanwhile, there were several isolated secondary cracks formed at eutectic compounds. After solution treatment, fatigue crack initiated directly from the notch tip, where specimen was subjected to a maximum stress concentration. In comparison with as-cast alloy, the crack in the as-quenched alloy displayed a mixture of intergranular and transgranular mode (Fig. 12(c)). It was observed clearly that cracks nucleated at multiple sites located at the root of notch after aging strengthening (Fig. 12(d) and (e)). Two separated fatigue cracks had been developed in the aged alloy. Both cracks mainly displayed a transgranular propagation mode and exhibited a straight style. In addition, a small amount of slip lines formed in grain interior, which can serve to promote main crack propagation. Twinning is an important deformation mechanism for hcp magnesium alloy. However, twining deformation hardly occurs due to the suppression effect of precipitates in the aged alloy. During the fatigue pre-crack test, slip bands are formed in the grain surface under cyclic load, which are closely related to dislocation glide. He et al. indicate that the slip bands of Mg-Gd-Y alloy are formed by basal slip system . In general, the average lengths of pre-crack were approximately 3000, 2000 and 1500 µm in as-cast, as-quenched and aged states, respectively. It is suggested that ability of the sand-cast alloy to resist fracture gradually enhanced with solution and aging strengthening.",
                        "Fig. 13 shows fracture images of fracture toughness specimens in different heat treatment conditions. The overall fracture surfaces were observed by optical macro scope, shown in Fig. 13(a). After fatigue pre-crack test, the main crack propagated directly and then fracture failure taking advantage of existing fatigue crack (dyed section). The as-cast and aged specimens exhibited typically macroscopic feature, i.e., the fracture surface displayed three distinct regions: radiation zone (region 1), fibrous zone (region 2) and shear lip (region 3). Shear lip, about 1 mm wide, was barely noticeable on the fracture surface in three conditions. It was observed that apparent radiation zone nearly covered the whole fracture surface of as-quenched specimen. The area of fibrous zone in the aged alloy was larger than that of as-cast alloy. In the microscopic level, the entire radiation zone mainly composed of cleavage planes and cleavage steps in as-cast, as-quenched and aged states, shown in Fig. 13(b), (c) and (d). Comparatively, there are many cleavage steps in the as-cast alloy but more cleavage planes in the aged alloy. Therefore, the as-cast and aged alloy exhibited transgranular fracture in radiation zone. The as-quenched alloy also displayed brittle feature with numerous secondary cracks in radiation zone. It can be seen in Fig. 13(e) that fibrous zone of aged alloy was typical of massive tear ridges and a few cleavage steps. When brittle crack met edge of specimen, the fracture surface occurred yielding and formed the shear lip. Fig. 13(f) showed shear lip of aged alloy, which displayed a lot cleavage steps. Considering both macroscopic and microscopic fractography, the plane-strain fracture toughness specimens mainly exhibited transgranular fracture pattern with the help of existing fatigue crack in as-cast, as-quenched and aged states."
                    ],
                    "name": "Plane-strain fracture toughness",
                    "type": "ce_section"
                }
            ],
            "name": "Results and discussion",
            "type": "ce_section"
        }
    ],
    "Title": "Effect of heat treatment on tensile properties, impact toughness and plane-strain fracture toughness of sand-cast Mg-6Gd-3Y-0.5Zr magnesium alloy",
    "abstract": "The tensile properties, impact toughness and plane-strain fracture toughness of sand-cast Mg-6Gd-3Y-0.5Zr magnesium alloy were studied in different thermal conditions, including as-cast, as-quenched and isothermal aging states. The results show that optimum heat treatment is solutionized at 490 degrees C for 12 h, and then aged at 212 degrees C for 100 h. Tensile test exhibits that as-quenched GW63 alloy shows high elongation but low tensile strength, nevertheless, aged alloy shows higher strength but worse ductility. Impact values of GW63 alloy are 34.6, 50.9 and 20.3 J/cm(2) in the as-cast, as-quenched and aged states, respectively. Room temperature impact toughness is more closely related to material ductility than strength for the studied alloy. The plane-strain fracture toughness values of the as-cast, as-quenched and aged alloy are 16.2, 17.7 and 19.5 MPa m1/2, respectively, i.e., the improvement of 20.4% has been achieved by aging precipitation strengthening in contrast with slight improvement of 9.3% by solid solution strengthening. In addition, fractured characteristics after impact and fracture toughness tests were also investigated by fracture analysis."
}