{
    "DOI": "10.1016/j.jallcom.2021.159692",
    "Journal": "Journal of Alloys and Compounds",
    "Keywords": [
        "Al-Mg-Si-Mn-Zn alloys",
        "Heat treatment",
        "Precipitation strengthening",
        "Mechanical properties"
    ],
    "Sections": [
        {
            "content": [
                {
                    "content": [
                        "Fig. 1 represents mechanical properties as a function of Zn content. As can be seen from the surface-diagrams, the hardness of the alloys strictly depends on the Zn concentration in the alloy.",
                        "Different ageing temperatures and different durations of the treatment lead to different effects on the hardness, strength and elongation properties. Ageing at 125 °C and 175 °C (Fig. 1a and b) temperatures lead to the presence of peak hardness values (in the range of 2–5 h of ageing), after which the process of overageing occurs and hardness of the alloys decreases. Effect of ageing at 125 °C is lower than at 175 °C. Ageing at higher temperatures (225 °C and higher) leads to very rapid processes of overageing and softening of the alloys (already after the first hour of ageing) (Fig. 1c).",
                        "Results of tensile tests of Zn-containing alloys for different ageing temperatures are represented for the time of maximum hardness values (3 h) (Fig. 1(d–f)). All alloys show similar changes to all tensile properties. Thus, maximum values of strength, similarly to hardness, belong to the ageing temperature range of 125–175 °C. The lowest values of the strength (tensile and yield) belongs to the heat treatment at 225 °C. Ageing at the temperature of 175 °C increases the strength of the Z1 and Z2 alloys in comparison with the as-cast state. It is also worth noting the increase in the elongation values of the Z2 and Z3 alloys at all studied ageing temperatures as compared to the as-cast state. Ageing at a temperature of 175 °C increased the yield strength of the alloys, while ageing at 125 °C did not change it. Ageing at a temperature of 225 °C lowered the strength of the entire series of alloys.",
                        "Such changes in the mechanical properties can be explained by structural changes during heat treatment. According to the equilibrium phase diagram , T-AlMgZn is a fusible phase and can be dissolved at relatively low heat-treatment temperatures. In Z1 (0.2 at% Zn) T-AlMgZn phase dissolves at 230 °C; in Z2 (0.5 at% Zn) – at 260 °C; in Z3 (0.7 at% Zn) – at 290 °C; in Z4 (1.2 at% Zn) – at 320 °C; in Z5 (1.7 at% Zn) – at 340 °C; in Z6 (2.1 at% Zn) – at 350 °C. Thus, heat treatment of the Zn-containing group of the studied alloys, in contrast to the Sc- and Cr- containing alloys , should be carefully selected.",
                        "However, heat treatment with certain temperatures is not enough for full dissolution of T-AlMgZn phase. Thus, heat treatment at 325 °C does not dissolve T-phase even in Z2 alloy ( Fig. 2). Nevertheless, after 3 h ageing at 350 °C, T-AlMgZn phase starts disintegrating even in Z6 alloy with higher Zn content (Fig. 2). Heat treatment with 375 °C ( Fig. 3) leads to the dissolution of the T-AlMgZn phase in the alloys with Zn content up to 5 wt% (2.1 at%).",
                        "Fig. 4 shows changes in the concentrations of the main elements in the α-Al dendrites during heat treatment with temperatures in the range 225–520 °C. Mg (Fig. 4a) and Si (Fig. 4b) have similar behaviour and their concentration change stepwise from 2.8 to 2.6 at% for Mg and from 0.4 to 0.2 at% for Si. Zn concentration, in contrast to Mg and Si, increases with increasing treatment temperature and in Z6 alloys for 400 °C reaches 1.7 at%. Further increasing treatment temperature does not lead to further enriching Al dendrites by Zn. It should be mentioned that heat treatment does not lead to any significant changes in the Mn concentration (as well as Fe, Ti and other impurities).",
                        "The microhardness ( Fig. 5) of α-Al dendrites and Al-Mg2Si eutectic was measured to understand the contribution of the microstructural changes on the properties of separate phases. As can be seen from Fig. 2 the behaviour of the microhardness of α-Al dendrites and Al-Mg2Si eutectic is different. Analysis of local mechanical properties (Fig. 2) confirms the results of the hardness tests and the fact of rapid overagеing at temperatures above 175 °C. The nature of the changes in the hardness values of the α-Al and Al-Mg2Si eutectic depending on the temperature of ageing is different. Thus, unlike Al-Mg2Si eutectic (Fig. 2b), α-Al has a pronounced peak of the hardness at the temperatures of 125–175 °C (Fig. 2a). The microhardness of the Al-Mg2Si eutectic practically does not change in the temperature range 125–175 °C and remains at the as-cast state level. This, as well as the absence of other structural changes in the alloys during ageing at the studied temperatures, indicates that the main influence on the properties is exerted by changes in the solid solution ( Fig. 6).",
                        "TEM investigations of the studied alloys have shown a significant change in the structural composition of the solid solution. After ageing at 175 °C in the α-Al dendrites of the Zn-containing alloys several types of nanoscale precipitates (in addition to the already described for as-cast state) were found (Fig.s 6 and 7):",
                        "Δ Highly dispersed needle-shaped precipitates (Fig. 6a and b) with a mean size of 1–4 nm and elongated in the<100>Al (belongs to the Zn-containing GP-II zones).",
                        "Δ Semi-coherent η' with a mean size of 10–25 nm (Fig. 6c and d).",
                        "For comparison of the effects of the existing dispersed phases, their density was measured ( Table 8).",
                        "The ageing at 175 °С resulted in a reduction in the number of GP-I zones (in the comparison with as-cast state ) and the formation of GP-II zones (Table 8), which were not found in the as-cast state . This corresponds to the theory that GP-II zones are formed in Al-Mg-Zn alloys after ageing at temperatures above 70 °C . GP-II zones after ageing were the most high-density precipitates in the alloys (Table 8). In addition, in alloys with a high Zn content (0.7 at% and above) also the η'-precipitates were detected. Their density increases with an increase in the Zn content in the alloy and a simultaneous decrease in the density of the GP-II zones. This is caused by the increase in the Zn concentration in the α-Al, as a result of which precipitates are formed with a higher Zn content (Table 5). The best combination of the mechanical properties (strength-elongation) shows alloys with a higher density of the GP-zones - Z2 and Z3 alloys (Table 8). At the same time, Z4 alloy, which has a similar to Z2 alloy level of GP-zones density, shows significantly lower values of elongation. Similar to the as-cast state, this is due to the presence of the brittle phases (T-phase and coarse Mn-containing phase) that are not dissolved during the ageing process ( Fig. 7)."
                    ],
                    "name": "One-step heat treatment (artificial ageing from the as-cast state)",
                    "type": "ce_section"
                },
                {
                    "content": [
                        "Results from the hardness measurements as a function of Zn content and ageing time are presented in Fig. 8. As can be seen from the surface-diagrams, higher solution temperature leads to higher hardness values. The hardness of the alloys strictly depends on the Zn concentration in the alloy. Ageing at 175 °C temperatures (Fig. 8a and c) leads to the presence of peak hardness values, after which the hardness of the alloys decreases. The maximum hardness values are achieved in the range of 2–3 h of ageing. Ageing at 225 °C temperatures (Fig. 8b and d) leads to lower hardness values in comparison with ageing at 175 °C and the absence of a pronounced maximum of hardness.",
                        "Fig. 9 represents the results of tensile tests of Zn-containing alloys for different heat treatment tempers for the time of maximum hardness values (3 h of ageing). As can be seen from Fig. 9 that the temperature of ST has a lower influence on the mechanical properties than the ageing temperature. The combination of different ST and ageing temperatures influences alloys with different Zn concentration differently. Thus, alloys can be divided into two groups (similar to the as-cast state). The first group of alloys with Zn concentration is in the range 0–0.75 at%, and second with Zn concentration in the range 0.75–2.1 at%. Each alloy from the first group (Z1, Z2, and Z3) does not show significant changes in the ultimate tensile strength (UTS) regardless of what ageing and solution treatment temperatures are used. UTS values for each alloy vary in the range of 10%. On the other hand, the yield strength increases with increasing both solution treatment and ageing temperatures. The values of the elongation change insignificantly regardless of what ageing and solution treatment temperatures are used.",
                        "The tensile strength of the alloys from the second group (Z4, Z5, and Z6) are more dependent on ageing temperature compared to the first group. Thus, higher ageing temperature leads to lower UTS and YS (yield strength) values. Ageing at 175 °C after ST at 480 °C and 520 °C has a stronger effect on the strength of the second group of alloys than ageing at 225 °C. The higher Zn content is, the stronger is the effect of ageing at 175 °C. The elongations for all three alloys remain at the same level for all treatment tempers. In general, higher strength values correspond to lower elongation values.",
                        "Full T6 treatment leads to more noticeable changes in the structure (in comparison to the T5 treatment) that leads to more substantial changes ( Fig. 10) in the mechanical properties. Solution treatment at 480 and 520 °C for 90 min leads to the decomposition of Al-Mg2Si eutectic (Table 9) (similarly to the base alloy and alloys additionally doped by Sc, Cr, Zr ), dissolving T-AlMgZn phase and GP-zones in the solid solution (that also agrees well with minor studies of Al-Mg-Si-Zn casting alloys ). Such treatment decreases hardness and increases elongation .",
                        "Fig. 10 shows that heat treatment with 480 °C leads to the dissolution of the T-AlMgZn phase in the alloys with Zn content up to 5 wt% (2.1 at%) and redistribution Zn with enriching (Figs. 4c and 11a) the Al dendrite core and impoverishment of the interdendritic space. Heat treatment also doesn’t affect the morphology, size and composition (Fig. 11b) of the Mn-containing phase.",
                        "After solution treatment at 480 °C and ageing at 175 °C in the α-Al dendrites of the Zn-containing alloys, several types of nanoscale precipitates were found ( Fig. 12). The density of the precipitates is represented in Table 10. Unlike ageing from the as-cast state (when several types of the precipitates influence the mechanical properties (Table 8)), during ageing after solution treatment, one dominant type of precipitates is formed in the alloys (Table 10). In the alloys Z1 and Z2 the main strengthening phase (phase with the highest density) is GP-I zones (as in as-cast state), in alloys Z3-Z5 is GP-II, and in the alloy Z6 is semi-coherent η'-Zn2Mg. The equilibrium β-Mg2Si phase is also present in alloys. However, β’-Mg2Si was not found ( Table 10).",
                        "The formation of certain precipitates is influenced by the concentration of Zn in a-Al (Fig. 4c – the higher the treatment temperature, the higher the Zn content in a-Al), the ageing temperature (the higher temperature, the faster the overageing occurs) and the ageing time. Although the overageing temperature for Al-Mg-Si alloys is usually 225 °C , the results of the current study have shown that this temperature is not suitable for overageing-treatment for alloys additionally doped with Zn. Ageing at such temperature after solution treatment (at 480 °C and 520 °C) leads to overly rapid overageing (similarly to ageing from the as-cast state). On the other hand, overageing at a temperature of 175 °C occurs after 5 h.",
                        "The microhardness ( Fig. 13) of the α-Al dendrites and Al-Mg2Si eutectic was measured to understand the contribution of the separate phases to the mechanical properties of the alloys. As can be seen from Fig. 13 the differences in the microhardness values between α-Al and Al-Mg2Si eutectic after full T6 heat treatment are not as significant as after T5 treatment (Fig. 5). This is primarily due to the disintegration of the eutectic, as well as the uniform Zn distribution in the sample after solution treatment (Fig. 3 and 10).",
                        "The obtained tensile test results are in good agreement with the results of the works . Li et al. in the work after solution treatment at 510 °C and further ageing at 180 °C obtained an increase in yield strength and decreasing the elongation with increasing Zn content, similar to our results. The differences in the results are associated with the used casting method (Li et al. used conventional a permanent mould casting) higher Mg content and the absence of Mn in the studied alloys. The latter led to a more gradual decrease in the elongation values (with increasing Zn concentration) since a coarse brittle Mn-containing phase did not form. In the studied alloys (Z4-Z6), the Mn-containing phase does not dissolve even during solution treatment at a temperature of 520 °С. Despite the fact that these alloys after heat treatment have the elongation values increased by more than two times in comparison with as-cast state, however, it remained significantly lower than in alloys Z1-Z3.",
                        "From Fig. 3 it can be seen that the T-AlMgZn phase in the studied alloys dissolves during heat treatment at temperatures in the range of 350–375 °C. This transformation has a significant effect on the tensile properties of the alloys ( Fig. 14). A significant increase in the elongation of the alloys confirms the assumption that the T-AlMgZn phase has a harmful effect on the ductility of the alloys. The whole set of the mechanical properties of the alloys after solution treatment at 375 °С is comparable to the mechanical properties obtained after treatment at a temperature of 480 °С."
                    ],
                    "name": "Two-step heat treatment (full T6 treatment)",
                    "type": "ce_section"
                }
            ],
            "name": "Results and discussion",
            "type": "ce_section"
        },
        {
            "content": [
                {
                    "content": [
                        "Fig. 1 represents mechanical properties as a function of Zn content. As can be seen from the surface-diagrams, the hardness of the alloys strictly depends on the Zn concentration in the alloy.",
                        "Different ageing temperatures and different durations of the treatment lead to different effects on the hardness, strength and elongation properties. Ageing at 125 °C and 175 °C (Fig. 1a and b) temperatures lead to the presence of peak hardness values (in the range of 2–5 h of ageing), after which the process of overageing occurs and hardness of the alloys decreases. Effect of ageing at 125 °C is lower than at 175 °C. Ageing at higher temperatures (225 °C and higher) leads to very rapid processes of overageing and softening of the alloys (already after the first hour of ageing) (Fig. 1c).",
                        "Results of tensile tests of Zn-containing alloys for different ageing temperatures are represented for the time of maximum hardness values (3 h) (Fig. 1(d–f)). All alloys show similar changes to all tensile properties. Thus, maximum values of strength, similarly to hardness, belong to the ageing temperature range of 125–175 °C. The lowest values of the strength (tensile and yield) belongs to the heat treatment at 225 °C. Ageing at the temperature of 175 °C increases the strength of the Z1 and Z2 alloys in comparison with the as-cast state. It is also worth noting the increase in the elongation values of the Z2 and Z3 alloys at all studied ageing temperatures as compared to the as-cast state. Ageing at a temperature of 175 °C increased the yield strength of the alloys, while ageing at 125 °C did not change it. Ageing at a temperature of 225 °C lowered the strength of the entire series of alloys.",
                        "Such changes in the mechanical properties can be explained by structural changes during heat treatment. According to the equilibrium phase diagram , T-AlMgZn is a fusible phase and can be dissolved at relatively low heat-treatment temperatures. In Z1 (0.2 at% Zn) T-AlMgZn phase dissolves at 230 °C; in Z2 (0.5 at% Zn) – at 260 °C; in Z3 (0.7 at% Zn) – at 290 °C; in Z4 (1.2 at% Zn) – at 320 °C; in Z5 (1.7 at% Zn) – at 340 °C; in Z6 (2.1 at% Zn) – at 350 °C. Thus, heat treatment of the Zn-containing group of the studied alloys, in contrast to the Sc- and Cr- containing alloys , should be carefully selected.",
                        "However, heat treatment with certain temperatures is not enough for full dissolution of T-AlMgZn phase. Thus, heat treatment at 325 °C does not dissolve T-phase even in Z2 alloy ( Fig. 2). Nevertheless, after 3 h ageing at 350 °C, T-AlMgZn phase starts disintegrating even in Z6 alloy with higher Zn content (Fig. 2). Heat treatment with 375 °C ( Fig. 3) leads to the dissolution of the T-AlMgZn phase in the alloys with Zn content up to 5 wt% (2.1 at%).",
                        "Fig. 4 shows changes in the concentrations of the main elements in the α-Al dendrites during heat treatment with temperatures in the range 225–520 °C. Mg (Fig. 4a) and Si (Fig. 4b) have similar behaviour and their concentration change stepwise from 2.8 to 2.6 at% for Mg and from 0.4 to 0.2 at% for Si. Zn concentration, in contrast to Mg and Si, increases with increasing treatment temperature and in Z6 alloys for 400 °C reaches 1.7 at%. Further increasing treatment temperature does not lead to further enriching Al dendrites by Zn. It should be mentioned that heat treatment does not lead to any significant changes in the Mn concentration (as well as Fe, Ti and other impurities).",
                        "The microhardness ( Fig. 5) of α-Al dendrites and Al-Mg2Si eutectic was measured to understand the contribution of the microstructural changes on the properties of separate phases. As can be seen from Fig. 2 the behaviour of the microhardness of α-Al dendrites and Al-Mg2Si eutectic is different. Analysis of local mechanical properties (Fig. 2) confirms the results of the hardness tests and the fact of rapid overagеing at temperatures above 175 °C. The nature of the changes in the hardness values of the α-Al and Al-Mg2Si eutectic depending on the temperature of ageing is different. Thus, unlike Al-Mg2Si eutectic (Fig. 2b), α-Al has a pronounced peak of the hardness at the temperatures of 125–175 °C (Fig. 2a). The microhardness of the Al-Mg2Si eutectic practically does not change in the temperature range 125–175 °C and remains at the as-cast state level. This, as well as the absence of other structural changes in the alloys during ageing at the studied temperatures, indicates that the main influence on the properties is exerted by changes in the solid solution ( Fig. 6).",
                        "TEM investigations of the studied alloys have shown a significant change in the structural composition of the solid solution. After ageing at 175 °C in the α-Al dendrites of the Zn-containing alloys several types of nanoscale precipitates (in addition to the already described for as-cast state) were found (Fig.s 6 and 7):",
                        "Δ Highly dispersed needle-shaped precipitates (Fig. 6a and b) with a mean size of 1–4 nm and elongated in the<100>Al (belongs to the Zn-containing GP-II zones).",
                        "Δ Semi-coherent η' with a mean size of 10–25 nm (Fig. 6c and d).",
                        "For comparison of the effects of the existing dispersed phases, their density was measured ( Table 8).",
                        "The ageing at 175 °С resulted in a reduction in the number of GP-I zones (in the comparison with as-cast state ) and the formation of GP-II zones (Table 8), which were not found in the as-cast state . This corresponds to the theory that GP-II zones are formed in Al-Mg-Zn alloys after ageing at temperatures above 70 °C . GP-II zones after ageing were the most high-density precipitates in the alloys (Table 8). In addition, in alloys with a high Zn content (0.7 at% and above) also the η'-precipitates were detected. Their density increases with an increase in the Zn content in the alloy and a simultaneous decrease in the density of the GP-II zones. This is caused by the increase in the Zn concentration in the α-Al, as a result of which precipitates are formed with a higher Zn content (Table 5). The best combination of the mechanical properties (strength-elongation) shows alloys with a higher density of the GP-zones - Z2 and Z3 alloys (Table 8). At the same time, Z4 alloy, which has a similar to Z2 alloy level of GP-zones density, shows significantly lower values of elongation. Similar to the as-cast state, this is due to the presence of the brittle phases (T-phase and coarse Mn-containing phase) that are not dissolved during the ageing process ( Fig. 7)."
                    ],
                    "name": "One-step heat treatment (artificial ageing from the as-cast state)",
                    "type": "ce_section"
                },
                {
                    "content": [
                        "Results from the hardness measurements as a function of Zn content and ageing time are presented in Fig. 8. As can be seen from the surface-diagrams, higher solution temperature leads to higher hardness values. The hardness of the alloys strictly depends on the Zn concentration in the alloy. Ageing at 175 °C temperatures (Fig. 8a and c) leads to the presence of peak hardness values, after which the hardness of the alloys decreases. The maximum hardness values are achieved in the range of 2–3 h of ageing. Ageing at 225 °C temperatures (Fig. 8b and d) leads to lower hardness values in comparison with ageing at 175 °C and the absence of a pronounced maximum of hardness.",
                        "Fig. 9 represents the results of tensile tests of Zn-containing alloys for different heat treatment tempers for the time of maximum hardness values (3 h of ageing). As can be seen from Fig. 9 that the temperature of ST has a lower influence on the mechanical properties than the ageing temperature. The combination of different ST and ageing temperatures influences alloys with different Zn concentration differently. Thus, alloys can be divided into two groups (similar to the as-cast state). The first group of alloys with Zn concentration is in the range 0–0.75 at%, and second with Zn concentration in the range 0.75–2.1 at%. Each alloy from the first group (Z1, Z2, and Z3) does not show significant changes in the ultimate tensile strength (UTS) regardless of what ageing and solution treatment temperatures are used. UTS values for each alloy vary in the range of 10%. On the other hand, the yield strength increases with increasing both solution treatment and ageing temperatures. The values of the elongation change insignificantly regardless of what ageing and solution treatment temperatures are used.",
                        "The tensile strength of the alloys from the second group (Z4, Z5, and Z6) are more dependent on ageing temperature compared to the first group. Thus, higher ageing temperature leads to lower UTS and YS (yield strength) values. Ageing at 175 °C after ST at 480 °C and 520 °C has a stronger effect on the strength of the second group of alloys than ageing at 225 °C. The higher Zn content is, the stronger is the effect of ageing at 175 °C. The elongations for all three alloys remain at the same level for all treatment tempers. In general, higher strength values correspond to lower elongation values.",
                        "Full T6 treatment leads to more noticeable changes in the structure (in comparison to the T5 treatment) that leads to more substantial changes ( Fig. 10) in the mechanical properties. Solution treatment at 480 and 520 °C for 90 min leads to the decomposition of Al-Mg2Si eutectic (Table 9) (similarly to the base alloy and alloys additionally doped by Sc, Cr, Zr ), dissolving T-AlMgZn phase and GP-zones in the solid solution (that also agrees well with minor studies of Al-Mg-Si-Zn casting alloys ). Such treatment decreases hardness and increases elongation .",
                        "Fig. 10 shows that heat treatment with 480 °C leads to the dissolution of the T-AlMgZn phase in the alloys with Zn content up to 5 wt% (2.1 at%) and redistribution Zn with enriching (Figs. 4c and 11a) the Al dendrite core and impoverishment of the interdendritic space. Heat treatment also doesn’t affect the morphology, size and composition (Fig. 11b) of the Mn-containing phase.",
                        "After solution treatment at 480 °C and ageing at 175 °C in the α-Al dendrites of the Zn-containing alloys, several types of nanoscale precipitates were found ( Fig. 12). The density of the precipitates is represented in Table 10. Unlike ageing from the as-cast state (when several types of the precipitates influence the mechanical properties (Table 8)), during ageing after solution treatment, one dominant type of precipitates is formed in the alloys (Table 10). In the alloys Z1 and Z2 the main strengthening phase (phase with the highest density) is GP-I zones (as in as-cast state), in alloys Z3-Z5 is GP-II, and in the alloy Z6 is semi-coherent η'-Zn2Mg. The equilibrium β-Mg2Si phase is also present in alloys. However, β’-Mg2Si was not found ( Table 10).",
                        "The formation of certain precipitates is influenced by the concentration of Zn in a-Al (Fig. 4c – the higher the treatment temperature, the higher the Zn content in a-Al), the ageing temperature (the higher temperature, the faster the overageing occurs) and the ageing time. Although the overageing temperature for Al-Mg-Si alloys is usually 225 °C , the results of the current study have shown that this temperature is not suitable for overageing-treatment for alloys additionally doped with Zn. Ageing at such temperature after solution treatment (at 480 °C and 520 °C) leads to overly rapid overageing (similarly to ageing from the as-cast state). On the other hand, overageing at a temperature of 175 °C occurs after 5 h.",
                        "The microhardness ( Fig. 13) of the α-Al dendrites and Al-Mg2Si eutectic was measured to understand the contribution of the separate phases to the mechanical properties of the alloys. As can be seen from Fig. 13 the differences in the microhardness values between α-Al and Al-Mg2Si eutectic after full T6 heat treatment are not as significant as after T5 treatment (Fig. 5). This is primarily due to the disintegration of the eutectic, as well as the uniform Zn distribution in the sample after solution treatment (Fig. 3 and 10).",
                        "The obtained tensile test results are in good agreement with the results of the works . Li et al. in the work after solution treatment at 510 °C and further ageing at 180 °C obtained an increase in yield strength and decreasing the elongation with increasing Zn content, similar to our results. The differences in the results are associated with the used casting method (Li et al. used conventional a permanent mould casting) higher Mg content and the absence of Mn in the studied alloys. The latter led to a more gradual decrease in the elongation values (with increasing Zn concentration) since a coarse brittle Mn-containing phase did not form. In the studied alloys (Z4-Z6), the Mn-containing phase does not dissolve even during solution treatment at a temperature of 520 °С. Despite the fact that these alloys after heat treatment have the elongation values increased by more than two times in comparison with as-cast state, however, it remained significantly lower than in alloys Z1-Z3.",
                        "From Fig. 3 it can be seen that the T-AlMgZn phase in the studied alloys dissolves during heat treatment at temperatures in the range of 350–375 °C. This transformation has a significant effect on the tensile properties of the alloys ( Fig. 14). A significant increase in the elongation of the alloys confirms the assumption that the T-AlMgZn phase has a harmful effect on the ductility of the alloys. The whole set of the mechanical properties of the alloys after solution treatment at 375 °С is comparable to the mechanical properties obtained after treatment at a temperature of 480 °С."
                    ],
                    "name": "Two-step heat treatment (full T6 treatment)",
                    "type": "ce_section"
                }
            ],
            "name": "Results and discussion",
            "type": "ce_section"
        },
        {
            "content": [
                {
                    "content": [
                        "Fig. 1 represents mechanical properties as a function of Zn content. As can be seen from the surface-diagrams, the hardness of the alloys strictly depends on the Zn concentration in the alloy.",
                        "Different ageing temperatures and different durations of the treatment lead to different effects on the hardness, strength and elongation properties. Ageing at 125 °C and 175 °C (Fig. 1a and b) temperatures lead to the presence of peak hardness values (in the range of 2–5 h of ageing), after which the process of overageing occurs and hardness of the alloys decreases. Effect of ageing at 125 °C is lower than at 175 °C. Ageing at higher temperatures (225 °C and higher) leads to very rapid processes of overageing and softening of the alloys (already after the first hour of ageing) (Fig. 1c).",
                        "Results of tensile tests of Zn-containing alloys for different ageing temperatures are represented for the time of maximum hardness values (3 h) (Fig. 1(d–f)). All alloys show similar changes to all tensile properties. Thus, maximum values of strength, similarly to hardness, belong to the ageing temperature range of 125–175 °C. The lowest values of the strength (tensile and yield) belongs to the heat treatment at 225 °C. Ageing at the temperature of 175 °C increases the strength of the Z1 and Z2 alloys in comparison with the as-cast state. It is also worth noting the increase in the elongation values of the Z2 and Z3 alloys at all studied ageing temperatures as compared to the as-cast state. Ageing at a temperature of 175 °C increased the yield strength of the alloys, while ageing at 125 °C did not change it. Ageing at a temperature of 225 °C lowered the strength of the entire series of alloys.",
                        "Such changes in the mechanical properties can be explained by structural changes during heat treatment. According to the equilibrium phase diagram , T-AlMgZn is a fusible phase and can be dissolved at relatively low heat-treatment temperatures. In Z1 (0.2 at% Zn) T-AlMgZn phase dissolves at 230 °C; in Z2 (0.5 at% Zn) – at 260 °C; in Z3 (0.7 at% Zn) – at 290 °C; in Z4 (1.2 at% Zn) – at 320 °C; in Z5 (1.7 at% Zn) – at 340 °C; in Z6 (2.1 at% Zn) – at 350 °C. Thus, heat treatment of the Zn-containing group of the studied alloys, in contrast to the Sc- and Cr- containing alloys , should be carefully selected.",
                        "However, heat treatment with certain temperatures is not enough for full dissolution of T-AlMgZn phase. Thus, heat treatment at 325 °C does not dissolve T-phase even in Z2 alloy ( Fig. 2). Nevertheless, after 3 h ageing at 350 °C, T-AlMgZn phase starts disintegrating even in Z6 alloy with higher Zn content (Fig. 2). Heat treatment with 375 °C ( Fig. 3) leads to the dissolution of the T-AlMgZn phase in the alloys with Zn content up to 5 wt% (2.1 at%).",
                        "Fig. 4 shows changes in the concentrations of the main elements in the α-Al dendrites during heat treatment with temperatures in the range 225–520 °C. Mg (Fig. 4a) and Si (Fig. 4b) have similar behaviour and their concentration change stepwise from 2.8 to 2.6 at% for Mg and from 0.4 to 0.2 at% for Si. Zn concentration, in contrast to Mg and Si, increases with increasing treatment temperature and in Z6 alloys for 400 °C reaches 1.7 at%. Further increasing treatment temperature does not lead to further enriching Al dendrites by Zn. It should be mentioned that heat treatment does not lead to any significant changes in the Mn concentration (as well as Fe, Ti and other impurities).",
                        "The microhardness ( Fig. 5) of α-Al dendrites and Al-Mg2Si eutectic was measured to understand the contribution of the microstructural changes on the properties of separate phases. As can be seen from Fig. 2 the behaviour of the microhardness of α-Al dendrites and Al-Mg2Si eutectic is different. Analysis of local mechanical properties (Fig. 2) confirms the results of the hardness tests and the fact of rapid overagеing at temperatures above 175 °C. The nature of the changes in the hardness values of the α-Al and Al-Mg2Si eutectic depending on the temperature of ageing is different. Thus, unlike Al-Mg2Si eutectic (Fig. 2b), α-Al has a pronounced peak of the hardness at the temperatures of 125–175 °C (Fig. 2a). The microhardness of the Al-Mg2Si eutectic practically does not change in the temperature range 125–175 °C and remains at the as-cast state level. This, as well as the absence of other structural changes in the alloys during ageing at the studied temperatures, indicates that the main influence on the properties is exerted by changes in the solid solution ( Fig. 6).",
                        "TEM investigations of the studied alloys have shown a significant change in the structural composition of the solid solution. After ageing at 175 °C in the α-Al dendrites of the Zn-containing alloys several types of nanoscale precipitates (in addition to the already described for as-cast state) were found (Fig.s 6 and 7):",
                        "Δ Highly dispersed needle-shaped precipitates (Fig. 6a and b) with a mean size of 1–4 nm and elongated in the<100>Al (belongs to the Zn-containing GP-II zones).",
                        "Δ Semi-coherent η' with a mean size of 10–25 nm (Fig. 6c and d).",
                        "For comparison of the effects of the existing dispersed phases, their density was measured ( Table 8).",
                        "The ageing at 175 °С resulted in a reduction in the number of GP-I zones (in the comparison with as-cast state ) and the formation of GP-II zones (Table 8), which were not found in the as-cast state . This corresponds to the theory that GP-II zones are formed in Al-Mg-Zn alloys after ageing at temperatures above 70 °C . GP-II zones after ageing were the most high-density precipitates in the alloys (Table 8). In addition, in alloys with a high Zn content (0.7 at% and above) also the η'-precipitates were detected. Their density increases with an increase in the Zn content in the alloy and a simultaneous decrease in the density of the GP-II zones. This is caused by the increase in the Zn concentration in the α-Al, as a result of which precipitates are formed with a higher Zn content (Table 5). The best combination of the mechanical properties (strength-elongation) shows alloys with a higher density of the GP-zones - Z2 and Z3 alloys (Table 8). At the same time, Z4 alloy, which has a similar to Z2 alloy level of GP-zones density, shows significantly lower values of elongation. Similar to the as-cast state, this is due to the presence of the brittle phases (T-phase and coarse Mn-containing phase) that are not dissolved during the ageing process ( Fig. 7)."
                    ],
                    "name": "One-step heat treatment (artificial ageing from the as-cast state)",
                    "type": "ce_section"
                },
                {
                    "content": [
                        "Results from the hardness measurements as a function of Zn content and ageing time are presented in Fig. 8. As can be seen from the surface-diagrams, higher solution temperature leads to higher hardness values. The hardness of the alloys strictly depends on the Zn concentration in the alloy. Ageing at 175 °C temperatures (Fig. 8a and c) leads to the presence of peak hardness values, after which the hardness of the alloys decreases. The maximum hardness values are achieved in the range of 2–3 h of ageing. Ageing at 225 °C temperatures (Fig. 8b and d) leads to lower hardness values in comparison with ageing at 175 °C and the absence of a pronounced maximum of hardness.",
                        "Fig. 9 represents the results of tensile tests of Zn-containing alloys for different heat treatment tempers for the time of maximum hardness values (3 h of ageing). As can be seen from Fig. 9 that the temperature of ST has a lower influence on the mechanical properties than the ageing temperature. The combination of different ST and ageing temperatures influences alloys with different Zn concentration differently. Thus, alloys can be divided into two groups (similar to the as-cast state). The first group of alloys with Zn concentration is in the range 0–0.75 at%, and second with Zn concentration in the range 0.75–2.1 at%. Each alloy from the first group (Z1, Z2, and Z3) does not show significant changes in the ultimate tensile strength (UTS) regardless of what ageing and solution treatment temperatures are used. UTS values for each alloy vary in the range of 10%. On the other hand, the yield strength increases with increasing both solution treatment and ageing temperatures. The values of the elongation change insignificantly regardless of what ageing and solution treatment temperatures are used.",
                        "The tensile strength of the alloys from the second group (Z4, Z5, and Z6) are more dependent on ageing temperature compared to the first group. Thus, higher ageing temperature leads to lower UTS and YS (yield strength) values. Ageing at 175 °C after ST at 480 °C and 520 °C has a stronger effect on the strength of the second group of alloys than ageing at 225 °C. The higher Zn content is, the stronger is the effect of ageing at 175 °C. The elongations for all three alloys remain at the same level for all treatment tempers. In general, higher strength values correspond to lower elongation values.",
                        "Full T6 treatment leads to more noticeable changes in the structure (in comparison to the T5 treatment) that leads to more substantial changes ( Fig. 10) in the mechanical properties. Solution treatment at 480 and 520 °C for 90 min leads to the decomposition of Al-Mg2Si eutectic (Table 9) (similarly to the base alloy and alloys additionally doped by Sc, Cr, Zr ), dissolving T-AlMgZn phase and GP-zones in the solid solution (that also agrees well with minor studies of Al-Mg-Si-Zn casting alloys ). Such treatment decreases hardness and increases elongation .",
                        "Fig. 10 shows that heat treatment with 480 °C leads to the dissolution of the T-AlMgZn phase in the alloys with Zn content up to 5 wt% (2.1 at%) and redistribution Zn with enriching (Figs. 4c and 11a) the Al dendrite core and impoverishment of the interdendritic space. Heat treatment also doesn’t affect the morphology, size and composition (Fig. 11b) of the Mn-containing phase.",
                        "After solution treatment at 480 °C and ageing at 175 °C in the α-Al dendrites of the Zn-containing alloys, several types of nanoscale precipitates were found ( Fig. 12). The density of the precipitates is represented in Table 10. Unlike ageing from the as-cast state (when several types of the precipitates influence the mechanical properties (Table 8)), during ageing after solution treatment, one dominant type of precipitates is formed in the alloys (Table 10). In the alloys Z1 and Z2 the main strengthening phase (phase with the highest density) is GP-I zones (as in as-cast state), in alloys Z3-Z5 is GP-II, and in the alloy Z6 is semi-coherent η'-Zn2Mg. The equilibrium β-Mg2Si phase is also present in alloys. However, β’-Mg2Si was not found ( Table 10).",
                        "The formation of certain precipitates is influenced by the concentration of Zn in a-Al (Fig. 4c – the higher the treatment temperature, the higher the Zn content in a-Al), the ageing temperature (the higher temperature, the faster the overageing occurs) and the ageing time. Although the overageing temperature for Al-Mg-Si alloys is usually 225 °C , the results of the current study have shown that this temperature is not suitable for overageing-treatment for alloys additionally doped with Zn. Ageing at such temperature after solution treatment (at 480 °C and 520 °C) leads to overly rapid overageing (similarly to ageing from the as-cast state). On the other hand, overageing at a temperature of 175 °C occurs after 5 h.",
                        "The microhardness ( Fig. 13) of the α-Al dendrites and Al-Mg2Si eutectic was measured to understand the contribution of the separate phases to the mechanical properties of the alloys. As can be seen from Fig. 13 the differences in the microhardness values between α-Al and Al-Mg2Si eutectic after full T6 heat treatment are not as significant as after T5 treatment (Fig. 5). This is primarily due to the disintegration of the eutectic, as well as the uniform Zn distribution in the sample after solution treatment (Fig. 3 and 10).",
                        "The obtained tensile test results are in good agreement with the results of the works . Li et al. in the work after solution treatment at 510 °C and further ageing at 180 °C obtained an increase in yield strength and decreasing the elongation with increasing Zn content, similar to our results. The differences in the results are associated with the used casting method (Li et al. used conventional a permanent mould casting) higher Mg content and the absence of Mn in the studied alloys. The latter led to a more gradual decrease in the elongation values (with increasing Zn concentration) since a coarse brittle Mn-containing phase did not form. In the studied alloys (Z4-Z6), the Mn-containing phase does not dissolve even during solution treatment at a temperature of 520 °С. Despite the fact that these alloys after heat treatment have the elongation values increased by more than two times in comparison with as-cast state, however, it remained significantly lower than in alloys Z1-Z3.",
                        "From Fig. 3 it can be seen that the T-AlMgZn phase in the studied alloys dissolves during heat treatment at temperatures in the range of 350–375 °C. This transformation has a significant effect on the tensile properties of the alloys ( Fig. 14). A significant increase in the elongation of the alloys confirms the assumption that the T-AlMgZn phase has a harmful effect on the ductility of the alloys. The whole set of the mechanical properties of the alloys after solution treatment at 375 °С is comparable to the mechanical properties obtained after treatment at a temperature of 480 °С."
                    ],
                    "name": "Two-step heat treatment (full T6 treatment)",
                    "type": "ce_section"
                }
            ],
            "name": "Results and discussion",
            "type": "ce_section"
        }
    ],
    "Title": "Heat treatment of high-pressure die casting Al-Mg-Si-Mn-Zn alloys",
    "abstract": "The microstructure and mechanical properties of Al-5.7Mg-2.6Si-0.7Mn-xZn high-pressure die casting alloys after heat treatment have been investigated. The microstructure was studied by scanning electron microscopy (SEM) and transmission electron microscopy (TEM). The hardness was determined by Brinell and Vickers testing. The effects of T5 (artificial ageing from the as-cast state) and full T6 heat treatment modes on the alloys with different Zn content (0.6?5 wt%) on the microstructure and mechanical properties were investigated. The solution treatment changes the microstructure of the studied alloys. The T-AlMgZn phase dissolves into the ?-Al phase during solution treatment at temperatures higher than 375 ?C. Artificial ageing at 125?225 ?C does not lead to any changes in the microstructure of alloys, however, leads to the formation of several types of Zn-containing precipitates in the ?-Al. The optimal temperature for artificial ageing from the as-cast state as well as after solution treatment is in the range 125?175 ?C for 2?5 h. It was found that the most noticeable changes in the mechanical properties were achieved in the alloys with 1.2?1.8 wt% Zn. It was found that these changes are associated with Zn distribution, the morphology of the phases and the formation of nano-sized precipitates in ?-Al solid solution. ? 2021 Elsevier B.V. All rights reserved."
}