{
    "DOI": "10.1016/S1359-6462(01)00965-4",
    "Journal": "Scripta Materialia",
    "Keywords": [
        "Inconel 625, Aging",
        "Mechanical properties",
        "TEM"
    ],
    "Sections": [
        {
            "content": [
                "Figures 1a and b show the variation in yield strength (YS) and total % elongation respectively of the service-exposed (SE) alloy that was given different post-service thermal aging treatments. It is evident from these figures that the SE alloy has the highest YS and lowest ductility value. The high YS of the SE alloy is attributed primarily to the combined effects of intra-granular precipitation of ordered intermetallic precipitates of γ′ [Ni3(Nb, Al, Ti)] and Ni2(Cr, Mo). The alloy has also revealed continuous carbide film on grain boundaries at the end of service exposure. TEM investigations on SE alloy had shown superlattice reflections at {100}, {110}, {1 1/2 0} positions corresponding to γ′ and an additional 1/3{220} corresponding to Ni2(Cr, Mo) phase (Fig. 2). Fig. 3 shows that the mode of failure is predominantly intercrystalline with the cracks propagating along the grain boundaries essentially due to brittleness associated with continuous carbide films.",
                "The strength achieved on aging at 923 K, 1023 K and 1123 K for different durations is very much lower than that obtained in SE alloy. The decrease in the YS and a corresponding increase in ductility upon thermal aging the SE alloy above the service temperature (873 K) is due to the dissolution of the γ′ and Ni2(Cr, Mo) phases formed during service exposure. The extent of dissolution depended upon the time and temperature of the aging treatment. On increasing the temperature of aging, the extent of dissolution of the strengthening phases increased leading to a greater decrease in the YS value of the SE alloy. Resolution annealing the SE alloy caused complete dissolution of intermetallic γ′, Ni2(Cr, Mo) phases as well as secondary carbides exhibiting minimum YS and maximum ductility value. In contrast to the intercrystalline failure exhibited by SE alloy, the mode of failure in resolution annealed alloy is purely ductile characterized by the occurrence of transcrystalline dimples on the fracture surface (Fig. 4).",
                "Aging of SE alloy at 1123K for 1 h led to a complete dissolution of both γ′ and Ni2(Cr, Mo) phases (Fig. 5). This promoted a large reduction in the YS; fracture surface of the alloy displayed a mixed trans plus inter-granular mode of failure (Fig. 6). Intergranular cracking resulted from the decohesion of the grain boundary carbide films. Aging the SE alloy beyond 1 h caused direct precipitation of the δ phase; the volume fraction of δ phase increased with aging time (Fig. 7a). Precipitation of δ led to the increase in YS and decrease in the ductility (Fig. 1). The failure in the samples subjected to prolonged aging at 1123 K occurred by mixed mode and the degree of transgranularity decreased with aging time (Fig. 7b). The comparative evaluation of Fig. 6 and Fig. 7b illustrates this behavior. At higher magnification, the voids in the fractographs looked elongated and δ precipitates of needle morphology could be seen within these voids. Decohesion along the grain boundaries could be seen at all the aging times due to strength mismatch between the matrix and grain boundaries.",
                "Aging the SE alloy at 923K unlike that at 1123 K showed a gradual decrease in the YS value with aging time (Fig. 1a). TEM studies conducted on the SE alloy aged at 923 K clearly showed evidences for the dissolution of Ni2(Cr, Mo) phase alone. Fig. 8a represents the bright field image of the SE alloy aged at 923 K for 10 h. It could be discerned from the SAD of this region (Fig. 8b) that Ni2(Cr, Mo) precipitate was completely dissolved during the aging process. Fig. 8b shows absence of 1/3{220} reflections from the aged alloy at 923 K which clearly indicates the dissolution of Ni2(Cr, Mo). Reflections at {100}, {110} and {1 12 0} that arise from γ′ only are present. In all the samples aged at 923 K, mixed mode of fracture was observed though the failure was predominantly intercrystalline (Fig. 9). Almost all the samples that were given aging treatments over a period ranging from 1 h to 200 h at 923 K, showed decohesion along the grain boundaries due to the presence of the continuous carbide films. The number density of intragranular dimples increased with aging period indicating increased extent of dissolution of precipitate with aging time. It is also noted that the depth and size of these dimples are less in comparison to those observed in resolution annealed or the alloys aged at 1123 K.",
                "True stress-true plastic strain plots of service exposed sample given different aging treatments were analyzed to understand the effect of various microstructures on the tensile flow behavior. Detailed investigations have revealed that there is a close correlation between microstructure and flow behavior. The flow curves of the service exposed and resolution annealed conditions formed the upper and lower bounds respectively of the several flow curves (Fig. 10), with the service exposed alloy displaying the highest stress and the resolutionised alloy the lowest. With dissolution of the intermetallic phases, the flow curve shifted towards that of the resolutionised alloy. The extent of shift in the position of the flow curve was found to be consistent with the extent of dissolution or precipitation that occur in the alloy. The flow curves of SE alloy aged upto 200 h at 923 K did not shift towards the RSA flow curve as drastically as 1123 K aged alloy. This is in conformity with the TEM results that the precipitates responsible for such a stress response are different at these two temperatures. The similarity in the flow curves of RSA and SE alloy given 1123K-1h treatments showed that the presence of grain boundary carbides in the later did not affect the flow behavior. The higher flow stresses on aging at 923 K have been found to be associated with the presence of intermetallic precipitates γ′. The mechanical properties of the alloy at room temperature are mainly dictated by the volume fraction of the intermetallic precipitates. The continuous carbide film does not exert any appreciable influence on room temperature tensile flow behavior.",
                {
                    "content": [
                        "Flow curves of SE and aged alloys were analyzed using Hollomon and Ludwik relationships. These relationships are given by Hollomon:σ=kϵnLudwik:σ=σ0+k′ϵn′ In the above equations, σ and ϵ represent true stress and true plastic strain respectively while k and n are called as strength coefficient and strain hardening exponent respectively. In Ludwik equation, σ0 is the stress at ϵ = 0; k′ and n′ are strain hardening coefficient and strain hardening exponents respectively. Hollomon relation was unable to describe the flow behavior of Alloy 625 at low strains for most of the heat-treated conditions employed in this study. However, Ludwik relation could describe the flow behavior of both service-exposed and heat-treated alloys over the entire strain range. Ludwik relation was found earlier to describe the room temperature plastic flow behavior of superalloys very accurately . In this study it is observed that both n′ and k′ are very sensitive to the microstructural variations (Fig. 11). Further, these are found to depend on the type and nature of the precipitates present. Both n′ and k′ are minimum for the SE alloy and maximum for the resolution-annealed alloy, while the other aged conditions displayed intermittent values between SE and RSA conditions (Fig. 11). When the SE alloy was subjected to aging at 923 K, it was found that k′ and n′ increased steadily with aging time, while at 1023 K and 1123 K, the peak values of k′ and n′ were attained within about 1 hour. Service exposure already caused the formation of γ′ and subsequent aging at 923 K mainly led to the coarsening of these precipitates. Work hardening rate generally increases with increase in the size of γ′ particles . This can be attributed to the following factors: (i) the formation of shear loops around coarse γ′ particles (ii) the formation of complex dislocation tangles due to interaction between dislocations lying in adjacent planes. The steady increase in n′ values at 923 K with aging time can be attributed to the above factors. The commencement of δ precipitation on aging at 1123 K is marked by the lower work hardening capacity of the material leading to a decline in n′ values."
                    ],
                    "name": "Work hardening behavior",
                    "type": "ce_section"
                }
            ],
            "name": "Results and discussion",
            "type": "ce_section"
        }
    ],
    "Title": "Room temperature tensile behavior of service exposed and thermally aged service exposed alloy 625",
    "abstract": ""
}