{
    "Sections": [
        {
            "name": "Results",
            "content": [
                "Figure 2 shows the dependence of stress amplitude on the number of cycles in high temperature water. At 200 °C, greatly distinguished stress amplitude response occurred at different strain rates (Fig. 1a). A distinct softening took place at a high strain rate (0.1% s−1), while a relatively stable stress amplitude response or a slight secondary hardening appeared at a low strain rate (0.001% s−1). Such difference in stress amplitude response seemed to increase with an increase in applied strain amplitude, namely, the secondary hardening at a low strain rate appeared more remarkable under the high strain amplitude condition (0.75% as arrowed in Fig. 2a). At 288 °C, however, the stress amplitude responded almost similarly at different strain rates, showing a relatively stable behavior or a slight secondary hardening (Fig. 2b). Distinguished from that at 200 °C, a slight softening took place at the low strain rate (0.001% s−1) rather than the high strain rate (0.1% s−1). Such a softening also became more obvious under the high strain amplitude condition. Table 1 lists the stress amplitude and plastic strain amplitude obtained from the stabilized hysteresis loops at half of fatigue life. At 200 °C, a lower plastic strain amplitude and a higher stress amplitude appeared at the low strain rate, while at 288 °C, a lower plastic strain amplitude and a higher stress amplitude appeared at the high strain rate, in particular under the high strain amplitude condition. Increasing DO from 100 ppb to 2,000 ppb seemed to have little influence on the stress amplitude response. The softening still happened at the high strain rate at 200 °C, while a relatively stable stress amplitude response or a slight secondary hardening appeared at the low strain rate at 200 °C or at both low and high strain rates at 288 °C (Fig. 2c).\n",
                "Figure 3 shows the relationship between the fatigue life and applied strain amplitude in high temperature water. Decreasing strain rate remarkably degraded the LCF resistance of the steel regardless of the testing temperatures and DO in water. In 100 ppb DO water (Fig. 3a), the fatigue resistance at the high strain rate (0.1% s−1) at 200 °C was a little worse than that at 288 °C, while the fatigue resistance at the low strain rate (0.001% s−1) at 200 °C was to some extent better than that at 288 °C, especially under the high strain amplitude condition. In 2,000 ppb DO water (Fig. 3b), the LCF resistance at both low and high strain rates at 200 °C was much better than that at 288 °C.\n"
            ]
        },
        {
            "name": "Discussion",
            "content": [
                "The stress amplitude response described above suggested that DSA played a sure role in the present LCF process in high temperature water, which could be proven by following evidences. Firstly, the stable stress amplitude response or slight secondary hardening observed at the low strain rate at 200 °C and at both low and high strain rates at 288 °C (Fig. 2) indicated that some additional strengthening factors existed during the cyclic deformation in high temperature water, which should be attributed to the effects of DSA as proposed by Abdel-Raouf et al. . Lee et al.  also reported a similar saturated hardening or a slight secondary hardening due to DSA for A508 steel fatigued in high temperature air. Regarding the stress amplitude response (Fig. 2), stronger DSA effects occurred at the low strain rate at 200 °C or at the high strain rate at 288 °C. Secondly, the above stable stress amplitude response or secondary hardening was susceptible to the testing temperature. A distinct softening occurred at the high strain rate (0.1% s−1) at 200 °C, while a slight hardening appeared at the same strain rate at 288 °C. This is consistent with the typical DSA behavior, namely, the higher the temperature, the larger the strain rate for the onset of DSA . Finally, the stabilized cyclic stress amplitude and plastic strain amplitude at half of fatigue life (Table 1) depended not only on strain rate, but also on applied strain amplitude. At 200 °C, a lower plastic strain amplitude and a higher stress amplitude appeared at the low strain rate, while at 288 °C, a lower plastic strain amplitude and a higher stress amplitude appeared at the high strain rate, especially under the high strain amplitude condition. This is in good agreement with the typical DSA behavior that DSA occurs only in special temperature and strain-rate regimes and is also closely dependent on the applied strain . Moreover, the stress amplitude at 200 °C, which showed a negative strain-rate sensitivity (i.e., a higher stress amplitude appeared at a lower strain rate during cyclic deformation), is another typical DSA manifestation .",
                "Although the effects of DSA on fatigue life of steels have been frequently investigated during past several decades , there still remains some controversy on this aspect. Previously Abdel-Raouf  found that the fatigue life of Ferrovac E iron (0.007 wt.%C) did not vary with the strain rate except for the DSA region and the shorter fatigue life resulted from DSA. Tsuzaki et al.  reported that DSA induced a large decrease in fatigue life in a pearlitic eutectoid steel. Weisse et al.  found that a maximum DSA resulted in a maximum fatigue life in stress-controlled tests for low carbon steel SAE 1045, while a minimum fatigue life in plastic-strain-controlled tests. The primary reason for the decrease in fatigue life was usually attributed to the marked cyclic hardening due to DSA. It was believed that higher response stresses developed during the cyclic deformation can lead to a larger stress concentration at the crack tip, which would increase the crack growth rate and hence reduce the number of cycles at the stage of crack propagation. However, some other authors reported a different result. Lee et al.  found that the fatigue life of A508 Cl.3 steel in the DSA region increased markedly. They argued that DSA promoted the crack initiation by enhancing local deformation inhomogeneity, but retarded the crack propagation by both promoting crack branching and suppressing the plastic zone ahead of the crack tip. Because the crack initiation life was much shorter than the crack propagation life in the LCF, total fatigue life can be increased by DSA. Recently Huang et al.  also reported that the combined effects of DSA and grain size reduction were responsible for the better fatigue resistance of A533 pressure vessel steels, which was attributed to an improved steel strength.",
                "In the present study, under the low-DO condition (100 ppb), the LCF resistance of the steel at the high strain rate (0.1% s−1) in 200 °C water was lower than that in 288 °C water, while the LCF resistance at the low strain rate (0.001% s−1) in 200 °C water was better than that in 288 °C water, especially under the high strain amplitude condition (Fig. 3a). This suggested that some extra strengthening factors existed during cyclic deformation at the low strain rate in 200 °C water or high strain rate in 288 °C water and can be rationalized by the effects of DSA. As mentioned above, DSA appeared more strongly at the low strain rate at 200 °C or high strain rate at 288 °C. It has been reported that the DSA can enhance the fatigue resistance of low-alloy steels in high temperature air . The similar effects of DSA are believed to play an important role in the present LCF process in low-DO water. However, under the high-DO condition (2,000 ppb), the LCF resistance of the steel in 288 °C water was much lower than that in 200 °C water regardless of strain rate (Fig. 3b). This indicated that the environmental factors played a more important role on the fatigue resistance than the DSA. By comparing Fig. 3a and b, it was clear that the degradation in LCF resistance in high-DO water mainly took place at 288 °C, while little change occurred at 200 °C. This suggested that the environmental effects may become heavily significant in a special DO-temperature-combined region and screen the effects of DSA. Several previous studies also found that DSA only played a relatively important role in the environmentally assisted cracking (EAC) in less aggressive environments . A good coincidence was observed between DSA behavior and stress corrosion cracking in the water with DO below or equal to 400 ppb .",
                "It should be noted that most of the previous studies were focused on the pure mechanical effects of DSA and little attention was paid to the interactions between DSA and surrounding environments. During cyclic deformation in high temperature water, strain localization such as Lüders or PLC (Portevin and Le Chatelier) bands may be induced by DSA  in the areas ahead of the crack tips. The strain localization promotes the formation of extrusions and intrusions at metal surface of the crack tips . This undoubtedly accelerates the rupture of oxide films at the crack tips, in turn promotes following metal (M) dissolution reaction at the crack tips,",
                "The reaction (2) lowers the pH value in solution in the crack-tip area and the reaction (3) may promote the development of hydrogen-induced cracking ahead of the crack tip. Actually hydrogen embrittlement was found to be involved in the present corrosion fatigue process in high temperature water. Typical hydrogen-induced cracking features (Fig. 4b) were observed on the fatigue fracture surface at the high strain rate (0.1% s−1). A special attention, therefore, should be paid to the possible interactions between DSA and hydrogen embrittlement. The DSA-induced localized strain structure has been proved to be a preferred trap for hydrogen . So the hydrogen prefers to concentrate in the strain localization zones if they could enter the metal matrix ahead of the crack tip. The enriched hydrogen also enhances the localization of plastic deformation by promoting dislocation multiplication and motion . As a result, much more severe strain localization ensues ahead of the crack tip due to the combined action between DSA and hydrogen. This not only enhances the rupture of oxide films at the crack tips, but also increases the stress concentration at internal interfaces (such as inclusion/matrix and carbide/matrix interfaces) where local stresses are expected to develop due to plastic incompatibilities and dislocation pile-ups. Consequently, both metal dissolution at the crack tip and the crack initiation and growth ahead of the crack tips may be enhanced. Recent work  also indicated that a synergism of DSA and hydrogen embrittlement existed in high-temperature aqueous environments and may promote EAC. At the low strain rate (0.001% s−1), no typical hydrogen-induced cracking features appeared on the fatigue fracture surface (Fig. 4d). This is believed to be due to a change in dominant EAC mechanism from hydrogen-induced cracking at a high strain rate to slip-dissolution-controlled cracking at a low strain rate . Although the interactions between DSA and hydrogen become relatively weak, the effects of DSA on the metal dissolution at the crack tip still remains. The DSA-enhanced EAC, therefore, may occur even at a low strain rate in high-temperature water environments.",
                "In view of the above results, it seems that DSA has a two-way effect on the fatigue resistance of the steel in high-temperature water environments. On the one hand, DSA tends to improve the fatigue resistance of the steel by either retarding the fatigue crack propagation or strengthening the steel. On the other hand, DSA interacts with the surrounding environmental factors and enhances the EAC. It is believed that the above two effects of DSA compete with each other in the corrosion fatigue process in high temperature water, and which one is dominant depends on the aggressive degree of environments. As a result, the fatigue resistance of the steel in less aggressive environments (such as low-DO water) was improved to some extent due to DSA, while it was remarkably degraded in more aggressive environments (such as high-DO and high temperature water) by synergistic actions of DSA and surrounding environmental factors."
            ]
        }
    ],
    "abstract": "Low cycle fatigue (LCF) behavior of an A533B-type low-alloy pressure vessel steel was investigated in 200 degrees C and 288 degrees C water. Major attention was paid to the role of dynamic strain aging (DSA) on corrosion fatigue behavior of the steel. It was found that DSA played a noticeable role in the present corrosion fatigue process, manifested by the strain-rate and temperature dependent cyclic stress and plastic strain amplitude response. DSA was found to occur at a low strain rate in 200 degrees C water or at a high strain rate in 288 degrees C water regardless of dissolved oxygen concentration (DO) in water. In low-DO water, DSA improved the LCF resistance of the steel to some extent, but such an effect was screened by the environmental effects in high-DO water. The interactions between DSA and surrounding environmental factors as well as their possible influence on environmentally assisted cracking and fatigue resistance of the steel in high temperature water are discussed."
}