{
    "DOI": "10.1016/S0022-3115(00)00277-4",
    "Journal": "Journal of Nuclear Materials",
    "Keywords": [
        "S06",
        "L04",
        "T05",
        "I01",
        "E03"
    ],
    "Sections": [
        {
            "content": [
                "The microstructure of RAM steels consists of laths of tempered martensite within prior austenite grains. Only in F82H steel, some regions partially recrystallized are observed (see Fig. 1) in the AR condition as well as in the aged specimens. For each alloy, different kinds of precipitates were identified in carbon extraction replicas (LA12LC, LA12TaLC and LA12TaLN steels were not characterized by TEM). For all the steels, the main precipitation consists of M23C6 precipitates of variable size (10–200 nm) with a typical composition of metallic elements of 60Cr–30Fe–5V–5W (in at.%). These carbides are located along grain and lath/subgrain boundaries. Depending on the alloys (in F82H steel only M23C6 were identified), other carbonitrides were observed in the AR condition:",
                "M2X: Cr-rich in LA4Ta steel;",
                "MX or M6X: Ta-rich in LA4Ta, LA12Ta, LA13Ta and JLF-1 steels;",
                "M4X3: V-rich particules in LA4Ta, LA12Ta, LA13Ta and JLF-1 steels. After thermal aging, no significant evolution of the precipitation was observed by TEM except in Cr-rich LA4Ta steel where M2X particles disappeared, whatever the aging temperature was, and in W-rich LA13Ta steel, where Fe2W type Laves phase was observed after aging at 550°C for 10,000 h. This last phase appears as a thin film that engulfs carbides along grain and lath/subgrain boundaries (see Fig. 2). The chemical composition of this Laves phase film obtained by XEDS was 49Fe–24Cr–2V–25W (in at.%). The occurrence of the Laves phase was already observed in that steel after thermal aging but at higher temperature (500 h – 675°C) ."
            ],
            "name": "Microstructural characterization",
            "type": "ce_section"
        }
    ],
    "Title": "Effect of thermal aging on the microstructure and mechanical properties of 7–11 CrW steels",
    "abstract": "The aim of this paper is to present the evolution of the microstructure, tensile and impact properties of Fe-7.5/ 11CrWVTa reduced activation martensitic CRAM) steels after thermal aging performed at relevant temperatures for fusion applications (250-550 degreesC). The materials investigated are experimental alloys with different contents of Cr (7.5-11%), Ta (0-0.1%), W (0.8-3%) and interstitial elements, such as carbon (0.09-0.17%) and nitrogen (0.004-0.045%). Thermal aging was performed for up to 13 500 h on steels with different metallurgical conditions: normalized and tempered (N&T) and normalized and tempered + 10% cold worked (N&T-CW). The characterization of the microstructure was performed by transmission electron microscopy (TEM) and by small angle neutron scattering (SANS). The evolution of tensile properties depends essentially on the initial metallurgical conditions, whereas the modification of impact properties is mainly defined by the chemical composition that governs the occurrence of alpha prime and Laves phase precipitation. (C) 2000 Elsevier Science B.V. All rights reserved."
}