{
    "DOI": "10.1016/j.jallcom.2022.166060",
    "Journal": "Journal of Alloys and Compounds",
    "Keywords": [
        "Multicomponent alloys",
        "Damping properties",
        "Mechanical properties",
        "Deformation mechanism"
    ],
    "Sections": [
        {
            "content": [
                {
                    "content": [
                        "The SEM images taken on a cross-section perpendicular to the rolling direction ( Fig. 1) show the recrystallization microstructure of each alloy after the recrystallization treatment. As shown in Fig. 1, the organizations exhibited typical isometric grain characteristics after solid-solution treatment, with grain sizes ranging from 10 to 200 µm.",
                        "The microstructures of the samples were characterized by EBSD analysis (step size = 0.15 µm), and the results are shown in Fig. 2. With the growth of the first crystallized grains, twinning occured within the grains or was terminated inside the grains. As recrystallization occurred, the grain boundaries migrated continuously, driven by deformation energy storage. If layer misalignment occurred during interface propagation, i.e., twin interfaces appeared, they grew along with the grain growth. The twinning interface effectively increased the number of grain boundaries in the equiaxed grains and refined the original coarse equiaxed grains. Statistics show that the average grain sizes of the alloys Ti0–Ti5 were 60.34 μm, 62.59 μm, 63.78 μm and 60.15 μm, respectively, and the twin ratio decreased from 55.2 % for Ti0 to 54.2 %, 53.6 %, and 50.0 %, for Ti1, Ti3,and Ti5, respectively.",
                        "Fig. 3(a) shows the XRD patterns of the multicomponent alloys after the addition of different amounts of Ti. The alloys had only one phase with the FCC structure, but the peaks were shifted slightly. This structure can be verified by the local magnification of the XRD patterns, as shown in Fig. 3(b). The FCC phase of the Ti5 alloy had a lattice constant of 3.586 Å, as determined by Rietveld refinement , the results of which are shown in Fig. 3(c). The lattice constant was slightly higher (0.52 %) than that of the base FeCrCoNi alloy ."
                    ],
                    "name": "Microstructure",
                    "type": "ce_section"
                },
                {
                    "content": [
                        "Fig. 4(a) shows the dependence of the room-temperature dynamic mechanical properties of the (FeCrCoNi)100−xTix alloys on strain amplitude at a frequency of 1 Hz. The value of Q–1 is used as a parameter to characterize the damping properties of the alloy. It increased with increasing strain amplitude, because the alloy showed higher damping property at high amplitudes. The Ti0 alloy exhibited a low damping capacity; its Q–1 value peaked at 0.032 at a strain amplitude of 1 × 10–3. The damping value increased significantly with increasing Ti content, with a maximum Q–1 value of 0.051 for the Ti1 alloy. With further increase in Ti content, Q–1 decreased to 0.047 and 0.036 for Ti3 and Ti5 alloys, respectively.",
                        "Fig. 4(b) shows the tensile engineering stress–strain curve of the (FeCrCoNi)100−xTix alloys after solution treatment. The strength of the experimental alloy increased gradually with increasing Ti content. The yield strength of the alloy increased from 217.1 to 336.7 MPa with 5 at% Ti addition, moreover, the ductility of the Ti5 alloy was 57.6 %, only 25.9 % lower than that of the FeCrCoNi alloy. A reason for the decrease in alloy plasticity was the reduced proportion of twins.",
                        {
                            "content": [
                                "According to the K-G-L theory ( Fig. 5), vibrational energy is mainly consumed by the motion of dislocation lines during the nailing of atoms or vacant sites under overwhelming stress. The dislocation motion is typically achieved in two ways: bow-out and depinning .",
                                "The following formula can be used to characterize its damping behavior: Q−1=C1γmaxexp(−C2γmax) where γ denotes the strain amplitude. C1 and C2 are constants that can be expressed as: C1=ρFBLN36bELC2,C2=FBbELC where ρ denotes the dislocation density of Shockley; FB is the loading force; LN and LC are the average lengths of the strong pinning points (such as grain boundaries) and weak pinning points (such as solute atoms and vacancies), respectively; E represents the modulus of elasticity; and b is the Burrows vector.",
                                "The damping property increased significantly from Ti0 to Ti1. This is because of the addition of Ti atoms, which increases the number of weak pinning points in the alloy and reduces the LC value as per the formula given above. However, the grain size of the alloys showed little difference, and there was no precipitation of the second phase; therefore, the influence of LN on different alloys can be eliminated.",
                                "With an increase in the vibration amplitude during the test, the dislocation line was gradually bent. When the vibration amplitude exceeded a certain limit, the dislocation line was separated from the weak pin of the Ti atom and was only subjected to the pin action of the strong pinning point. Under periodic alternating stress, energy is consumed by dislocation-line decoupling, which enhances the damping property of the alloy.",
                                "Based on the K-G-L theory, the damping characteristics are affected not only by the number of pinning points but also by the dislocation. As solute, Ti atoms cause lattice distortion and increase the dislocation density of the alloy. The interaction between the solute atoms and the dislocations causes the dislocations to be in a relatively stable state. The stress field induced by the lattice distortion interacts with the elastic stress field around the dislocations, which binds the dislocations. Therefore, the density of dislocations in the Ti5 alloy is higher than those in other alloys; however, an increase in dislocation density is not necessarily beneficial for enhancing the damping capacity of the alloy. As shown in Fig. 6, a slightly larger number of dislocations were generated near the grain boundaries in the Ti5 alloy and were entangled with each other. However, it is difficult to move such dislocations under alternating stress, and dislocation mobility is low. Furthermore, in the Ti1 alloy, the dislocation lines were mostly arranged in parallel and did not intersect with each other, which is conducive to the dislocation movement. Therefore, the Ti1 alloy showed the highest damping performance, whereas the Ti3 alloy showed a slightly decreased damping performance. In turn, the damping property of the Ti5 alloy decreased significantly compared to those of the Ti3 and Ti1 alloys.",
                                "In the absence of an applied stress, the dislocation lines are pinned by the weak pinning points of the solid-solution atoms, grain boundaries, and second equally strong pinning points. With increasing applied stress, the dislocations underwent gradual bending. At low strain amplitudes (10–6–10–4) , the dislocation damping is small, and the Lc value of the weak pinning point reciprocates like a string. Therefore, it is necessary to overcome the resistance and consume the energy to cause damping. The damping produced at this stage was mainly determined by the number of weak pinning points. With increasing Ti content, the variation in the damping capacity of the Ti5 alloy at low strain amplitudes is shown below. As shown in Fig. 7(a), the Ti5 alloy had the highest damping capacity, and Ti0 had the lowest damping capacity.",
                                "When the strain amplitude exceedes 10–5–10–4, the dislocation broke away from the weak pinning point owing to the pinning effect of the strong pinning point. As shown in Fig. 7(b), under a periodic alternating stress, the energy is consumed by the unnailing of the dislocation line, thereby enhancing the damping property of the alloy.",
                                "Due to the different internal friction mechanisms that are active in the two stages of dislocation damping, the damping curve of the (FeCrCoNi)100−xTix alloy did not change with strain amplitude at low strain. There should be a critical strain (γ′-max) such that when strain is higher than γ′-max, the damping property of the alloy originates from the dislocation failure. With increasing strain, the dislocation was detached from the weak pinning point, and the damping capacity increased rapidly.",
                                "We adjust the formula Q−1=C1γmaxexp(−C2γmax)to get the following formula: ln(Q−1γmax)=lnC1−C2γmax−1",
                                "With icreasing strain, the curve becomes straight when the strain amplitude is higher than γmax; lnC1 is the intercept and −C2 is the slope.",
                                "The values of C 1, C 2, and γ′-max obtained from Fig. 8 are listed in Table 2.",
                                "This agrees with our explanation, that for a solid-solution of Ti atoms, weak pinning points are introduced in the alloy; therefore, the number of weak pinning points increase, leading to increased C 2. For an abnormal decrease in the Ti5 alloy, we believe that the dislocation entanglement affects the motion of the dislocations. Since the damping capacity of the alloy varies with the strain amplitude in both the low and high-strain stages, we consider that the damping mechanism satisfies the K-G-L model of dislocation damping."
                            ],
                            "name": "Damping properties",
                            "type": "ce_section"
                        },
                        {
                            "content": [
                                "The mechanical properties of the tested alloys are listed in Table 3.",
                                "The yield strength is a combination of four general mechanisms: solid-solution strengthening, deformation strengthening, precipitation strengthening, and grain boundary strengthening. To investigate the strengthening and deformation mechanisms, we selected the base FeCrCoNi alloy (Ti0) and the one with the highest yield strength (Ti5) as test subjects.",
                                "As mentioned in this paper, the average grain sizes of Ti0-Ti5 are 60.34 μm, 62.59 μm, 63.78 μm and 60.15 μm, respectively. However, no precipitates were observed in the microstructure of the samples, and the samples after solid solution were not deformed, so we think that the contribution of solution strengthening to the yield strength can be approximately estimated by the yield strength of Ti5 alloy minus the yield strength of Ti0 alloy.",
                                "Compared to the Ti0 alloy, the yield strength of the Ti5 alloy increased by ~120 Mpa owing to the solid-solution strengthening. Since the atomic radii of the four elements Fe, Cr, Co, and Ni are similar, and the solid-solution has a single-phase FCC structure, we considered the Ti5 alloy to be a binary alloy, i.e., HEA95Ti5.",
                                "The solid-solution strengthening induced by the addition of a small number of Ti atoms can be calculated using the following equation : ∆σs=MGc1/2εG1+0.5εG−3εa3/2700 where M denotes the Taylor factor , G is the shear modulus, and c is the solute atomic concentration.",
                                "εG and εa represent the atomic size and the elastic modulus fitness, respectively , εG=1G∂G∂c，and εa=1a∂a∂c, where a denotes the lattice constant.",
                                "The lattice constant of the FCC phase after the addition of 5 a.t % Ti was calculated to be 3.586 Å via XRD measurements using the Rietveld refinement method. For the Ti0 alloy with G = 84 GPa and the Ti5 alloy with G = 75.2 GPa (measured by using the Zwick Z2.5TH electronic universal testing machine), the contribution of solid-solution strengthening to the yield strength was ~119 MPa. This indicates that solid-solution strengthening was the dominant strengthening mechanism.",
                                "The alloy exhibits high damping over the entire strain range, especially under large strain, and has good comprehensive mechanical properties, which indicates that this type of damping material can be used as a structural material over a larger amplitude range. Compared with other damping alloys, it has larger damping capacity and comprehensive mechanical properties, indicating that the general law of opposite damping to alloy strength can be broken using the characteristics of multi-component alloys. Thus it can be considerd a promising damping material with a wide range of applications."
                            ],
                            "name": "Mechanical properties",
                            "type": "ce_section"
                        }
                    ],
                    "name": "Damping and mechanical properties",
                    "type": "ce_section"
                },
                {
                    "content": [
                        "Fig. 9 shows the true stress–strain curve and work-hardening rate of the tensile samples tested at 293 K. The work-hardening rate is expressed as a derivative of the real stress with respect to the real strain, which is a function of the real stress. The hardening of metals is mainly caused by the dislocation slip behavior, and the dislocation slip disruption is a function of the solid-solution atoms. Several solid-solution atoms in the test alloy distorted the lattice, and the interaction between dislocations and the solid-solution atoms increased dramatically, strongly impeding the dislocation slip. Therefore, the alloy used in this test exhibited had a higher initial work-hardening rate.",
                        "To investigate the plastic deformation mechanism of the test alloy, the microstructures of the samples were observed for different deformation amounts using TEM.",
                        "For the Ti0 and Ti1 alloy samples, the strain hardening rate exhibited a constant decreasing trend, and could be divided into two stages depending on the rate of decrease. During the first stage, as shown in Fig. 10(a), the strain hardening rate decreased sharply and the total amount of slip was mainly generated by the opening of the new slip surfaces.",
                        "During the second stage, as shown in Fig. 10(b) and (c), the strain was reinforced by the formation of dislocation substructures, such as high-density dislocation walls and dislocation cells indicating that the slip mode is wavy slip. The deformation process was dominated by the dislocation slip formation up to fracture, accompanied by some stack faults but no deformation twins, as shown in Fig. 10(d). The dislocation structures moved along the two non-coplanar slip systems, forming high-density dislocation walls. These intersecting dislocation walls act as barriers against dislocation movement and play a dominant role in the later stages of process hardening .",
                        "The Ti5 sample was different from Ti0 because it exhibited a work-hardening rate recovery stage. The work-hardening curve can be roughly divided into three stages. Stage I is the primary stage of plastic deformation; the work-hardening rate decreased continuously, and fluctuated to a certain extent when the true strain was 0.08291, and the hardening rate decreased to 1814 MPa. Stage II is the deformation hardening stage; the work-hardening deformation occured at this stage when the strain increased, and the work-hardening rate slowly increased. Stage III is the work-hardening rate attenuation stage; when the true strain was 0.2218, the work-hardening rate was maximized. When the true strain was> 0.2218, the work-hardening rate gradually decreased until a fracture occured. Based on this, we took samples with 2 %, 12 %, and 42 % deformations (fracture failure), and elucidated the work-hardening mechanism by observing the evolution of their TEM microscopic deformation defects under different deformations.",
                        "As shown in Fig. 11(a), during the first stage of plasticity, the deformation was mainly caused by the dislocations and activation of the slip system, and the total amount of slip primarily generated by the activation of a new slip surface. Owing to the low stress level, the position released by the same slip-surface dislocation interval is large. The stack fault (SF) appeared in some areas in the early stage of deformation, which inhibited the slip of plane dislocations, caused the dislocations to produce cross-slips, and produced a phenomenon of higher work-hardening rate recovery in the initial stage of deformation .",
                        "Fig. 11(b) shows that in the second stage of deformation, as the deformation increased, the dislocations proliferated further, and the number of stacking faults gradually increased, forming several lamellar SFs. Single or multiple dislocations were constantly distributed or blocked between the SFs, as shown in Fig. 12. Several entangled dislocations cause stress concentrations, which hindered the movement of the dislocations and reduced the distance over which they can slide freely, leading to an increased in the local hardening rate.",
                        "Under higher strain, the evolution of stacking fault structure is helpful to further enhance and malleability. During the third stage of deformation, stretching to maximum deformation at room temperature, the hardening rate decreased with increasing strain. As the strain continued to increase, a larger number of multilayered lamellar dislocation bands of different widths were produced, as shown in Fig. 11(c) and (d). Fig. 11(e) shows that the second direction of lamellar dislocation bands of lower widths were produced, which intersected each other and divided the original cell into nanodomains of 10–20 nm, creating a microstructure similar to a cellular structure. The interaction between stacking faults and dislocations eventually leads to high strength and excellent ductility at room temperature. Fig. 11(f) shows a high-resolution TEM (HRTEM) image of the LC lock. The LC lock can effectively prevent dislocation slip in the process of plastic deformation, resulting in extraordinary work-hardening ability, as shown in Fig. 9. The Ti5 alloy with lower stacking fault energy has the highest work hardening rate in the deformation.",
                        "The isometric grains were subdivided and the effective free path for the dislocation movement was shortened. These dislocation layers can effectively impede the motion of the dislocations, similar to the role of the grain boundaries in the massive aggregation of dislocations. This effect is known as the dynamic Hall–Page effect .",
                        "The work-hardening rate of the Ti3 alloy was similar to that of the Ti5 alloy, except that the second stage of the work-hardening rate remained stable. For the Ti3 alloy, we selected three stages: 2 % deformation at the beginning of the deformation, 10 % deformation when the work-hardening rate remained stable, and final fracture failure.",
                        "The characteristics of the first stage of deformation of the Ti3 alloy were similar to those of the Ti0 alloy. The total amount of slip was mainly generated by the opening of new slip surfaces, and the slip lines were thin and long with a uniform distribution, as shown in Fig. 13(a).",
                        "During the second stage, dislocation multiplication observed by TEM was similar to that caused by the dislocation slip in the deformation of the Ti0 alloy, as shown in Fig. 13(b). Dislocation bands similar to those in the Ti5 alloy were also observed, as shown in Fig. 13(c). The lamination was distributed among the laminations, as shown in Fig. 13(d). This prevents dislocation movement and reduces the distance over which the dislocation can slip freely, resulting in a stable alloy work-hardening rate.",
                        "During the third stage, the hardening rate decreases with increasing strain. With increasing in strain, a large number of multi layer fault bands of different widths were generated, similar to the Ti5 alloy. These fault bands were interlaced, resulting in microstructures similar to those of the cellular structures, as shown in Fig. 13(e). A dislocation structure similar to that of the Ti0 alloy was observed after fracture failure. The TEM image (Fig. 13(f)) shows a high density of dislocation tangles and dislocation walls, which play a dominant role in the later stages of work-hardening by interacting with the dislocation zone.",
                        "It is well known that the deformation mechanism of FCC materials is affected by the stacking fault energy (SFE) during the deformation . The plastic deformation of the conventional polycrystalline FCC metals is mainly carried by the full dislocation slip . The SF originates from the decomposition of perfect dislocations in the early stages of plastic deformation, accompanied by the generation of two partial dislocations. The SFE of the FeCrCoNi alloy was 30 mJ/m2, which can be reduced by the addition of Ti . Ni exhibits a very high SFE of ∼150 mJ/m2. Adding Fe, Cr, and Co into Ni decreases its SFE . The amount of Ni in the Ti5 alloy matrix, was lower than that in the FeCrCoNi alloy. The SFE of the Ti5 alloy is lower than that of FeCrCoNi alloy. For the Ti5 alloy with low SFE, the perfect dislocations tend to decompose into partial dislocations and SF . The dislocation slip is hindered in materials with low SFE because the SF acts as an obstacle during the movement of dislocations. However, for the Ti0 alloy, due to its high SFE, cross-slip and dislocation blockage are commonly observed during the deformation, resulting in dislocation cells, dislocation walls and other substructures. In general, the deformation of FCC alloy with high SFE tends to occur through microstrip, dislocation cross slip or plane slip. Therefore, it can be concluded that the Ti0 sample have higher SFE, and the deformation mechanism is mainly the plane slip of dislocation. With decreasing SFE, the deformation mechanism of the alloy changed from dislocation strengthening in Ti0 to SF-controlled in Ti5 alloy."
                    ],
                    "name": "Work-hardening behavior",
                    "type": "ce_section"
                }
            ],
            "name": "Results and discussion",
            "type": "ce_section"
        },
        {
            "content": [
                {
                    "content": [
                        "The SEM images taken on a cross-section perpendicular to the rolling direction ( Fig. 1) show the recrystallization microstructure of each alloy after the recrystallization treatment. As shown in Fig. 1, the organizations exhibited typical isometric grain characteristics after solid-solution treatment, with grain sizes ranging from 10 to 200 µm.",
                        "The microstructures of the samples were characterized by EBSD analysis (step size = 0.15 µm), and the results are shown in Fig. 2. With the growth of the first crystallized grains, twinning occured within the grains or was terminated inside the grains. As recrystallization occurred, the grain boundaries migrated continuously, driven by deformation energy storage. If layer misalignment occurred during interface propagation, i.e., twin interfaces appeared, they grew along with the grain growth. The twinning interface effectively increased the number of grain boundaries in the equiaxed grains and refined the original coarse equiaxed grains. Statistics show that the average grain sizes of the alloys Ti0–Ti5 were 60.34 μm, 62.59 μm, 63.78 μm and 60.15 μm, respectively, and the twin ratio decreased from 55.2 % for Ti0 to 54.2 %, 53.6 %, and 50.0 %, for Ti1, Ti3,and Ti5, respectively.",
                        "Fig. 3(a) shows the XRD patterns of the multicomponent alloys after the addition of different amounts of Ti. The alloys had only one phase with the FCC structure, but the peaks were shifted slightly. This structure can be verified by the local magnification of the XRD patterns, as shown in Fig. 3(b). The FCC phase of the Ti5 alloy had a lattice constant of 3.586 Å, as determined by Rietveld refinement , the results of which are shown in Fig. 3(c). The lattice constant was slightly higher (0.52 %) than that of the base FeCrCoNi alloy ."
                    ],
                    "name": "Microstructure",
                    "type": "ce_section"
                },
                {
                    "content": [
                        "Fig. 4(a) shows the dependence of the room-temperature dynamic mechanical properties of the (FeCrCoNi)100−xTix alloys on strain amplitude at a frequency of 1 Hz. The value of Q–1 is used as a parameter to characterize the damping properties of the alloy. It increased with increasing strain amplitude, because the alloy showed higher damping property at high amplitudes. The Ti0 alloy exhibited a low damping capacity; its Q–1 value peaked at 0.032 at a strain amplitude of 1 × 10–3. The damping value increased significantly with increasing Ti content, with a maximum Q–1 value of 0.051 for the Ti1 alloy. With further increase in Ti content, Q–1 decreased to 0.047 and 0.036 for Ti3 and Ti5 alloys, respectively.",
                        "Fig. 4(b) shows the tensile engineering stress–strain curve of the (FeCrCoNi)100−xTix alloys after solution treatment. The strength of the experimental alloy increased gradually with increasing Ti content. The yield strength of the alloy increased from 217.1 to 336.7 MPa with 5 at% Ti addition, moreover, the ductility of the Ti5 alloy was 57.6 %, only 25.9 % lower than that of the FeCrCoNi alloy. A reason for the decrease in alloy plasticity was the reduced proportion of twins.",
                        {
                            "content": [
                                "According to the K-G-L theory ( Fig. 5), vibrational energy is mainly consumed by the motion of dislocation lines during the nailing of atoms or vacant sites under overwhelming stress. The dislocation motion is typically achieved in two ways: bow-out and depinning .",
                                "The following formula can be used to characterize its damping behavior: Q−1=C1γmaxexp(−C2γmax) where γ denotes the strain amplitude. C1 and C2 are constants that can be expressed as: C1=ρFBLN36bELC2,C2=FBbELC where ρ denotes the dislocation density of Shockley; FB is the loading force; LN and LC are the average lengths of the strong pinning points (such as grain boundaries) and weak pinning points (such as solute atoms and vacancies), respectively; E represents the modulus of elasticity; and b is the Burrows vector.",
                                "The damping property increased significantly from Ti0 to Ti1. This is because of the addition of Ti atoms, which increases the number of weak pinning points in the alloy and reduces the LC value as per the formula given above. However, the grain size of the alloys showed little difference, and there was no precipitation of the second phase; therefore, the influence of LN on different alloys can be eliminated.",
                                "With an increase in the vibration amplitude during the test, the dislocation line was gradually bent. When the vibration amplitude exceeded a certain limit, the dislocation line was separated from the weak pin of the Ti atom and was only subjected to the pin action of the strong pinning point. Under periodic alternating stress, energy is consumed by dislocation-line decoupling, which enhances the damping property of the alloy.",
                                "Based on the K-G-L theory, the damping characteristics are affected not only by the number of pinning points but also by the dislocation. As solute, Ti atoms cause lattice distortion and increase the dislocation density of the alloy. The interaction between the solute atoms and the dislocations causes the dislocations to be in a relatively stable state. The stress field induced by the lattice distortion interacts with the elastic stress field around the dislocations, which binds the dislocations. Therefore, the density of dislocations in the Ti5 alloy is higher than those in other alloys; however, an increase in dislocation density is not necessarily beneficial for enhancing the damping capacity of the alloy. As shown in Fig. 6, a slightly larger number of dislocations were generated near the grain boundaries in the Ti5 alloy and were entangled with each other. However, it is difficult to move such dislocations under alternating stress, and dislocation mobility is low. Furthermore, in the Ti1 alloy, the dislocation lines were mostly arranged in parallel and did not intersect with each other, which is conducive to the dislocation movement. Therefore, the Ti1 alloy showed the highest damping performance, whereas the Ti3 alloy showed a slightly decreased damping performance. In turn, the damping property of the Ti5 alloy decreased significantly compared to those of the Ti3 and Ti1 alloys.",
                                "In the absence of an applied stress, the dislocation lines are pinned by the weak pinning points of the solid-solution atoms, grain boundaries, and second equally strong pinning points. With increasing applied stress, the dislocations underwent gradual bending. At low strain amplitudes (10–6–10–4) , the dislocation damping is small, and the Lc value of the weak pinning point reciprocates like a string. Therefore, it is necessary to overcome the resistance and consume the energy to cause damping. The damping produced at this stage was mainly determined by the number of weak pinning points. With increasing Ti content, the variation in the damping capacity of the Ti5 alloy at low strain amplitudes is shown below. As shown in Fig. 7(a), the Ti5 alloy had the highest damping capacity, and Ti0 had the lowest damping capacity.",
                                "When the strain amplitude exceedes 10–5–10–4, the dislocation broke away from the weak pinning point owing to the pinning effect of the strong pinning point. As shown in Fig. 7(b), under a periodic alternating stress, the energy is consumed by the unnailing of the dislocation line, thereby enhancing the damping property of the alloy.",
                                "Due to the different internal friction mechanisms that are active in the two stages of dislocation damping, the damping curve of the (FeCrCoNi)100−xTix alloy did not change with strain amplitude at low strain. There should be a critical strain (γ′-max) such that when strain is higher than γ′-max, the damping property of the alloy originates from the dislocation failure. With increasing strain, the dislocation was detached from the weak pinning point, and the damping capacity increased rapidly.",
                                "We adjust the formula Q−1=C1γmaxexp(−C2γmax)to get the following formula: ln(Q−1γmax)=lnC1−C2γmax−1",
                                "With icreasing strain, the curve becomes straight when the strain amplitude is higher than γmax; lnC1 is the intercept and −C2 is the slope.",
                                "The values of C 1, C 2, and γ′-max obtained from Fig. 8 are listed in Table 2.",
                                "This agrees with our explanation, that for a solid-solution of Ti atoms, weak pinning points are introduced in the alloy; therefore, the number of weak pinning points increase, leading to increased C 2. For an abnormal decrease in the Ti5 alloy, we believe that the dislocation entanglement affects the motion of the dislocations. Since the damping capacity of the alloy varies with the strain amplitude in both the low and high-strain stages, we consider that the damping mechanism satisfies the K-G-L model of dislocation damping."
                            ],
                            "name": "Damping properties",
                            "type": "ce_section"
                        },
                        {
                            "content": [
                                "The mechanical properties of the tested alloys are listed in Table 3.",
                                "The yield strength is a combination of four general mechanisms: solid-solution strengthening, deformation strengthening, precipitation strengthening, and grain boundary strengthening. To investigate the strengthening and deformation mechanisms, we selected the base FeCrCoNi alloy (Ti0) and the one with the highest yield strength (Ti5) as test subjects.",
                                "As mentioned in this paper, the average grain sizes of Ti0-Ti5 are 60.34 μm, 62.59 μm, 63.78 μm and 60.15 μm, respectively. However, no precipitates were observed in the microstructure of the samples, and the samples after solid solution were not deformed, so we think that the contribution of solution strengthening to the yield strength can be approximately estimated by the yield strength of Ti5 alloy minus the yield strength of Ti0 alloy.",
                                "Compared to the Ti0 alloy, the yield strength of the Ti5 alloy increased by ~120 Mpa owing to the solid-solution strengthening. Since the atomic radii of the four elements Fe, Cr, Co, and Ni are similar, and the solid-solution has a single-phase FCC structure, we considered the Ti5 alloy to be a binary alloy, i.e., HEA95Ti5.",
                                "The solid-solution strengthening induced by the addition of a small number of Ti atoms can be calculated using the following equation : ∆σs=MGc1/2εG1+0.5εG−3εa3/2700 where M denotes the Taylor factor , G is the shear modulus, and c is the solute atomic concentration.",
                                "εG and εa represent the atomic size and the elastic modulus fitness, respectively , εG=1G∂G∂c，and εa=1a∂a∂c, where a denotes the lattice constant.",
                                "The lattice constant of the FCC phase after the addition of 5 a.t % Ti was calculated to be 3.586 Å via XRD measurements using the Rietveld refinement method. For the Ti0 alloy with G = 84 GPa and the Ti5 alloy with G = 75.2 GPa (measured by using the Zwick Z2.5TH electronic universal testing machine), the contribution of solid-solution strengthening to the yield strength was ~119 MPa. This indicates that solid-solution strengthening was the dominant strengthening mechanism.",
                                "The alloy exhibits high damping over the entire strain range, especially under large strain, and has good comprehensive mechanical properties, which indicates that this type of damping material can be used as a structural material over a larger amplitude range. Compared with other damping alloys, it has larger damping capacity and comprehensive mechanical properties, indicating that the general law of opposite damping to alloy strength can be broken using the characteristics of multi-component alloys. Thus it can be considerd a promising damping material with a wide range of applications."
                            ],
                            "name": "Mechanical properties",
                            "type": "ce_section"
                        }
                    ],
                    "name": "Damping and mechanical properties",
                    "type": "ce_section"
                },
                {
                    "content": [
                        "Fig. 9 shows the true stress–strain curve and work-hardening rate of the tensile samples tested at 293 K. The work-hardening rate is expressed as a derivative of the real stress with respect to the real strain, which is a function of the real stress. The hardening of metals is mainly caused by the dislocation slip behavior, and the dislocation slip disruption is a function of the solid-solution atoms. Several solid-solution atoms in the test alloy distorted the lattice, and the interaction between dislocations and the solid-solution atoms increased dramatically, strongly impeding the dislocation slip. Therefore, the alloy used in this test exhibited had a higher initial work-hardening rate.",
                        "To investigate the plastic deformation mechanism of the test alloy, the microstructures of the samples were observed for different deformation amounts using TEM.",
                        "For the Ti0 and Ti1 alloy samples, the strain hardening rate exhibited a constant decreasing trend, and could be divided into two stages depending on the rate of decrease. During the first stage, as shown in Fig. 10(a), the strain hardening rate decreased sharply and the total amount of slip was mainly generated by the opening of the new slip surfaces.",
                        "During the second stage, as shown in Fig. 10(b) and (c), the strain was reinforced by the formation of dislocation substructures, such as high-density dislocation walls and dislocation cells indicating that the slip mode is wavy slip. The deformation process was dominated by the dislocation slip formation up to fracture, accompanied by some stack faults but no deformation twins, as shown in Fig. 10(d). The dislocation structures moved along the two non-coplanar slip systems, forming high-density dislocation walls. These intersecting dislocation walls act as barriers against dislocation movement and play a dominant role in the later stages of process hardening .",
                        "The Ti5 sample was different from Ti0 because it exhibited a work-hardening rate recovery stage. The work-hardening curve can be roughly divided into three stages. Stage I is the primary stage of plastic deformation; the work-hardening rate decreased continuously, and fluctuated to a certain extent when the true strain was 0.08291, and the hardening rate decreased to 1814 MPa. Stage II is the deformation hardening stage; the work-hardening deformation occured at this stage when the strain increased, and the work-hardening rate slowly increased. Stage III is the work-hardening rate attenuation stage; when the true strain was 0.2218, the work-hardening rate was maximized. When the true strain was> 0.2218, the work-hardening rate gradually decreased until a fracture occured. Based on this, we took samples with 2 %, 12 %, and 42 % deformations (fracture failure), and elucidated the work-hardening mechanism by observing the evolution of their TEM microscopic deformation defects under different deformations.",
                        "As shown in Fig. 11(a), during the first stage of plasticity, the deformation was mainly caused by the dislocations and activation of the slip system, and the total amount of slip primarily generated by the activation of a new slip surface. Owing to the low stress level, the position released by the same slip-surface dislocation interval is large. The stack fault (SF) appeared in some areas in the early stage of deformation, which inhibited the slip of plane dislocations, caused the dislocations to produce cross-slips, and produced a phenomenon of higher work-hardening rate recovery in the initial stage of deformation .",
                        "Fig. 11(b) shows that in the second stage of deformation, as the deformation increased, the dislocations proliferated further, and the number of stacking faults gradually increased, forming several lamellar SFs. Single or multiple dislocations were constantly distributed or blocked between the SFs, as shown in Fig. 12. Several entangled dislocations cause stress concentrations, which hindered the movement of the dislocations and reduced the distance over which they can slide freely, leading to an increased in the local hardening rate.",
                        "Under higher strain, the evolution of stacking fault structure is helpful to further enhance and malleability. During the third stage of deformation, stretching to maximum deformation at room temperature, the hardening rate decreased with increasing strain. As the strain continued to increase, a larger number of multilayered lamellar dislocation bands of different widths were produced, as shown in Fig. 11(c) and (d). Fig. 11(e) shows that the second direction of lamellar dislocation bands of lower widths were produced, which intersected each other and divided the original cell into nanodomains of 10–20 nm, creating a microstructure similar to a cellular structure. The interaction between stacking faults and dislocations eventually leads to high strength and excellent ductility at room temperature. Fig. 11(f) shows a high-resolution TEM (HRTEM) image of the LC lock. The LC lock can effectively prevent dislocation slip in the process of plastic deformation, resulting in extraordinary work-hardening ability, as shown in Fig. 9. The Ti5 alloy with lower stacking fault energy has the highest work hardening rate in the deformation.",
                        "The isometric grains were subdivided and the effective free path for the dislocation movement was shortened. These dislocation layers can effectively impede the motion of the dislocations, similar to the role of the grain boundaries in the massive aggregation of dislocations. This effect is known as the dynamic Hall–Page effect .",
                        "The work-hardening rate of the Ti3 alloy was similar to that of the Ti5 alloy, except that the second stage of the work-hardening rate remained stable. For the Ti3 alloy, we selected three stages: 2 % deformation at the beginning of the deformation, 10 % deformation when the work-hardening rate remained stable, and final fracture failure.",
                        "The characteristics of the first stage of deformation of the Ti3 alloy were similar to those of the Ti0 alloy. The total amount of slip was mainly generated by the opening of new slip surfaces, and the slip lines were thin and long with a uniform distribution, as shown in Fig. 13(a).",
                        "During the second stage, dislocation multiplication observed by TEM was similar to that caused by the dislocation slip in the deformation of the Ti0 alloy, as shown in Fig. 13(b). Dislocation bands similar to those in the Ti5 alloy were also observed, as shown in Fig. 13(c). The lamination was distributed among the laminations, as shown in Fig. 13(d). This prevents dislocation movement and reduces the distance over which the dislocation can slip freely, resulting in a stable alloy work-hardening rate.",
                        "During the third stage, the hardening rate decreases with increasing strain. With increasing in strain, a large number of multi layer fault bands of different widths were generated, similar to the Ti5 alloy. These fault bands were interlaced, resulting in microstructures similar to those of the cellular structures, as shown in Fig. 13(e). A dislocation structure similar to that of the Ti0 alloy was observed after fracture failure. The TEM image (Fig. 13(f)) shows a high density of dislocation tangles and dislocation walls, which play a dominant role in the later stages of work-hardening by interacting with the dislocation zone.",
                        "It is well known that the deformation mechanism of FCC materials is affected by the stacking fault energy (SFE) during the deformation . The plastic deformation of the conventional polycrystalline FCC metals is mainly carried by the full dislocation slip . The SF originates from the decomposition of perfect dislocations in the early stages of plastic deformation, accompanied by the generation of two partial dislocations. The SFE of the FeCrCoNi alloy was 30 mJ/m2, which can be reduced by the addition of Ti . Ni exhibits a very high SFE of ∼150 mJ/m2. Adding Fe, Cr, and Co into Ni decreases its SFE . The amount of Ni in the Ti5 alloy matrix, was lower than that in the FeCrCoNi alloy. The SFE of the Ti5 alloy is lower than that of FeCrCoNi alloy. For the Ti5 alloy with low SFE, the perfect dislocations tend to decompose into partial dislocations and SF . The dislocation slip is hindered in materials with low SFE because the SF acts as an obstacle during the movement of dislocations. However, for the Ti0 alloy, due to its high SFE, cross-slip and dislocation blockage are commonly observed during the deformation, resulting in dislocation cells, dislocation walls and other substructures. In general, the deformation of FCC alloy with high SFE tends to occur through microstrip, dislocation cross slip or plane slip. Therefore, it can be concluded that the Ti0 sample have higher SFE, and the deformation mechanism is mainly the plane slip of dislocation. With decreasing SFE, the deformation mechanism of the alloy changed from dislocation strengthening in Ti0 to SF-controlled in Ti5 alloy."
                    ],
                    "name": "Work-hardening behavior",
                    "type": "ce_section"
                }
            ],
            "name": "Results and discussion",
            "type": "ce_section"
        },
        {
            "content": [
                {
                    "content": [
                        "The SEM images taken on a cross-section perpendicular to the rolling direction ( Fig. 1) show the recrystallization microstructure of each alloy after the recrystallization treatment. As shown in Fig. 1, the organizations exhibited typical isometric grain characteristics after solid-solution treatment, with grain sizes ranging from 10 to 200 µm.",
                        "The microstructures of the samples were characterized by EBSD analysis (step size = 0.15 µm), and the results are shown in Fig. 2. With the growth of the first crystallized grains, twinning occured within the grains or was terminated inside the grains. As recrystallization occurred, the grain boundaries migrated continuously, driven by deformation energy storage. If layer misalignment occurred during interface propagation, i.e., twin interfaces appeared, they grew along with the grain growth. The twinning interface effectively increased the number of grain boundaries in the equiaxed grains and refined the original coarse equiaxed grains. Statistics show that the average grain sizes of the alloys Ti0–Ti5 were 60.34 μm, 62.59 μm, 63.78 μm and 60.15 μm, respectively, and the twin ratio decreased from 55.2 % for Ti0 to 54.2 %, 53.6 %, and 50.0 %, for Ti1, Ti3,and Ti5, respectively.",
                        "Fig. 3(a) shows the XRD patterns of the multicomponent alloys after the addition of different amounts of Ti. The alloys had only one phase with the FCC structure, but the peaks were shifted slightly. This structure can be verified by the local magnification of the XRD patterns, as shown in Fig. 3(b). The FCC phase of the Ti5 alloy had a lattice constant of 3.586 Å, as determined by Rietveld refinement , the results of which are shown in Fig. 3(c). The lattice constant was slightly higher (0.52 %) than that of the base FeCrCoNi alloy ."
                    ],
                    "name": "Microstructure",
                    "type": "ce_section"
                },
                {
                    "content": [
                        "Fig. 4(a) shows the dependence of the room-temperature dynamic mechanical properties of the (FeCrCoNi)100−xTix alloys on strain amplitude at a frequency of 1 Hz. The value of Q–1 is used as a parameter to characterize the damping properties of the alloy. It increased with increasing strain amplitude, because the alloy showed higher damping property at high amplitudes. The Ti0 alloy exhibited a low damping capacity; its Q–1 value peaked at 0.032 at a strain amplitude of 1 × 10–3. The damping value increased significantly with increasing Ti content, with a maximum Q–1 value of 0.051 for the Ti1 alloy. With further increase in Ti content, Q–1 decreased to 0.047 and 0.036 for Ti3 and Ti5 alloys, respectively.",
                        "Fig. 4(b) shows the tensile engineering stress–strain curve of the (FeCrCoNi)100−xTix alloys after solution treatment. The strength of the experimental alloy increased gradually with increasing Ti content. The yield strength of the alloy increased from 217.1 to 336.7 MPa with 5 at% Ti addition, moreover, the ductility of the Ti5 alloy was 57.6 %, only 25.9 % lower than that of the FeCrCoNi alloy. A reason for the decrease in alloy plasticity was the reduced proportion of twins.",
                        {
                            "content": [
                                "According to the K-G-L theory ( Fig. 5), vibrational energy is mainly consumed by the motion of dislocation lines during the nailing of atoms or vacant sites under overwhelming stress. The dislocation motion is typically achieved in two ways: bow-out and depinning .",
                                "The following formula can be used to characterize its damping behavior: Q−1=C1γmaxexp(−C2γmax) where γ denotes the strain amplitude. C1 and C2 are constants that can be expressed as: C1=ρFBLN36bELC2,C2=FBbELC where ρ denotes the dislocation density of Shockley; FB is the loading force; LN and LC are the average lengths of the strong pinning points (such as grain boundaries) and weak pinning points (such as solute atoms and vacancies), respectively; E represents the modulus of elasticity; and b is the Burrows vector.",
                                "The damping property increased significantly from Ti0 to Ti1. This is because of the addition of Ti atoms, which increases the number of weak pinning points in the alloy and reduces the LC value as per the formula given above. However, the grain size of the alloys showed little difference, and there was no precipitation of the second phase; therefore, the influence of LN on different alloys can be eliminated.",
                                "With an increase in the vibration amplitude during the test, the dislocation line was gradually bent. When the vibration amplitude exceeded a certain limit, the dislocation line was separated from the weak pin of the Ti atom and was only subjected to the pin action of the strong pinning point. Under periodic alternating stress, energy is consumed by dislocation-line decoupling, which enhances the damping property of the alloy.",
                                "Based on the K-G-L theory, the damping characteristics are affected not only by the number of pinning points but also by the dislocation. As solute, Ti atoms cause lattice distortion and increase the dislocation density of the alloy. The interaction between the solute atoms and the dislocations causes the dislocations to be in a relatively stable state. The stress field induced by the lattice distortion interacts with the elastic stress field around the dislocations, which binds the dislocations. Therefore, the density of dislocations in the Ti5 alloy is higher than those in other alloys; however, an increase in dislocation density is not necessarily beneficial for enhancing the damping capacity of the alloy. As shown in Fig. 6, a slightly larger number of dislocations were generated near the grain boundaries in the Ti5 alloy and were entangled with each other. However, it is difficult to move such dislocations under alternating stress, and dislocation mobility is low. Furthermore, in the Ti1 alloy, the dislocation lines were mostly arranged in parallel and did not intersect with each other, which is conducive to the dislocation movement. Therefore, the Ti1 alloy showed the highest damping performance, whereas the Ti3 alloy showed a slightly decreased damping performance. In turn, the damping property of the Ti5 alloy decreased significantly compared to those of the Ti3 and Ti1 alloys.",
                                "In the absence of an applied stress, the dislocation lines are pinned by the weak pinning points of the solid-solution atoms, grain boundaries, and second equally strong pinning points. With increasing applied stress, the dislocations underwent gradual bending. At low strain amplitudes (10–6–10–4) , the dislocation damping is small, and the Lc value of the weak pinning point reciprocates like a string. Therefore, it is necessary to overcome the resistance and consume the energy to cause damping. The damping produced at this stage was mainly determined by the number of weak pinning points. With increasing Ti content, the variation in the damping capacity of the Ti5 alloy at low strain amplitudes is shown below. As shown in Fig. 7(a), the Ti5 alloy had the highest damping capacity, and Ti0 had the lowest damping capacity.",
                                "When the strain amplitude exceedes 10–5–10–4, the dislocation broke away from the weak pinning point owing to the pinning effect of the strong pinning point. As shown in Fig. 7(b), under a periodic alternating stress, the energy is consumed by the unnailing of the dislocation line, thereby enhancing the damping property of the alloy.",
                                "Due to the different internal friction mechanisms that are active in the two stages of dislocation damping, the damping curve of the (FeCrCoNi)100−xTix alloy did not change with strain amplitude at low strain. There should be a critical strain (γ′-max) such that when strain is higher than γ′-max, the damping property of the alloy originates from the dislocation failure. With increasing strain, the dislocation was detached from the weak pinning point, and the damping capacity increased rapidly.",
                                "We adjust the formula Q−1=C1γmaxexp(−C2γmax)to get the following formula: ln(Q−1γmax)=lnC1−C2γmax−1",
                                "With icreasing strain, the curve becomes straight when the strain amplitude is higher than γmax; lnC1 is the intercept and −C2 is the slope.",
                                "The values of C 1, C 2, and γ′-max obtained from Fig. 8 are listed in Table 2.",
                                "This agrees with our explanation, that for a solid-solution of Ti atoms, weak pinning points are introduced in the alloy; therefore, the number of weak pinning points increase, leading to increased C 2. For an abnormal decrease in the Ti5 alloy, we believe that the dislocation entanglement affects the motion of the dislocations. Since the damping capacity of the alloy varies with the strain amplitude in both the low and high-strain stages, we consider that the damping mechanism satisfies the K-G-L model of dislocation damping."
                            ],
                            "name": "Damping properties",
                            "type": "ce_section"
                        },
                        {
                            "content": [
                                "The mechanical properties of the tested alloys are listed in Table 3.",
                                "The yield strength is a combination of four general mechanisms: solid-solution strengthening, deformation strengthening, precipitation strengthening, and grain boundary strengthening. To investigate the strengthening and deformation mechanisms, we selected the base FeCrCoNi alloy (Ti0) and the one with the highest yield strength (Ti5) as test subjects.",
                                "As mentioned in this paper, the average grain sizes of Ti0-Ti5 are 60.34 μm, 62.59 μm, 63.78 μm and 60.15 μm, respectively. However, no precipitates were observed in the microstructure of the samples, and the samples after solid solution were not deformed, so we think that the contribution of solution strengthening to the yield strength can be approximately estimated by the yield strength of Ti5 alloy minus the yield strength of Ti0 alloy.",
                                "Compared to the Ti0 alloy, the yield strength of the Ti5 alloy increased by ~120 Mpa owing to the solid-solution strengthening. Since the atomic radii of the four elements Fe, Cr, Co, and Ni are similar, and the solid-solution has a single-phase FCC structure, we considered the Ti5 alloy to be a binary alloy, i.e., HEA95Ti5.",
                                "The solid-solution strengthening induced by the addition of a small number of Ti atoms can be calculated using the following equation : ∆σs=MGc1/2εG1+0.5εG−3εa3/2700 where M denotes the Taylor factor , G is the shear modulus, and c is the solute atomic concentration.",
                                "εG and εa represent the atomic size and the elastic modulus fitness, respectively , εG=1G∂G∂c，and εa=1a∂a∂c, where a denotes the lattice constant.",
                                "The lattice constant of the FCC phase after the addition of 5 a.t % Ti was calculated to be 3.586 Å via XRD measurements using the Rietveld refinement method. For the Ti0 alloy with G = 84 GPa and the Ti5 alloy with G = 75.2 GPa (measured by using the Zwick Z2.5TH electronic universal testing machine), the contribution of solid-solution strengthening to the yield strength was ~119 MPa. This indicates that solid-solution strengthening was the dominant strengthening mechanism.",
                                "The alloy exhibits high damping over the entire strain range, especially under large strain, and has good comprehensive mechanical properties, which indicates that this type of damping material can be used as a structural material over a larger amplitude range. Compared with other damping alloys, it has larger damping capacity and comprehensive mechanical properties, indicating that the general law of opposite damping to alloy strength can be broken using the characteristics of multi-component alloys. Thus it can be considerd a promising damping material with a wide range of applications."
                            ],
                            "name": "Mechanical properties",
                            "type": "ce_section"
                        }
                    ],
                    "name": "Damping and mechanical properties",
                    "type": "ce_section"
                },
                {
                    "content": [
                        "Fig. 9 shows the true stress–strain curve and work-hardening rate of the tensile samples tested at 293 K. The work-hardening rate is expressed as a derivative of the real stress with respect to the real strain, which is a function of the real stress. The hardening of metals is mainly caused by the dislocation slip behavior, and the dislocation slip disruption is a function of the solid-solution atoms. Several solid-solution atoms in the test alloy distorted the lattice, and the interaction between dislocations and the solid-solution atoms increased dramatically, strongly impeding the dislocation slip. Therefore, the alloy used in this test exhibited had a higher initial work-hardening rate.",
                        "To investigate the plastic deformation mechanism of the test alloy, the microstructures of the samples were observed for different deformation amounts using TEM.",
                        "For the Ti0 and Ti1 alloy samples, the strain hardening rate exhibited a constant decreasing trend, and could be divided into two stages depending on the rate of decrease. During the first stage, as shown in Fig. 10(a), the strain hardening rate decreased sharply and the total amount of slip was mainly generated by the opening of the new slip surfaces.",
                        "During the second stage, as shown in Fig. 10(b) and (c), the strain was reinforced by the formation of dislocation substructures, such as high-density dislocation walls and dislocation cells indicating that the slip mode is wavy slip. The deformation process was dominated by the dislocation slip formation up to fracture, accompanied by some stack faults but no deformation twins, as shown in Fig. 10(d). The dislocation structures moved along the two non-coplanar slip systems, forming high-density dislocation walls. These intersecting dislocation walls act as barriers against dislocation movement and play a dominant role in the later stages of process hardening .",
                        "The Ti5 sample was different from Ti0 because it exhibited a work-hardening rate recovery stage. The work-hardening curve can be roughly divided into three stages. Stage I is the primary stage of plastic deformation; the work-hardening rate decreased continuously, and fluctuated to a certain extent when the true strain was 0.08291, and the hardening rate decreased to 1814 MPa. Stage II is the deformation hardening stage; the work-hardening deformation occured at this stage when the strain increased, and the work-hardening rate slowly increased. Stage III is the work-hardening rate attenuation stage; when the true strain was 0.2218, the work-hardening rate was maximized. When the true strain was> 0.2218, the work-hardening rate gradually decreased until a fracture occured. Based on this, we took samples with 2 %, 12 %, and 42 % deformations (fracture failure), and elucidated the work-hardening mechanism by observing the evolution of their TEM microscopic deformation defects under different deformations.",
                        "As shown in Fig. 11(a), during the first stage of plasticity, the deformation was mainly caused by the dislocations and activation of the slip system, and the total amount of slip primarily generated by the activation of a new slip surface. Owing to the low stress level, the position released by the same slip-surface dislocation interval is large. The stack fault (SF) appeared in some areas in the early stage of deformation, which inhibited the slip of plane dislocations, caused the dislocations to produce cross-slips, and produced a phenomenon of higher work-hardening rate recovery in the initial stage of deformation .",
                        "Fig. 11(b) shows that in the second stage of deformation, as the deformation increased, the dislocations proliferated further, and the number of stacking faults gradually increased, forming several lamellar SFs. Single or multiple dislocations were constantly distributed or blocked between the SFs, as shown in Fig. 12. Several entangled dislocations cause stress concentrations, which hindered the movement of the dislocations and reduced the distance over which they can slide freely, leading to an increased in the local hardening rate.",
                        "Under higher strain, the evolution of stacking fault structure is helpful to further enhance and malleability. During the third stage of deformation, stretching to maximum deformation at room temperature, the hardening rate decreased with increasing strain. As the strain continued to increase, a larger number of multilayered lamellar dislocation bands of different widths were produced, as shown in Fig. 11(c) and (d). Fig. 11(e) shows that the second direction of lamellar dislocation bands of lower widths were produced, which intersected each other and divided the original cell into nanodomains of 10–20 nm, creating a microstructure similar to a cellular structure. The interaction between stacking faults and dislocations eventually leads to high strength and excellent ductility at room temperature. Fig. 11(f) shows a high-resolution TEM (HRTEM) image of the LC lock. The LC lock can effectively prevent dislocation slip in the process of plastic deformation, resulting in extraordinary work-hardening ability, as shown in Fig. 9. The Ti5 alloy with lower stacking fault energy has the highest work hardening rate in the deformation.",
                        "The isometric grains were subdivided and the effective free path for the dislocation movement was shortened. These dislocation layers can effectively impede the motion of the dislocations, similar to the role of the grain boundaries in the massive aggregation of dislocations. This effect is known as the dynamic Hall–Page effect .",
                        "The work-hardening rate of the Ti3 alloy was similar to that of the Ti5 alloy, except that the second stage of the work-hardening rate remained stable. For the Ti3 alloy, we selected three stages: 2 % deformation at the beginning of the deformation, 10 % deformation when the work-hardening rate remained stable, and final fracture failure.",
                        "The characteristics of the first stage of deformation of the Ti3 alloy were similar to those of the Ti0 alloy. The total amount of slip was mainly generated by the opening of new slip surfaces, and the slip lines were thin and long with a uniform distribution, as shown in Fig. 13(a).",
                        "During the second stage, dislocation multiplication observed by TEM was similar to that caused by the dislocation slip in the deformation of the Ti0 alloy, as shown in Fig. 13(b). Dislocation bands similar to those in the Ti5 alloy were also observed, as shown in Fig. 13(c). The lamination was distributed among the laminations, as shown in Fig. 13(d). This prevents dislocation movement and reduces the distance over which the dislocation can slip freely, resulting in a stable alloy work-hardening rate.",
                        "During the third stage, the hardening rate decreases with increasing strain. With increasing in strain, a large number of multi layer fault bands of different widths were generated, similar to the Ti5 alloy. These fault bands were interlaced, resulting in microstructures similar to those of the cellular structures, as shown in Fig. 13(e). A dislocation structure similar to that of the Ti0 alloy was observed after fracture failure. The TEM image (Fig. 13(f)) shows a high density of dislocation tangles and dislocation walls, which play a dominant role in the later stages of work-hardening by interacting with the dislocation zone.",
                        "It is well known that the deformation mechanism of FCC materials is affected by the stacking fault energy (SFE) during the deformation . The plastic deformation of the conventional polycrystalline FCC metals is mainly carried by the full dislocation slip . The SF originates from the decomposition of perfect dislocations in the early stages of plastic deformation, accompanied by the generation of two partial dislocations. The SFE of the FeCrCoNi alloy was 30 mJ/m2, which can be reduced by the addition of Ti . Ni exhibits a very high SFE of ∼150 mJ/m2. Adding Fe, Cr, and Co into Ni decreases its SFE . The amount of Ni in the Ti5 alloy matrix, was lower than that in the FeCrCoNi alloy. The SFE of the Ti5 alloy is lower than that of FeCrCoNi alloy. For the Ti5 alloy with low SFE, the perfect dislocations tend to decompose into partial dislocations and SF . The dislocation slip is hindered in materials with low SFE because the SF acts as an obstacle during the movement of dislocations. However, for the Ti0 alloy, due to its high SFE, cross-slip and dislocation blockage are commonly observed during the deformation, resulting in dislocation cells, dislocation walls and other substructures. In general, the deformation of FCC alloy with high SFE tends to occur through microstrip, dislocation cross slip or plane slip. Therefore, it can be concluded that the Ti0 sample have higher SFE, and the deformation mechanism is mainly the plane slip of dislocation. With decreasing SFE, the deformation mechanism of the alloy changed from dislocation strengthening in Ti0 to SF-controlled in Ti5 alloy."
                    ],
                    "name": "Work-hardening behavior",
                    "type": "ce_section"
                }
            ],
            "name": "Results and discussion",
            "type": "ce_section"
        }
    ],
    "Title": "Effect of Ti addition on the damping and mechanical properties of solid-solution FeCrCoNi alloys",
    "abstract": "A series of multicomponent (FeCrCoNi)(100-x)Ti-x alloys with excellent mechanical and damping properties were designed and prepared. After solution treatment at 1327 K, the multicomponent alloys exhibited a face-centered cubic structure, and their microstructures showed typical equiaxed grain characteristics. The effects of different Ti contents on the microstructure, damping properties, and mechanical properties of the alloys were investigated; the strengthening and deformation mechanisms were also explored. The addition of solid-solution Ti atoms increased the number of weak pinning points in the alloy, resulting in significant improvement in the damping properties. The damping property of the FeCrCoNi alloy was expressed in terms of its internal friction (Q(-1)) value of 0.032. When the Ti content was 1 (at%), Q(-1) was 0.051. However, further increase in Ti content increased the number of immovable dislocations, resulting in reduced damping properties (Q(-1) =0.0469 and 0.036) when Ti contents were 3 and 5 at% respectively. Tensile property measurements showed that with increasing Ti content, the strength of the alloy improved significantly via solid-solution strengthening, and the alloy exhibited a typical plastic fracture. When the Ti content increased from 0 to 5 at%, the yield strength increased from 217 to 337 MPa, the ultimate tensile strength increased from 592 to 728 MPa, while the elongation decreased from 77.7 % to 57.6 %, respectively. The main processing strengthening mechanism of the FeCrCoNi alloy was dislocation strengthening; the alloy(with 3 at% Ti) exhibited the double influence of dislocation and stack fault, while the alloy (with 5 at% Ti) showed a change in mechanism from dislocation-dominated to stack fault-controlled. It is a promising damping material with a wide range of applications. (C) 2022 Published by Elsevier B.V."
}