{
    "DOI": "10.1016/j.jcis.2019.04.017",
    "Journal": "Journal of Colloid and Interface Science",
    "Keywords": [
        "Magnesium alloy",
        "Layer-by-layer",
        "Heat treatment",
        "Corrosion resistance",
        "Antibacterial property",
        "Sustained release"
    ],
    "Sections": [
        {
            "content": [
                "The morphology and thickness of the coatings were determined by Field-emission scanning electron microscopy (FE-SEM, Nova Nano SEM 450, FEI, USA) equipped with the energy-dispersive X-ray spectrometer (EDS). Fourier transform infrared spectroscopy (FT-IR, Nicolet 380, Thermo electron, USA) was taken to analyze the possible chemical bonds in the multilayers. GS concentration was measured by UV–vis spectroscopy (UV, 2550-SolidSpec, Shimadzu, Japan) at the wavelength of 248 nm. The GS loading dosage in the HT-(PAH/PAA-GS)10 films (n = 2, 4, 6, 8 and 10) could be respectively calculated through deducting the remaining drugs in the PAA-GS blend from the total GS amount. Contact angles were tested 5 times at different locations on the coating surface using surface tension analyzer (JC2000C1, Shanghai Zhongcheng Digital Technic Apparatus Corporation, China) by sessile drop method. To obtain the total free surface energy (γ s TOT), the contact angles at equilibrium between the coatings surface and the twice distilled water were tested. The γ s TOT was calculated using the acid base approach [40,41]. Herein, the dispersive (γ s LW) component and polar component (γab) were calculated, while the surface tension of compound s were express as γ s + and γ s −. The coating adhesion was measured using Micro Materials Nano-Testing Machine (Nano Test 600, MicroMaterials, UK) with a 25 μm diameter of diamond-tip indenter under progressively increasing the load from 0 to 10 N with 2 mm/min of scan velocity."
            ],
            "name": "Characterization of multilayers",
            "type": "ce_section"
        },
        {
            "content": [
                "The antibacterial activities of specimen against Gram-positive Staphylococcus aureus (S. aureus) bacteria were examined using plate-counting method. The S. aureus were cultivated at 37 °C in the nutrient agar plates to a concentration of 109 CFU/mL, and then were diluted one hundred-fold by the 0.9% NaCl solution to a concentration of 107 CFU/mL (named bacterial suspension). After 18 h, the bacterial suspension was transferred to the cuvette and each sample was immersed in it for 4 h. Then, 100 μL of the bacterial suspension was diluted with 900 μL of NaCl solution and was quickly spread on the nutrient agar plates. These plates were incubated at 37 °C for 16 h and the number of bacteria colonies formed on the agar plate was carefully counted.",
                "For the GS release study in vitro, samples were immersed in a centrifuge tube with 8 mL of PBS solutions (pH 7.4) and incubated at 37 °C. At each time point, 4 mL PBS solution containing the released GS was collected and replaced with the fresh PBS. GS concentrations from (PAH/PAA-GS)n multilayers were obtained using UV–vis. The GS release data between 0 and 60% were analyzed using the Korsmeyer-Peppas model presenting the drug release from polymeric systems as described by the following equation [46–48]: Mt/M∞=ktn where Mt is the drug released at time t, M∞ is the quantity of drug released at infinite time, k is the kinetic constant and n is the release exponent. The value n is used to characterize the drug release mechanism."
            ],
            "name": "In vitro antibacterial properties and drug release profiles",
            "type": "ce_section"
        },
        {
            "content": [
                {
                    "content": [
                        "The SEM images showed that the (PAH/PAA-GS)10 coating had an irregular morphology (Fig. 2 a) while the surface of HT-(PAH/PAA-GS)10 film would be relatively uniform, smooth and dense (Fig. 2b). From the contact angle test, it could be seen that the HT-(PAH/PAA-GS)10 film was more hydrophilic (27.5°) compared with the (PAH/PAA-GS)10 film (55.2°). As shown in Table 2 , the γ s TOT value were 25.88, 14.40 and 45.65 mN/m for Mg alloys, (PAH/PAA-GS)10 and HT-(PAH/PAA-GS)10, respectively. This result indicated that the heat treatment could increase the surface energy of the PEMs [49]. The water contact angle vs. time trends of HT-(PAH/PAA-GS)10 films were analyzed (Fig. S1). The contact angle decreased from 35.0° to 15.5° after 20 min exposure with a kinetic constant of about −0.0179 degree/s, indicating a feature of good absorbency due to the hydrophilic character of the assembled polyelectrolytes.",
                        "Besides, the cross-sectional images (Fig. 2c) of HT-(PAH/PAA-GS)10 film showed the distribution of N elements from GS and the coating thickness was around 285 nm. It also could be found that the thickness of the HT-(PAH/PAA-GS)n multilayer (n = 2) was 20 ± 3 nm and it linearly increased with a slope of about 30.86 nm/per bilayer until the bilayer number increased to ten and it grew to 285 ± 22 nm (Fig. 3 ). At the same time, the GS loading dosage calculated by UV–vis was 77 ± 13 mg/cm2 for the HT-(PAH/PAA-GS)2 film and it steadily rose to 532 ± 43 mg/cm2, while the slope was around 56.28 mg/cm2/per bilayer. Therefore, by changing the bilayer numbers, the GS loaded multilayers showed linear growth behavior of GS loading dosage and the coating thickness.",
                        "The FT-IR spectra were used to characterize the chemical bonding and compositions of the samples (Fig. 4 ). For the two PEMs coated Mg alloys, the peaks at 2926 and 2856 cm−1 were ascribed to the stretching vibrations of the CH and CH2 groups, respectively [50], whereas the broadband at 3428 cm−1 was attributed to the hydroxyl stretch [51]. It should be noted that the band of the carbonyl groups in PAA chains was observed at 1764 cm−1 for (PAH/PAA-GS)10. And the typical peaks for anhydride bonding appeared at 1851 cm−1 after the heat treatment, indicating that the PAA molecules were thermally cross-linked through dehydration condensation [52]. Moreover, the peaks at 1567, 1451 and 1398 cm−1 were attributed to the bending of N H band of the primary and secondary amines and the C O stretching vibration was detected at 1121 cm−1, which confirmed the existence of GS [51,53].",
                        "The scratch test was also applied on the specimen (Fig. 5 ). The results demonstrated that the loading force of HT-(PAH/PAA-GS)10 film (2996 mN) was higher than that of the (PAH/PAA-GS)10 film (2139 mN), implying that the bonding force between the coating and its substrate was significantly improved because of the formation of the stable anhydride bond during the thermal cross-linking for the PEMs."
                    ],
                    "name": "Characterization of coatings",
                    "type": "ce_section"
                },
                {
                    "content": [
                        "The PDP curves characterizing the corrosion behavior of specimens were shown in Fig. 6 and the results were listed in Table 3 . The average i corr of tested samples could be ranked in the decreasing order as below: Mg substrate (8.01 ± 0.21 × 10−6 A/cm2) > the (PAH/PAA-GS)10 film (1.41 ± 0.13 × 10−6 A/cm2) > the HT-(PAH/PAA-GS)10 film (3.67 ± 0.19 × 10−7 A/cm2), which represented an increase of the corrosion resistance from the kinetic point of view [54]. Compared with the Mg substrate, both anodic Tafel slope (β a) and cathodic Tafel slope (β c) decreased, which implied a more effective modification of PEMs [42]. And the lowest P i of ∼0.008 mm/year was achieved for the HT-(PAH/PAA-GS)10 film, which was approximate one and two orders of magnitude improvement in contrast to the (PAH/PAA-GS)10 film and the bare Mg alloy, respectively.",
                        "A comparison of the i corr of some LbL assembled multilayers on Mg alloys was presented in Fig. S2. It was clear that the SLbL assembly technique could significantly enhance the corrosion resistance compared with the dip-coating LbL method and the HT-(PAH/PAA-GS)10 film had the lowest corrosion rate among these films, which indicated a good corrosion protection for Mg-based substrate."
                    ],
                    "name": "Electrochemical measurements",
                    "type": "ce_section"
                },
                {
                    "content": [
                        "Hydrogen evolution tests were adopted to characterize the long-term anti-corrosion performance of the samples (Fig. 7 ). The HERs over 230 h immersion in HBSS could be ranked as below: Mg alloy (0.271 ± 0.025 mL/cm2/d) > the (PAH/PAA-GS)10 film (0.166 ± 0.021 mL/cm2/d) > the HT-(PAH/PAA-GS)10 film (0.065 ± 0.001 mL/cm2/d), which illustrated that the HT-(PAH/PAA-GS)10 multilayer could provide a long-term corrosion protection for Mg substrate in corrosive medium. Besides, these values were lower than the hydrogen desorption rate (2.25 mL/cm2/d) which could be tolerated by human body [55].",
                        "After being immersed into HBSS for 24, 72 and 230 h, the morphologies were characterized by SEM (Fig. 8 ). The Mg substrate showed some corrosion pits and cracks, whereas the rifts of the (PAH/PAA-GS)10 and HT-(PAH/PAA-GS)10 films were relatively small. It also could be seen that the calcium phosphate induced by corrosive medium would gradually increase with the immersion time. And the contents of Ca and P elements in the HT-(PAH/PAA-GS)10 multilayer were the highest (Fig. 9 ). However, the Ca/P ratio of samples after 230 h immersion were 0.80, 0.87 and 0.78 respectively, which were lower than the typical value 1.67 of hydroxyapatite (HA). From the FT-IR spectrum for the corrosion product layer (Fig. 10 a), it was shown that the peaks at 1039 cm−1 represented the stretching modes of PO4 3− and the bands at 608, 563 cm−1 were both the bending modes of PO4 3−, while the hydroxyl groups were detected at 3421 cm−1. It was worth noting that the bands of anhydride bonds in the HT-(PAH/PAA-GS)10 film disappeared, which could be due to the hydrolysis of the anhydride bonds. Moreover, the XRD patterns desclosed that the peaks corresponding to HA appeared in tested samples (Fig. 10b) [44]. Based on these results, it could be concluded that the thermally cross-linked coatings could promote the formation of HA layer in HBSS, which would lead to a long-term corrosion resistance for Mg substrate."
                    ],
                    "name": "Immersion tests and degradability behavior",
                    "type": "ce_section"
                },
                {
                    "content": [
                        "In order to show the antimicrobial activities of GS against Gram-positive S. aureus, the plate counting method was employed to observe the bacterial colony growth status for different samples (Fig. 11 ). It could be seen that the reference sample without GS did not exhibit antibacterial effect, and 37.7% of bacteria colonies remained on bare Mg alloys since the increased pH during corrosion of Mg substrate would inhibit the growth of bacteria to some extent [56]. However, the number of S. aureus colonies relating to the (PAH/PAA-GS)10 film and HT-(PAH/PAA-GS)10 film declined to 1.3% and 0.5%, respectively, which could be due to the release of GS to the surrounding environment. Although the two PEMs coated samples displayed the antimicrobial activities, their release profiles for the drug might be very different."
                    ],
                    "name": "Antibacterial activity",
                    "type": "ce_section"
                },
                {
                    "content": [
                        "The release profile of GS was presented in Fig. 12 . The drug from the (PAH/PAA-GS)10 film exhibited a burst release period. This is, a large amount of GS (about 91.5%) released over a very short period of time (<24 h), and it took about 72 h to release almost all of the GS. While for the HT-(PAH/PAA-GS)10 film, there was a relatively rapid release within the first 12 h, followed by a slow and sustained release profile for approximately 288 h. This could be ascribed to the fact that, because the long chains of different polyelectrolytes have been cross-linked, and more compact structure would be formed within the coating, which would make GS more difficult to diffuse into the solutions.",
                        "The release kinetics of GS from samples could be measured by fitting the release profiles to the Korsmeyer-Peppas model. In this model, Fickian diffusion through a slab is indicated by a diffusional exponent (n) of 0.50, while an anomalous transport (Non-Fickian) mechanism is indicated by an n value of 0.50 ∼ 1.0 [48]. The parameters of this equation for each GS release profile and the corresponding coefficients of determinations (r2) are listed in Table 4 . The values of n for (PAH/PAA-GS)10 and HT-(PAH/PAA-GS)10 films were 0.818 and 0.531, respectively, indicating the Non-Fickian diffusion mechanism. All these results indicated that heat treatment could influence the release mechanism and prolong the release of GS for the long-term antimicrobial activities against bacterial infections."
                    ],
                    "name": "Release dynamics of GS",
                    "type": "ce_section"
                }
            ],
            "name": "Results and discussion",
            "type": "ce_section"
        },
        {
            "content": [
                {
                    "content": [
                        "The SEM images showed that the (PAH/PAA-GS)10 coating had an irregular morphology (Fig. 2 a) while the surface of HT-(PAH/PAA-GS)10 film would be relatively uniform, smooth and dense (Fig. 2b). From the contact angle test, it could be seen that the HT-(PAH/PAA-GS)10 film was more hydrophilic (27.5°) compared with the (PAH/PAA-GS)10 film (55.2°). As shown in Table 2 , the γ s TOT value were 25.88, 14.40 and 45.65 mN/m for Mg alloys, (PAH/PAA-GS)10 and HT-(PAH/PAA-GS)10, respectively. This result indicated that the heat treatment could increase the surface energy of the PEMs [49]. The water contact angle vs. time trends of HT-(PAH/PAA-GS)10 films were analyzed (Fig. S1). The contact angle decreased from 35.0° to 15.5° after 20 min exposure with a kinetic constant of about −0.0179 degree/s, indicating a feature of good absorbency due to the hydrophilic character of the assembled polyelectrolytes.",
                        "Besides, the cross-sectional images (Fig. 2c) of HT-(PAH/PAA-GS)10 film showed the distribution of N elements from GS and the coating thickness was around 285 nm. It also could be found that the thickness of the HT-(PAH/PAA-GS)n multilayer (n = 2) was 20 ± 3 nm and it linearly increased with a slope of about 30.86 nm/per bilayer until the bilayer number increased to ten and it grew to 285 ± 22 nm (Fig. 3 ). At the same time, the GS loading dosage calculated by UV–vis was 77 ± 13 mg/cm2 for the HT-(PAH/PAA-GS)2 film and it steadily rose to 532 ± 43 mg/cm2, while the slope was around 56.28 mg/cm2/per bilayer. Therefore, by changing the bilayer numbers, the GS loaded multilayers showed linear growth behavior of GS loading dosage and the coating thickness.",
                        "The FT-IR spectra were used to characterize the chemical bonding and compositions of the samples (Fig. 4 ). For the two PEMs coated Mg alloys, the peaks at 2926 and 2856 cm−1 were ascribed to the stretching vibrations of the CH and CH2 groups, respectively [50], whereas the broadband at 3428 cm−1 was attributed to the hydroxyl stretch [51]. It should be noted that the band of the carbonyl groups in PAA chains was observed at 1764 cm−1 for (PAH/PAA-GS)10. And the typical peaks for anhydride bonding appeared at 1851 cm−1 after the heat treatment, indicating that the PAA molecules were thermally cross-linked through dehydration condensation [52]. Moreover, the peaks at 1567, 1451 and 1398 cm−1 were attributed to the bending of N H band of the primary and secondary amines and the C O stretching vibration was detected at 1121 cm−1, which confirmed the existence of GS [51,53].",
                        "The scratch test was also applied on the specimen (Fig. 5 ). The results demonstrated that the loading force of HT-(PAH/PAA-GS)10 film (2996 mN) was higher than that of the (PAH/PAA-GS)10 film (2139 mN), implying that the bonding force between the coating and its substrate was significantly improved because of the formation of the stable anhydride bond during the thermal cross-linking for the PEMs."
                    ],
                    "name": "Characterization of coatings",
                    "type": "ce_section"
                },
                {
                    "content": [
                        "The PDP curves characterizing the corrosion behavior of specimens were shown in Fig. 6 and the results were listed in Table 3 . The average i corr of tested samples could be ranked in the decreasing order as below: Mg substrate (8.01 ± 0.21 × 10−6 A/cm2) > the (PAH/PAA-GS)10 film (1.41 ± 0.13 × 10−6 A/cm2) > the HT-(PAH/PAA-GS)10 film (3.67 ± 0.19 × 10−7 A/cm2), which represented an increase of the corrosion resistance from the kinetic point of view [54]. Compared with the Mg substrate, both anodic Tafel slope (β a) and cathodic Tafel slope (β c) decreased, which implied a more effective modification of PEMs [42]. And the lowest P i of ∼0.008 mm/year was achieved for the HT-(PAH/PAA-GS)10 film, which was approximate one and two orders of magnitude improvement in contrast to the (PAH/PAA-GS)10 film and the bare Mg alloy, respectively.",
                        "A comparison of the i corr of some LbL assembled multilayers on Mg alloys was presented in Fig. S2. It was clear that the SLbL assembly technique could significantly enhance the corrosion resistance compared with the dip-coating LbL method and the HT-(PAH/PAA-GS)10 film had the lowest corrosion rate among these films, which indicated a good corrosion protection for Mg-based substrate."
                    ],
                    "name": "Electrochemical measurements",
                    "type": "ce_section"
                },
                {
                    "content": [
                        "Hydrogen evolution tests were adopted to characterize the long-term anti-corrosion performance of the samples (Fig. 7 ). The HERs over 230 h immersion in HBSS could be ranked as below: Mg alloy (0.271 ± 0.025 mL/cm2/d) > the (PAH/PAA-GS)10 film (0.166 ± 0.021 mL/cm2/d) > the HT-(PAH/PAA-GS)10 film (0.065 ± 0.001 mL/cm2/d), which illustrated that the HT-(PAH/PAA-GS)10 multilayer could provide a long-term corrosion protection for Mg substrate in corrosive medium. Besides, these values were lower than the hydrogen desorption rate (2.25 mL/cm2/d) which could be tolerated by human body [55].",
                        "After being immersed into HBSS for 24, 72 and 230 h, the morphologies were characterized by SEM (Fig. 8 ). The Mg substrate showed some corrosion pits and cracks, whereas the rifts of the (PAH/PAA-GS)10 and HT-(PAH/PAA-GS)10 films were relatively small. It also could be seen that the calcium phosphate induced by corrosive medium would gradually increase with the immersion time. And the contents of Ca and P elements in the HT-(PAH/PAA-GS)10 multilayer were the highest (Fig. 9 ). However, the Ca/P ratio of samples after 230 h immersion were 0.80, 0.87 and 0.78 respectively, which were lower than the typical value 1.67 of hydroxyapatite (HA). From the FT-IR spectrum for the corrosion product layer (Fig. 10 a), it was shown that the peaks at 1039 cm−1 represented the stretching modes of PO4 3− and the bands at 608, 563 cm−1 were both the bending modes of PO4 3−, while the hydroxyl groups were detected at 3421 cm−1. It was worth noting that the bands of anhydride bonds in the HT-(PAH/PAA-GS)10 film disappeared, which could be due to the hydrolysis of the anhydride bonds. Moreover, the XRD patterns desclosed that the peaks corresponding to HA appeared in tested samples (Fig. 10b) [44]. Based on these results, it could be concluded that the thermally cross-linked coatings could promote the formation of HA layer in HBSS, which would lead to a long-term corrosion resistance for Mg substrate."
                    ],
                    "name": "Immersion tests and degradability behavior",
                    "type": "ce_section"
                },
                {
                    "content": [
                        "In order to show the antimicrobial activities of GS against Gram-positive S. aureus, the plate counting method was employed to observe the bacterial colony growth status for different samples (Fig. 11 ). It could be seen that the reference sample without GS did not exhibit antibacterial effect, and 37.7% of bacteria colonies remained on bare Mg alloys since the increased pH during corrosion of Mg substrate would inhibit the growth of bacteria to some extent [56]. However, the number of S. aureus colonies relating to the (PAH/PAA-GS)10 film and HT-(PAH/PAA-GS)10 film declined to 1.3% and 0.5%, respectively, which could be due to the release of GS to the surrounding environment. Although the two PEMs coated samples displayed the antimicrobial activities, their release profiles for the drug might be very different."
                    ],
                    "name": "Antibacterial activity",
                    "type": "ce_section"
                },
                {
                    "content": [
                        "The release profile of GS was presented in Fig. 12 . The drug from the (PAH/PAA-GS)10 film exhibited a burst release period. This is, a large amount of GS (about 91.5%) released over a very short period of time (<24 h), and it took about 72 h to release almost all of the GS. While for the HT-(PAH/PAA-GS)10 film, there was a relatively rapid release within the first 12 h, followed by a slow and sustained release profile for approximately 288 h. This could be ascribed to the fact that, because the long chains of different polyelectrolytes have been cross-linked, and more compact structure would be formed within the coating, which would make GS more difficult to diffuse into the solutions.",
                        "The release kinetics of GS from samples could be measured by fitting the release profiles to the Korsmeyer-Peppas model. In this model, Fickian diffusion through a slab is indicated by a diffusional exponent (n) of 0.50, while an anomalous transport (Non-Fickian) mechanism is indicated by an n value of 0.50 ∼ 1.0 [48]. The parameters of this equation for each GS release profile and the corresponding coefficients of determinations (r2) are listed in Table 4 . The values of n for (PAH/PAA-GS)10 and HT-(PAH/PAA-GS)10 films were 0.818 and 0.531, respectively, indicating the Non-Fickian diffusion mechanism. All these results indicated that heat treatment could influence the release mechanism and prolong the release of GS for the long-term antimicrobial activities against bacterial infections."
                    ],
                    "name": "Release dynamics of GS",
                    "type": "ce_section"
                }
            ],
            "name": "Results and discussion",
            "type": "ce_section"
        },
        {
            "content": [
                {
                    "content": [
                        "The SEM images showed that the (PAH/PAA-GS)10 coating had an irregular morphology (Fig. 2 a) while the surface of HT-(PAH/PAA-GS)10 film would be relatively uniform, smooth and dense (Fig. 2b). From the contact angle test, it could be seen that the HT-(PAH/PAA-GS)10 film was more hydrophilic (27.5°) compared with the (PAH/PAA-GS)10 film (55.2°). As shown in Table 2 , the γ s TOT value were 25.88, 14.40 and 45.65 mN/m for Mg alloys, (PAH/PAA-GS)10 and HT-(PAH/PAA-GS)10, respectively. This result indicated that the heat treatment could increase the surface energy of the PEMs [49]. The water contact angle vs. time trends of HT-(PAH/PAA-GS)10 films were analyzed (Fig. S1). The contact angle decreased from 35.0° to 15.5° after 20 min exposure with a kinetic constant of about −0.0179 degree/s, indicating a feature of good absorbency due to the hydrophilic character of the assembled polyelectrolytes.",
                        "Besides, the cross-sectional images (Fig. 2c) of HT-(PAH/PAA-GS)10 film showed the distribution of N elements from GS and the coating thickness was around 285 nm. It also could be found that the thickness of the HT-(PAH/PAA-GS)n multilayer (n = 2) was 20 ± 3 nm and it linearly increased with a slope of about 30.86 nm/per bilayer until the bilayer number increased to ten and it grew to 285 ± 22 nm (Fig. 3 ). At the same time, the GS loading dosage calculated by UV–vis was 77 ± 13 mg/cm2 for the HT-(PAH/PAA-GS)2 film and it steadily rose to 532 ± 43 mg/cm2, while the slope was around 56.28 mg/cm2/per bilayer. Therefore, by changing the bilayer numbers, the GS loaded multilayers showed linear growth behavior of GS loading dosage and the coating thickness.",
                        "The FT-IR spectra were used to characterize the chemical bonding and compositions of the samples (Fig. 4 ). For the two PEMs coated Mg alloys, the peaks at 2926 and 2856 cm−1 were ascribed to the stretching vibrations of the CH and CH2 groups, respectively [50], whereas the broadband at 3428 cm−1 was attributed to the hydroxyl stretch [51]. It should be noted that the band of the carbonyl groups in PAA chains was observed at 1764 cm−1 for (PAH/PAA-GS)10. And the typical peaks for anhydride bonding appeared at 1851 cm−1 after the heat treatment, indicating that the PAA molecules were thermally cross-linked through dehydration condensation [52]. Moreover, the peaks at 1567, 1451 and 1398 cm−1 were attributed to the bending of N H band of the primary and secondary amines and the C O stretching vibration was detected at 1121 cm−1, which confirmed the existence of GS [51,53].",
                        "The scratch test was also applied on the specimen (Fig. 5 ). The results demonstrated that the loading force of HT-(PAH/PAA-GS)10 film (2996 mN) was higher than that of the (PAH/PAA-GS)10 film (2139 mN), implying that the bonding force between the coating and its substrate was significantly improved because of the formation of the stable anhydride bond during the thermal cross-linking for the PEMs."
                    ],
                    "name": "Characterization of coatings",
                    "type": "ce_section"
                },
                {
                    "content": [
                        "The PDP curves characterizing the corrosion behavior of specimens were shown in Fig. 6 and the results were listed in Table 3 . The average i corr of tested samples could be ranked in the decreasing order as below: Mg substrate (8.01 ± 0.21 × 10−6 A/cm2) > the (PAH/PAA-GS)10 film (1.41 ± 0.13 × 10−6 A/cm2) > the HT-(PAH/PAA-GS)10 film (3.67 ± 0.19 × 10−7 A/cm2), which represented an increase of the corrosion resistance from the kinetic point of view [54]. Compared with the Mg substrate, both anodic Tafel slope (β a) and cathodic Tafel slope (β c) decreased, which implied a more effective modification of PEMs [42]. And the lowest P i of ∼0.008 mm/year was achieved for the HT-(PAH/PAA-GS)10 film, which was approximate one and two orders of magnitude improvement in contrast to the (PAH/PAA-GS)10 film and the bare Mg alloy, respectively.",
                        "A comparison of the i corr of some LbL assembled multilayers on Mg alloys was presented in Fig. S2. It was clear that the SLbL assembly technique could significantly enhance the corrosion resistance compared with the dip-coating LbL method and the HT-(PAH/PAA-GS)10 film had the lowest corrosion rate among these films, which indicated a good corrosion protection for Mg-based substrate."
                    ],
                    "name": "Electrochemical measurements",
                    "type": "ce_section"
                },
                {
                    "content": [
                        "Hydrogen evolution tests were adopted to characterize the long-term anti-corrosion performance of the samples (Fig. 7 ). The HERs over 230 h immersion in HBSS could be ranked as below: Mg alloy (0.271 ± 0.025 mL/cm2/d) > the (PAH/PAA-GS)10 film (0.166 ± 0.021 mL/cm2/d) > the HT-(PAH/PAA-GS)10 film (0.065 ± 0.001 mL/cm2/d), which illustrated that the HT-(PAH/PAA-GS)10 multilayer could provide a long-term corrosion protection for Mg substrate in corrosive medium. Besides, these values were lower than the hydrogen desorption rate (2.25 mL/cm2/d) which could be tolerated by human body [55].",
                        "After being immersed into HBSS for 24, 72 and 230 h, the morphologies were characterized by SEM (Fig. 8 ). The Mg substrate showed some corrosion pits and cracks, whereas the rifts of the (PAH/PAA-GS)10 and HT-(PAH/PAA-GS)10 films were relatively small. It also could be seen that the calcium phosphate induced by corrosive medium would gradually increase with the immersion time. And the contents of Ca and P elements in the HT-(PAH/PAA-GS)10 multilayer were the highest (Fig. 9 ). However, the Ca/P ratio of samples after 230 h immersion were 0.80, 0.87 and 0.78 respectively, which were lower than the typical value 1.67 of hydroxyapatite (HA). From the FT-IR spectrum for the corrosion product layer (Fig. 10 a), it was shown that the peaks at 1039 cm−1 represented the stretching modes of PO4 3− and the bands at 608, 563 cm−1 were both the bending modes of PO4 3−, while the hydroxyl groups were detected at 3421 cm−1. It was worth noting that the bands of anhydride bonds in the HT-(PAH/PAA-GS)10 film disappeared, which could be due to the hydrolysis of the anhydride bonds. Moreover, the XRD patterns desclosed that the peaks corresponding to HA appeared in tested samples (Fig. 10b) [44]. Based on these results, it could be concluded that the thermally cross-linked coatings could promote the formation of HA layer in HBSS, which would lead to a long-term corrosion resistance for Mg substrate."
                    ],
                    "name": "Immersion tests and degradability behavior",
                    "type": "ce_section"
                },
                {
                    "content": [
                        "In order to show the antimicrobial activities of GS against Gram-positive S. aureus, the plate counting method was employed to observe the bacterial colony growth status for different samples (Fig. 11 ). It could be seen that the reference sample without GS did not exhibit antibacterial effect, and 37.7% of bacteria colonies remained on bare Mg alloys since the increased pH during corrosion of Mg substrate would inhibit the growth of bacteria to some extent [56]. However, the number of S. aureus colonies relating to the (PAH/PAA-GS)10 film and HT-(PAH/PAA-GS)10 film declined to 1.3% and 0.5%, respectively, which could be due to the release of GS to the surrounding environment. Although the two PEMs coated samples displayed the antimicrobial activities, their release profiles for the drug might be very different."
                    ],
                    "name": "Antibacterial activity",
                    "type": "ce_section"
                },
                {
                    "content": [
                        "The release profile of GS was presented in Fig. 12 . The drug from the (PAH/PAA-GS)10 film exhibited a burst release period. This is, a large amount of GS (about 91.5%) released over a very short period of time (<24 h), and it took about 72 h to release almost all of the GS. While for the HT-(PAH/PAA-GS)10 film, there was a relatively rapid release within the first 12 h, followed by a slow and sustained release profile for approximately 288 h. This could be ascribed to the fact that, because the long chains of different polyelectrolytes have been cross-linked, and more compact structure would be formed within the coating, which would make GS more difficult to diffuse into the solutions.",
                        "The release kinetics of GS from samples could be measured by fitting the release profiles to the Korsmeyer-Peppas model. In this model, Fickian diffusion through a slab is indicated by a diffusional exponent (n) of 0.50, while an anomalous transport (Non-Fickian) mechanism is indicated by an n value of 0.50 ∼ 1.0 [48]. The parameters of this equation for each GS release profile and the corresponding coefficients of determinations (r2) are listed in Table 4 . The values of n for (PAH/PAA-GS)10 and HT-(PAH/PAA-GS)10 films were 0.818 and 0.531, respectively, indicating the Non-Fickian diffusion mechanism. All these results indicated that heat treatment could influence the release mechanism and prolong the release of GS for the long-term antimicrobial activities against bacterial infections."
                    ],
                    "name": "Release dynamics of GS",
                    "type": "ce_section"
                }
            ],
            "name": "Results and discussion",
            "type": "ce_section"
        }
    ],
    "Title": "Corrosion resistance and drug release profile of gentamicin-loaded polyelectrolyte multilayers on magnesium alloys: Effects of heat treatment",
    "abstract": "Magnesium (Mg) alloys have received considerable attentions as the emerging biodegradable implant materials in orthopedic surgery applications. However, the rapid corrosion rate and the susceptibility to bacterial infection have prevented their wide spread applications to date. In this work, the gentamicin-loaded multilayers have been constructed on Mg alloys through spin-assisted layer-by-layer (SLbL) assembly. Heat treatment is applied for improving the corrosion resistance and prolonging the drug release profile. In addition, the treated multilayer can promote the formation of hydroxyapatite (HA) during the long-time immersion in Hank's balanced salt solution (HBSS). (C) 2019 Elsevier Inc. All rights reserved."
}