{
    "DOI": "10.1016/S0924-0136(01)00795-6",
    "Journal": "Journal of Materials Processing Technology",
    "Keywords": [
        "Al-alloys",
        "Age-forming",
        "Precipitation hardening",
        "Computer simulation"
    ],
    "Sections": [
        {
            "content": [
                "The microstructural change during the stress aging turned out mainly to be the orienting effect of the directional stress on the plate-like θ″ or θ′ phases. Fig. 4 depicts the TEM-BF images and diffraction patterns of Al–4Cu alloy single crystal samples that were aged to peak strength for 11 h at 201°C under compressive stresses of 0 and 41 MPa. In the stress-free-aged sample, the θ″/θ′ plates were seen with two of the three {1 0 0}-variants “edge on” (Fig. 4a). Only one variant of aligned plates that were perpendicular to the loading direction was present in the stress-aged sample (Fig. 4b). By quantitative analysis of the precipitates in stress-aged Al–xCu alloys, we have closely examined the conditions under which the alignment of the plates was present . We found that the stress-orienting effect may occur under a wide range of aging conditions, temperature from less than 160–220°C, Cu content from 2.5 to 5 wt.%; however, a lower aging temperature and/or higher Cu content leads to the orienting effect under a lower applied stress. Fig. 5 illustrates the dependence of the alignment of θ″/θ′ plates on the applied stress magnitude, age temperature and Cu concentration in Al–Cu alloys.",
                "We also found the following in Al–xCu alloys:",
                "Aging under an applied stress generates aligned θ″/θ′-precipitate structure with both higher number density and larger diameter of favored plates than those of unfavored ones.",
                "Compressive stress leads to a perpendicular θ″/θ′-plate-dominated precipitate structure, whereas tensile stress favors formation of parallel θ″/θ′ plates.",
                "Corresponding to the significant plastic deformation generated by the stress-aging treatment under a relatively large compressive stress, some complexity in the resulting microstructure was observed. Fig. 6 a shows a bimodal size-distribution of aligned parallel θ″/θ′ plates formed in an Al–4Cu single crystal samples that were peak-aged at 201°C for 11 h under a compressive stress of 146 MPa. More dislocations were seen in the sample as shown in Fig. 6b. These may be ascribed to the possible inhomogeneous deformation during the early stage of the age-forming process before the alloys were effectively hardened.",
                "Based on a concomitant precipitation model , computer simulations were conducted within the frame of classic nucleation and growth theories that incorporates interaction energy between the external stress and the strain fields due to the lattice misfit between the θ″/θ′ plates and the Al-matrix. The simulations reproduced most features of the stress-orienting effect on the θ″/θ′ plates during age-forming process that were described above."
            ],
            "name": "Microstructures",
            "type": "ce_section"
        }
    ],
    "Title": "Materials aspects of age-forming of Al–xCu alloys",
    "abstract": "The age-forming technique has been utilized in the manufacturing process of integrally stiffened structures to improve performance and to significantly reduce fabrication costs of aerospace structures. To better evaluate the technique and to simulate the overall mechanical behavior of the manufacturing parts, using Al-xCu alloys as model materials, we studied the associated materials aspects - age hardening during the age-forming process, particularly the stress-aging effects on precipitation and on the resulting yield strength of aluminum alloys. We found that a relatively high stress, e.g. > 100 MPa or > YS (yield strength of the material prior to aging treatment) in Al-4Cu alloy, was required to generate significant plastic deformation. While the kinetics of the stress-age-hardening was not much different than that of the conventional one, there were some special features of the process. Different from the situation of the plastic deformation prior to the aging (the T8 temper) when precipitates are formed heterogeneously on dislocations, application of an elastic stress during aging may significantly affect the orientation distribution of plate-shaped precipitates. We examined the aging conditions (stress, temperature and alloy concentration) for the formation of the aligned precipitate structures in single crystal and cube-textured polycrystalline Al-xCu alloys. These observations were, more or less, reflected in the results of our computer simulations of the concomitant precipitation processes under unidirectional stresses. Both mechanical testing of Al-xCu alloys and computer simulations of dislocation-slip processes through unshearable particles indicated that the alignment of the plate-shaped precipitates led to lower yield stresses of the stress-aged specimens when compared with the free-stress-aged specimens where randomly oriented plates (on their habit planes) were formed. (C) 2001 Elsevier Science B.V. All rights reserved."
}