{
    "DOI": "10.1016/j.jallcom.2020.154220",
    "Journal": "Journal of Alloys and Compounds",
    "Keywords": [
        "Titanium alloy",
        "Powder",
        "Solid solution",
        "Intermetallic",
        "Deoxidation",
        "Calcium vapor"
    ],
    "Sections": [
        {
            "content": [
                {
                    "content": [
                        "Ti powders produced by the HDH process inevitably increase the oxygen concentration due to particle size reduction and increased specific surface area. Therefore, it is essential to control the oxygen concentration. In this study, the oxygen concentration of Ti alloy powders was controlled by the deoxidation method using Ca vapor, which follows the reaction formula of Ca (g) + O (in Ti powder) = CaO (s) []. First, the deoxidation process was performed using the deoxidation reaction time as a variable to confirm reaction completeness. Fig. 2 represents the Ti alloy powder oxygen concentration variation with deoxidation reaction time at 1000 °C, and shows that the oxygen concentrations of all the Ti alloy powders were significantly reduced by 0.5 h of reaction time. At 1 h of reaction time, the oxygen concentration of the Ti alloy powders was maximally reduced. Subsequently, the Ti alloy powder oxygen concentration was maintained at a constant level even though the deoxidation time was increased. This confirmed that the deoxidation reaction was completed sufficiently by only 1 h of reaction. The variation in properties was observed based on the corresponding 1 h deoxidation result, and the deoxidation capability of solid solution and intermetallic Ti alloys was compared."
                    ],
                    "name": "Variation in oxygen concentration with deoxidation time",
                    "type": "ce_section"
                },
                {
                    "content": [
                        "Alloying elements of Ti alloys are largely classified into α phase stabilizing elements and β phase stabilizing elements. The α phase stabilizing element is dissolved in the α phase of the HCP structure to stabilize the α phase using Al, O, N, Ga, and Ge. The β phase stabilizing element is dissolved in the β phase of the BCC structure to stabilize the β phase and is divided into β-isomorphous and β-eutectic elements. β-isomorphous elements are dissolved in the β phase in all alloy compositions and include Nb, V, Mo, and Ta. The β-eutectic element is dissolved in the β phase but forms an intermetallic compound beyond a certain critical composition, and includes Fe, Cr, Cu, Co, and Ni []. In this study, the α phase stabilizing element Al and the β phase stabilizing elements Nb, V, Cr, and Fe, were added.",
                        "Fig. 3 shows the XRD patterns of the initial Ti alloy ingots after homogenization. In the solid-solution Ti alloys, the Ti–6Al–4V alloy ingot mainly exhibited the α phase, although some β phase was present. The Ti–27Nb alloy ingot mainly exhibited the β phase, and the α phase was also present. Ti–42Nb and Ti–35V–15Cr alloy ingots showed only the β phase. The solid-solution Ti alloys showed only the α and β phases because the alloying elements Al, V, Nb, and Cr were all dissolved in the Ti matrix. As the added amount of β phase stabilizing element increased, the count intensity of the β phase increased. In the case of the intermetallic Ti alloys, the Ti–25Fe–5Al alloy exhibited α, β and TiFe intermetallic phases. The Ti65Fe35 alloy exhibited β phase and TiFe intermetallic phase. In intermetallic Ti alloys, the intensity of the TiFe intermetallic phase, as well as the β phase, also increased as the amount of β eutectic element Fe was increased.",
                        "The homogenized Ti alloy ingots were hydrogenated to produce powders. In general, when hydrogen is adsorbed on Ti to form a hydride, lattice expansion occurs, generating the hydrogen embrittlement effect, so that the Ti can be easily crushed. Therefore, the formation of hydride is an important factor for preparing a powder []. To observe the formation of hydride, XRD analysis was performed after hydrogenation and the results are shown in Fig. 4 (a) to (f). First, in the solid-solution Ti alloys, Ti hydrides (TiH2, TiH1.924) were observed in the hydrogenated Ti–6Al–4V, Ti–27Nb, Ti–42Nb, and Ti–35V–15Cr alloy powders. In the hydrogenated Ti–6Al–4V alloy powder, Ti3Al phase was found. In the case of the intermetallic Ti alloys, Ti hydrides and TiFe intermetallic phases were observed in the hydrogenated Ti–25Fe–5Al and Ti65Fe35 alloy powders, and the Ti3Al phase was also found in the hydrogenated Ti–25Fe–5Al alloy powder. Compared with the XRD pattern after homogenization, the α and β phases were transformed into Ti hydride by hydrogenation, but the TiFe intermetallic phase was maintained. Hydrogenated Ti–6Al–4V and Ti–25Fe–5Al alloy powders to which Al was added commonly resulted in Ti3Al after hydrogenation. Ti3Al is a DO19 structure in which the α phase is ordered and is typically precipitated when the concentration of Al is higher than 6 to 7 wt% according to the Ti–Al phase diagram. However, although the Al concentration of the alloys used in this study was 5–6 wt% And lower than 6 to 7 wt%, Al redistribution occurred within the microstructure due to hydrogenation [].",
                        "After hydrogenation, dehydrogenation was performed to prepare Ti alloy powders. The XRD patterns of the Ti alloy powders after dehydrogenation are shown in Fig. 4 (g) to (l). In the solid-solution Ti alloy powders, α and β phases were observed. Ti3Al phase was observed in the dehydrogenated Ti–6Al–4V alloy powder. In the intermetallic Ti alloy powders, all of the α, β and TiFe intermetallic phases were observed. Ti3Al phase was observed in the dehydrogenated Ti–25Fe–5Al alloy powder and Ti4Fe2O0.4 phase was observed in the dehydrogenated Ti65Fe35 alloy powder. Compared with the XRD pattern after the hydrogenation, the Ti hydride was transformed back into the α and β phases after dehydrogenation, but the intermetallic compounds such as TiFe and Ti3Al phase remained. Ti3Al is known to be removed by transforming it back into α phase by heat treatment at temperatures above approximately 650 °C []. However, it has been reported that even after heat treatment at temperatures between 650 and 750 °C, the Ti3Al phase may remain due to the influence of hydrogen []. Subsequently, when the phase compositions of the alloy powders prepared by the HDH process and the initial Ti alloy ingots were compared, a suboxide Ti4Fe2O0.4 phase was generated in the Ti65Fe35 alloy powder after the HDH process. The generation of suboxide is expected to be due to the inevitable increase in oxygen in the powder manufacturing process by the HDH process. Precipitation of Ti3Al and formation of α phase are caused by the redistribution effect of the alloying elements involved in the hydrogenation process. Furthermore, the formation of the α phase may also be caused by an increase in oxygen, which is an α phase stabilizing element.",
                        "Fig. 5 shows the XRD pattern after oxygen reduction of the Ti alloy powders prepared by the HDH process. First, in the solid-solution Ti alloys, the deoxidized Ti–6Al–4V alloy powder mainly observed is the α phase, with some β phase. The deoxidized Ti–27Nb alloy powder mainly showed the β phase, although the α phase was also present. The deoxidized Ti–42Nb and Ti–35V–15Cr alloy powders showed only β phase. In the case of the intermetallic Ti alloys, the deoxidized Ti–25Fe–5Al alloy powder showed α, β and TiFe intermetallic phases, and the deoxidized Ti65Fe35 alloy powder showed β and TiFe intermetallic phases. Comparing the phase composition with the dehydrogenated Ti alloy powders, the unnecessary phases such as Ti3Al and Ti4Fe2O0.4 have been removed. The α phase in dehydrogenated Ti–27Nb, Ti–35V–15Cr, and Ti65Fe35 alloy powders also disappeared after deoxidation. It is considered that the α phases in dehydrogenated Ti–27Nb, Ti–35V–15Cr, and Ti65Fe35 alloy powders were removed due to the reduction of oxygen, α phase stabilizing element, through the deoxidation process. As a result, when the deoxidation process was performed, the Ti alloy powders were able to obtain the same phase as the initial Ti alloy ingots. This phase change was able to remove Ti3Al by heat treatment at 1000 °C above the β transus, and suboxide Ti4Fe2O0.4 could be removed by controlling the oxygen concentration by the deoxidation process. When the powder was prepared by the HDH process, the formation of the unnecessary phase was confirmed due to the redistribution of the alloying elements caused by the hydrogenation and the increase in oxygen concentration. To produce a powder with the same phase composition as the initial Ti alloys, a deoxidation process involving high temperature heat treatment and control of oxygen contents must be performed."
                    ],
                    "name": "Crystal structure of Ti alloy powders before and after deoxidation",
                    "type": "ce_section"
                },
                {
                    "content": [
                        "Fig. 6 (a) to (f) show SEM images of Ti alloy powders after dehydrogenation. The dehydrogenated Ti–6Al–4V alloy powder mainly showed white β phase particles in the α phase matrix, and no Ti3Al phase was observed in the XRD pattern. In the dehydrogenated Ti–27Nb alloy powder, acicular α phase was observed within the β phase matrix. In the dehydrogenated Ti–42Nb alloy powder, some α phase particles were observed in the β phase matrix. In the dehydrogenated Ti–35V–15Cr alloy powder, acicular α phase was observed within the β phase matrix. In the dehydrogenated Ti–25Fe–5Al alloy powder, TiFe intermetallic phase and white α phase particles were observed in the β phase matrix. In the dehydrogenated Ti65Fe35 alloy powder, primary and process TiFe intermetallic phases and white α phase particles and fine Ti4Fe2O0.4 phase particles were observed in the β phase matrix.",
                        "Fig. 6 (g) to (l) show SEM images of Ti alloy powders after deoxidation. In the deoxidized Ti–6Al–4V alloy powder, α phase was observed, white β phase particles were observed, and the overall microstructure was changed to a lamellar structure after deoxidation. Such a drastic change in microstructure occurs when the heat treatment temperature is above the β transus temperature. The β transus temperature of Ti–6Al–4V alloy is approximately 995 °C, and the microstructure changes to lamellar structure upon heat treatment above that temperature []. The dehydrogenated Ti–6Al–4V alloy powder at 700 °C, below the β transus temperature, did not form a lamellar structure, while the deoxidized Ti–6Al–4V alloy powder at 1000 °C, above the β transus temperature, formed a lamellar structure. In the deoxidized Ti–27Nb alloy, acicular α phase was observed in the β phase matrix, and the thickness of the α phase was reduced compared to before deoxidation. In the deoxidized Ti–42Nb alloy powder, only the β phase matrix was observed and the α phase particles before deoxidation disappeared. In the deoxidized Ti–35V–15Cr alloy powder, only the β phase matrix was observed, and the α phase of the acicular phase observed before deoxidation disappeared. In the deoxidized Ti–25Fe–5Al alloy powder, TiFe intermetallic phase and white α phase particles were observed in the β phase matrix, and the amount of α phase particles was significantly reduced compared to before deoxidation. In the deoxidized Ti65Fe35 alloy, primary and eutectic TiFe intermetallic phases were observed in the β phase matrix and the α phase and Ti4Fe2O0.4 phase particles before deoxidation disappeared. Overall, after deoxidation, the microstructure of the Ti alloy powders was removed in the unnecessary phase and decreased in the α phase, and thus the fraction of the β phase was relatively increased. As a result, the microstructure of the Ti alloy powders before and after deoxidation was confirmed to be in phase change consistent with the XRD analysis results."
                    ],
                    "name": "Microstructure of Ti alloy powders before and after deoxidation",
                    "type": "ce_section"
                },
                {
                    "content": [
                        "Fig. 7 shows the oxygen concentration of the Ti alloy powders before and after deoxidation. The oxygen concentration of Ti–6Al–4V, Ti–27Nb, Ti–42Nb, Ti–35V–15Cr, Ti–25Fe–5Al, and Ti65Fe35 alloy powders before deoxidation were 2,610 ppm, 3,300 ppm, 3,780 ppm, 5,880 ppm, 1,725 ppm, and 4,635 ppm, respectively. The oxygen concentration of the Ti alloy powders immediately after the HDH process showed a significantly higher oxygen concentration compared to 2,000 ppm, which is required by industry standards []. After deoxidation, the oxygen concentration of Ti–6Al–4V, Ti–27Nb, Ti–42Nb, Ti–35V–15Cr, Ti–25Fe–5Al, and Ti65Fe35 alloy powders were 355 ppm, 210 ppm, 330 ppm, 95 ppm, 385 ppm, and 1,250 ppm, respectively. As a result of deoxidation, the oxygen reduction rate of the solid solution-Ti alloys showed a high reduction rate of 80% or more compared to the oxygen concentration before deoxidation, and the intermetallic Ti alloys showed a relatively low oxygen reduction rate of approximately 70%. As a result of deoxidation in the previous study conducted at the same temperature and time, the oxygen concentration of pure Ti powder was 805 ppm []. The oxygen concentration of the deoxidized Ti alloy powders except for the Ti65Fe35 alloy were lower than the oxygen concentration of 500 ppm, which is the theoretical deoxidation limit of pure Ti using Ca. Such a difference in deoxidation capability may be affected by the solid solution state of the alloying elements and the formation of intermetallic compounds.",
                        "In this study, the deoxidation process was performed at a temperature of 1000 °C. On the basis of binary Ti-Nb [], Ti-Fe [], and ternary Ti–Al–V [], Ti–V–Cr [], and Ti–Fe–Al [] phase diagrams, in the case of the crystal structure of the Ti alloy powders used in the experiment at 1000 °C, solid-solution Ti alloys exist in β phase, and intermetallic Ti alloys in β and TiFe intermetallic phases. Based on kinetics, oxygen diffusion is approximately 100 times faster in β phase than in α phase []. This rapid diffusion of oxygen in β phase is consistent with the drastic decrease in oxygen concentration even with the short deoxidation reaction time of 0.5 h identified above. Thermodynamically, the oxygen solubility of the β phase is much lower than that of the α phase, and as the oxygen solubility decreases, the oxygen concentration also decreases with deoxidation with Ca []. The oxygen solubility of the β phase changes with addition of alloying elements. In this study, Ti alloys were alloyed by dissolving alloying elements such as Nb, V, Cr, Fe, and Al. When the transition elements were dissolved in β phase, the oxygen solubility was decreased by lattice distortion and increased insertion energy, which is the energy required for oxygen to occupy the interstitial site []. Therefore, when the solid-solution Ti alloy powders are deoxidized in the β phase region, the oxygen solubility is expected to be lower than that of pure Ti due to the effect of the alloying element, resulting in lower oxygen concentration. In addition, the oxygen concentration after deoxidation tended to decrease as the amount of the alloying elements increased. This tendency is believed to increase lattice distortion and increase instability of interstitial sites as the amount of alloying elements increases, thus maximizing the release of interstitial oxygen during deoxidation [].",
                        "In the case of the intermetallic Ti alloy powders, the deoxidized Ti–25Fe–5Al alloy powder had a low oxygen concentration of 385 ppm, whereas the deoxidized Ti65Fe35 alloy powder had a relatively high oxygen concentration of 1,250 ppm. Corresponding alloys are present in the β and TiFe intermetallic phases at deoxidation temperatures of 1000 °C. Considering the high deoxidation capability in β phase identified in the previous study [] and this study, it is expected that this result may be due to the influence of the TiFe intermetallic phase. To confirm this, a TiFe single-phase alloy powder was prepared and deoxidation experiments were performed under the same conditions. In the case of the TiFe single-phase alloy powder, since the hydride was not formed under the present hydrogenation conditions, powder production was not possible by the HDH process. Therefore, after the homogenization treatment, the powder was subjected to mechanical crushing, sieved to a particle size of 100–150 μm, and the deoxidation process was performed. At this time, the oxygen concentration of the TiFe single phase alloy powder was reduced from 3,055 ppm before deoxidation to 2,235 ppm after 1 h of deoxidation time and showed the same level of oxygen even when the reaction time was increased. The oxygen concentration of the TiFe single-phase alloy powder after deoxidation was much higher than that of the two intermetallic Ti alloy powders used in the experiment. This indicates that in the deoxidation reaction at 1000 °C, the equilibrium oxygen concentration on the TiFe intermetallic phase is relatively high. The study of the thermodynamic relationship between the TiFe intermetallic compound and oxygen has not been reported and further studies are needed. The corresponding deoxidation results, however, suggest that the relatively high equilibrium oxygen concentration of the TiFe intermetallic phase at 1000 °C can lead to differences in the deoxidation results of the intermetallic Ti alloy powders. Through the above XRD and SEM analyses, it was confirmed that the phase fraction of TiFe in Ti65Fe35 alloy powder was much higher than that of Ti–25Fe–5Al alloy powder. As a result, the oxygen concentration of the deoxidized Ti65Fe35 alloy powder is considered to have a higher oxygen concentration than the deoxidized Ti–25Fe–5Al alloy powder due to the large effect of the TiFe intermetallic phase with high equilibrium oxygen concentration.",
                        "In addition, there may be an effect of the oxygen affinity of the alloying element as a factor on the deoxidation behavior. The high oxygen affinity of the alloying elements can interfere with the escape of oxygen atoms in the Ti lattice and thus inhibit the deoxidation reaction. Based on the Ellingham diagram [], most of the alloying elements showed lower oxygen affinity than Ti, and only Al showed higher oxygen affinity than Ti. If the high oxygen affinity of Al has a dominant effect on the oxygen concentration after deoxidation, the oxygen concentration of the deoxidized Ti–6Al–4V alloy powder may be increased than that of pure Ti. Alternatively, the oxygen concentration of the Ti–6Al–4V alloy powder deoxidized due to the effect of Al canceled by V may be similar to that of pure Ti. However, the oxygen concentration of deoxidized Ti–6Al–4V alloy powder was found to be 355 ppm, which was much lower than the oxygen concentration of 805 ppm of deoxidized pure Ti powder. Therefore, it is believed that the influence of solid solution state of the alloying elements and the formation of intermetallic compounds on the deoxidation are greater than the oxygen affinity of the alloying elements."
                    ],
                    "name": "Variation in oxygen concentration of Ti alloy powders before and after deoxidation",
                    "type": "ce_section"
                },
                {
                    "content": [
                        "Thermal analysis was performed in air to observe the high temperature oxidation behavior before and after deoxidation of the Ti alloy powders. Fig. 8 shows the DT/TG analysis before and after deoxidation. As a result of the thermal analysis in air, the DTA curves of all the Ti alloy powders before and after deoxidation except for the Ti–6Al–4V alloy powder were similar, and it was confirmed that there was no significant change even after the deoxidation process. As a result of thermogravimetric analysis, it was confirmed that the weight increase during high temperature oxidation was slightly reduced after the deoxidation except for the Ti–6Al–4V alloy powder. The variation in weight increase during high temperature oxidation is expected to occur due to the increase in β phase after deoxidation. Through the previous XRD and SEM analyses, the Ti alloy powders were shown to increase the fraction of β phase after deoxidation. The oxygen solubility of the β phase is only 4 at.%, much lower than the α phase with a solubility of 33 at.%. Low oxygen solubility of β phase can help reduce the oxygen dissolution in the Ti matrix []. It is determined that the amount of weight increase during the high temperature oxidation of the Ti alloy powders is decreased due to the increase in the β phase after deoxidation. The TGA curves of Ti–6Al–4V alloy powders with no significant change in β phase were almost the same before and after deoxidation, and were consistent with the effects of the β phase on the variation in weight increase during high temperature oxidation. As a result, it was found that the deoxidation process did not adversely affect the high temperature oxidation behavior, but rather improved the high temperature oxidation properties due to the decrease in weight increase at high temperature oxidation through the increase in β phase.",
                        "Overall, this study suggests the need for a deoxidation process in the preparation of Ti alloy powders by recycling Ti scrap. The deoxidation process using Ca vapor did not adversely affect the properties of the Ti alloy powders and some properties could be improved. These processes are expected to help reduce the time and cost required to produce low oxygen Ti alloy powders required for industrial use. However, in the deoxidation behavior of Ti and its alloy powders, the solid solution state of alloying elements and the formation of intermetallic compounds may act as important variables. Further studies on the deoxidation behavior in this regard are recommended."
                    ],
                    "name": "High temperature oxidation behavior of Ti alloy powders before and after deoxidation",
                    "type": "ce_section"
                }
            ],
            "name": "Results and discussion",
            "type": "ce_section"
        },
        {
            "content": [
                {
                    "content": [
                        "Ti powders produced by the HDH process inevitably increase the oxygen concentration due to particle size reduction and increased specific surface area. Therefore, it is essential to control the oxygen concentration. In this study, the oxygen concentration of Ti alloy powders was controlled by the deoxidation method using Ca vapor, which follows the reaction formula of Ca (g) + O (in Ti powder) = CaO (s) []. First, the deoxidation process was performed using the deoxidation reaction time as a variable to confirm reaction completeness. Fig. 2 represents the Ti alloy powder oxygen concentration variation with deoxidation reaction time at 1000 °C, and shows that the oxygen concentrations of all the Ti alloy powders were significantly reduced by 0.5 h of reaction time. At 1 h of reaction time, the oxygen concentration of the Ti alloy powders was maximally reduced. Subsequently, the Ti alloy powder oxygen concentration was maintained at a constant level even though the deoxidation time was increased. This confirmed that the deoxidation reaction was completed sufficiently by only 1 h of reaction. The variation in properties was observed based on the corresponding 1 h deoxidation result, and the deoxidation capability of solid solution and intermetallic Ti alloys was compared."
                    ],
                    "name": "Variation in oxygen concentration with deoxidation time",
                    "type": "ce_section"
                },
                {
                    "content": [
                        "Alloying elements of Ti alloys are largely classified into α phase stabilizing elements and β phase stabilizing elements. The α phase stabilizing element is dissolved in the α phase of the HCP structure to stabilize the α phase using Al, O, N, Ga, and Ge. The β phase stabilizing element is dissolved in the β phase of the BCC structure to stabilize the β phase and is divided into β-isomorphous and β-eutectic elements. β-isomorphous elements are dissolved in the β phase in all alloy compositions and include Nb, V, Mo, and Ta. The β-eutectic element is dissolved in the β phase but forms an intermetallic compound beyond a certain critical composition, and includes Fe, Cr, Cu, Co, and Ni []. In this study, the α phase stabilizing element Al and the β phase stabilizing elements Nb, V, Cr, and Fe, were added.",
                        "Fig. 3 shows the XRD patterns of the initial Ti alloy ingots after homogenization. In the solid-solution Ti alloys, the Ti–6Al–4V alloy ingot mainly exhibited the α phase, although some β phase was present. The Ti–27Nb alloy ingot mainly exhibited the β phase, and the α phase was also present. Ti–42Nb and Ti–35V–15Cr alloy ingots showed only the β phase. The solid-solution Ti alloys showed only the α and β phases because the alloying elements Al, V, Nb, and Cr were all dissolved in the Ti matrix. As the added amount of β phase stabilizing element increased, the count intensity of the β phase increased. In the case of the intermetallic Ti alloys, the Ti–25Fe–5Al alloy exhibited α, β and TiFe intermetallic phases. The Ti65Fe35 alloy exhibited β phase and TiFe intermetallic phase. In intermetallic Ti alloys, the intensity of the TiFe intermetallic phase, as well as the β phase, also increased as the amount of β eutectic element Fe was increased.",
                        "The homogenized Ti alloy ingots were hydrogenated to produce powders. In general, when hydrogen is adsorbed on Ti to form a hydride, lattice expansion occurs, generating the hydrogen embrittlement effect, so that the Ti can be easily crushed. Therefore, the formation of hydride is an important factor for preparing a powder []. To observe the formation of hydride, XRD analysis was performed after hydrogenation and the results are shown in Fig. 4 (a) to (f). First, in the solid-solution Ti alloys, Ti hydrides (TiH2, TiH1.924) were observed in the hydrogenated Ti–6Al–4V, Ti–27Nb, Ti–42Nb, and Ti–35V–15Cr alloy powders. In the hydrogenated Ti–6Al–4V alloy powder, Ti3Al phase was found. In the case of the intermetallic Ti alloys, Ti hydrides and TiFe intermetallic phases were observed in the hydrogenated Ti–25Fe–5Al and Ti65Fe35 alloy powders, and the Ti3Al phase was also found in the hydrogenated Ti–25Fe–5Al alloy powder. Compared with the XRD pattern after homogenization, the α and β phases were transformed into Ti hydride by hydrogenation, but the TiFe intermetallic phase was maintained. Hydrogenated Ti–6Al–4V and Ti–25Fe–5Al alloy powders to which Al was added commonly resulted in Ti3Al after hydrogenation. Ti3Al is a DO19 structure in which the α phase is ordered and is typically precipitated when the concentration of Al is higher than 6 to 7 wt% according to the Ti–Al phase diagram. However, although the Al concentration of the alloys used in this study was 5–6 wt% And lower than 6 to 7 wt%, Al redistribution occurred within the microstructure due to hydrogenation [].",
                        "After hydrogenation, dehydrogenation was performed to prepare Ti alloy powders. The XRD patterns of the Ti alloy powders after dehydrogenation are shown in Fig. 4 (g) to (l). In the solid-solution Ti alloy powders, α and β phases were observed. Ti3Al phase was observed in the dehydrogenated Ti–6Al–4V alloy powder. In the intermetallic Ti alloy powders, all of the α, β and TiFe intermetallic phases were observed. Ti3Al phase was observed in the dehydrogenated Ti–25Fe–5Al alloy powder and Ti4Fe2O0.4 phase was observed in the dehydrogenated Ti65Fe35 alloy powder. Compared with the XRD pattern after the hydrogenation, the Ti hydride was transformed back into the α and β phases after dehydrogenation, but the intermetallic compounds such as TiFe and Ti3Al phase remained. Ti3Al is known to be removed by transforming it back into α phase by heat treatment at temperatures above approximately 650 °C []. However, it has been reported that even after heat treatment at temperatures between 650 and 750 °C, the Ti3Al phase may remain due to the influence of hydrogen []. Subsequently, when the phase compositions of the alloy powders prepared by the HDH process and the initial Ti alloy ingots were compared, a suboxide Ti4Fe2O0.4 phase was generated in the Ti65Fe35 alloy powder after the HDH process. The generation of suboxide is expected to be due to the inevitable increase in oxygen in the powder manufacturing process by the HDH process. Precipitation of Ti3Al and formation of α phase are caused by the redistribution effect of the alloying elements involved in the hydrogenation process. Furthermore, the formation of the α phase may also be caused by an increase in oxygen, which is an α phase stabilizing element.",
                        "Fig. 5 shows the XRD pattern after oxygen reduction of the Ti alloy powders prepared by the HDH process. First, in the solid-solution Ti alloys, the deoxidized Ti–6Al–4V alloy powder mainly observed is the α phase, with some β phase. The deoxidized Ti–27Nb alloy powder mainly showed the β phase, although the α phase was also present. The deoxidized Ti–42Nb and Ti–35V–15Cr alloy powders showed only β phase. In the case of the intermetallic Ti alloys, the deoxidized Ti–25Fe–5Al alloy powder showed α, β and TiFe intermetallic phases, and the deoxidized Ti65Fe35 alloy powder showed β and TiFe intermetallic phases. Comparing the phase composition with the dehydrogenated Ti alloy powders, the unnecessary phases such as Ti3Al and Ti4Fe2O0.4 have been removed. The α phase in dehydrogenated Ti–27Nb, Ti–35V–15Cr, and Ti65Fe35 alloy powders also disappeared after deoxidation. It is considered that the α phases in dehydrogenated Ti–27Nb, Ti–35V–15Cr, and Ti65Fe35 alloy powders were removed due to the reduction of oxygen, α phase stabilizing element, through the deoxidation process. As a result, when the deoxidation process was performed, the Ti alloy powders were able to obtain the same phase as the initial Ti alloy ingots. This phase change was able to remove Ti3Al by heat treatment at 1000 °C above the β transus, and suboxide Ti4Fe2O0.4 could be removed by controlling the oxygen concentration by the deoxidation process. When the powder was prepared by the HDH process, the formation of the unnecessary phase was confirmed due to the redistribution of the alloying elements caused by the hydrogenation and the increase in oxygen concentration. To produce a powder with the same phase composition as the initial Ti alloys, a deoxidation process involving high temperature heat treatment and control of oxygen contents must be performed."
                    ],
                    "name": "Crystal structure of Ti alloy powders before and after deoxidation",
                    "type": "ce_section"
                },
                {
                    "content": [
                        "Fig. 6 (a) to (f) show SEM images of Ti alloy powders after dehydrogenation. The dehydrogenated Ti–6Al–4V alloy powder mainly showed white β phase particles in the α phase matrix, and no Ti3Al phase was observed in the XRD pattern. In the dehydrogenated Ti–27Nb alloy powder, acicular α phase was observed within the β phase matrix. In the dehydrogenated Ti–42Nb alloy powder, some α phase particles were observed in the β phase matrix. In the dehydrogenated Ti–35V–15Cr alloy powder, acicular α phase was observed within the β phase matrix. In the dehydrogenated Ti–25Fe–5Al alloy powder, TiFe intermetallic phase and white α phase particles were observed in the β phase matrix. In the dehydrogenated Ti65Fe35 alloy powder, primary and process TiFe intermetallic phases and white α phase particles and fine Ti4Fe2O0.4 phase particles were observed in the β phase matrix.",
                        "Fig. 6 (g) to (l) show SEM images of Ti alloy powders after deoxidation. In the deoxidized Ti–6Al–4V alloy powder, α phase was observed, white β phase particles were observed, and the overall microstructure was changed to a lamellar structure after deoxidation. Such a drastic change in microstructure occurs when the heat treatment temperature is above the β transus temperature. The β transus temperature of Ti–6Al–4V alloy is approximately 995 °C, and the microstructure changes to lamellar structure upon heat treatment above that temperature []. The dehydrogenated Ti–6Al–4V alloy powder at 700 °C, below the β transus temperature, did not form a lamellar structure, while the deoxidized Ti–6Al–4V alloy powder at 1000 °C, above the β transus temperature, formed a lamellar structure. In the deoxidized Ti–27Nb alloy, acicular α phase was observed in the β phase matrix, and the thickness of the α phase was reduced compared to before deoxidation. In the deoxidized Ti–42Nb alloy powder, only the β phase matrix was observed and the α phase particles before deoxidation disappeared. In the deoxidized Ti–35V–15Cr alloy powder, only the β phase matrix was observed, and the α phase of the acicular phase observed before deoxidation disappeared. In the deoxidized Ti–25Fe–5Al alloy powder, TiFe intermetallic phase and white α phase particles were observed in the β phase matrix, and the amount of α phase particles was significantly reduced compared to before deoxidation. In the deoxidized Ti65Fe35 alloy, primary and eutectic TiFe intermetallic phases were observed in the β phase matrix and the α phase and Ti4Fe2O0.4 phase particles before deoxidation disappeared. Overall, after deoxidation, the microstructure of the Ti alloy powders was removed in the unnecessary phase and decreased in the α phase, and thus the fraction of the β phase was relatively increased. As a result, the microstructure of the Ti alloy powders before and after deoxidation was confirmed to be in phase change consistent with the XRD analysis results."
                    ],
                    "name": "Microstructure of Ti alloy powders before and after deoxidation",
                    "type": "ce_section"
                },
                {
                    "content": [
                        "Fig. 7 shows the oxygen concentration of the Ti alloy powders before and after deoxidation. The oxygen concentration of Ti–6Al–4V, Ti–27Nb, Ti–42Nb, Ti–35V–15Cr, Ti–25Fe–5Al, and Ti65Fe35 alloy powders before deoxidation were 2,610 ppm, 3,300 ppm, 3,780 ppm, 5,880 ppm, 1,725 ppm, and 4,635 ppm, respectively. The oxygen concentration of the Ti alloy powders immediately after the HDH process showed a significantly higher oxygen concentration compared to 2,000 ppm, which is required by industry standards []. After deoxidation, the oxygen concentration of Ti–6Al–4V, Ti–27Nb, Ti–42Nb, Ti–35V–15Cr, Ti–25Fe–5Al, and Ti65Fe35 alloy powders were 355 ppm, 210 ppm, 330 ppm, 95 ppm, 385 ppm, and 1,250 ppm, respectively. As a result of deoxidation, the oxygen reduction rate of the solid solution-Ti alloys showed a high reduction rate of 80% or more compared to the oxygen concentration before deoxidation, and the intermetallic Ti alloys showed a relatively low oxygen reduction rate of approximately 70%. As a result of deoxidation in the previous study conducted at the same temperature and time, the oxygen concentration of pure Ti powder was 805 ppm []. The oxygen concentration of the deoxidized Ti alloy powders except for the Ti65Fe35 alloy were lower than the oxygen concentration of 500 ppm, which is the theoretical deoxidation limit of pure Ti using Ca. Such a difference in deoxidation capability may be affected by the solid solution state of the alloying elements and the formation of intermetallic compounds.",
                        "In this study, the deoxidation process was performed at a temperature of 1000 °C. On the basis of binary Ti-Nb [], Ti-Fe [], and ternary Ti–Al–V [], Ti–V–Cr [], and Ti–Fe–Al [] phase diagrams, in the case of the crystal structure of the Ti alloy powders used in the experiment at 1000 °C, solid-solution Ti alloys exist in β phase, and intermetallic Ti alloys in β and TiFe intermetallic phases. Based on kinetics, oxygen diffusion is approximately 100 times faster in β phase than in α phase []. This rapid diffusion of oxygen in β phase is consistent with the drastic decrease in oxygen concentration even with the short deoxidation reaction time of 0.5 h identified above. Thermodynamically, the oxygen solubility of the β phase is much lower than that of the α phase, and as the oxygen solubility decreases, the oxygen concentration also decreases with deoxidation with Ca []. The oxygen solubility of the β phase changes with addition of alloying elements. In this study, Ti alloys were alloyed by dissolving alloying elements such as Nb, V, Cr, Fe, and Al. When the transition elements were dissolved in β phase, the oxygen solubility was decreased by lattice distortion and increased insertion energy, which is the energy required for oxygen to occupy the interstitial site []. Therefore, when the solid-solution Ti alloy powders are deoxidized in the β phase region, the oxygen solubility is expected to be lower than that of pure Ti due to the effect of the alloying element, resulting in lower oxygen concentration. In addition, the oxygen concentration after deoxidation tended to decrease as the amount of the alloying elements increased. This tendency is believed to increase lattice distortion and increase instability of interstitial sites as the amount of alloying elements increases, thus maximizing the release of interstitial oxygen during deoxidation [].",
                        "In the case of the intermetallic Ti alloy powders, the deoxidized Ti–25Fe–5Al alloy powder had a low oxygen concentration of 385 ppm, whereas the deoxidized Ti65Fe35 alloy powder had a relatively high oxygen concentration of 1,250 ppm. Corresponding alloys are present in the β and TiFe intermetallic phases at deoxidation temperatures of 1000 °C. Considering the high deoxidation capability in β phase identified in the previous study [] and this study, it is expected that this result may be due to the influence of the TiFe intermetallic phase. To confirm this, a TiFe single-phase alloy powder was prepared and deoxidation experiments were performed under the same conditions. In the case of the TiFe single-phase alloy powder, since the hydride was not formed under the present hydrogenation conditions, powder production was not possible by the HDH process. Therefore, after the homogenization treatment, the powder was subjected to mechanical crushing, sieved to a particle size of 100–150 μm, and the deoxidation process was performed. At this time, the oxygen concentration of the TiFe single phase alloy powder was reduced from 3,055 ppm before deoxidation to 2,235 ppm after 1 h of deoxidation time and showed the same level of oxygen even when the reaction time was increased. The oxygen concentration of the TiFe single-phase alloy powder after deoxidation was much higher than that of the two intermetallic Ti alloy powders used in the experiment. This indicates that in the deoxidation reaction at 1000 °C, the equilibrium oxygen concentration on the TiFe intermetallic phase is relatively high. The study of the thermodynamic relationship between the TiFe intermetallic compound and oxygen has not been reported and further studies are needed. The corresponding deoxidation results, however, suggest that the relatively high equilibrium oxygen concentration of the TiFe intermetallic phase at 1000 °C can lead to differences in the deoxidation results of the intermetallic Ti alloy powders. Through the above XRD and SEM analyses, it was confirmed that the phase fraction of TiFe in Ti65Fe35 alloy powder was much higher than that of Ti–25Fe–5Al alloy powder. As a result, the oxygen concentration of the deoxidized Ti65Fe35 alloy powder is considered to have a higher oxygen concentration than the deoxidized Ti–25Fe–5Al alloy powder due to the large effect of the TiFe intermetallic phase with high equilibrium oxygen concentration.",
                        "In addition, there may be an effect of the oxygen affinity of the alloying element as a factor on the deoxidation behavior. The high oxygen affinity of the alloying elements can interfere with the escape of oxygen atoms in the Ti lattice and thus inhibit the deoxidation reaction. Based on the Ellingham diagram [], most of the alloying elements showed lower oxygen affinity than Ti, and only Al showed higher oxygen affinity than Ti. If the high oxygen affinity of Al has a dominant effect on the oxygen concentration after deoxidation, the oxygen concentration of the deoxidized Ti–6Al–4V alloy powder may be increased than that of pure Ti. Alternatively, the oxygen concentration of the Ti–6Al–4V alloy powder deoxidized due to the effect of Al canceled by V may be similar to that of pure Ti. However, the oxygen concentration of deoxidized Ti–6Al–4V alloy powder was found to be 355 ppm, which was much lower than the oxygen concentration of 805 ppm of deoxidized pure Ti powder. Therefore, it is believed that the influence of solid solution state of the alloying elements and the formation of intermetallic compounds on the deoxidation are greater than the oxygen affinity of the alloying elements."
                    ],
                    "name": "Variation in oxygen concentration of Ti alloy powders before and after deoxidation",
                    "type": "ce_section"
                },
                {
                    "content": [
                        "Thermal analysis was performed in air to observe the high temperature oxidation behavior before and after deoxidation of the Ti alloy powders. Fig. 8 shows the DT/TG analysis before and after deoxidation. As a result of the thermal analysis in air, the DTA curves of all the Ti alloy powders before and after deoxidation except for the Ti–6Al–4V alloy powder were similar, and it was confirmed that there was no significant change even after the deoxidation process. As a result of thermogravimetric analysis, it was confirmed that the weight increase during high temperature oxidation was slightly reduced after the deoxidation except for the Ti–6Al–4V alloy powder. The variation in weight increase during high temperature oxidation is expected to occur due to the increase in β phase after deoxidation. Through the previous XRD and SEM analyses, the Ti alloy powders were shown to increase the fraction of β phase after deoxidation. The oxygen solubility of the β phase is only 4 at.%, much lower than the α phase with a solubility of 33 at.%. Low oxygen solubility of β phase can help reduce the oxygen dissolution in the Ti matrix []. It is determined that the amount of weight increase during the high temperature oxidation of the Ti alloy powders is decreased due to the increase in the β phase after deoxidation. The TGA curves of Ti–6Al–4V alloy powders with no significant change in β phase were almost the same before and after deoxidation, and were consistent with the effects of the β phase on the variation in weight increase during high temperature oxidation. As a result, it was found that the deoxidation process did not adversely affect the high temperature oxidation behavior, but rather improved the high temperature oxidation properties due to the decrease in weight increase at high temperature oxidation through the increase in β phase.",
                        "Overall, this study suggests the need for a deoxidation process in the preparation of Ti alloy powders by recycling Ti scrap. The deoxidation process using Ca vapor did not adversely affect the properties of the Ti alloy powders and some properties could be improved. These processes are expected to help reduce the time and cost required to produce low oxygen Ti alloy powders required for industrial use. However, in the deoxidation behavior of Ti and its alloy powders, the solid solution state of alloying elements and the formation of intermetallic compounds may act as important variables. Further studies on the deoxidation behavior in this regard are recommended."
                    ],
                    "name": "High temperature oxidation behavior of Ti alloy powders before and after deoxidation",
                    "type": "ce_section"
                }
            ],
            "name": "Results and discussion",
            "type": "ce_section"
        },
        {
            "content": [
                {
                    "content": [
                        "Ti powders produced by the HDH process inevitably increase the oxygen concentration due to particle size reduction and increased specific surface area. Therefore, it is essential to control the oxygen concentration. In this study, the oxygen concentration of Ti alloy powders was controlled by the deoxidation method using Ca vapor, which follows the reaction formula of Ca (g) + O (in Ti powder) = CaO (s) []. First, the deoxidation process was performed using the deoxidation reaction time as a variable to confirm reaction completeness. Fig. 2 represents the Ti alloy powder oxygen concentration variation with deoxidation reaction time at 1000 °C, and shows that the oxygen concentrations of all the Ti alloy powders were significantly reduced by 0.5 h of reaction time. At 1 h of reaction time, the oxygen concentration of the Ti alloy powders was maximally reduced. Subsequently, the Ti alloy powder oxygen concentration was maintained at a constant level even though the deoxidation time was increased. This confirmed that the deoxidation reaction was completed sufficiently by only 1 h of reaction. The variation in properties was observed based on the corresponding 1 h deoxidation result, and the deoxidation capability of solid solution and intermetallic Ti alloys was compared."
                    ],
                    "name": "Variation in oxygen concentration with deoxidation time",
                    "type": "ce_section"
                },
                {
                    "content": [
                        "Alloying elements of Ti alloys are largely classified into α phase stabilizing elements and β phase stabilizing elements. The α phase stabilizing element is dissolved in the α phase of the HCP structure to stabilize the α phase using Al, O, N, Ga, and Ge. The β phase stabilizing element is dissolved in the β phase of the BCC structure to stabilize the β phase and is divided into β-isomorphous and β-eutectic elements. β-isomorphous elements are dissolved in the β phase in all alloy compositions and include Nb, V, Mo, and Ta. The β-eutectic element is dissolved in the β phase but forms an intermetallic compound beyond a certain critical composition, and includes Fe, Cr, Cu, Co, and Ni []. In this study, the α phase stabilizing element Al and the β phase stabilizing elements Nb, V, Cr, and Fe, were added.",
                        "Fig. 3 shows the XRD patterns of the initial Ti alloy ingots after homogenization. In the solid-solution Ti alloys, the Ti–6Al–4V alloy ingot mainly exhibited the α phase, although some β phase was present. The Ti–27Nb alloy ingot mainly exhibited the β phase, and the α phase was also present. Ti–42Nb and Ti–35V–15Cr alloy ingots showed only the β phase. The solid-solution Ti alloys showed only the α and β phases because the alloying elements Al, V, Nb, and Cr were all dissolved in the Ti matrix. As the added amount of β phase stabilizing element increased, the count intensity of the β phase increased. In the case of the intermetallic Ti alloys, the Ti–25Fe–5Al alloy exhibited α, β and TiFe intermetallic phases. The Ti65Fe35 alloy exhibited β phase and TiFe intermetallic phase. In intermetallic Ti alloys, the intensity of the TiFe intermetallic phase, as well as the β phase, also increased as the amount of β eutectic element Fe was increased.",
                        "The homogenized Ti alloy ingots were hydrogenated to produce powders. In general, when hydrogen is adsorbed on Ti to form a hydride, lattice expansion occurs, generating the hydrogen embrittlement effect, so that the Ti can be easily crushed. Therefore, the formation of hydride is an important factor for preparing a powder []. To observe the formation of hydride, XRD analysis was performed after hydrogenation and the results are shown in Fig. 4 (a) to (f). First, in the solid-solution Ti alloys, Ti hydrides (TiH2, TiH1.924) were observed in the hydrogenated Ti–6Al–4V, Ti–27Nb, Ti–42Nb, and Ti–35V–15Cr alloy powders. In the hydrogenated Ti–6Al–4V alloy powder, Ti3Al phase was found. In the case of the intermetallic Ti alloys, Ti hydrides and TiFe intermetallic phases were observed in the hydrogenated Ti–25Fe–5Al and Ti65Fe35 alloy powders, and the Ti3Al phase was also found in the hydrogenated Ti–25Fe–5Al alloy powder. Compared with the XRD pattern after homogenization, the α and β phases were transformed into Ti hydride by hydrogenation, but the TiFe intermetallic phase was maintained. Hydrogenated Ti–6Al–4V and Ti–25Fe–5Al alloy powders to which Al was added commonly resulted in Ti3Al after hydrogenation. Ti3Al is a DO19 structure in which the α phase is ordered and is typically precipitated when the concentration of Al is higher than 6 to 7 wt% according to the Ti–Al phase diagram. However, although the Al concentration of the alloys used in this study was 5–6 wt% And lower than 6 to 7 wt%, Al redistribution occurred within the microstructure due to hydrogenation [].",
                        "After hydrogenation, dehydrogenation was performed to prepare Ti alloy powders. The XRD patterns of the Ti alloy powders after dehydrogenation are shown in Fig. 4 (g) to (l). In the solid-solution Ti alloy powders, α and β phases were observed. Ti3Al phase was observed in the dehydrogenated Ti–6Al–4V alloy powder. In the intermetallic Ti alloy powders, all of the α, β and TiFe intermetallic phases were observed. Ti3Al phase was observed in the dehydrogenated Ti–25Fe–5Al alloy powder and Ti4Fe2O0.4 phase was observed in the dehydrogenated Ti65Fe35 alloy powder. Compared with the XRD pattern after the hydrogenation, the Ti hydride was transformed back into the α and β phases after dehydrogenation, but the intermetallic compounds such as TiFe and Ti3Al phase remained. Ti3Al is known to be removed by transforming it back into α phase by heat treatment at temperatures above approximately 650 °C []. However, it has been reported that even after heat treatment at temperatures between 650 and 750 °C, the Ti3Al phase may remain due to the influence of hydrogen []. Subsequently, when the phase compositions of the alloy powders prepared by the HDH process and the initial Ti alloy ingots were compared, a suboxide Ti4Fe2O0.4 phase was generated in the Ti65Fe35 alloy powder after the HDH process. The generation of suboxide is expected to be due to the inevitable increase in oxygen in the powder manufacturing process by the HDH process. Precipitation of Ti3Al and formation of α phase are caused by the redistribution effect of the alloying elements involved in the hydrogenation process. Furthermore, the formation of the α phase may also be caused by an increase in oxygen, which is an α phase stabilizing element.",
                        "Fig. 5 shows the XRD pattern after oxygen reduction of the Ti alloy powders prepared by the HDH process. First, in the solid-solution Ti alloys, the deoxidized Ti–6Al–4V alloy powder mainly observed is the α phase, with some β phase. The deoxidized Ti–27Nb alloy powder mainly showed the β phase, although the α phase was also present. The deoxidized Ti–42Nb and Ti–35V–15Cr alloy powders showed only β phase. In the case of the intermetallic Ti alloys, the deoxidized Ti–25Fe–5Al alloy powder showed α, β and TiFe intermetallic phases, and the deoxidized Ti65Fe35 alloy powder showed β and TiFe intermetallic phases. Comparing the phase composition with the dehydrogenated Ti alloy powders, the unnecessary phases such as Ti3Al and Ti4Fe2O0.4 have been removed. The α phase in dehydrogenated Ti–27Nb, Ti–35V–15Cr, and Ti65Fe35 alloy powders also disappeared after deoxidation. It is considered that the α phases in dehydrogenated Ti–27Nb, Ti–35V–15Cr, and Ti65Fe35 alloy powders were removed due to the reduction of oxygen, α phase stabilizing element, through the deoxidation process. As a result, when the deoxidation process was performed, the Ti alloy powders were able to obtain the same phase as the initial Ti alloy ingots. This phase change was able to remove Ti3Al by heat treatment at 1000 °C above the β transus, and suboxide Ti4Fe2O0.4 could be removed by controlling the oxygen concentration by the deoxidation process. When the powder was prepared by the HDH process, the formation of the unnecessary phase was confirmed due to the redistribution of the alloying elements caused by the hydrogenation and the increase in oxygen concentration. To produce a powder with the same phase composition as the initial Ti alloys, a deoxidation process involving high temperature heat treatment and control of oxygen contents must be performed."
                    ],
                    "name": "Crystal structure of Ti alloy powders before and after deoxidation",
                    "type": "ce_section"
                },
                {
                    "content": [
                        "Fig. 6 (a) to (f) show SEM images of Ti alloy powders after dehydrogenation. The dehydrogenated Ti–6Al–4V alloy powder mainly showed white β phase particles in the α phase matrix, and no Ti3Al phase was observed in the XRD pattern. In the dehydrogenated Ti–27Nb alloy powder, acicular α phase was observed within the β phase matrix. In the dehydrogenated Ti–42Nb alloy powder, some α phase particles were observed in the β phase matrix. In the dehydrogenated Ti–35V–15Cr alloy powder, acicular α phase was observed within the β phase matrix. In the dehydrogenated Ti–25Fe–5Al alloy powder, TiFe intermetallic phase and white α phase particles were observed in the β phase matrix. In the dehydrogenated Ti65Fe35 alloy powder, primary and process TiFe intermetallic phases and white α phase particles and fine Ti4Fe2O0.4 phase particles were observed in the β phase matrix.",
                        "Fig. 6 (g) to (l) show SEM images of Ti alloy powders after deoxidation. In the deoxidized Ti–6Al–4V alloy powder, α phase was observed, white β phase particles were observed, and the overall microstructure was changed to a lamellar structure after deoxidation. Such a drastic change in microstructure occurs when the heat treatment temperature is above the β transus temperature. The β transus temperature of Ti–6Al–4V alloy is approximately 995 °C, and the microstructure changes to lamellar structure upon heat treatment above that temperature []. The dehydrogenated Ti–6Al–4V alloy powder at 700 °C, below the β transus temperature, did not form a lamellar structure, while the deoxidized Ti–6Al–4V alloy powder at 1000 °C, above the β transus temperature, formed a lamellar structure. In the deoxidized Ti–27Nb alloy, acicular α phase was observed in the β phase matrix, and the thickness of the α phase was reduced compared to before deoxidation. In the deoxidized Ti–42Nb alloy powder, only the β phase matrix was observed and the α phase particles before deoxidation disappeared. In the deoxidized Ti–35V–15Cr alloy powder, only the β phase matrix was observed, and the α phase of the acicular phase observed before deoxidation disappeared. In the deoxidized Ti–25Fe–5Al alloy powder, TiFe intermetallic phase and white α phase particles were observed in the β phase matrix, and the amount of α phase particles was significantly reduced compared to before deoxidation. In the deoxidized Ti65Fe35 alloy, primary and eutectic TiFe intermetallic phases were observed in the β phase matrix and the α phase and Ti4Fe2O0.4 phase particles before deoxidation disappeared. Overall, after deoxidation, the microstructure of the Ti alloy powders was removed in the unnecessary phase and decreased in the α phase, and thus the fraction of the β phase was relatively increased. As a result, the microstructure of the Ti alloy powders before and after deoxidation was confirmed to be in phase change consistent with the XRD analysis results."
                    ],
                    "name": "Microstructure of Ti alloy powders before and after deoxidation",
                    "type": "ce_section"
                },
                {
                    "content": [
                        "Fig. 7 shows the oxygen concentration of the Ti alloy powders before and after deoxidation. The oxygen concentration of Ti–6Al–4V, Ti–27Nb, Ti–42Nb, Ti–35V–15Cr, Ti–25Fe–5Al, and Ti65Fe35 alloy powders before deoxidation were 2,610 ppm, 3,300 ppm, 3,780 ppm, 5,880 ppm, 1,725 ppm, and 4,635 ppm, respectively. The oxygen concentration of the Ti alloy powders immediately after the HDH process showed a significantly higher oxygen concentration compared to 2,000 ppm, which is required by industry standards []. After deoxidation, the oxygen concentration of Ti–6Al–4V, Ti–27Nb, Ti–42Nb, Ti–35V–15Cr, Ti–25Fe–5Al, and Ti65Fe35 alloy powders were 355 ppm, 210 ppm, 330 ppm, 95 ppm, 385 ppm, and 1,250 ppm, respectively. As a result of deoxidation, the oxygen reduction rate of the solid solution-Ti alloys showed a high reduction rate of 80% or more compared to the oxygen concentration before deoxidation, and the intermetallic Ti alloys showed a relatively low oxygen reduction rate of approximately 70%. As a result of deoxidation in the previous study conducted at the same temperature and time, the oxygen concentration of pure Ti powder was 805 ppm []. The oxygen concentration of the deoxidized Ti alloy powders except for the Ti65Fe35 alloy were lower than the oxygen concentration of 500 ppm, which is the theoretical deoxidation limit of pure Ti using Ca. Such a difference in deoxidation capability may be affected by the solid solution state of the alloying elements and the formation of intermetallic compounds.",
                        "In this study, the deoxidation process was performed at a temperature of 1000 °C. On the basis of binary Ti-Nb [], Ti-Fe [], and ternary Ti–Al–V [], Ti–V–Cr [], and Ti–Fe–Al [] phase diagrams, in the case of the crystal structure of the Ti alloy powders used in the experiment at 1000 °C, solid-solution Ti alloys exist in β phase, and intermetallic Ti alloys in β and TiFe intermetallic phases. Based on kinetics, oxygen diffusion is approximately 100 times faster in β phase than in α phase []. This rapid diffusion of oxygen in β phase is consistent with the drastic decrease in oxygen concentration even with the short deoxidation reaction time of 0.5 h identified above. Thermodynamically, the oxygen solubility of the β phase is much lower than that of the α phase, and as the oxygen solubility decreases, the oxygen concentration also decreases with deoxidation with Ca []. The oxygen solubility of the β phase changes with addition of alloying elements. In this study, Ti alloys were alloyed by dissolving alloying elements such as Nb, V, Cr, Fe, and Al. When the transition elements were dissolved in β phase, the oxygen solubility was decreased by lattice distortion and increased insertion energy, which is the energy required for oxygen to occupy the interstitial site []. Therefore, when the solid-solution Ti alloy powders are deoxidized in the β phase region, the oxygen solubility is expected to be lower than that of pure Ti due to the effect of the alloying element, resulting in lower oxygen concentration. In addition, the oxygen concentration after deoxidation tended to decrease as the amount of the alloying elements increased. This tendency is believed to increase lattice distortion and increase instability of interstitial sites as the amount of alloying elements increases, thus maximizing the release of interstitial oxygen during deoxidation [].",
                        "In the case of the intermetallic Ti alloy powders, the deoxidized Ti–25Fe–5Al alloy powder had a low oxygen concentration of 385 ppm, whereas the deoxidized Ti65Fe35 alloy powder had a relatively high oxygen concentration of 1,250 ppm. Corresponding alloys are present in the β and TiFe intermetallic phases at deoxidation temperatures of 1000 °C. Considering the high deoxidation capability in β phase identified in the previous study [] and this study, it is expected that this result may be due to the influence of the TiFe intermetallic phase. To confirm this, a TiFe single-phase alloy powder was prepared and deoxidation experiments were performed under the same conditions. In the case of the TiFe single-phase alloy powder, since the hydride was not formed under the present hydrogenation conditions, powder production was not possible by the HDH process. Therefore, after the homogenization treatment, the powder was subjected to mechanical crushing, sieved to a particle size of 100–150 μm, and the deoxidation process was performed. At this time, the oxygen concentration of the TiFe single phase alloy powder was reduced from 3,055 ppm before deoxidation to 2,235 ppm after 1 h of deoxidation time and showed the same level of oxygen even when the reaction time was increased. The oxygen concentration of the TiFe single-phase alloy powder after deoxidation was much higher than that of the two intermetallic Ti alloy powders used in the experiment. This indicates that in the deoxidation reaction at 1000 °C, the equilibrium oxygen concentration on the TiFe intermetallic phase is relatively high. The study of the thermodynamic relationship between the TiFe intermetallic compound and oxygen has not been reported and further studies are needed. The corresponding deoxidation results, however, suggest that the relatively high equilibrium oxygen concentration of the TiFe intermetallic phase at 1000 °C can lead to differences in the deoxidation results of the intermetallic Ti alloy powders. Through the above XRD and SEM analyses, it was confirmed that the phase fraction of TiFe in Ti65Fe35 alloy powder was much higher than that of Ti–25Fe–5Al alloy powder. As a result, the oxygen concentration of the deoxidized Ti65Fe35 alloy powder is considered to have a higher oxygen concentration than the deoxidized Ti–25Fe–5Al alloy powder due to the large effect of the TiFe intermetallic phase with high equilibrium oxygen concentration.",
                        "In addition, there may be an effect of the oxygen affinity of the alloying element as a factor on the deoxidation behavior. The high oxygen affinity of the alloying elements can interfere with the escape of oxygen atoms in the Ti lattice and thus inhibit the deoxidation reaction. Based on the Ellingham diagram [], most of the alloying elements showed lower oxygen affinity than Ti, and only Al showed higher oxygen affinity than Ti. If the high oxygen affinity of Al has a dominant effect on the oxygen concentration after deoxidation, the oxygen concentration of the deoxidized Ti–6Al–4V alloy powder may be increased than that of pure Ti. Alternatively, the oxygen concentration of the Ti–6Al–4V alloy powder deoxidized due to the effect of Al canceled by V may be similar to that of pure Ti. However, the oxygen concentration of deoxidized Ti–6Al–4V alloy powder was found to be 355 ppm, which was much lower than the oxygen concentration of 805 ppm of deoxidized pure Ti powder. Therefore, it is believed that the influence of solid solution state of the alloying elements and the formation of intermetallic compounds on the deoxidation are greater than the oxygen affinity of the alloying elements."
                    ],
                    "name": "Variation in oxygen concentration of Ti alloy powders before and after deoxidation",
                    "type": "ce_section"
                },
                {
                    "content": [
                        "Thermal analysis was performed in air to observe the high temperature oxidation behavior before and after deoxidation of the Ti alloy powders. Fig. 8 shows the DT/TG analysis before and after deoxidation. As a result of the thermal analysis in air, the DTA curves of all the Ti alloy powders before and after deoxidation except for the Ti–6Al–4V alloy powder were similar, and it was confirmed that there was no significant change even after the deoxidation process. As a result of thermogravimetric analysis, it was confirmed that the weight increase during high temperature oxidation was slightly reduced after the deoxidation except for the Ti–6Al–4V alloy powder. The variation in weight increase during high temperature oxidation is expected to occur due to the increase in β phase after deoxidation. Through the previous XRD and SEM analyses, the Ti alloy powders were shown to increase the fraction of β phase after deoxidation. The oxygen solubility of the β phase is only 4 at.%, much lower than the α phase with a solubility of 33 at.%. Low oxygen solubility of β phase can help reduce the oxygen dissolution in the Ti matrix []. It is determined that the amount of weight increase during the high temperature oxidation of the Ti alloy powders is decreased due to the increase in the β phase after deoxidation. The TGA curves of Ti–6Al–4V alloy powders with no significant change in β phase were almost the same before and after deoxidation, and were consistent with the effects of the β phase on the variation in weight increase during high temperature oxidation. As a result, it was found that the deoxidation process did not adversely affect the high temperature oxidation behavior, but rather improved the high temperature oxidation properties due to the decrease in weight increase at high temperature oxidation through the increase in β phase.",
                        "Overall, this study suggests the need for a deoxidation process in the preparation of Ti alloy powders by recycling Ti scrap. The deoxidation process using Ca vapor did not adversely affect the properties of the Ti alloy powders and some properties could be improved. These processes are expected to help reduce the time and cost required to produce low oxygen Ti alloy powders required for industrial use. However, in the deoxidation behavior of Ti and its alloy powders, the solid solution state of alloying elements and the formation of intermetallic compounds may act as important variables. Further studies on the deoxidation behavior in this regard are recommended."
                    ],
                    "name": "High temperature oxidation behavior of Ti alloy powders before and after deoxidation",
                    "type": "ce_section"
                }
            ],
            "name": "Results and discussion",
            "type": "ce_section"
        }
    ],
    "Title": "Comparison of deoxidation capability of solid solution and intermetallic titanium alloy powders deoxidized by calcium vapor",
    "abstract": "A comparison of the deoxidation capability of solid solution and intermetallic titanium alloy powders deoxidized by calcium vapor was investigated. The oxygen concentration of Ti-6Al-4V, Ti-27Nb, Ti-42Nb, Ti-35V-15Cr, Ti-25Fe-5Al, and Ti65Fe35 alloy powders before deoxidation were 2,610 ppm, 3,300 ppm, 3,780 ppm, 5,880 ppm, 1,725 ppm, and 4,635 ppm, respectively. After deoxidation, the oxygen concentration of the Ti-6Al-4V, Ti-27Nb, Ti-42Nb, and Ti-35V-15Cr solid-solution alloy powders were 355 ppm, 210 ppm, 330 ppm, 95 ppm, respectively, while the Ti-25Fe-5Al and Ti65Fe35 intermetallic alloy powders were 385 ppm and 1250 ppm, respectively. Compared with the oxygen concentration before deoxidation, the solid-solution Ti alloy powders showed a high oxygen reduction rate of approximately 80% or more, while the intermetallic Ti alloy powders showed a lower oxygen reduction rate of approximately 70%. Based on the theoretical deoxidation limit of pure Ti and the actual deoxidation result of pure Ti powder, solid-solution Ti alloy powders have reduced oxygen solubility due to the addition of alloying elements, resulting in reduced oxygen concentration after deoxidation. However, the intermetallic Ti alloy powders showed a difference in oxygen concentration among them due to the effect of TiFe intermetallic phase with high equilibrium oxygen concentration in the deoxidation reaction. (C) 2020 Elsevier B.V. All rights reserved"
}