{
    "DOI": "10.1016/j.jmatprotec.2007.12.065",
    "Journal": "Journal of Materials Processing Technology",
    "Keywords": [
        "Corrosion",
        "Heat treatment",
        "Ti–6Al–4V alloy",
        "Welding"
    ],
    "Sections": [
        {
            "content": [
                "For optical and scanning electron microscopy the welded specimens were prepared by standard metallographic techniques which consists of grinding, mechanical polishing and etching in an etchant composed of 2.5% HNO3, 1.5% HF, and 96% distilled water. Scanning electron microscopy was carried out using Philips XL 30 microscope."
            ],
            "name": "Examinations and analysis",
            "type": "ce_section"
        },
        {
            "content": [
                {
                    "content": [
                        "Typical fusion zone (FZ), heat affected zone (HAZ), and base metal (BM) microstructures of Ti–6Al–4V alloy in as-welded condition are shown in Fig. 3 . The Ti–6Al–4V alloy weldment shows a narrow FZ about 4 mm wide with a further small HAZ of about 2 mm. The microstructures (Fig. 3a–c) show the variation of microstructures from the FZ toward the HAZ and BM. The FZ microstructure consists of large prior grains, with size as large as 0.57 mm (Fig. 3d) and a discontinuous layer of α (αgb) along the β boundaries (Fig. 4 ). The HAZ and FZ microstructures consist of a mixture of martensitic α′-, β- and α-phases. Further away from the FZ, the fraction of primary α-phase increases due to the lower cooling rate. Furthermore, grain size decreases because these areas have experienced the temperature below T β during welding and heat treatment (Fig. 3b and c).",
                        "Stress relieving and aging heat treatment rapidly age martensite present in the FZ and adjacent HAZ, by a mechanism involving the micro-precipitation of β-phase at sub-boundaries and dislocations (). These precipitations reduce the concentration of β stabilizing alloying elements in the supersaturated martensite until it ultimately approaches to the equilibrium α. Although, evidence of this phenomenon is not apparent in optical micrographs for samples B, D and E, its occurrence is strongly manifested by an increase in hardness in previous aging studies at similar temperatures on Ti–6Al–4V alloy weldment (). Postweld heat treatment at 950 °C slightly coarsens the acicular microstructures of the FZ and adjacent HAZ. Finally, intragranular coarsening during high temperature heat treatment essentially equilibrates the FZ microstructures. Extremely rapid cooling rates during water quenching produce an acicular microstructure consisting of martensitic α′, β, retained β and primary α (). Aging of this microstructure, give rise to precipitation of fine β and can lead to compositional change in α-phase (sample C)."
                    ],
                    "name": "Structural characteristics",
                    "type": "ce_section"
                },
                {
                    "content": [
                        {
                            "content": [
                                "Fig. 5 shows potentiodynamic polarization curves for as-welded specimen. The results of electrochemical tests are summarized in Table 3 . It can be seen that the corrosion potential of the FZ is lower than that of the HAZ and BM, i.e. the FZ and HAZ have higher tendency for corrosion. The corrosion potentials differences between the FZ and HAZ, the HAZ and BM are nearly 50 and 40 mV, respectively. The reason for the alteration of the polarization curves in Fig. 5 is the variation of microstructure of different zones. The mode of microstructure controls size and extent of solute segregation in Ti alloys (). The microstructure of the BM consisted of α matrix with randomly distributed β has been shown to be a desirable structure for improved corrosion resistance (). On the other hand, the existing lamellar microstructure in the FZ and HAZ act as effective galvanic couples leading to higher rate of corrosion. The columnar crystals show a strong preferred orientation as well as solute is accumulated at the boundary grooves of parallel growing grains. When columnar growth is predominated, solute segregation also occur by the impingement of two interfaces growing with growth direction normal to each other (). Solute segregation leads to chemical heterogeneity in columnar-grain welds, which shift their corrosion potentials toward less noble potentials compared to the BM. Corrosion current densities in the passive range are shifted more positive compared to the BM to compensate the dissolution of grain boundaries as a result of much longer columnar grain boundaries than that of the BM."
                            ],
                            "name": "As-welded specimen",
                            "type": "ce_section"
                        },
                        {
                            "content": [
                                "The potentiodynamic polarization curves of heat treated specimens are shown in Fig. 6 . These curves show that the stress relieving has improved the corrosion behavior of the FZ and HAZ (samples B, D and E), but it does not significantly affect on the BM. The corrosion potential differences of the variant zones have been decreased, but, still appreciable difference exists between them. As the molten weld pool cools down through the α/β region, the vanadium content of the β-phase keeps increasing and the martensite start (MS) temperature and martensite finish (Mf) temperature decreases progressively. It has been reported quenching of Ti–6Al–4V alloy from 840 °C results in β-phase with Mf temperature less than 25 °C (). The FZ and HAZ are therefore (as was mentioned before) likely to contain small quantities of retained β-phase. During postweld stress relieving or aging, the material seeks to attain thermodynamic equilibrium and two reactions are known to occur in α–β titanium alloy welds: (1) formation of β from the martensite, which gets impoverished in beta stabilizer elements and approaches to equilibrium α in composition; and (2) precipitation of α in the retained β (). These cause the galvanic effects between the metastable β, martensite, β and primary α to decrease. Though, still there are the galvanic effects between β and primary α. In previous studies, Levy et al. and Peters et al. found galvanic cells operating between α- and β-phases in duplex phase alloys (). They found that in HCl and H2SO4, the critical current density for passivation, i p, increases with α to β ratio in Ti alloy. This implies that the β-phase is more corrosion-resistant in the above environments. A similar situation is expected in this case. In the case of sample C, postweld heat treatment at high temperature in the α–β-phase field has caused α-phase to coarsen considerably both at the grain boundaries and within the grains. Since corrosion is known to be initiated at the α-β interfaces (), the coarsening of α and β plates reduces the interfacial area per unit volume. Furthermore, precipitation of α- and β-phases from the existing phases in the FZ and HAZ lead to increasing homogeneity in α/β interfaces and consequently uniformity in the corrosion potentials (Table 3).",
                                "From Table 3 it can be seen that the heat treatment does not have any appreciable effect in improving the corrosion behavior of the BM. Harold Margolin and Cohen (), while studying the kinetics of grain growth in a Ti alloy with equiaxed α, have shown that higher aging temperatures in the two-phase field, retard the growth of primary α, due to increase in the volume fraction and size of β, which anchor the α boundaries effectively. This means that heat treatment of the BM, even at high temperatures in the two-phase field, cannot alter the morphology of phases. As in this study, heat treatments have been carried out at temperatures below the T β, thus corrosion behavior of the BM has not changed appreciably.",
                                "Table 3 also shows that the corrosion behavior of the different zones of samples D and E is relatively similar. During the welding process, the FZ and adjacent HAZ experience temperature above T β and their prior structures disappear. On the other hand, the corrosion behavior of the BM and adjacent HAZ do not change because the temperatures of these zones have been less than T β during preweld heat treatment and welding. Therefore, preweld heat treatment in α/β field does not alter the corrosion behavior.",
                                "It is well known that when alloying elements (except V and Fe) form an oxide, these oxides will occur as discrete clusters embedded in a titanium matrix (). Hence, if the distribution of the alloying elements in all the phases is uniform, then their oxide clusters will also be uniformly distributed in the matrix, thus a stable passive layer will form. On the other hand, the heat treatment that leads to the non-uniform distribution of the alloying elements in various phases result in unstable passive layer formation. On the other hand, in the case of Ti–6Al–4V, it has been reported in the literature () that the vanadium oxide formed on the surface of Ti–6Al–4V alloy is soluble in aqueous solutions and dissolution of vanadium oxide is further enhanced by presence of Cl− ions in Ringer's solution. Dissolution of vanadium oxide results in the generation and diffusion of vacancies in the oxide layer of Ti–6Al–4V. Hence, vanadium as an alloying element can not contribute to improvement of the surface film on Ti–6Al–4V alloy and non-uniform distribution of this element in different phases induce susceptible regions to corrosion and consequently decreases the corrosion resistance. Thus, the variation in the corrosion behavior of the Ti–6Al–4V alloy weldment samples is attributed to the distribution of the alloying elements and the extent of their oxides formation in different phases."
                            ],
                            "name": "Heat treated specimens",
                            "type": "ce_section"
                        }
                    ],
                    "name": "Electrochemical measurements",
                    "type": "ce_section"
                }
            ],
            "name": "Results and discussion",
            "type": "ce_section"
        },
        {
            "content": [
                {
                    "content": [
                        "Typical fusion zone (FZ), heat affected zone (HAZ), and base metal (BM) microstructures of Ti–6Al–4V alloy in as-welded condition are shown in Fig. 3 . The Ti–6Al–4V alloy weldment shows a narrow FZ about 4 mm wide with a further small HAZ of about 2 mm. The microstructures (Fig. 3a–c) show the variation of microstructures from the FZ toward the HAZ and BM. The FZ microstructure consists of large prior grains, with size as large as 0.57 mm (Fig. 3d) and a discontinuous layer of α (αgb) along the β boundaries (Fig. 4 ). The HAZ and FZ microstructures consist of a mixture of martensitic α′-, β- and α-phases. Further away from the FZ, the fraction of primary α-phase increases due to the lower cooling rate. Furthermore, grain size decreases because these areas have experienced the temperature below T β during welding and heat treatment (Fig. 3b and c).",
                        "Stress relieving and aging heat treatment rapidly age martensite present in the FZ and adjacent HAZ, by a mechanism involving the micro-precipitation of β-phase at sub-boundaries and dislocations (). These precipitations reduce the concentration of β stabilizing alloying elements in the supersaturated martensite until it ultimately approaches to the equilibrium α. Although, evidence of this phenomenon is not apparent in optical micrographs for samples B, D and E, its occurrence is strongly manifested by an increase in hardness in previous aging studies at similar temperatures on Ti–6Al–4V alloy weldment (). Postweld heat treatment at 950 °C slightly coarsens the acicular microstructures of the FZ and adjacent HAZ. Finally, intragranular coarsening during high temperature heat treatment essentially equilibrates the FZ microstructures. Extremely rapid cooling rates during water quenching produce an acicular microstructure consisting of martensitic α′, β, retained β and primary α (). Aging of this microstructure, give rise to precipitation of fine β and can lead to compositional change in α-phase (sample C)."
                    ],
                    "name": "Structural characteristics",
                    "type": "ce_section"
                },
                {
                    "content": [
                        {
                            "content": [
                                "Fig. 5 shows potentiodynamic polarization curves for as-welded specimen. The results of electrochemical tests are summarized in Table 3 . It can be seen that the corrosion potential of the FZ is lower than that of the HAZ and BM, i.e. the FZ and HAZ have higher tendency for corrosion. The corrosion potentials differences between the FZ and HAZ, the HAZ and BM are nearly 50 and 40 mV, respectively. The reason for the alteration of the polarization curves in Fig. 5 is the variation of microstructure of different zones. The mode of microstructure controls size and extent of solute segregation in Ti alloys (). The microstructure of the BM consisted of α matrix with randomly distributed β has been shown to be a desirable structure for improved corrosion resistance (). On the other hand, the existing lamellar microstructure in the FZ and HAZ act as effective galvanic couples leading to higher rate of corrosion. The columnar crystals show a strong preferred orientation as well as solute is accumulated at the boundary grooves of parallel growing grains. When columnar growth is predominated, solute segregation also occur by the impingement of two interfaces growing with growth direction normal to each other (). Solute segregation leads to chemical heterogeneity in columnar-grain welds, which shift their corrosion potentials toward less noble potentials compared to the BM. Corrosion current densities in the passive range are shifted more positive compared to the BM to compensate the dissolution of grain boundaries as a result of much longer columnar grain boundaries than that of the BM."
                            ],
                            "name": "As-welded specimen",
                            "type": "ce_section"
                        },
                        {
                            "content": [
                                "The potentiodynamic polarization curves of heat treated specimens are shown in Fig. 6 . These curves show that the stress relieving has improved the corrosion behavior of the FZ and HAZ (samples B, D and E), but it does not significantly affect on the BM. The corrosion potential differences of the variant zones have been decreased, but, still appreciable difference exists between them. As the molten weld pool cools down through the α/β region, the vanadium content of the β-phase keeps increasing and the martensite start (MS) temperature and martensite finish (Mf) temperature decreases progressively. It has been reported quenching of Ti–6Al–4V alloy from 840 °C results in β-phase with Mf temperature less than 25 °C (). The FZ and HAZ are therefore (as was mentioned before) likely to contain small quantities of retained β-phase. During postweld stress relieving or aging, the material seeks to attain thermodynamic equilibrium and two reactions are known to occur in α–β titanium alloy welds: (1) formation of β from the martensite, which gets impoverished in beta stabilizer elements and approaches to equilibrium α in composition; and (2) precipitation of α in the retained β (). These cause the galvanic effects between the metastable β, martensite, β and primary α to decrease. Though, still there are the galvanic effects between β and primary α. In previous studies, Levy et al. and Peters et al. found galvanic cells operating between α- and β-phases in duplex phase alloys (). They found that in HCl and H2SO4, the critical current density for passivation, i p, increases with α to β ratio in Ti alloy. This implies that the β-phase is more corrosion-resistant in the above environments. A similar situation is expected in this case. In the case of sample C, postweld heat treatment at high temperature in the α–β-phase field has caused α-phase to coarsen considerably both at the grain boundaries and within the grains. Since corrosion is known to be initiated at the α-β interfaces (), the coarsening of α and β plates reduces the interfacial area per unit volume. Furthermore, precipitation of α- and β-phases from the existing phases in the FZ and HAZ lead to increasing homogeneity in α/β interfaces and consequently uniformity in the corrosion potentials (Table 3).",
                                "From Table 3 it can be seen that the heat treatment does not have any appreciable effect in improving the corrosion behavior of the BM. Harold Margolin and Cohen (), while studying the kinetics of grain growth in a Ti alloy with equiaxed α, have shown that higher aging temperatures in the two-phase field, retard the growth of primary α, due to increase in the volume fraction and size of β, which anchor the α boundaries effectively. This means that heat treatment of the BM, even at high temperatures in the two-phase field, cannot alter the morphology of phases. As in this study, heat treatments have been carried out at temperatures below the T β, thus corrosion behavior of the BM has not changed appreciably.",
                                "Table 3 also shows that the corrosion behavior of the different zones of samples D and E is relatively similar. During the welding process, the FZ and adjacent HAZ experience temperature above T β and their prior structures disappear. On the other hand, the corrosion behavior of the BM and adjacent HAZ do not change because the temperatures of these zones have been less than T β during preweld heat treatment and welding. Therefore, preweld heat treatment in α/β field does not alter the corrosion behavior.",
                                "It is well known that when alloying elements (except V and Fe) form an oxide, these oxides will occur as discrete clusters embedded in a titanium matrix (). Hence, if the distribution of the alloying elements in all the phases is uniform, then their oxide clusters will also be uniformly distributed in the matrix, thus a stable passive layer will form. On the other hand, the heat treatment that leads to the non-uniform distribution of the alloying elements in various phases result in unstable passive layer formation. On the other hand, in the case of Ti–6Al–4V, it has been reported in the literature () that the vanadium oxide formed on the surface of Ti–6Al–4V alloy is soluble in aqueous solutions and dissolution of vanadium oxide is further enhanced by presence of Cl− ions in Ringer's solution. Dissolution of vanadium oxide results in the generation and diffusion of vacancies in the oxide layer of Ti–6Al–4V. Hence, vanadium as an alloying element can not contribute to improvement of the surface film on Ti–6Al–4V alloy and non-uniform distribution of this element in different phases induce susceptible regions to corrosion and consequently decreases the corrosion resistance. Thus, the variation in the corrosion behavior of the Ti–6Al–4V alloy weldment samples is attributed to the distribution of the alloying elements and the extent of their oxides formation in different phases."
                            ],
                            "name": "Heat treated specimens",
                            "type": "ce_section"
                        }
                    ],
                    "name": "Electrochemical measurements",
                    "type": "ce_section"
                }
            ],
            "name": "Results and discussion",
            "type": "ce_section"
        },
        {
            "content": [
                {
                    "content": [
                        "Typical fusion zone (FZ), heat affected zone (HAZ), and base metal (BM) microstructures of Ti–6Al–4V alloy in as-welded condition are shown in Fig. 3 . The Ti–6Al–4V alloy weldment shows a narrow FZ about 4 mm wide with a further small HAZ of about 2 mm. The microstructures (Fig. 3a–c) show the variation of microstructures from the FZ toward the HAZ and BM. The FZ microstructure consists of large prior grains, with size as large as 0.57 mm (Fig. 3d) and a discontinuous layer of α (αgb) along the β boundaries (Fig. 4 ). The HAZ and FZ microstructures consist of a mixture of martensitic α′-, β- and α-phases. Further away from the FZ, the fraction of primary α-phase increases due to the lower cooling rate. Furthermore, grain size decreases because these areas have experienced the temperature below T β during welding and heat treatment (Fig. 3b and c).",
                        "Stress relieving and aging heat treatment rapidly age martensite present in the FZ and adjacent HAZ, by a mechanism involving the micro-precipitation of β-phase at sub-boundaries and dislocations (). These precipitations reduce the concentration of β stabilizing alloying elements in the supersaturated martensite until it ultimately approaches to the equilibrium α. Although, evidence of this phenomenon is not apparent in optical micrographs for samples B, D and E, its occurrence is strongly manifested by an increase in hardness in previous aging studies at similar temperatures on Ti–6Al–4V alloy weldment (). Postweld heat treatment at 950 °C slightly coarsens the acicular microstructures of the FZ and adjacent HAZ. Finally, intragranular coarsening during high temperature heat treatment essentially equilibrates the FZ microstructures. Extremely rapid cooling rates during water quenching produce an acicular microstructure consisting of martensitic α′, β, retained β and primary α (). Aging of this microstructure, give rise to precipitation of fine β and can lead to compositional change in α-phase (sample C)."
                    ],
                    "name": "Structural characteristics",
                    "type": "ce_section"
                },
                {
                    "content": [
                        {
                            "content": [
                                "Fig. 5 shows potentiodynamic polarization curves for as-welded specimen. The results of electrochemical tests are summarized in Table 3 . It can be seen that the corrosion potential of the FZ is lower than that of the HAZ and BM, i.e. the FZ and HAZ have higher tendency for corrosion. The corrosion potentials differences between the FZ and HAZ, the HAZ and BM are nearly 50 and 40 mV, respectively. The reason for the alteration of the polarization curves in Fig. 5 is the variation of microstructure of different zones. The mode of microstructure controls size and extent of solute segregation in Ti alloys (). The microstructure of the BM consisted of α matrix with randomly distributed β has been shown to be a desirable structure for improved corrosion resistance (). On the other hand, the existing lamellar microstructure in the FZ and HAZ act as effective galvanic couples leading to higher rate of corrosion. The columnar crystals show a strong preferred orientation as well as solute is accumulated at the boundary grooves of parallel growing grains. When columnar growth is predominated, solute segregation also occur by the impingement of two interfaces growing with growth direction normal to each other (). Solute segregation leads to chemical heterogeneity in columnar-grain welds, which shift their corrosion potentials toward less noble potentials compared to the BM. Corrosion current densities in the passive range are shifted more positive compared to the BM to compensate the dissolution of grain boundaries as a result of much longer columnar grain boundaries than that of the BM."
                            ],
                            "name": "As-welded specimen",
                            "type": "ce_section"
                        },
                        {
                            "content": [
                                "The potentiodynamic polarization curves of heat treated specimens are shown in Fig. 6 . These curves show that the stress relieving has improved the corrosion behavior of the FZ and HAZ (samples B, D and E), but it does not significantly affect on the BM. The corrosion potential differences of the variant zones have been decreased, but, still appreciable difference exists between them. As the molten weld pool cools down through the α/β region, the vanadium content of the β-phase keeps increasing and the martensite start (MS) temperature and martensite finish (Mf) temperature decreases progressively. It has been reported quenching of Ti–6Al–4V alloy from 840 °C results in β-phase with Mf temperature less than 25 °C (). The FZ and HAZ are therefore (as was mentioned before) likely to contain small quantities of retained β-phase. During postweld stress relieving or aging, the material seeks to attain thermodynamic equilibrium and two reactions are known to occur in α–β titanium alloy welds: (1) formation of β from the martensite, which gets impoverished in beta stabilizer elements and approaches to equilibrium α in composition; and (2) precipitation of α in the retained β (). These cause the galvanic effects between the metastable β, martensite, β and primary α to decrease. Though, still there are the galvanic effects between β and primary α. In previous studies, Levy et al. and Peters et al. found galvanic cells operating between α- and β-phases in duplex phase alloys (). They found that in HCl and H2SO4, the critical current density for passivation, i p, increases with α to β ratio in Ti alloy. This implies that the β-phase is more corrosion-resistant in the above environments. A similar situation is expected in this case. In the case of sample C, postweld heat treatment at high temperature in the α–β-phase field has caused α-phase to coarsen considerably both at the grain boundaries and within the grains. Since corrosion is known to be initiated at the α-β interfaces (), the coarsening of α and β plates reduces the interfacial area per unit volume. Furthermore, precipitation of α- and β-phases from the existing phases in the FZ and HAZ lead to increasing homogeneity in α/β interfaces and consequently uniformity in the corrosion potentials (Table 3).",
                                "From Table 3 it can be seen that the heat treatment does not have any appreciable effect in improving the corrosion behavior of the BM. Harold Margolin and Cohen (), while studying the kinetics of grain growth in a Ti alloy with equiaxed α, have shown that higher aging temperatures in the two-phase field, retard the growth of primary α, due to increase in the volume fraction and size of β, which anchor the α boundaries effectively. This means that heat treatment of the BM, even at high temperatures in the two-phase field, cannot alter the morphology of phases. As in this study, heat treatments have been carried out at temperatures below the T β, thus corrosion behavior of the BM has not changed appreciably.",
                                "Table 3 also shows that the corrosion behavior of the different zones of samples D and E is relatively similar. During the welding process, the FZ and adjacent HAZ experience temperature above T β and their prior structures disappear. On the other hand, the corrosion behavior of the BM and adjacent HAZ do not change because the temperatures of these zones have been less than T β during preweld heat treatment and welding. Therefore, preweld heat treatment in α/β field does not alter the corrosion behavior.",
                                "It is well known that when alloying elements (except V and Fe) form an oxide, these oxides will occur as discrete clusters embedded in a titanium matrix (). Hence, if the distribution of the alloying elements in all the phases is uniform, then their oxide clusters will also be uniformly distributed in the matrix, thus a stable passive layer will form. On the other hand, the heat treatment that leads to the non-uniform distribution of the alloying elements in various phases result in unstable passive layer formation. On the other hand, in the case of Ti–6Al–4V, it has been reported in the literature () that the vanadium oxide formed on the surface of Ti–6Al–4V alloy is soluble in aqueous solutions and dissolution of vanadium oxide is further enhanced by presence of Cl− ions in Ringer's solution. Dissolution of vanadium oxide results in the generation and diffusion of vacancies in the oxide layer of Ti–6Al–4V. Hence, vanadium as an alloying element can not contribute to improvement of the surface film on Ti–6Al–4V alloy and non-uniform distribution of this element in different phases induce susceptible regions to corrosion and consequently decreases the corrosion resistance. Thus, the variation in the corrosion behavior of the Ti–6Al–4V alloy weldment samples is attributed to the distribution of the alloying elements and the extent of their oxides formation in different phases."
                            ],
                            "name": "Heat treated specimens",
                            "type": "ce_section"
                        }
                    ],
                    "name": "Electrochemical measurements",
                    "type": "ce_section"
                }
            ],
            "name": "Results and discussion",
            "type": "ce_section"
        }
    ],
    "Title": "Effect of heat treatment on corrosion behavior of Ti–6Al–4V alloy weldments",
    "abstract": "in this study, the effect of preweld and postweld heat treatment on the corrosion behavior of Ti-6Al-4V alloy weldment was investigated. Gas tungsten arc welding (GTAW) was used for butt welding of specimens. In order to study the effects of heat treatment on the weldment microstructure and corrosion properties, a combination of stress relieving, solution treatment and aging were used. Corrosion behavior was determined in Ringer's solution at 37 degrees C using tafel polarization. Microstructure of base metal (BM), fusion zone (FZ) and heat affected zone (HAZ) was studied with optical and scanning electron microscopy (SEM). The results of corrosion tests showed that corrosion behavior of the BM was better than the FZ and HAZ. This phenomenon was attributed to alloying elements heterogeneity due to columnar-grain of the FZ and adjacent HAZ. Postweld heattreatment particularly solution treatment and aging improved the corrosion behavior of the weldments. Furthermore, uniformity in corrosion potentials of different zones was achieved from the solution treatment and aging operation carried out subsequent to welding. This is due to the precipitation ofaphase from the small quantities of retained beta and beta-phase from the martensite, respectively. Heat treatment did not have any significant effect in improving the corrosion behavior of the BM. (c) 2007 Elsevier B.V. All rights reserved."
}