{
    "Sections": [
        {
            "name": "OM Analysis",
            "content": [
                "OM analysis was performed by a light microscope, whose model is 4xC-MS. The prepared sample was put into 5 mL HF + 15mL HNO3 + 80 mL H2O corrosive solution for 10–30 s corrosion. After corrosion, the sample was cleaned and blow-dried, and put into the instrument for composition and tissue observation. The D8-ADVANCE X-ray diffractometer is used for XRD analysis, and the parameters are shown in Table 2. The diffraction peaks were analyzed to determine the composition of the sample. At the same time, JEOLJSM-7001F scanning electron microscope(SEM) was used to observe the surface and fracture of the sample, and analyze the changes of its morphology and composition."
            ]
        },
        {
            "name": "Oxygen Potential Reaction and Oxygen\nPotential Map Analysis",
            "content": [
                "The oxygen potential diagram of these five elements at 0–1500°C is shown in Fig. 2, where the ordinate represents the change of standard Gibbs free energy (kcal) when one mole of oxygen is combined, and the abscissa represents temperature (°C). Then each meaning of a line is ΔGθ = A+ BT, and when the slope is positive, it means that the oxide is more stable as the temperature increases. It can be seen from the figure that the above oxidation reactions can all proceed spontaneously. As the temperature increases, the oxides become more stable. Whether oxidation is easy to occur can be determined according to the absolute value of the Gibbs free energy corresponding to a certain temperature. At 800°C, the oxidation reaction of Zr and Al is easier to carry out, followed by other elements, so the oxidation reaction of the above elements is difficult. The degree of ease is: Zr > Al > Ti > V > Cr > Mo. Among them, Al2O3 is the most important oxidation product, and its main form is to form a dense oxide film covering the surface of the material exposed to the air."
            ]
        },
        {
            "name": "Phase Composition and Microstructure\nAnalysis of Oxides",
            "content": [
                "3.3.1. Phase and microstructure analysis of oxide layer. The surface phase composition of the alloy after oxidation at 800°C for 50 h is shown in Fig. 5. It can be seen from the figure that the diffraction peaks of the six compounds are consistent, the main diffraction peak is rutile TiO2 phase (ICDD PDF 53-0619), and the secondary diffraction peaks. The peak is dominated by Al2O3 (ICDD PDF 50-1496). At the same time, under the weak diffraction peak, the same species may correspond to multiple species, which indicates that in the presence of the primary compound, the secondary compounds are more likely to coexist. The longitudinal comparison shows that the higher the main diffraction peak is, the better the oxidation resistance of the materials is. This is because TiO2 and Al2O3 form a denser oxide film on the surface, which reduces the rate of oxidation reaction. The TiO2 film has excellent passivation performance, lacks interconnected pores inside, and the dislocation degree increases with the oxidation process. The Al2O3 film has high temperature resistance, good thermal stability and good adsorption. These two oxide films cover the surface of the material and have excellent anti-oxidation effects. At the same time, the oxide layer also contains oxides such as ZrO2, V2O3, Cr2O3, MoO3, etc. These oxides have low peaks and are uniformly distributed in the oxide layer. ZrO2 has good high temperature resistance and is a white monoclinic crystal. Cr2O3 is a light green small hexagonal crystal, and V2O3 is a gray-black oblique crystal. Therefore, a small amount of microstructure with color distribution can be found in the macroscopic morphology. MoO3 is yellow at high temperature, which melts or sublimates when the temperature is 795°C, and recovers when it is cold. Therefore, this oxide may also form a layer of liquid metal filled with pores and organize the entry of oxygen atoms. The peaks of Y4 and Y6 are the highest, indicating that the oxide film is uniform and dense. The oxide layer grows slowly, and each oxide can be detected. The peaks of Y3 and Y5 are centered, which may be related to the speed of oxygen atoms entering at the beginning. The faster the oxygen atoms enter, the more internal defects will be at the same time. And the microscopic holes and cracks will have a weakened effect on the formation of the oxide film. However, the main peaks of Y1 and Y2 samples weakened and the secondary peaks disappeared. This is because the pore crack propagation speed is greater than the oxide film formation speed, the material as a whole is destroyed. The oxygen atoms enter from the cracks, the inside of the material and the surface are oxidized at the same time. The outer layer appears serious flaking.",
                "Figure 6 is the SEM image of the alloy after being oxidized at 800°C for 50 h. Table 5 shows the EDS composition analysis of the corresponding tissues. According to the EDS composition analysis, we can know the oxides corresponding to different morphologies of the surface oxides. We can see from Figs. 6a and 6b that TiO2 and Al2O3 coexist on the surface of the sample, the surface of the alloy without ECAP has obvious crack defects, and the fractured oxide layer is deeper and deep into the matrix. From Figs. 6b–61 it can be seen that a new cluster needle-like Al2O3 structure is formed at the fracture of the oxide layer. One is that there are still some residual Al elements on the surface of the formed oxide layer, which are not fully oxidized in the compound, the other is that the inner Al element diffuses outward through loose channels to the outside with lower concentration. And oxygen atom continues to grow into finer new Al2O3 with the rapid deepening of oxygen atoms. The oxides on the surface of the sample are relatively coarse in size and have many gaps. With the increase of oxidation time, the thermal expansion coefficient of the loose surface structure and the matrix is different, and it falls off under the action of tensile stress. Although the surfaces of Figs. 6c and 6e are relatively flat, there is a tendency for cracks and fractures. At the same time, the denser the distribution of needle-like Al2O3 on the surface, it indicates the intrusion rate of surface oxygen atoms and the degree of outward diffusion of Al elements larger. Figures 6d and 6f are the best in terms of anti-oxidation. It can be seen from the figures that the oxides on the surface are relatively dense and have a sense of accumulation. It plays the role of covering, and at the same time, the oxide is denser in the deeper place, which has the effect of filling and hindering oxidation. At this time, the ratio of Ti and Al is 1:1.5, which means that the oxide layer is formed by mixing two different oxide layers with each other through layered accumulation and agglomeration, so that the connectivity between the various structures is good. And it is not easy to form fractures, uniform and dense oxide layer.",
                "3.3.2. Analysis of the structure and formation of the oxidation section.Figure 7 shows the microstructure and EDS line scan analysis of the oxide layer after oxidation at 800°C for 50 h. According to EDS, we can analyze the specific distribution of each element in the oxidation cross-section. It can be seen from the figure that the oxidation section is mainly composed of three parts, which are the inner alloy area, the middle layer oxidation area, and the outer layer peeling area. The alloy area is dominated by Ti element, with a small amount of Al element, which is not oxidized. The content of Ti in the oxidation zone decreased, and the elements of Al and O increased. The main components of this part were co-produced TiO2 and Al2O3. The exfoliation is dominated by Al and O elements. Other alloying elements gradually decrease from the inside to the outside without obvious fluctuations, this is because the amount of oxygen atoms infiltrating inward is less and the Gibbs free energy of these elements is larger, but the small amount of compounds formed should also play some anti-oxidation effect. The thicknesses of the oxide layers corresponding to Y1, Y2, Y3, Y4, Y5, and Y6 are about 400, 650, 390, 250, 300, and 255 μm, respectively. It can be seen from Fig. 7a that the oxide layer of Y1 has more holes and the contact surface defects between the alloy and the oxide layer are larger. The oxide layer of Fig. 7b is thicker, and the outer side is completely oxidized TiO2, mainly with Al2O3. The inner oxide layer has regular pores, and these channels facilitate the diffusion of oxygen atoms. In Figs. 7c and 7e, the boundary line of the oxide layer is relatively clear, and it can be seen that the loose pores are significantly reduced at the boundary, but there is still a tendency of cracking and spalling on the outside. Figures 7d and 7f have the smallest thickness of the oxide layer and the best anti-oxidation performance. It can be seen that the boundary line of the oxide layer is black and the stripes are dense and continuous. The oxide layer and the material as a whole are well combined. It disappears when it is close to the joint surface, there is no loose pores, and the outer appearance remains intact. The cross-sectional analysis is consistent with the EDS results and the macroscopic antioxidant performance results."
            ]
        },
        {
            "name": "Analysis of Oxidation Mechanism",
            "content": [
                "According to the Gibbs free energy shown in Fig. 3, the Gibbs free energy of TiO2 is greater than that of Al2O3. Since Ti is the main element, a small amount of TiO2 will be preferentially generated on the surface, and then the adjacent substrate will be rich in Al and depleted in the outside . Ti, in the material, is mainly produced by the reaction of Al and O to produce Al2O3 on the surface, which shows that the first formed Al2O3 oxide film reduces the diffusion of oxygen atoms, and this process lasts for about 10h. With the occurrence of oxidation, the oxide film on the surface layer continues to thicken. At this time, the concentration difference between the Al element and the inside of the material gradually appears, and the inner Al begins to dissociate to the outer layer along the concentration gradient . At this time, the outermost layer has been completely oxidized. The oxidation process is carried out together with the Ti element in the middle of the oxide layer. As time and the thickness of the oxide layer continue to increase, the oxidized structure in the middle also moves to the outside. Therefore, it can be seen from the EDS line scan that the Al element near the outer peeling area The peak value is higher, and there are multiple Al2O3-rich regions. This process lasts for about 25 h. With the further deepening of the oxide layer, since the content of Al element in the material is much lower than that of Ti element, the diffusion rate of the inner Al to the outer layer slows down, and the diffusion of Ti and the infiltration of O are the main factors. The main oxidation product is TiO2, so the inner oxide layer is rich in Ti and poor in Al. The Ti element is also freed outward under the guidance of the concentration gradient, and the TiO2 generated at the same time continues to extend outward, forming an oxide layer with both TiO2 and Al2O3 on the macroscopic scale . This process continued until the end of the test. Under the action of these two oxide layers, a uniform and dense protective layer was formed on the material. The thicker the oxide layer, the less oxygen atoms entered until the oxidation reaction could hardly be carried out. The material has a certain antioxidant capacity. Due to the small initial content of Mo, V, Cr, and Zr alloy elements, and the large Gibbs free energy, the diffusion rate is slow, so the generated oxides can fill the pores and reduce the penetration rate of oxygen atoms, but the concentration is difficult to achieve. A clear diffusion gradient appears, and the corresponding oxides are uniformly distributed in the oxide layer. Among them, the rare earth element Zr can refine the oxide by promoting the nucleation of the oxide, thereby hindering the diffusion of oxygen, and the mutual solubility zone containing Cr can also promote and protect the formation of Al2O3, so there will be a few peaks in XRD.",
                "According to the oxidation kinetics curve, the oxidation resistance of the solution-ECAP-aged samples is significantly better than that of the other samples. According to the SEM, it can be seen that there is no defect in the junction of solution-ECAP-aging, which is because the pores in the original sample are squeezed during the ECAP shearing process, and the grains after solution are refined at the same time. It can retain more dislocations and smaller grain size during the aging process, which all reduce the inward diffusion rate of the oxide layer. The grains of the samples that have passed ECAP first will grow again during the solid solution process, which reduces the refining effect of ECAP. Therefore, the overall anti-oxidation performance is better than that of the samples without ECAP."
            ]
        }
    ],
    "abstract": "In this paper, Ti-5.4Al-4.1Mo-5V-3Cr-1Zr was studied by the secondary processing method of equal channel angular extrusion and heat treatment. Different heat treatment processes were adopted, including 820/880 degrees C solution-580 degrees C aging, 820/880 degrees C solution-ECAP-580 degrees Caging, ECAP-820/880 degrees C solid solution -580 degrees C aging. The oxidation characteristics of thealloy were evaluated by scanning electron microscopy (SEM), optical microscopy (OM) and X-ray diffraction (XRD). The overall anti-oxidation performance is solid solution-ECAP-aging > ECAP-solid solution-aging > solid solution-aging."
}