{
    "Sections": [
        {
            "name": "The microstructure characterization",
            "content": [
                "The micrographs of the two materials before loading are shown in Fig. 1(a) and (b). The grains of the two materials are equiaxed and contain some annealing twins. The straight lines and other lines represent twin boundaries and general high-angle boundaries, respectively. The grain sizes of the two kinds of materials were measured using the linear intercept method by Nano Measurer software. The specific operation is as follows: firstly, a line segment with a certain length (300 μm) is given, and then the number of grains crossed by the line segment is counted. In the statistical process, the general large-angle grain boundary and twin boundary are treated equally. The grain size is obtained by dividing the line segment length by the number of grains, and many positions are measured. Finally, the average grain size is calculated. The average grain sizes of copper and Cu–30% Zn alloy are, respectively, 40.2 ± 2.2 and 39.0 ± 2.3 μm, which implies that the grain sizes are similar."
            ]
        },
        {
            "name": "Discussion",
            "content": [
                "It is known from Table 1 that when the strain rate increases from γ˙ = 5.0 × 104 to 6.0 × 104 s−1, the flow stresses of Cu–30% Zn alloy decrease by 61 and 67 MPa, respectively, at the strain of 0.75 and 1.0, while those of pure copper increase by 90 and 30 MPa, respectively. The flow stress of Cu–30% Zn alloy decreases with the increase of strain rate, which showing a negative strain rate hardening effect, while pure copper presents a positive strain rate hardening effect. So the strain rate hardening effect of pure copper is higher than that of Cu–30% Zn alloy. In general, face-centered cubic metals have a positive strain rate hardening effect; however, Cu–30% Zn alloy shows a negative strain rate hardening effect in this test, due to the dynamic strain aging. Dynamic strain aging refers to that solute atoms and dislocations interact to strengthen the material in the process of deformation. The serrated curve in the stress–strain curve and the low or negative strain rate hardening effect of the material are macroscopic manifestations of dynamic strain aging. Although it is observed from Fig. 4 that the stress–strain curves of Cu–30% Zn alloy and pure copper contain partially serrated curves, for pure copper, it is caused by data fluctuation; for Cu–30% Zn alloy, the serrated curve is caused by data fluctuation and dynamic strain aging considering the negative strain rate hardening effect of Cu–30% Zn alloy. According to the Qian-Xiao-Li model , for the alloy with substitutional solid solution, two conditions need to be met for the serrated yield, i.e., for dynamic strain aging to occur. The first condition is that the solute atoms can rapidly migrate and form enough strong atom atmospheres around the dislocation. The second condition is that the migration rate of dislocation is much higher than that of the atom atmosphere under the dislocation stress field. In this experiment, the dislocation has a high movement rate under a high strain rate, which is beneficial to meet the second condition. In the process of adiabatic shearing deformation under a high strain rate, the heat from the transformation of deformation work causes the internal temperature of the material to rise and increases the diffusion rate of solute atoms, which is conducive to the rapid diffusion of solute atoms to the vicinity of the dislocation and form atom atmospheres, that is, it is conducive to meet the first condition. It can be seen that Cu–30% Zn alloy has the condition to happen dynamic strain aging during the adiabatic shearing process. The flow stress of Cu–30% Zn alloy can be divided into two independent parts , including the stress independent of dynamic strain aging and the stress related to dynamic strain aging. For the latter, according to McCormick's theory , the dislocation movement is discontinuous during deformation, and the dislocation will be temporarily blocked in front of the obstacle during the movement, waiting for thermal activation to overcome the obstacle, and then moving to the next obstacle. During the waiting time, the zinc solute atoms in Cu–30% Zn alloy will gather in the vicinity of dislocation, form atom atmospheres, and pin dislocations, leading to needing large external forces to get rid of the bondage, namely the flow stress increases. While with the increase of strain rate, the movement rate of dislocations increases , and the waiting time shortens, so the number of solute atoms and atom atmospheres also decreases, and the corresponding flow stress decreases, that is, the flow stress related to dynamic strain aging in Cu–30% Zn alloy decreases with the increase of strain rate. For the former, it still follows the normal strain rate hardening effect, that is, the flow stress increases with the increase of the strain rate. Qin et al.  studied the reason for the positive strain rate hardening effect of materials by analyzing Orwan’s formula and the dynamic relationship of dislocation motion. They found that the high strain rate requires the high movement rate of dislocations in materials, and the high movement of dislocations rate requires large flow stress, which leads to a positive strain rate hardening effect. Moreover, due to the adiabatic temperature rising of Cu–30% Zn alloy during deformation and the strain rate sensitivity of the material decreases with the increase of temperature , the increased range of flow stress independent of dynamic strain aging will decreases. When the change of flow stress related to dynamic strain aging is larger than flow stress independent of dynamic strain aging, the total flow stress will decrease with the increase of strain rate. That is, Cu–30% Zn alloy shows a negative strain rate hardening effect.",
                "The slope of each point’s tangent line on the true stress–true strain curves represents the strain hardening rate of the material in the process of deformation and represents the change range of flow stress under the unit strain. The corresponding strain hardening rate-true strain curves are obtained using Origin software to process the curves in Fig. 4. As shown in Fig. 4, the corresponding curves of the two kinds of materials have the same development trend under different strain rates: decline-small fluctuation level development-decline. The corresponding curves of pure copper and Cu–30% Zn alloy have no obvious difference under loading strain rate of 5.0 × 104 s−1, indicating that the strain hardening rates are similar. Strain hardening refers to that the material’s flow stress increases with the increase of strain. The similar strain hardening rate indicates that the two kinds of materials have a similar strain hardening effect. There is no obvious difference between the strain hardening rate of pure copper and Cu–30% Zn alloy at the beginning stage under a loading strain rate of 6.0 × 104 s−1. However, when the true strain exceeds 0.7 [the blue arrow and the blue ellipse mark in Fig. 4(b)], the strain hardening rate of Cu–30% Zn alloy increases and is slightly higher than that of pure copper, indicating that Cu–30% Zn alloy has a slightly higher strain hardening effect under this strain rate.",
                "It is known from Fig. 4 that Cu–30% Zn alloy and pure copper have a similar strain hardening rate under the loading strain rate of 5.0 × 104 s−1, which means they have a similar strain hardening effect; when strain exceeds 0.7, Cu–30% Zn alloy has a slightly higher strain hardening rate than pure copper under the loading strain rate of 6.0 × 104 s−1; that is, Cu–30% Zn alloy has a slightly higher strain hardening effect than pure copper. The difference between strain hardening effect of Cu–30% Zn alloy and pure copper changes with the increase of strain rate mainly due to the deformation twin. Compared with the common grain boundary, the blocking effect of the twin boundary on dislocation is stronger. There were many studies on the influence of twins on the strain hardening rate of materials. Salem et al.  has found that deformation twins will increase the strain hardening rate of α pure titanium. Hamdi and Asgari  compared the strain hardening of materials with low stacking fault energy and materials with high stacking fault energy. And it is found that the materials with low stacking fault energy are more likely to twin during deformation, and the strain hardening rate will stop decreasing and maintain stable development; The lower the stacking fault energy is, the easier it is to twin. With the increase of strain rate, the increase of twinning probability of Cu–30% Zn alloy with low stacking fault energy will be higher than that of pure copper with high stacking fault energy. The increase of twinning boundary content will also be higher than that of pure copper, which will lead to the increase of strain hardening rate of Cu–30% Zn alloy is higher than that of pure copper. When the strain rate is 5.0 × 104 s−1, there are little deformation twin resulting in the strain hardening rate and the strain hardening effect of Cu–30% Zn alloy is similar to those of pure copper; when the strain rate is 6.0 × 104 s−1, the twin’s content of the Cu–30% Zn alloy increases more during deformation, which makes the strain hardening rate and strain hardening effect of Cu–30% Zn alloy slightly higher than that of pure copper.",
                "As shown in Fig. 5 and Table 3, the adiabatic temperature rise of Cu–30% Zn alloy is greater than that of pure copper under different strain rates. This is because the flow stress of Cu–30% Zn alloy is higher than that of pure copper due to solution strengthening; therefore, more deformation work, heat, and higher adiabatic temperature rise can be generated during the deformation. In addition, thermal isolation is an approximate assumption, there is more or less certain thermal diffusion during deformation, and the thermal conductivity of Cu–30% Zn alloy and pure copper are 290 and 388–391 W/(m K)−1 , indicating that the thermal conductivity of Cu–30% Zn alloy is lower than that of pure copper, so the heat in the deformation region will be more concentrated and the temperature will be higher. The heat softening effect of Cu–30% Zn alloy is higher than that of pure copper due to its high deformation work and low thermal conductivity. Comparing the change of flow stress and adiabatic temperature rise with strain rate in Tables 1 and 3, the flow stress and adiabatic temperature rise have the same trend. As the flow stress of Cu–30% Zn alloy decreases with the increase of strain rate, the corresponding deformation work, converted heat, and adiabatic temperature rise will also decrease, which means the thermal softening effect will also decrease with the increase of strain rate; while the flow stress of pure copper increases with the increase of strain rate, the corresponding deformation work, converted heat, and adiabatic temperature rise will also increase, meaning the thermal softening effect will increase with the increase of strain rate. So the gap between the thermal softening effects of the two kinds of materials decreases with the increase of strain rate.",
                "In conclusion, the difference of adiabatic shear susceptibility and three kinds of effects between pure copper and Cu–30% Zn alloy with different stacking fault energy changed with the increase of strain rate. Cu–30% Zn alloy has a similar strain hardening effect, lower strain rate hardening effect, and higher thermal softening effect compared with pure copper at the strain rate of 5.0 × 104 s−1, which together leads to that Cu–30% Zn alloy with high stacking fault energy is more prone to adiabatic shear, that is, the adiabatic shear susceptibility of Cu–30% Zn alloy is higher than that of pure copper. When strain rate increases to 6.0 × 104 s−1, though strain hardening effect of Cu–30% Zn alloy is slightly higher than that of pure copper, Cu–30% Zn alloy shows negative strain rate hardening effect due to dynamic strain aging, resulting in the decrease of thermal softening effect of Cu–30% Zn alloy with the increase of strain rate. In contrast, the thermal softening effect of pure copper increases with the increase of strain rate, which makes the gap between the thermal softening effect of the two kinds of materials decrease. These changes lead to the adiabatic shear susceptibility of Cu–30% Zn alloy lower than that of pure copper."
            ]
        }
    ],
    "abstract": "The difference in adiabatic shear susceptibility between pure copper and Cu-30% Zn alloy with similar grain size was investigated. The results show that the Cu-30% Zn alloy has a similar strain hardening, lower strain rate hardening, and higher thermal softening than pure copper at the strain rate of 5.0 x 10(4) s(-1), which together lead to a higher adiabatic shear susceptibility. However, the flow stress of Cu-30% Zn alloy decreases when the strain rate is increased to 6.0 x 10(4) s(-1), showing a negative strain rate hardening effect because of dynamic strain aging. The reason why dynamic strain aging occurred is adiabatic temperature rise promotes the rapid diffusion of solute atoms around the dislocation to form atom atmosphere and pin dislocations, and the high strain rate causes the movement rate of dislocations to be higher than that of atom atmosphere under the action of the dislocation stress field."
}