{
    "DOI": "10.1016/S1359-6454(02)00096-4",
    "Journal": "Acta Materialia",
    "Keywords": [
        "Bulk modulus",
        "Shear modulus",
        "Multicomponent alloys"
    ],
    "Sections": [
        {
            "content": [
                "To model and to analyze the effect of solutes on the shear modulus of α- and γ-Fe, it is necessary to know the bulk and shear moduli of the host lattice, and also the effect of solute on the lattice parameter of the host lattice. Furthermore, to model the temperature dependence of shear modulus of alloys it is necessary to know the temperature dependence of shear modulus of the host lattice. Therefore, at first we will discuss the bulk and shear moduli of α- and γ-Fe.",
                {
                    "content": [
                        "The single crystal elastic constants, C 11, C 12 and C 44, of α-Fe in the temperature range of 4.2 to 1173K have been reported . These may be used to demonstrate the temperature dependence of bulk modulus B[=(C 11+2C 12)/3]. A selected values of the experimental single crystal elastic constants along with those predicted by electronic-level calculations are listed in Table 1 . A large scatter among the electronic-level predicted values may be noted. Nonetheless, the prediction of Esterling and Swaroop is closest to the experimental data.",
                        "Fig. 1 shows the temperature dependence of B of α-Fe in the magnetic and non-magnetic regions. The temperature dependence of B is expressed as Bα-Fe=17.1871−0.28029TTC2+0.07221TTC3×1010N/m2,forT<TC Bα-Fe=17.7641−0.23234TTC×1010N/m2,forT>TC where T C is the Curie temperature of α-Fe (=1043K). In the magnetic region, the data of Rayne and Chandrasekhar and Dever agree very well while those of Leese and Lord are systematically lower, thus they were not considered. The non-linear behavior in the magnetic region is obvious, and due to the availability of data within a narrow temperature range a linear temperature dependence is assumed in the non-magnetic region. Using eq. (5a), we find that B α-Fe at 298K is 16.823×1010 N/m2 which agrees favorably with the measured value of 16.6×1010 N/m2 by Speich et al. , but the latter is about 1.2% less than the former.",
                        "Fig. 2 shows the temperature dependence of μ of α-Fe in the magnetic and non-magnetic regions. Hershey’s formula (Eq. (4)) was used to derive μ from the single crystal elastic constants. The temperature dependence of μ is expressed as μα-Fe=8.6911−0.48797TTC2+0.12651TTC3×1010N/m2,forT<TC μα-Fe=10.2961−0.48153TTC×1010N/m2,forT>TC. Due to substantial scatter, the data of Leese and Lord were not considered. The non-linear behavior of B and μ in the magnetic region is related to the temperature dependence of spin ordering . Speich et al. measured the μ of polycrystalline α-Fe in the temperature range of 77–473K, and these are shown in Fig. 2. As seen, the shear modulus of polycrystalline α-Fe is systematically lower than those derived from the single crystal data. Nonetheless, the temperature dependence is essentially the same. Accordingly, the μ of polycrystalline α-Fe is expressed as μα-Fe=8.4071−0.48797TTC2+0.12651TTC3×1010N/m2,forT<TC.",
                        "Using eq. (6a), we get μα-Fe at 0 and 298K as 8.691×1010 and 8.37×1010 N/m2, respectively. On the other hand, using eq. (7) we get μ α-Fe at 0 and 298K as 8.407×1010 and 8.097×1010 N/m2, respectively. In other words, the μ α-Fe measured using polycrystalline samples is about 5% less than those derived from the single crystal data. This trend is similar to that of B α-Fe mentioned earlier. This may be related to the modulus defect in the presence of grain boundaries and other lattice imperfections."
                    ],
                    "name": "The temperature dependence of bulk and isotropic shear moduli of α-Fe",
                    "type": "ce_section"
                },
                {
                    "content": [
                        "Unlike α-Fe, the experimental elastic constant data of γ-Fe is very limited. Zaretsky and Stasis carried out inelastic neutron scattering experiments using a single crystal of Fe at 1428K and obtained the phonon dispersion curves. Several researchers fitted their data using various potentials to obtain C 11, C 12 and C 44 of γ-Fe at 1428K. These results are summarized in Table 2 . Zaretsky and Stasis obtained the elastic constants from a six-shell Born–von Karman fit to phonon frequency data. Singh calculated the shear elastic constants by fitting the phonon dispersion curves using a two-parameter Heine–Abarenkov pseudopotential. Gao et al. also fitted the phonon dispersion data using an empirical many-body potential energy function and obtained the shear elastic constants. Fox and Jansen carried out first-principles calculations of electronic structure of γ-Fe using density functional theory. They predict rather high values of C 11 and C 44.",
                        "Due to phase stability reasons, there is no measured data for the bulk modulus of paramagnetic γ-Fe (B γ-Fe) at 298K. The B γ-Fe values derived from the single crystal data are listed in Table 2. Besides Fox and Jansen , Krasko and Olson also predicted the bulk modulus of γ-Fe at absolute zero based on first-principles calculations. Their values are 31.22×1010 and 23.17×1010 N/m2 for paramagnetic and ferromagnetic γ-Fe, respectively, which lie in between the predicted value of 26×1010 N/m2 by Fox and Jansen . Comparing the bulk modulus at 1428K and our measurement of bulk modulus of a prototype austenitic stainless steel at 298K (as will be discussed later), we believe that the first-principles predictions of B γ-Fe are too high, and certainly much higher than B α-Fe. Nonetheless, it is important to point out that the same first-principles calculations predict a correct value of B α-Fe.",
                        "As demonstrated in Figs 1 and 2, the temperature dependence of bulk modulus is weaker compared to the shear modulus. It is expected that B γ-Fe will not be very different from B α-Fe. For example, using eq. (5b) the predicted B α-Fe at 1428K as 12.11×1010 N/m2 which is not significantly different from experimental B γ-Fe at 1428 K of 14.727×1010 N/m2 (see Table 2). Combination of first-principles calculations at absolute zero and the experimental data at 1428K imply that B γ-Fe decreases by a factor of about two, which is very unlikely. It is also unlikely that such a drastic decrease in B γ-Fe can be achieved by alloying. As a better estimate of B γ-Fe at 298 K, we seek an empirical correlation. Fig. 3 shows a correlation between the bulk modulus of fcc metals at 298K and their melting points. However, two elements Ca and Sr were not considered. All relevant data are taken from Ref. . A polynomial (of degree two) fit of these data gives B γ-Fe at 298K as 20.4×1010 N/m2, where the melting point of γ-Fe (metastable) is calculated using the Sgte (Scientific Group Thermodata Europe) database in conjunction with the Thermo-Calc software system . It turns out that the metastable melting point of γ-Fe (1800.8K) is not very different from the stable melting point (1809K) of Fe. The estimated value of B γ-Fe at 298K is reasonably close to our measured bulk modulus of 15.145×1010 N/m2 at 298K for a paramagnetic austenitic stainless steel.",
                        "The isotropic shear modulus of paramagnetic γ-Fe (μ γ-Fe) was derived from the single crystal elastic constants using Hershey’s formula [eq. (4)]. As seen in Table 2, μ γ-Fe at 1428K derived from the data of various authors differ by about 33%. The Cijs predicted by Fox and Jansen yield an unusually large value of μ at absolute zero despite the fact that they claimed to have obtained the correct lattice parameter and magnetic moment. Fig. 4 shows our assessment of the temperature dependence of μ γ-Fe. At 1428K, we take μ γ-Fe based on the Cijs reported by Gao et al. . The data at 273, 473, and 673K are obtained by linear extrapolation of shear modulus of paramagnetic fcc Fe–Ni alloys to pure Fe. Then, we describe the temperature dependence of μ γ-Fe as μγ-Fe=9.26481−7.9921×10−7T2+3.3171×10−10T3×1010N/m2. The form of Eq. (8) chosen, though empirical, is such that μ γ-Fe versus T should approach 0K with zero slope. Even in the absence of spin ordering, the temperature dependence of μ is expected to be non-linear due to anharmonicity of lattice vibrations. Above about T=θ D/3 (where θ D is the Debye temperature), one would expect the purely harmonic lattice vibration theory to fail. Eq. (8) gives μ γ-Fe at 0 and 298K as 9.2648×1010 and 8.6823×1010 N/m2, respectively."
                    ],
                    "name": "The bulk and isotropic shear moduli of paramagnetic γ-Fe",
                    "type": "ce_section"
                }
            ],
            "name": "The elastic properties of α- and γ-Fe",
            "type": "ce_section"
        },
        {
            "content": [
                "Knowing (dμ/dx)Total for the relevant alloying elements in α-Fe, we propose the following relation incorporating the linear superposition effect of the alloying elements: μ(α-Fe)=8.407+∑xjdμdxjTotal1−0.48797TTC2+0.12651TTC3×1010N/m2,forT<TC. We will test the validity of eq. (14) along with the shear modulus of lath martensitic microstructure in multicomponent systems."
            ],
            "name": "Ferritic microstructure",
            "type": "ce_section"
        },
        {
            "content": [
                "To test the validity of eq. (14), Fig. 11 shows the comparison of the experimental and calculated μ of multicomponent allong lath martensitic microstructures (α’-Fe). It clearly shows that there is a systematic shift of the calculated values (open symbols), and a good agreement can be obtained if all data are shifted by a constant amount (closed symbols). To account for this systematic deviation, we propose the following relation to express the shear modulus of multicomponent solid solutions with a lath martensitic microstructure μ(α'-Fe)=8.068+∑xjdμdxjTotal1−0.48797TTC2+0.12651TTC3×1010N/m2,forT<TC where the constant term is the shear modulus of hypothetical pure α-Fe at 0K having a lath martensitic substructure, i.e. a very high density of dislocations. This represents a decrease in shear modulus by about 5% at absolute zero compared to the value for annealed α-Fe. It is well known that plastic deformation decreases the shear modulus. Various models have been proposed to account for this phenomenon. Mott used a vibrating string model to calculate the reduction in shear modulus due to the bowing out of dislocation segments in a network in phase with an applied oscillatory stress. Later, Granato and Lücke modeled the dislocation damping using a dielectric theory with dislocation displacement taking the place of charge displacement. Both theories predict that the decrease in shear modulus is proportional to the dislocation density. Fig. 12 is the bright-field transmission electron micrograph showing a typical dislocationture in lath martensite. Therefore, our interpretation of decrease in shear modulus caused by lath martensitic microstructure, compared to that of annealed α-Fe, is consistent with the existing theories. The composition dependent T C for lath martensitic alloys was assumed to be the same as ferrite, and they were calculated using the kmart database .",
                "Garofalo et al. measured the shear modulus of several multicomponent ferritic alloys, including stainless steels. These alloys were solution treated followed by furnace cooling. To ascertain the composition of ferrite, it was assumed that carbide precipitation took place during furnace cooling. In predicting the shear modulus, the ferrite composition was here taken to be that obtained from the calculated phase equilibria using the Ssol database of the Thermo-Calc software . These calculations were performed allowing the austenite, ferrite, cementite, M2C, M3C2, V3C2 , M5C2, M6C, M7C2 , M23C6, sigma and laves phases to exist. The composition of ferrite along with the composition dependent T C are listed in Table 7 .",
                "Fig. 13 shows the comparison of the experimental and calculated shear modulus of ferritic ) and lath martensitic [eq. (15)] microstructures, using the dislocation substructure adjustment. It is encouraging to note that, except for two data for ferritic stainless steels, the calculated and experimental values agree within ±3%. Considering the uncertainty of the ferrite composition (due to furnace cooling) and the multi-phase nature (up to 3% carbide) the agreement in Fig. 13 should be considered very good.",
                "Assuming that the temperature dependence of the shear modulus of multicomponent alloys is the same as that of α-Fe, we have calculated μ(T) of several alloys with ferritic microstructure. Fig. 14 shows the μ(T) of two ferritic stainless steels containing 0.95 and 12 at% Cr where two measured data points at each temperature demonstrate the extent of experimental scatter. Once again, there is some uncertainty in the calculation of the actual composition of ferrite due to the presence of alloy carbides, such as M6C, M23C6 etc. It is seen that the predicted shear modulus agrees very well up to about 800K. At higher temperatures it is possible to have precipitation reactions during the measurement of the shear modulus which will also contribute to the scatter of the experimental data."
            ],
            "name": "Lath martensitic microstructure",
            "type": "ce_section"
        },
        {
            "content": [
                "For the multicomponent fcc solid solutions, we propose the following relation incorporating the linear superposition effect of the alloying elements: μ(γ-Fe)=9.2648+∑xjdμdxjTotal1−7.9921×10−7T2+3.317×10−10T3 where the constant term is the shear modulus of paramagnetic γ-Fe at 0K. Fig. 15 compares the experimental and calculated values of shear modulus of ternary and multicomponent alloys at 298K. Here, the predicted shear modulus agrees within ±5% of the experimental value. It should be noted that some of these alloys are highly concentrated containing up to 40 at% solute where non-linear behavior may ensue.",
                "Fig. 16(a) and (b) show the comparison between the calculated shear modulus, using eq. (16), of Fe-1.212 at% C-23.95 at% Ni and Fe-16.02 at% Cr-11.07 at% Ni and multicomponent alloys and the experimental data at relatively low temperature. In both Fig. 16(a) and (b), the calculated shear modulus agrees within 2%. Furthermore, at 298K the gradual decreasing trend of predicted shear modulus from alloy1 to alloy3 is consistent with the experimental data. Fig. 16(c) shows the comparison between the calculated shear modulus, using Eq. (16), of austenitic stainless steel 347 and the experimental data at high temperatures. Like the ferritic stainless steels in Fig. 14, the agreement is fairly good up to about 800K."
            ],
            "name": "Austenitic microstructure",
            "type": "ce_section"
        }
    ],
    "Title": "The isotropic shear modulus of multicomponent Fe-base solid solutions",
    "abstract": "A critical analysis of the available experimental data for the effect of alloying elements on the isotropic shear modulus of bcc (body-centered cube) Fe-X (X=Al, Be, C, Co, Cr, Ge, Ir, Mn, Ni, Pt, Re, Rh, Ru, Si and V) solid solutions is carried out. The total effect of a solute on the shear modulus is decomposed into two contributions: the electronic (or chemical) and the volumetric. A systematic trend of the electronic contribution is demonstrated as a function of electron-to-atom (e/a) ratio and the ground-state electronic configuration of the solute atom. Based on the demonstrated trend, we predict the chemical contribution of the shear modulus of Cu, Mo, N, Nb. Ti and W in ferromagnetic alpha-Fe (bcc), and that of Ti and V in paramagnetic gamma-Fe [face-centered cube (fcc)]. These along with the corresponding volumetric contributions enable us to predict the total effect of a solute on the shear modulus in alpha-Fe and gamma-Fe. In the case of gamma-Fe, we derive the chemical and volumetric contributions of Ni and Pt from the experimental shear modulus data of paramagnetic Fe-Ni and Fe-Pt alloys while those of C, Co, Cr, Mn. Mo, N and Si are derived front the shear modulus of paramagnetic Fe-Ni-X alloys. In the case of Al. Be, Cu, Ge, Ir, Nb, Re, Rh, Ru and W, the total effect oil the shear modulus is calculated by assuming that the electronic contribution to the shear modulus in gamma-Fe is the same as in alpha-Fe. To calculate the isotropic shear modulus of multicomponent bcc and fcc solid Solutions, we propose linear superposition laws. The proposed relationships are validated using the experimental data of a large number of multi-component alloys having austenitic, ferritic, and lath martensitic microstructures. It is demonstrated that for all three microstructures. in most cases the shear modulus can be predicted with an accuracy of +/-3% in multicomponent solid solutions. It is also found that the high dislocation density in lath martensite accounts for a decrease in shear modulus by about 5% compared to the ferritic counterpart. We also demonstrate that the temperature dependence of shear modulus in multicomponent bee and fcc solid solutions is similar to that of pure alpha- and gamma-Fe. respectively, for up to about 800 K. (C) 2002 Acta Materialia Inc. Published by Elsevier Science Ltd. All rights reserved."
}