{
    "DOI": "10.1016/j.jmatprotec.2008.04.052",
    "Journal": "Journal of Materials Processing Technology",
    "Keywords": [
        "Al–Zn–Mg–Cu",
        "Pre-stretched plates",
        "Fracture toughness",
        "Strength",
        "Microstructure"
    ],
    "Sections": [
        {
            "content": [
                {
                    "content": [
                        "The mean long transverse tensile properties, fracture toughness and electrical conductivity of the material under various ageing tempers (single-step, double and RRA ageing tempers) are presented in Table 3 .",
                        "Electrical conductivity plotted against R p0.2 under typical ageing tempers was shown in Fig. 2 . It was noted that the application of RRA treatments to material appeared to result in electrical conductivities equals to T7451 condition material meanwhile maintaining the tensile strength close to the T651 condition treated material. In general, the Good 7B04 alloy SCC performance is associated with a conductivity greater than 36.3% IACS when subject to standard overageing treatments.",
                        "Fracture toughness properties from some specimens in typical ageing conditions are presented in Table 3 and Fig. 3 . It can be found that for specimens retrogressed at 180 °C, the trend was for fracture toughness to increase with retrogression time. Specimens retrogressed for 60 min at 180 °C gave similar levels of fracture toughness to T651 treated material. A general observation that can be made about fracture toughness results is that they varied inversely with the tensile properties as shown in Fig. 3. However, RRA does appear to have a positive influence on fracture toughness in the higher strength regime.",
                        "It is well known that the goal of RRA treatments is to improve tensile properties without compromising stress corrosion cracking resistance or fracture toughness. Present work indicates that retrogressed at 180 °C for 60 min could produce high levels tensile properties (close to T6 strength) in combination with T74 levels electrical conductivity. The electrical conductivity associated with this condition was 36.7% IACS which suggests the stress corrosion cracking performance should be acceptable although testing will be required to confirm this. There is possible scope for further increasing the tensile properties by reducing the retrogression time spent at 180 °C, but this will sacrifice the electrical conductivity and fracture toughness. Furthermore, retrogression time less than 30 min should be unlikely to find an application for thick sections materials."
                    ],
                    "name": "Properties",
                    "type": "ce_section"
                },
                {
                    "content": [
                        "SEM fractographs of some fast fracture region of T651, T7451 and RRA60 treated specimens are shown in Fig. 4 . SEM fractograph of T651 CT specimen indicated a most of intergranular failure mode with only little evidence of plasticity other than that on grain surfaces, illustrated in Fig. 4(a). The mechanism of failure for material subject to a treatment RRA60 (retrogression for 60 min at 180 °C) was also mainly intergranular fracture, and there are some regions where microvoid coalescence had occurred especially around clusters of coarse constituent particles were observed in the fracture surface, shown in Fig. 4(b). However, SEM fractograph in T7451-treated alloy specimen gave mainly ductile transgranular fracture, characterized by dimples, the center of which contain constituent particles, as can be seen in Fig. 4(c) and (d). Thus, it is not surprising to find that the relative high value of fracture toughness when T7451 was subjected to the material."
                    ],
                    "name": "SEM observations",
                    "type": "ce_section"
                },
                {
                    "content": [
                        "The microstructure of the 7B04 alloy after various heat treatments was examined using TEM, as illustrated by the micrographs shown in Fig. 5 . Fig. 5(a) shows a bright field micrograph of a typical region of the T651-treated alloy and it demonstrates the presence of a dispersion of fine GP zones and η′ precipitates. The grain boundaries were found to be decorated with η particles although it should be noted that these precipitates are rather fine.",
                        "By comparison, the grain boundary precipitates are formed in the T7451 heat-treated alloy. Fig. 5(b) was found to be more agglomerated as well as coarser whilst the precipitate content of the grains was also found to have increased. Comparisons were also made for the specimens produced from material in the retrogressed and reaged conditions. Fig. 5(c) and (d) shows two bright field images of the RRA-treated material which correspond to the retrogressed at 180 °C for 60 and 120 min, respectively. It is notable that grain boundary η precipitates are coarser and more sparsely distributed, and the microstructure in the grain interior is similar to that of the T6 temper, but is slightly coarser and denser and more stable in nature. Furthermore, it can also be seen that these longer retrogression time resulted in further agglomeration of the grain boundary particles as well as to a coarsening of the precipitates formed within the grains."
                    ],
                    "name": "TEM observations",
                    "type": "ce_section"
                }
            ],
            "name": "Results",
            "type": "ce_section"
        },
        {
            "content": [
                {
                    "content": [
                        "The mean long transverse tensile properties, fracture toughness and electrical conductivity of the material under various ageing tempers (single-step, double and RRA ageing tempers) are presented in Table 3 .",
                        "Electrical conductivity plotted against R p0.2 under typical ageing tempers was shown in Fig. 2 . It was noted that the application of RRA treatments to material appeared to result in electrical conductivities equals to T7451 condition material meanwhile maintaining the tensile strength close to the T651 condition treated material. In general, the Good 7B04 alloy SCC performance is associated with a conductivity greater than 36.3% IACS when subject to standard overageing treatments.",
                        "Fracture toughness properties from some specimens in typical ageing conditions are presented in Table 3 and Fig. 3 . It can be found that for specimens retrogressed at 180 °C, the trend was for fracture toughness to increase with retrogression time. Specimens retrogressed for 60 min at 180 °C gave similar levels of fracture toughness to T651 treated material. A general observation that can be made about fracture toughness results is that they varied inversely with the tensile properties as shown in Fig. 3. However, RRA does appear to have a positive influence on fracture toughness in the higher strength regime.",
                        "It is well known that the goal of RRA treatments is to improve tensile properties without compromising stress corrosion cracking resistance or fracture toughness. Present work indicates that retrogressed at 180 °C for 60 min could produce high levels tensile properties (close to T6 strength) in combination with T74 levels electrical conductivity. The electrical conductivity associated with this condition was 36.7% IACS which suggests the stress corrosion cracking performance should be acceptable although testing will be required to confirm this. There is possible scope for further increasing the tensile properties by reducing the retrogression time spent at 180 °C, but this will sacrifice the electrical conductivity and fracture toughness. Furthermore, retrogression time less than 30 min should be unlikely to find an application for thick sections materials."
                    ],
                    "name": "Properties",
                    "type": "ce_section"
                },
                {
                    "content": [
                        "SEM fractographs of some fast fracture region of T651, T7451 and RRA60 treated specimens are shown in Fig. 4 . SEM fractograph of T651 CT specimen indicated a most of intergranular failure mode with only little evidence of plasticity other than that on grain surfaces, illustrated in Fig. 4(a). The mechanism of failure for material subject to a treatment RRA60 (retrogression for 60 min at 180 °C) was also mainly intergranular fracture, and there are some regions where microvoid coalescence had occurred especially around clusters of coarse constituent particles were observed in the fracture surface, shown in Fig. 4(b). However, SEM fractograph in T7451-treated alloy specimen gave mainly ductile transgranular fracture, characterized by dimples, the center of which contain constituent particles, as can be seen in Fig. 4(c) and (d). Thus, it is not surprising to find that the relative high value of fracture toughness when T7451 was subjected to the material."
                    ],
                    "name": "SEM observations",
                    "type": "ce_section"
                },
                {
                    "content": [
                        "The microstructure of the 7B04 alloy after various heat treatments was examined using TEM, as illustrated by the micrographs shown in Fig. 5 . Fig. 5(a) shows a bright field micrograph of a typical region of the T651-treated alloy and it demonstrates the presence of a dispersion of fine GP zones and η′ precipitates. The grain boundaries were found to be decorated with η particles although it should be noted that these precipitates are rather fine.",
                        "By comparison, the grain boundary precipitates are formed in the T7451 heat-treated alloy. Fig. 5(b) was found to be more agglomerated as well as coarser whilst the precipitate content of the grains was also found to have increased. Comparisons were also made for the specimens produced from material in the retrogressed and reaged conditions. Fig. 5(c) and (d) shows two bright field images of the RRA-treated material which correspond to the retrogressed at 180 °C for 60 and 120 min, respectively. It is notable that grain boundary η precipitates are coarser and more sparsely distributed, and the microstructure in the grain interior is similar to that of the T6 temper, but is slightly coarser and denser and more stable in nature. Furthermore, it can also be seen that these longer retrogression time resulted in further agglomeration of the grain boundary particles as well as to a coarsening of the precipitates formed within the grains."
                    ],
                    "name": "TEM observations",
                    "type": "ce_section"
                }
            ],
            "name": "Results",
            "type": "ce_section"
        },
        {
            "content": [
                "The fracture surfaces of CT test specimens in various ageing conditions show four basic fracture mechanisms, which are distributed in various proportions depending on the thermomechanical condition of the alloy: (1) fracture or decohesion of the coarse constituent particles (essentially Al7Cu2Fe and Mg2Si), see in Fig. 6(a); (2) ductile transgranular fracture, characterized by dimples, the center of which contain constituent particles, see in Fig. 6(b); (3) ductile transgranular shear fracture, showing large planar areas crossed by intense slip lines, see Fig. 6(c); (4) ductile intergranular (or inter-subgranular) fracture, characterized by relatively smooth surfaces, revealing the initial grain structure, see Fig. 6(d). This is quite similar with the published results of .",
                "The first fracture event (fracture of constituent particles) is known to contribute significantly to the overall toughness level of the material: the coarse constituent particles being very brittle, their fracture or decohesion can occur in the very first stages of plastic flow, providing a damage initiation. However, it should be pointed out that the intermetallic particles do not dissolve at the low temperature of the ageing treatments, thus the fraction of intermetallic particles should remain constant.",
                "The other fracture events depend on the microstructural characteristic under various ageing treatments. The proportion of intergranular fracture is maximum at peak ageing (T651 condition). This apparition of the intergranular fracture mode should be related to a much higher resistance against crack propagation in grain interior than that in the regions close to the grain boundaries. The influence of overageing T7451 condition on the fracture mode is mainly to increase dimple-type transgranular fracture. The decrease of intergranular fracture after T7451 treated is related to the lower difference in yield stress between the grain interior and grain boundary, which promotes a more homogeneous plastic flow. This can explain the observed fact that it has a higher fracture toughness than that obtained by T651 condition-treated material. Compared to the T7451 condition, RRA treatment promotes a higher matrix strength but grain boundary structure is quite similar. Thus, the strength difference between grain interior and grain boundary becomes larger, which leads to the localized deformation near grain boundaries. Consequently, the RRA-treated material exhibits a relative low fracture toughness."
            ],
            "name": "Discussion",
            "type": "ce_section"
        }
    ],
    "Title": "Investigation on strength, toughness and microstructure of an Al–Zn–Mg–Cu alloy pre-stretched thick plates in various ageing tempers",
    "abstract": "The 7B04 Al alloy is a precipitation hardenable, plate and forging material, which is widely used in China for strength critical aerospace structural applications. In this paper, fracture toughness, electrical conductivity and tensile properties of the alloy were investigated, and their dependence on ageing treatment details was described. Varying the heat treatment details strongly influences the microstructure and properties of the alloy. The alloy is identified to respond well to retrogression and reageing (RRA) temper. The retrogressing treated material at 180 C for 1 h and then reageing for 22 h at 120 degrees C can achieve tensile properties comparable to a T6 condition as well as excellent conductivity. The high strength associated with optimized RRA conditions tend to result in relatively low levels of fracture toughness, but still slightly higher than T651 condition treated material. A correlation has been made among such properties, microstructure and fracture behavior, as characterized using TEM and SEM observations, and the results are discussed in the light of this relationship. (C) 2008 Elsevier B.V. All rights reserved."
}