{
    "DOI": "10.1016/j.jallcom.2019.07.134",
    "Journal": "Journal of Alloys and Compounds",
    "Keywords": [
        "Ti-5Al-5Mo-5V-3Cr-1Zr titanium alloy",
        "Solution plus aging treatment",
        "Microstructural evolution",
        "Mechanical properties",
        "Fracture mechanism"
    ],
    "Sections": [
        {
            "content": [
                "After the heat treatments, the microstructures were observed using an OLYMPUS/PMG3 optical microscope (OM), a Zeiss Sigma500 SEM and a transmission electron microscope (TEM, FEI Talos F200S). For OM and SEM observation, the specimens were sectioned at the mid-length location and prepared metallographically using standard techniques (mounting, grinding and polishing), followed by etching in a solution of 1.5 ml hydrofluoric acid + 3 ml nitric acid + 100 water for 10–15 s. OM images were shot at 50 to 500×magnifications. Three to five micrographs at each condition were used to estimate the average grain size. For TEM observation, the specimens (foils) were prepared by a twin-jet electrolysing polisher using 50 ml perchloric acid + 350 ml butanol + 600 ml methanol at voltage of 23 V and temperature of −30 °C. The volume fraction, equiaxed grain radius, lamellar length and thickness were measured by the software of Image-pro plus 6.0."
            ],
            "name": "Microstructural characterization",
            "type": "ce_section"
        },
        {
            "content": [
                {
                    "content": [
                        "Fig. 3 (a) shows the optical micrographs of Ti-55531 alloy β-solution treated at 860 °C for 20–60 min, it is seen that the β grains are equiaxed and the grain boundaries become relatively straight compared with serrated grain boundaries, where discontinuous dynamic recrystallization takes place. The variation of average β grain diameter with the temperature and time is depicted in Fig. 3 (a). It is clear that the β grain size increases with increasing the temperature and time. At 860 °C, the β grain diameter increases from 74 μm to 190 μm with increasing time from 15 min to 90 min. At 900 °C, the β grain diameter increases from 97 μm to 214 μm.",
                        "The SEM micrographs of Ti-55531 alloy solution treated in the α+β region (760 °C–820 °C) for 2 h is shown in Fig. 3 (b). The απphase grains keep equiaxed and their size is approximately 2–3 μm, which is much smaller than the β -grain size in the β region. Solution treated in the β region, the β grain boundaries can get a high migration rate. Moreover, the drag effect of solute elements on the β−grain boundaries is negligible compared with that in the α+β region. Therefore, the αp grain size in the α+β region is much smaller than the β grain size in the β region. However, the αp phase transformation is apparent. The variation of αp volume fraction with the solution temperature and time is graphically illustrated in Fig. 3 (b). The αp volume fraction decreases with the temperature and time. At a given temperature, the αp volume fraction decreases rapidly with time during initial holding stages. The αp volume fraction gradually reaches a steady state with further prolonging time. At 760 °C, the αp volume fraction at a steady stage is approximately 40%, while this value decreases to 5% when the solution temperature increases to 820 °C."
                    ],
                    "name": "Microstructural evolution during solution treatment",
                    "type": "ce_section"
                },
                {
                    "content": [
                        {
                            "content": [
                                "The microstructural evolution of Ti-55531 alloy β-solution treated at 880 °C for 1.5 h plus α+β aging is investigated. Fig. 4 (a) shows the SEM micrographs of Ti-55531 alloy solution treated at 880 °C for 1.5 h plus aging treatments from 580 to 640 °C for 10 h. At 580 °C, a fine secondary α phase (αs) precipitates in the β matrix. At 600 °C, the αs phase is still fine, but obvious coarsening takes place. During the aging treatment, the average thickness of αs phase increases from 0.05 μm to 0.25 μm. However, at 640 °C, the αs phase begins to nucleate in two distinct sites: the prior β grain boundary and intragranular sites [,]. Moreover, the αs phase has two different morphologies, namely acicular and fine non-descriptive []. Fig. 4 (b) shows the microstructural evolution in the condition of solution at 880 °C for 1.5 h plus aging at 620 °C for 6–10 h. Similar to that in Fig. 4 (a), obvious coarsening of αs phase can be observed. Moreover, the αs phase distributes randomly and its size increases with the aging time, but in some zones, abnormal coarsening occurs, its thickness is at least three to five times larger than others."
                            ],
                            "name": "β solution plus α+β aging treatment",
                            "type": "ce_section"
                        },
                        {
                            "content": [
                                "The microstructural evolution of Ti-55531 alloy solution treated at 800 °C for 2 h plus α+β aging treatments (580–640 °C for 8 h) is studied, as shown in Fig. 5 (a). The microstructural evolution exhibits some different features from those in Fig. 4. The equiaxed αp -grains appear at the prior β grain boundaries. This means that the αp phase can play a pinning effect on the β grain growth. For near β titanium alloys, the αp phase can restrict recrystallization and growth of β phase grains, thereby increasing ductility []. During the aging treatment, the volume fraction of αp phase has a little change with the temperature (580–640 °C). But for the αs phase, it precipitates inside the original β grains. The αs phase is cross-distributed irregularly in the β grains, thus the orientation of each αsis random and this value is different from one to other. The αs size (including thickness and length) becomes very sensitive to the aging temperature. At 580 °C, the αs phase is so fine that its size is long and thin. The αs phase boundaries become blurred, it is difficult to distinguish the remained β phase from the αs. With increasing the temperature, the αs phase boundaries gradually become clear and coarsening occurs. Thus, the αs phase becomes shorter and thicker. At higher temperatures of 620 °C and 640 °C, the coarsening phenomenon is more pronounced, and the αs thickness increases to 0.2–0.3 μm, while the interlamellar space decreases. At the same time, the αs length becomes shortened. It is known that the αs coarsening behavior is a thermally activated process, and the coarsening rate depends on diffusivity of solute atoms []. Therefore, the αs coarsening is more pronounced at higher temperatures.",
                                "The microstructure of Ti-55531 alloy is shown in Fig. 5 (b), where the aging condition is at 620 °C for 6–10 h. The αs phase displays a coarsening behavior. However, the αs thickness and interlamellar space are relatively small compared with the values in Fig. 5(a), which means that the effect of aging time is weaker than that of temperature. Other typical features can also be observed in Fig. 5 (b). At 6 h, the αp phase still remains equiaxed and appears at the prior β grain boundaries, while the αs phase distributes randomly inside the β grains. Under this condition, the αs phase boundaries are blurred and it is difficult to distinguish from one to another. At 8 h, the αs phase has an obvious change in morphology. The lamellar αs phase has evolved into a short rod-like structure. The length of short rod-like αs phase decreases while the thickness increases compared with the initial values."
                            ],
                            "name": "α+β solution plus α+β aging treatment",
                            "type": "ce_section"
                        }
                    ],
                    "name": "Microstructural evolution during solution plus aging treatment",
                    "type": "ce_section"
                },
                {
                    "content": [
                        {
                            "content": [
                                "The tensile properties of Ti-55531 alloy with various heat treatments were tested and are given in Table 2 . It is seen that the β solution temperature has a significant effect on the YS, TS, EL and RE. The variation of these values with the solution temperature is shown in Fig. 6 . Generally, the YS and TS increase with the solution temperature, but the EL sees an opposite trend. For near β titanium alloys, the β−solution treatment results in the least stable matrix composition and the greatest driving force for subsequent decomposition []. Thus, the αs phase will be easier to nucleate and growth and a larger size can be produced at a higher solution temperature. In addition, the prior β grain size increases with the solution temperature. On a solution treatment of 860 °C for 1.5 h, followed by a fixed aging treatment of 620 °C for 6 h, the YS and TS are 1114 MPa and 1185 MPa, respectively. When the solution temperature increases to 880 °C, the values of YS and TS are 1136 MPa and 1199 MPa, respectively, while the EL is reduced by 1%. At a condition of solution 880 °C for 1.5 h plus aging 620 °C for 8 h, the values of YS and TS are 1112 MPa and 1180 MPa, respectively. With increasing the solution temperature to 900 °C, the EL is reduced to 7%.",
                                "As shown in Fig. 6, the strength decreases with the aging time, but the ductility shows an opposite trend. It is because the presence of αs phase is an important factor in determining the strength and ductility. With prolonging the aging time, the αs length decreases and its thickness increases."
                            ],
                            "name": "Effect of β solution temperature",
                            "type": "ce_section"
                        },
                        {
                            "content": [
                                "The effects of aging temperature and time on the tensile properties are significant. At 580 °C, a very high strength level is attained for all aging times. With increasing the aging temperature to 640 °C, the ductility shows a slight increase compared with that at a lower aging temperature, but the strength is much lower.",
                                "The tensile properties of Ti-55531 alloy solution treated in the α + β region (800°Cfor 2) plus different aging treatments are given in Table 3 . The variation of YS, TS and EL with the aging condition is shown in Fig. 7 (a), (b) and (c), respectively. It is seen that the values of YS and TS decrease with the time and temperature, but the EL shows an opposite trend. The alloy has a good balance of strength and ductility aging treated at 640 °C for 8 h, the TS is close to 1200 MPa and the EL is 7.5%. Under this condition, the alloy has a significant enhancement in strength and ductility, due to the precipitation of αs phase (see Fig. 8).",
                                "With increasing the aging temperature, the volume fraction of αs phase decreases largely. This reduces the α/β interface area and lowers the strength. In addition, the space between the αs phase is another factor determining the strength. The strength of titanium alloy is inversely proportional to the space, which can be expressed as S = a + bl −1, where S is the strength, a and b are constants, l is the space. With increasing the temperature, the l increases while the strength decreases."
                            ],
                            "name": "Effect of aging temperature and time",
                            "type": "ce_section"
                        }
                    ],
                    "name": "Tensile properties",
                    "type": "ce_section"
                },
                {
                    "content": [
                        "In this section, SEM and TEM techniques are used to analyze the fractography to identify the fracture mechanism of Ti-55531 alloy.",
                        {
                            "content": [
                                "Fig. 9 shows the fractographs of Ti-55531 alloy solution treated at different temperatures plus a fixed aging treatment. In Fig. 9 (a), the SEM micrographs display a typical mixed failure mode, but the ductile fracture is the predominant failure mode, because many deep and fine dimples can be found in the micrograph with a high magnification. The area fraction of faceted regions is estimated to be less than 20%, the dimples surrounding the faceted regions are deep and their sizes are more uniform. In this condition (solution of 860 °C for 1.5 h plus a fixed aging treatment of 620 °C for 6 h), the fracture elongation is close to 10%. On increasing the solution temperature to 880 °C (Fig. 9 (b)) and 900 °C (Fig. 9 (c)), the fracture still appears to be of mixed mode type, but the area fraction of faceted regions is higher than that at 860 °C. The dimpled regions increase, the dimples are shallow and their sizes become non-uniform.",
                                "It is deduced that the ductility decreases with increasing the solution temperature, but the strength increases. This variation law can be proved in Fig. 6. This may be firstly related to the prior β grain size, since the β grain size increases with the solution temperature. The large β grain size can shorten crack propagation distance and decrease crack resistance [,]. Moreover, the large β grain size can weaken the strength at boundary triple points, thus resulting in the β grain separation, as shown in Fig. 10 ,. It is seen that the β grain boundaries are straight. Some β grains have separated from others. Some micro-cracks appearing between the β grains can provide a potential site for fracture. Thus, the ductility is relatively good in this condition and the elongation is more than 7.5%.",
                                "In addition, the αs thickness is another factor in determining the ductility. The ductility increases with increasing the thickness. As the thickness increases, cracks are difficult to propagate along linear paths. In this case, the propagation paths become more tortuous, which requires more energy to bypass the αs phase. This can lead to a higher crack propagation resistance, and finally improves the ductility.",
                                "At a fixed β solution treatment of 880 °C for 1.5 h, the effect of aging time on the fractographs is investigated, as shown in Fig. 11 . SEM micrographs show that the fracture feature is still a typical mixed mode. Aging for 6 h (Fig. 11 (a)), the area fraction of faceted regions is close to 35%, lots of deep and fine ductile dimples can be found in the fracture surface, which represents a relatively good ductility, thus the fracture elongation is around 10%. It is seen that the crack originates from the grain boundaries and defect region, as denoted by short white arrows, while the long white arrow indicate the crack propagation direction. .",
                                "On aging 8 h (Fig. 11 (b)), the faceted area increases compared with that in Fig. 11 (a). Although some shallow dimples appear in the fracture surface, obvious micro-cracks along grain boundaries can be found, which may become a potential initiation location for crack. The β grain separation (marked by white arrows) can be observed, the crack propagation path is mainly transgranular. All these features indicate that a brittle fracture mode is predominant. Thus, the fracture elongation is reduced to 8%. Especially aging at 10 h (Fig. 11 (c)), the fracture surfaces become very flat with little necking. The area fraction of faceted area is more than 50%. Micro-voids and micro-cracks become the main initiation sites for crack."
                            ],
                            "name": "Effect of β solution temperature",
                            "type": "ce_section"
                        },
                        {
                            "content": [
                                "Fig. 12 (a) shows the SEM fractographs of Ti-55531 treated by the α+β solution (800°Cfor 2 h) plus aging at 580 °C for 6 h–10 h. The fractographs show many fine and deep dimples, which indicates a completely ductile mode. For 6 h, the fracture surface is relatively flat and the dimples are shallow. As the aging time increases to 8 h, some obvious ups and downs appear in the fracture surface. For 10 h, even a big fracture step appears that enhances the fracture resistance. This may be related to the size of αs phase. The coarsening αs phase makes the crack propagation path more tortuous. Thus, the ductility increases with the aging time.",
                                "On aging at 640 °C, as shown in Fig. 12 (b), the fracture surfaces are covered with many deep and dense dimples and some micro-voids. Compared with that aging at 580 °C, the crack propagation path is more tortuous, which requires more energy to bypass the αs phase. The crack propagation is controlled mainly by the αs phase. With increasing the aging temperature, coarsening can take place in the αs phase. A microstructure containing a coarser αs phase has a rougher crack front profile, which can lead to a higher crack propagation resistance, and finally improves the ductility and fracture toughness."
                            ],
                            "name": "Effect of α+β aging treatment",
                            "type": "ce_section"
                        }
                    ],
                    "name": "Fractography",
                    "type": "ce_section"
                },
                {
                    "content": [
                        "Fracture toughness has become an important index to measure the performance of important structural components used in the aviation field. The values of K IC under different heat treatments are given in Table 4 . It is seen that the Ti-55531 alloy presents good fracture toughness. The K IC value in the α+β solution treatment condition is close to 42 MPa m1/2. It has a little change with subsequent aging treatments. By contrast, the K IC fluctuates largely with the aging temperature and time if the Ti-55531 alloy is solution treated in the β region. The alloy with HT11 heat treatment (880 °C×1.5 h + 620 °C×10 h) gets the highest K IC value of 62.8 MPam1/2, while the lowest K IC value of 35.3 MPa m1/2 is obtained by HT9 (880 °C×1.5 h + 620 °C×6 h).",
                        "The variation of K IC with the solution temperature is shown in Fig. 13 (a). At 800 °C, the K IC is 42.3 MPam1/2. However, when the solution treatment is in the β region (860°C–900 °C), the K IC decreases to 36.8 MPam1/2, then increases to 62.8 MPam1/2 at 880 °C, finally reduces to 35.3 MPam1/2. With a fixed solution treatment, the effect of aging temperature on the K IC is shown in Fig. 13(b). It is seen that the K IC nearly remains unchangeable with the aging temperature at a solution temperature of 800 °C. However, at 880 °C, the K IC is very sensitive to the aging temperature. The K IC increases with increasing the aging temperature. Similarly, the K IC increases from 35.3 MPa m1/2 to 62.8 MPa m1/2 with the aging time from 6 h to 10 h, as shown in Fig. 13 (c).",
                        "According to previous reports [], two factors, namely crack path tortuosity and material plastic deformation along the crack path, can influence the fracture toughness. Therefore, the increased tortuosity of crack propagation path and good plasticity are favorable to improve the K IC value. In this study, the Ti-55531 alloy solution treated at 880°Cfor 1.5 h plus aging at 620°Cfor 10 h gets the highest K IC value of 62.8 MPam1/2, its fracture morphology and corresponding microstructure are shown in Fig. 14 (a) and (b), respectively. The crack propagation path is magnified and represented by red lines in Fig. 14 (a). It can be seen that the crack propagation path is very rough and tortuous.",
                        "Mine et al. indicated that the crack propagation direction and tortuosity are closely related to microstructure []. In Fig. 14 (b), the microstructure contains short and thick αs platelet, the crack propagates by cutting or bypassing the platelet structure. A platelet with a shorter and thicker size can easily lead to larger bifurcations of main crack during its propagation process []. Thus, the main cracks in the microstructure containing thicker and shorter platelets can be effectively deflected and the crack propagation paths become more tortuous. In this case, more energy is required to overcome the resistance to crack propagation and the fracture toughness is good.",
                        "In addition, the plasticity deformation is another factor in influencing the K IC. There is a relatively high level of dislocation density in the Ti-55531 alloy subjected to water quenching. At an aging stage, the dislocations of opposite signs interact with each other, which results in a reduction of dislocation density Fig. 14 (c) shows a bright field TEM micrograph of dislocations in the condition of solution 880 °C×1.5 h plus aging 620 °C×10 h. It is seen that the dislocation density is relatively low in the αs phase, thus the alloy shows good plasticity and a higher value of K IC can be obtained.",
                        "Aging at 600°Cfor 6 h, the fracture surface is relatively flat and the crack propagation path is relatively straight and simple, as shown in Fig. 15 (a). Fig. 15 (b) shows the microstructure containing long and thin αs platelets. The long and thin αs platelets cannot effectively deflect the main crack, which makes the crack path straight and less tottuous. In this situation, the K IC value is lower and the dislocation density is higher compared with those in the condition of aging 620°Cfor 10 h."
                    ],
                    "name": "Fracture toughness",
                    "type": "ce_section"
                }
            ],
            "name": "Results",
            "type": "ce_section"
        },
        {
            "content": [
                {
                    "content": [
                        "Fig. 3 (a) shows the optical micrographs of Ti-55531 alloy β-solution treated at 860 °C for 20–60 min, it is seen that the β grains are equiaxed and the grain boundaries become relatively straight compared with serrated grain boundaries, where discontinuous dynamic recrystallization takes place. The variation of average β grain diameter with the temperature and time is depicted in Fig. 3 (a). It is clear that the β grain size increases with increasing the temperature and time. At 860 °C, the β grain diameter increases from 74 μm to 190 μm with increasing time from 15 min to 90 min. At 900 °C, the β grain diameter increases from 97 μm to 214 μm.",
                        "The SEM micrographs of Ti-55531 alloy solution treated in the α+β region (760 °C–820 °C) for 2 h is shown in Fig. 3 (b). The απphase grains keep equiaxed and their size is approximately 2–3 μm, which is much smaller than the β -grain size in the β region. Solution treated in the β region, the β grain boundaries can get a high migration rate. Moreover, the drag effect of solute elements on the β−grain boundaries is negligible compared with that in the α+β region. Therefore, the αp grain size in the α+β region is much smaller than the β grain size in the β region. However, the αp phase transformation is apparent. The variation of αp volume fraction with the solution temperature and time is graphically illustrated in Fig. 3 (b). The αp volume fraction decreases with the temperature and time. At a given temperature, the αp volume fraction decreases rapidly with time during initial holding stages. The αp volume fraction gradually reaches a steady state with further prolonging time. At 760 °C, the αp volume fraction at a steady stage is approximately 40%, while this value decreases to 5% when the solution temperature increases to 820 °C."
                    ],
                    "name": "Microstructural evolution during solution treatment",
                    "type": "ce_section"
                },
                {
                    "content": [
                        {
                            "content": [
                                "The microstructural evolution of Ti-55531 alloy β-solution treated at 880 °C for 1.5 h plus α+β aging is investigated. Fig. 4 (a) shows the SEM micrographs of Ti-55531 alloy solution treated at 880 °C for 1.5 h plus aging treatments from 580 to 640 °C for 10 h. At 580 °C, a fine secondary α phase (αs) precipitates in the β matrix. At 600 °C, the αs phase is still fine, but obvious coarsening takes place. During the aging treatment, the average thickness of αs phase increases from 0.05 μm to 0.25 μm. However, at 640 °C, the αs phase begins to nucleate in two distinct sites: the prior β grain boundary and intragranular sites [,]. Moreover, the αs phase has two different morphologies, namely acicular and fine non-descriptive []. Fig. 4 (b) shows the microstructural evolution in the condition of solution at 880 °C for 1.5 h plus aging at 620 °C for 6–10 h. Similar to that in Fig. 4 (a), obvious coarsening of αs phase can be observed. Moreover, the αs phase distributes randomly and its size increases with the aging time, but in some zones, abnormal coarsening occurs, its thickness is at least three to five times larger than others."
                            ],
                            "name": "β solution plus α+β aging treatment",
                            "type": "ce_section"
                        },
                        {
                            "content": [
                                "The microstructural evolution of Ti-55531 alloy solution treated at 800 °C for 2 h plus α+β aging treatments (580–640 °C for 8 h) is studied, as shown in Fig. 5 (a). The microstructural evolution exhibits some different features from those in Fig. 4. The equiaxed αp -grains appear at the prior β grain boundaries. This means that the αp phase can play a pinning effect on the β grain growth. For near β titanium alloys, the αp phase can restrict recrystallization and growth of β phase grains, thereby increasing ductility []. During the aging treatment, the volume fraction of αp phase has a little change with the temperature (580–640 °C). But for the αs phase, it precipitates inside the original β grains. The αs phase is cross-distributed irregularly in the β grains, thus the orientation of each αsis random and this value is different from one to other. The αs size (including thickness and length) becomes very sensitive to the aging temperature. At 580 °C, the αs phase is so fine that its size is long and thin. The αs phase boundaries become blurred, it is difficult to distinguish the remained β phase from the αs. With increasing the temperature, the αs phase boundaries gradually become clear and coarsening occurs. Thus, the αs phase becomes shorter and thicker. At higher temperatures of 620 °C and 640 °C, the coarsening phenomenon is more pronounced, and the αs thickness increases to 0.2–0.3 μm, while the interlamellar space decreases. At the same time, the αs length becomes shortened. It is known that the αs coarsening behavior is a thermally activated process, and the coarsening rate depends on diffusivity of solute atoms []. Therefore, the αs coarsening is more pronounced at higher temperatures.",
                                "The microstructure of Ti-55531 alloy is shown in Fig. 5 (b), where the aging condition is at 620 °C for 6–10 h. The αs phase displays a coarsening behavior. However, the αs thickness and interlamellar space are relatively small compared with the values in Fig. 5(a), which means that the effect of aging time is weaker than that of temperature. Other typical features can also be observed in Fig. 5 (b). At 6 h, the αp phase still remains equiaxed and appears at the prior β grain boundaries, while the αs phase distributes randomly inside the β grains. Under this condition, the αs phase boundaries are blurred and it is difficult to distinguish from one to another. At 8 h, the αs phase has an obvious change in morphology. The lamellar αs phase has evolved into a short rod-like structure. The length of short rod-like αs phase decreases while the thickness increases compared with the initial values."
                            ],
                            "name": "α+β solution plus α+β aging treatment",
                            "type": "ce_section"
                        }
                    ],
                    "name": "Microstructural evolution during solution plus aging treatment",
                    "type": "ce_section"
                },
                {
                    "content": [
                        {
                            "content": [
                                "The tensile properties of Ti-55531 alloy with various heat treatments were tested and are given in Table 2 . It is seen that the β solution temperature has a significant effect on the YS, TS, EL and RE. The variation of these values with the solution temperature is shown in Fig. 6 . Generally, the YS and TS increase with the solution temperature, but the EL sees an opposite trend. For near β titanium alloys, the β−solution treatment results in the least stable matrix composition and the greatest driving force for subsequent decomposition []. Thus, the αs phase will be easier to nucleate and growth and a larger size can be produced at a higher solution temperature. In addition, the prior β grain size increases with the solution temperature. On a solution treatment of 860 °C for 1.5 h, followed by a fixed aging treatment of 620 °C for 6 h, the YS and TS are 1114 MPa and 1185 MPa, respectively. When the solution temperature increases to 880 °C, the values of YS and TS are 1136 MPa and 1199 MPa, respectively, while the EL is reduced by 1%. At a condition of solution 880 °C for 1.5 h plus aging 620 °C for 8 h, the values of YS and TS are 1112 MPa and 1180 MPa, respectively. With increasing the solution temperature to 900 °C, the EL is reduced to 7%.",
                                "As shown in Fig. 6, the strength decreases with the aging time, but the ductility shows an opposite trend. It is because the presence of αs phase is an important factor in determining the strength and ductility. With prolonging the aging time, the αs length decreases and its thickness increases."
                            ],
                            "name": "Effect of β solution temperature",
                            "type": "ce_section"
                        },
                        {
                            "content": [
                                "The effects of aging temperature and time on the tensile properties are significant. At 580 °C, a very high strength level is attained for all aging times. With increasing the aging temperature to 640 °C, the ductility shows a slight increase compared with that at a lower aging temperature, but the strength is much lower.",
                                "The tensile properties of Ti-55531 alloy solution treated in the α + β region (800°Cfor 2) plus different aging treatments are given in Table 3 . The variation of YS, TS and EL with the aging condition is shown in Fig. 7 (a), (b) and (c), respectively. It is seen that the values of YS and TS decrease with the time and temperature, but the EL shows an opposite trend. The alloy has a good balance of strength and ductility aging treated at 640 °C for 8 h, the TS is close to 1200 MPa and the EL is 7.5%. Under this condition, the alloy has a significant enhancement in strength and ductility, due to the precipitation of αs phase (see Fig. 8).",
                                "With increasing the aging temperature, the volume fraction of αs phase decreases largely. This reduces the α/β interface area and lowers the strength. In addition, the space between the αs phase is another factor determining the strength. The strength of titanium alloy is inversely proportional to the space, which can be expressed as S = a + bl −1, where S is the strength, a and b are constants, l is the space. With increasing the temperature, the l increases while the strength decreases."
                            ],
                            "name": "Effect of aging temperature and time",
                            "type": "ce_section"
                        }
                    ],
                    "name": "Tensile properties",
                    "type": "ce_section"
                },
                {
                    "content": [
                        "In this section, SEM and TEM techniques are used to analyze the fractography to identify the fracture mechanism of Ti-55531 alloy.",
                        {
                            "content": [
                                "Fig. 9 shows the fractographs of Ti-55531 alloy solution treated at different temperatures plus a fixed aging treatment. In Fig. 9 (a), the SEM micrographs display a typical mixed failure mode, but the ductile fracture is the predominant failure mode, because many deep and fine dimples can be found in the micrograph with a high magnification. The area fraction of faceted regions is estimated to be less than 20%, the dimples surrounding the faceted regions are deep and their sizes are more uniform. In this condition (solution of 860 °C for 1.5 h plus a fixed aging treatment of 620 °C for 6 h), the fracture elongation is close to 10%. On increasing the solution temperature to 880 °C (Fig. 9 (b)) and 900 °C (Fig. 9 (c)), the fracture still appears to be of mixed mode type, but the area fraction of faceted regions is higher than that at 860 °C. The dimpled regions increase, the dimples are shallow and their sizes become non-uniform.",
                                "It is deduced that the ductility decreases with increasing the solution temperature, but the strength increases. This variation law can be proved in Fig. 6. This may be firstly related to the prior β grain size, since the β grain size increases with the solution temperature. The large β grain size can shorten crack propagation distance and decrease crack resistance [,]. Moreover, the large β grain size can weaken the strength at boundary triple points, thus resulting in the β grain separation, as shown in Fig. 10 ,. It is seen that the β grain boundaries are straight. Some β grains have separated from others. Some micro-cracks appearing between the β grains can provide a potential site for fracture. Thus, the ductility is relatively good in this condition and the elongation is more than 7.5%.",
                                "In addition, the αs thickness is another factor in determining the ductility. The ductility increases with increasing the thickness. As the thickness increases, cracks are difficult to propagate along linear paths. In this case, the propagation paths become more tortuous, which requires more energy to bypass the αs phase. This can lead to a higher crack propagation resistance, and finally improves the ductility.",
                                "At a fixed β solution treatment of 880 °C for 1.5 h, the effect of aging time on the fractographs is investigated, as shown in Fig. 11 . SEM micrographs show that the fracture feature is still a typical mixed mode. Aging for 6 h (Fig. 11 (a)), the area fraction of faceted regions is close to 35%, lots of deep and fine ductile dimples can be found in the fracture surface, which represents a relatively good ductility, thus the fracture elongation is around 10%. It is seen that the crack originates from the grain boundaries and defect region, as denoted by short white arrows, while the long white arrow indicate the crack propagation direction. .",
                                "On aging 8 h (Fig. 11 (b)), the faceted area increases compared with that in Fig. 11 (a). Although some shallow dimples appear in the fracture surface, obvious micro-cracks along grain boundaries can be found, which may become a potential initiation location for crack. The β grain separation (marked by white arrows) can be observed, the crack propagation path is mainly transgranular. All these features indicate that a brittle fracture mode is predominant. Thus, the fracture elongation is reduced to 8%. Especially aging at 10 h (Fig. 11 (c)), the fracture surfaces become very flat with little necking. The area fraction of faceted area is more than 50%. Micro-voids and micro-cracks become the main initiation sites for crack."
                            ],
                            "name": "Effect of β solution temperature",
                            "type": "ce_section"
                        },
                        {
                            "content": [
                                "Fig. 12 (a) shows the SEM fractographs of Ti-55531 treated by the α+β solution (800°Cfor 2 h) plus aging at 580 °C for 6 h–10 h. The fractographs show many fine and deep dimples, which indicates a completely ductile mode. For 6 h, the fracture surface is relatively flat and the dimples are shallow. As the aging time increases to 8 h, some obvious ups and downs appear in the fracture surface. For 10 h, even a big fracture step appears that enhances the fracture resistance. This may be related to the size of αs phase. The coarsening αs phase makes the crack propagation path more tortuous. Thus, the ductility increases with the aging time.",
                                "On aging at 640 °C, as shown in Fig. 12 (b), the fracture surfaces are covered with many deep and dense dimples and some micro-voids. Compared with that aging at 580 °C, the crack propagation path is more tortuous, which requires more energy to bypass the αs phase. The crack propagation is controlled mainly by the αs phase. With increasing the aging temperature, coarsening can take place in the αs phase. A microstructure containing a coarser αs phase has a rougher crack front profile, which can lead to a higher crack propagation resistance, and finally improves the ductility and fracture toughness."
                            ],
                            "name": "Effect of α+β aging treatment",
                            "type": "ce_section"
                        }
                    ],
                    "name": "Fractography",
                    "type": "ce_section"
                },
                {
                    "content": [
                        "Fracture toughness has become an important index to measure the performance of important structural components used in the aviation field. The values of K IC under different heat treatments are given in Table 4 . It is seen that the Ti-55531 alloy presents good fracture toughness. The K IC value in the α+β solution treatment condition is close to 42 MPa m1/2. It has a little change with subsequent aging treatments. By contrast, the K IC fluctuates largely with the aging temperature and time if the Ti-55531 alloy is solution treated in the β region. The alloy with HT11 heat treatment (880 °C×1.5 h + 620 °C×10 h) gets the highest K IC value of 62.8 MPam1/2, while the lowest K IC value of 35.3 MPa m1/2 is obtained by HT9 (880 °C×1.5 h + 620 °C×6 h).",
                        "The variation of K IC with the solution temperature is shown in Fig. 13 (a). At 800 °C, the K IC is 42.3 MPam1/2. However, when the solution treatment is in the β region (860°C–900 °C), the K IC decreases to 36.8 MPam1/2, then increases to 62.8 MPam1/2 at 880 °C, finally reduces to 35.3 MPam1/2. With a fixed solution treatment, the effect of aging temperature on the K IC is shown in Fig. 13(b). It is seen that the K IC nearly remains unchangeable with the aging temperature at a solution temperature of 800 °C. However, at 880 °C, the K IC is very sensitive to the aging temperature. The K IC increases with increasing the aging temperature. Similarly, the K IC increases from 35.3 MPa m1/2 to 62.8 MPa m1/2 with the aging time from 6 h to 10 h, as shown in Fig. 13 (c).",
                        "According to previous reports [], two factors, namely crack path tortuosity and material plastic deformation along the crack path, can influence the fracture toughness. Therefore, the increased tortuosity of crack propagation path and good plasticity are favorable to improve the K IC value. In this study, the Ti-55531 alloy solution treated at 880°Cfor 1.5 h plus aging at 620°Cfor 10 h gets the highest K IC value of 62.8 MPam1/2, its fracture morphology and corresponding microstructure are shown in Fig. 14 (a) and (b), respectively. The crack propagation path is magnified and represented by red lines in Fig. 14 (a). It can be seen that the crack propagation path is very rough and tortuous.",
                        "Mine et al. indicated that the crack propagation direction and tortuosity are closely related to microstructure []. In Fig. 14 (b), the microstructure contains short and thick αs platelet, the crack propagates by cutting or bypassing the platelet structure. A platelet with a shorter and thicker size can easily lead to larger bifurcations of main crack during its propagation process []. Thus, the main cracks in the microstructure containing thicker and shorter platelets can be effectively deflected and the crack propagation paths become more tortuous. In this case, more energy is required to overcome the resistance to crack propagation and the fracture toughness is good.",
                        "In addition, the plasticity deformation is another factor in influencing the K IC. There is a relatively high level of dislocation density in the Ti-55531 alloy subjected to water quenching. At an aging stage, the dislocations of opposite signs interact with each other, which results in a reduction of dislocation density Fig. 14 (c) shows a bright field TEM micrograph of dislocations in the condition of solution 880 °C×1.5 h plus aging 620 °C×10 h. It is seen that the dislocation density is relatively low in the αs phase, thus the alloy shows good plasticity and a higher value of K IC can be obtained.",
                        "Aging at 600°Cfor 6 h, the fracture surface is relatively flat and the crack propagation path is relatively straight and simple, as shown in Fig. 15 (a). Fig. 15 (b) shows the microstructure containing long and thin αs platelets. The long and thin αs platelets cannot effectively deflect the main crack, which makes the crack path straight and less tottuous. In this situation, the K IC value is lower and the dislocation density is higher compared with those in the condition of aging 620°Cfor 10 h."
                    ],
                    "name": "Fracture toughness",
                    "type": "ce_section"
                }
            ],
            "name": "Results",
            "type": "ce_section"
        },
        {
            "content": [
                {
                    "content": [
                        "For the Ti-55531 alloy, the αs precipitation usually consists of a diffusion controlled nucleation and growth process. The αs phase cannot precipitate when the Ti-55531 sample is solution treated only. Fig. 16 (a) and (b) show the microstructures of Ti-55531 alloy solution treated at 800 °C and 880 °C, respectively, followed by water quenching. There is no αs phase precipitating in the microstructure, because the αs precipitation requires enough driving force for nucleation and enough time for growth.",
                        "Fig. 17 shows the SEM micrographs of Ti-55531 alloy solution treated at 800 °C for 2 h plus α+β aging. It is clear that the lamellar αs phase precipitates in β phase. The αs phase preferentially nucleates at grain boundaries and phase interfaces, where a protuberance exists that extends from a αp grain into adjacent β matrix. The αs phase has a different orientation from the pre-existing αp grain, but the same as the β matrix. This is a typical sympathetic nucleation mode. Meng et al. adopted an EBSD technique to study the sympathetic nucleation mode in a near α titanium alloy []. Li et al. [] gave a reasonable explanation for the difference of αs orientation from the αp phase grain. They considered that the formation of αp phase is via dynamic globularization of α platelets, resulting in the breakdown of Burgers orientation. Within a β phase grain, the αs phase continues to grow until it meets other αs phase nucleating at other places of the β grain, thus the αs phase is cross-distributed irregularly.",
                        "Fig. 18 shows the SEM micrographs of Ti-55531 alloy solution treated at 880°Cfor 1.5 h plus α+β aging treatment. No αp phase grains exist in the microstructure, and only the lamellar αs phase and retained β phase are contained. The volume fraction of αs phase is relatively high compared with that in the condition of α+β solution treatment (see Fig. 17). This is because the nucleation number of αs phase increases with increasing solution temperature. Moreover, the nucleation sites begin to appear in other defect zones besides the grain boundaries or phase interfaces. As the aging temperature increases, the αs phase takes place coarsening and its acicular morphology changes into a platelet structure."
                    ],
                    "name": "Precipitation mechanism of αs phase",
                    "type": "ce_section"
                },
                {
                    "content": [
                        "According to previous studies [], the coarsening of αs phase can be divided into two distinct stages, namely initial boundary splitting and subsequent growth stages. Some defect zones such as α/β phase interfaces are easily formed within initial αs lamellar structure during deformation. Usually, high surface energy is stored in these zones. Heat treatment can activate the energy and promote the formation of 180-deg dihedral angles []. The dihedral angles are unstable and still have higher surface energy. Thus, to further reduce surface energy, some small grooves are formed in these defect zones. In this condition, mass transfers from these grooves to adjacent flat surfaces, until the groove points on opposite meet each other. Thus, boundary splitting is a fast process in which surface or distortion energy is released to separate the αs lamellar, and this process can be finished in the initial stage of heat treatment [].",
                        "Fig. 19 shows the TEM observation of αs splitting process during an aging stage. Fig. 19 (a) is a dark field TEM micrograph of Ti-55531 alloy aging treated at 620°Cfor 6 h. The different stages of αs splitting process can be found in this micrograph. The feature labeled A represents new α/β interfaces. The αs is not completely split due to low α/β interface energy. By contrast, splitting process is more obvious in the position labeled B, where the αs boundary gradually fades away and the β phase begins to penetrate. The feature labeled C indicates that the αs lamellar was separated completely and became two independent αs structures. This process is not synchronous, which may be attributed to inhomogeneous deformation.",
                        "Aging at 620°Cfor 8 h, a bright-field TEM micrograph is shown in Fig. 19 (b). Similar to Fig. 19 (a), some characteristics labeled A, B and C can be found in this image. However, there are still some differences between the two figures. The αs phase becomes shorter and thicker with increasing the aging time. The boundary between the αs and β matrix becomes clear, and the space between the αs structures is smaller.",
                        "4.3 After boundary splitting stage, the αs lamellar continues coarsening by termination migration mechanism, i.e., mass transfers from lamellar edges to corresponding broad faces. The termination migration is controlled by solute atom diffusion, which is influenced by the difference between the termination and flat interface of αs lamellar []. For the lamellar αs structure, there is usually a higher chemical potential gradient between its termination tip and flat interface. This potential gradient drives solute atoms to migrate from one place (such as tips) with a larger curvature to another (such as surfaces) with a relatively small curvature, which results in the termination tip dissolution and the lamellar coarsening. Solute diffusion is a time-dependent thermal activation process, thus the αs coarsening becomes more obvious, especially with increasing the aging time and temperature. As the aging time increases to 10 h, the bright-field TEM micrograph in Fig. 19 (c) demonstrates that the αs coarsening becomes obvious compared with that in Fig. 19 (a) and (b). In Fig. 19 (d), the bright-field TEM micrograph shows the αs morphology in the aging condition of 640 °C for 10 h. The αs coarsening becomes more obvious. Prediction of mechanical properties.",
                        "The mechanical properties of Ti-55531 alloy are closely related to the microstructural parameters, such as volume fraction, αp grain diameter and αs thickness. Typical Hall–Petch formula is used to calculate the yield or tensile strength (YS or TS), as shown as follows [], σi=σ0+ki1fαpDαp+ki2fαsTαs(i=Y,T) where σi represents the yield (i = Y) or tensile (i = T) strength, σ0 represents initial yield strength, ki1,2 is a pin constant, fαp and fαs represent the volume fraction of αp and αs phases, respectively. Dαp represents theαp grain diameter, and Tαs is theαs thickness. However, the value of Dαp is a constant at different aging stages due to the same solution temperature (800 °C). Thus, Tαs is a key factor in determining the YS and TS, and Eq. (1) can be simplified into, σi=C+ki2fαsTαs(i=Y,T) where C represents a constant. The relationship between the strength (YS and TS) and reciprocal square root of αs phase thickness is depicted in Fig. 20 . It is seen that the strength increases with the decrease of Tαs. At lower aging temperatures, the αs phase is long and thin and the Tαs is small, which results in a large interface area and high interface energy. It is required high external energy to overcome the interface energy to complete a plastic deformation, thus the alloy strength is relatively high in this condition. As the aging temperature increases, the αs structure takes place coarsening, it becomes shorter and thicker and the T αs is relatively large. The total interface area and energy is reduced, less external energy is required during plastic deformation. Thus, the alloy strength decreases.",
                        "Fracture toughness is usually influenced by energy required for plastic deformation (i.e., plastic zone formation ahead of the crack tip []) and microstructure. Based on linear fracture mechanics, Ragozin et al. [] developed a model to predict the fracture toughness by considering the effect of crack tip plasticity, which is expressed as, KIC=GICEY(1−υ2) where K IC is the plane strain fracture toughness, G IC is the critical crack extension force, E is Young's modulus and υ is Poission's ratio. Eq. (3) is deduced based on traditional linear-elastic fracture mechanics. In this case, crack propagation path is considered to be a straight line. However, when cracks propagate in titanium alloys, the propagation path becomes tortuous because of the lamellar αs phase in the microstructure. Jiang [] introduced a tortuosity ratio L(ε)/L 0 to consider the microstructure effect, L(ε) and L 0(ε) are the irregular and straight-path lengths of crack propagation, respectively. Thus, Eq. (3) can be rewritten as, KIC=GICE(1−υ2)×L(ε)L0(ε)",
                        "According to Griffith-Orowan-Irwin relation, the value of G IC can be obtained by the following formula [], GIC=2γeff=8×10-4Ae where γeff is the effective surface energy, A e is the specific work of uniform deformation which can be determined as, Ae=(δ−YS/E)×(YS+2TS)3+YS22E where δ is the uniform elongation, which is taken as half of the final elongations []. TS is the tensile strength. By combining Eqs. (3)–(6), the value of K IC can be finally calculated by the following equation [], KIC=8×10−4AeE1−υ2+8×10−4AeE1−υ2(L(ε)/L0−1)",
                        "In order to calculate the value of K IC, the parameters in Eq. (7) should be determined first. For the Ti-55531 alloy, the values of E and υ are measured to be 111.2 GPa and 0.35, respectively. The specific work A e can be determined according to Eq. (6), while the value of L(ε)/L 0 can be determined by a method provided in Refs. [,], which is in a range of 0.2 to 0. 5 in this study.",
                        "Table 5 shows the predicted K IC and its comparison with the measured data. It is seen that the predicted values are close to the measured data, the largest relative error is 11.6%, which indicated that the model (Eq. (7)) has an ability to predict the fracture toughness of Ti-55531 alloy with different heat treatments. However, the predicted precision is relatively low for samples subjected to β solution plus aging treatments. This may be due to following two factors. The first is the measured value of L(ε)/L 0 is not very accurate because of more tortuous propagation paths. The second is the value of Young's modulus far below the 111.2 GPa if the sample treated by β solution plus aging treatments."
                    ],
                    "name": "Static coarsening mechanism of αs phase",
                    "type": "ce_section"
                }
            ],
            "name": "Discussion",
            "type": "ce_section"
        }
    ],
    "Title": "Microstructural evolution, mechanical properties and fracture toughness of near β titanium alloy during different solution plus aging heat treatments",
    "abstract": "Ti-55531 (Ti-5Al-5Mo-5V-3Cr-1Zr) is near beta titanium alloy, which plays a significant role in manufacturing landing gears and flap tracks in the aerospace industry. This study aims to find out an optimal heat treatment to obtain an excellent balance of strength, ductility and fracture toughness. For this purpose, the Ti-55531 alloy was subjected to solution plus aging treatments and mechanical properties tests. Optical microscope (OM), scanning electron microscope (SEM) and transmission electron microscope (TEM) were adopted to observe the microstructural evolution including morphology, distribution and size. Standard tensile and compact tension (CT) tests were carried out to obtain the yielding/tensile strength (YS, TS), elongation (EL) and fracture toughness (K-IC) of Ti-55531 alloy. The effects of solution temperature, aging temperature and time on the microstructural evolution and fractography were analyzed. The relationships between the mechanical properties and microstructures were qualitatively described. The influencing mechanism of plastic deformation and crack propagation path on the K-IC were discussed. Simultaneously, the values of YS and K-IC were predicted based on mechanical property models, the predicted values were compared with tested data. Finally, an optimal heat treatment was proposed for the Ti-55531 alloy, to obtain a good balance of strength, ductility and fracture toughness. (C) 2019 Elsevier B.V. All rights reserved."
}