{
    "DOI": "10.1016/j.jallcom.2024.175833",
    "Journal": "Journal of Alloys and Compounds",
    "Keywords": [
        "TiC-γ'/Ni-Fe-Cr composite",
        "Aging heat treatment",
        "Precipitates",
        "Mechanical properties",
        "Carbide transformation mechanism"
    ],
    "Sections": [
        {
            "content": [
                "The schematic diagram for the specimen extraction location and the dimensions of the tensile test samples are illustrated in Fig. 3. The metallographic samples were meticulously prepared through sandpaper grinding and mechanical polishing, followed by electrochemical etching in a solution of 48 ml H2SO4 + 40 ml HNO3 + 12 ml H3PO4, with the voltage set at 5 V for a duration of 3–5 s. A Hitachi S-4700 scanning electron microscope (SEM) was utilized to characterize the microstructure, fracture morphology, and fracture path of the samples. The phase composition was determined using X-ray diffraction (XRD, DX-2700) analysis, with a collection range of 20–100º. The transformation of carbides during the aging heat treatment and the orientation relationship of the precipitates were analyzed using an FEI-Themis Z Transmission Electron Microscope (TEM). The microhardness of the samples was measured using an HV-1000 type microhardness tester, applying a load of 500 g for a dwell time of 15 s. The tensile properties of the samples were assessed using an INSTRON-5967 universal testing machine equipped with a video extensometer, employing a loading rate of 0.2 mm/min."
            ],
            "name": "Microstructural characterization and performance testing",
            "type": "ce_section"
        },
        {
            "content": [
                {
                    "content": [
                        "Fig. 4 depicts the XRD results of the as-built and aging heat-treated samples. It was found that γ' phase and γ matrix are detected on the diffraction peaks of (111), (200), (220), and (311). The peak intensity of (200) was the highest among all peaks, particularly in the as-built sample. This suggests a pronounced texture of (200) in the samples, which can be attributed to their alignment with the <100> grain orientation along the building direction . Furthermore, the peak of (111) was detected to correspond to the TiC phase, as presented in Fig. 4(b). It can be observed that the diffraction peak angle of the TiC phase in the aging heat-treated samples is lower than that in the as-built sample. With increasing aging time, the diffraction peak intensity slightly increases, indicating that the TiC phase undergoes a decomposition reaction under aging treatment. From Fig. 4(c), it can be observed that a new diffraction peak of (422) was detected, which corresponded to the Cr23C6 phase. This phase was not detected in the as-built sample and only appeared in the aging heat-treated samples. Additionally, with increasing aging time, the intensity of this diffraction peak slightly increased, indicating an increase in the content of Cr23C6 phase. Those results indicate that the transformation from metastable TiC to the Cr23C6 phase occurred during the aging heat treatment, consistent with the literature conducted by Zhang et al."
                    ],
                    "name": "Phases",
                    "type": "ce_section"
                },
                {
                    "content": [
                        "The microstructure and EDS line scanning results of the as-built and aging heat-treated samples are depicted in Fig. 5. Fig. 6 illustrates the EDS map scanning results. In the as-built sample, a quasi-continuous network distribution of bright white precipitates can be observed along the interdendritic regions, characterized by the morphologies of feathers, long strips, and fish bones. Based on the analysis of XRD results, EDS line scanning results, and EDS map scanning results, these precipitates were identified as TiC phases, which were formed through an in-situ reaction between SiC and Ti particles. The mechanism of the in-situ reaction has been thoroughly discussed in our previous work . Following aging heat treatments, a portion of the TiC phase underwent transformation into a eutectic-like mixed phase that exhibited a continuous distribution along grain boundaries. From Fig. 5(b1)- (e1), it is evident that the mixed phases exhibit two distinct regions, characterized by dark black and bright white features. The EDS line scanning results reveal an increased proportion of Cr element in the black feature region within the mixed phase, suggesting its association with the Cr23C6 phase. Additionally, the white feature region demonstrates a higher proportion of Ti element compared to the matrix, while the Al element shows significant fluctuations at this position. Hence, it is speculated that the white feature region contains both TiC and γ' phases. The EDS map scanning results reveal an enrichment of Ti, Cr, and Al elements at the locations of the mixed phases. Specifically, the location of the Ti element represents the distribution of the TiC phase, the location of the Cr element denotes the Cr23C6 phase distribution, and the location of the Al element indicates the γ' phase distribution. Therefore, based on a comprehensive analysis of the EDS line and map scanning results, it is inferred that the mixed phases comprise TiC, Cr23C6, and γ' phases.",
                        "To further elucidate the carbide transformation and determine the composition of the mixed phases after aging heat treatment, TEM analysis was conducted on the sample aged for 6 hours, with the results presented in Fig. 7. A short rod-like precipitate, measuring approximately 2 μm in length, was observed in Fig. 7(a). The EDS mapping results for region b demonstrate that the rod-like precipitate corresponds to the TiC phase, exhibiting an enrichment in Ti and C elements, as illustrated in Fig. 7(b1) and (b2). Furthermore, it can be observed from Fig. 7(b3) that some nanoscale Cr-enriched Cr23C6 precipitates are distributed surrounding the TiC phase. In the magnified image of the “Area-c”, a distinct transition layer is observed at the lower edge of the TiC phase, predominantly comprising the Cr23C6 carbides and a long-strip shape γ' phase, as demonstrated in Fig. 7(c). The orientation relationship between TiC and Cr23C6 phases was analyzed using High-Resolution Transmission Electron Microscopy (HRTEM), as demonstrated in Fig. 7(d). The fast Fourier transform (FFT) image and the inverse fast Fourier transform (IFFT) image of the TiC phase are presented in Fig. 7(e) and (f), respectively. It was observed that the crystal plane spacing of the (-111) crystal plane in the TiC phase measured 0.249 nm. Similarly, the crystal plane spacing of (-422) crystal plane in the Cr23C6 phase was measured to be 0.216 nm, based on the FFT image (Fig. 7(g)) and IFFT image(Fig. 7(h)) of the Cr23C6 phase. The FFT diffraction patterns of area-j reveal a small angle of 9° between the (1−11) TiC and (4−2−2) Cr23C6 interfaces. Therefore, the orientation relationship between TiC and Cr23C6 is roughly approximated as (1−11) TiC//(4−2−2) Cr23C6. Furthermore, a significant number of dislocations can be observed at the interface between TiC and Cr23C6 phases, as depicted in Fig. 7(k). As for the Cr23C6/γ' interface, the selected area diffraction pattern of area-i confirms the coherent orientation relationship between Cr23C6 and γ', following an orientation relationship of (02−4) Cr23C6 // (01−1) γ' and (200) Cr23C6//(200) γ'. Moreover, the crystal plane spacing of the (200) crystal plane in the Cr23C6 phase is approximately three times that of the γ' phase, consistent with the previous literature . Therefore, based on the TEM results, it can be inferred that the mixed phase with a TiC/Cr23C6/γ'/γ transitional layer structure was formed through the TiC+γ→Cr23C6+γ′ reaction during the aging heat treatment.",
                        "To quantitatively analyze the effect of aging time on the carbide transformation from TiC to Cr23C6, the SEM images (Fig. 5(a)- (e)) were binarized, as depicted in Fig. 8(a)- (e). The area fraction of the carbides at different aging times was determined using Image-Pro Plus software, the results are presented in Fig. 8(f). For the as-built sample, the area fraction of the TiC phase was 6.32 %. After the aging heat treatments, a portion of TiC transformed into Cr23C6 carbide through the reaction TiC+γ→Cr23C6+γ′. With prolonged aging time, the ongoing reaction leads to an increased proportion of the mixed carbides. Specifically, the proportion of TiC decreases while that of Cr23C6 increases. In addition, as the proportion of Cr23C6 carbides increased, they exhibited a continuous aggregated distribution along grain boundaries, particularly evident in Fig. 8(d) and (e).",
                        "The morphologies of the γ' phases in the as-built and aging heat-treated samples are depicted in Fig. 9. The size of the γ' phase at different aging times was determined using the Nano Measurer software, and the corresponding statistical results are presented in Fig. 9(f). The TEM dark-field image of Fig. 9(a) reveals a spherical morphology of the γ' phase in the as-built sample, with an average size of 10.2 nm. After the aging treatment, a noticeable coarsening of the γ' phase was observed. As the aging time increased, its morphology remained spherical while its size continued to increase. Furthermore, the size distribution of the γ' phase becomes increasingly heterogeneous during the process of coarsening, which can be attributed to the phenomenon of Ostwald ripening . Specifically, the coarsening process is primarily governed by the diffusion of Al and Ti elements, wherein larger particles undergo growth while smaller particles dissolve and contribute essential elements such as Al and Ti. This phenomenon is summarized as the LSW theory proposed by Lifshitz, Slyozov, and Wagner, which can be expressed as follow : d3−d03=kcot where the average diameters of the γ' precipitation phase at the beginning of coarsening and at time t after the start of coarsening are denoted as d 0 and d, respectively. k co represents the rate of coarsening. The cubic value of the average diameters of γ' phase versus t follows an approximately linear relationship, indicating that the coarsening behavior of the γ' precipitates in this study conforms to the LSW theory."
                    ],
                    "name": "Microstructure",
                    "type": "ce_section"
                },
                {
                    "content": [
                        "Fig. 10 illustrates the microhardness of the as-built and aging heat-treated samples. The microhardness distribution along the building direction exhibits a remarkable uniformity, as depicted in Fig. 10(a). The microhardness of the as-built sample is measured to be 373.8 ± 22.8 HV. After aging heat treatment, the microhardness initially increases and subsequently decreases. The increase in microhardness is primarily attributed to the extensive precipitation and continuous coarsening of the γ' phase after aging, accompanied by an increasing proportion of carbides, thereby enhancing the precipitation-strengthening effect. The aging heat treatment simultaneously eliminates internal stresses and dislocations within the as-built sample, resulting in partial recovery and a subsequent decrease in microhardness. Ultimately, at an aging time of 12 h, the sample exhibits the highest microhardness (403.1 ± 17.8 HV).",
                        "The engineering stress-strain curves and tensile properties of the samples at different aging times are presented in Fig. 11. The as-built sample exhibited an ultimate tensile strength (UTS) of 947.4 ± 32.2 MPa and an elongation (EL) of 5.91 ± 0.52 %. After aging heat treatment, the UTS of the samples initially increased and then decreased, while the EL continuously decreased with the extension of aging time. At an aging time of 6 h, the sample exhibits the highest UTS (979.4 ± 17.2 MPa). Based on the analysis of the microstructure of the aging treated samples, it can be found that the transformation of the carbides and the coarsening of the γ' phase significantly impact the mechanical properties of the samples.",
                        "The fracture mechanisms were analyzed by examining the fracture path and fracture morphologies using SEM, as illustrated in Fig. 12. From Fig. 12(a), it can be observed that the tensile fracture path of the as-built sample primarily extends along the locations where the interdendritic TiC phase is distributed. The fracture surface is predominantly characterized by cleavage facets and dimples, with broken TiC phases dispersed around the dimples. After aging heat treatment, the tensile fracture predominantly propagates along the mixed phases composed of TiC, Cr23C6, and γ' phases. Notably, a significant number of the mixed phases were observed along the fracture path in samples aged for 24 h and 48 h, as depicted in Fig. 12(d) and (e). This observation suggests that the strength of the mixed phases is lower compared to that of the TiC phase. The fracture morphologies predominantly exhibit a dendritic crystal pattern, indicating that the aging tensile fracture mode is primarily characterized by intergranular brittle fracture. Additionally, broken carbides are observed upon high magnification examination of the fracture surface. Therefore, based on the comprehensive analysis of the tensile results, fracture path, and fracture morphology, it is inferred that the mixed phases resulting from MC decomposition, continuously distributed along the grain boundaries, significantly compromise the mechanical properties of the composite, particularly its toughness."
                    ],
                    "name": "Mechanical properties",
                    "type": "ce_section"
                }
            ],
            "name": "Results",
            "type": "ce_section"
        },
        {
            "content": [
                {
                    "content": [
                        "Fig. 4 depicts the XRD results of the as-built and aging heat-treated samples. It was found that γ' phase and γ matrix are detected on the diffraction peaks of (111), (200), (220), and (311). The peak intensity of (200) was the highest among all peaks, particularly in the as-built sample. This suggests a pronounced texture of (200) in the samples, which can be attributed to their alignment with the <100> grain orientation along the building direction . Furthermore, the peak of (111) was detected to correspond to the TiC phase, as presented in Fig. 4(b). It can be observed that the diffraction peak angle of the TiC phase in the aging heat-treated samples is lower than that in the as-built sample. With increasing aging time, the diffraction peak intensity slightly increases, indicating that the TiC phase undergoes a decomposition reaction under aging treatment. From Fig. 4(c), it can be observed that a new diffraction peak of (422) was detected, which corresponded to the Cr23C6 phase. This phase was not detected in the as-built sample and only appeared in the aging heat-treated samples. Additionally, with increasing aging time, the intensity of this diffraction peak slightly increased, indicating an increase in the content of Cr23C6 phase. Those results indicate that the transformation from metastable TiC to the Cr23C6 phase occurred during the aging heat treatment, consistent with the literature conducted by Zhang et al."
                    ],
                    "name": "Phases",
                    "type": "ce_section"
                },
                {
                    "content": [
                        "The microstructure and EDS line scanning results of the as-built and aging heat-treated samples are depicted in Fig. 5. Fig. 6 illustrates the EDS map scanning results. In the as-built sample, a quasi-continuous network distribution of bright white precipitates can be observed along the interdendritic regions, characterized by the morphologies of feathers, long strips, and fish bones. Based on the analysis of XRD results, EDS line scanning results, and EDS map scanning results, these precipitates were identified as TiC phases, which were formed through an in-situ reaction between SiC and Ti particles. The mechanism of the in-situ reaction has been thoroughly discussed in our previous work . Following aging heat treatments, a portion of the TiC phase underwent transformation into a eutectic-like mixed phase that exhibited a continuous distribution along grain boundaries. From Fig. 5(b1)- (e1), it is evident that the mixed phases exhibit two distinct regions, characterized by dark black and bright white features. The EDS line scanning results reveal an increased proportion of Cr element in the black feature region within the mixed phase, suggesting its association with the Cr23C6 phase. Additionally, the white feature region demonstrates a higher proportion of Ti element compared to the matrix, while the Al element shows significant fluctuations at this position. Hence, it is speculated that the white feature region contains both TiC and γ' phases. The EDS map scanning results reveal an enrichment of Ti, Cr, and Al elements at the locations of the mixed phases. Specifically, the location of the Ti element represents the distribution of the TiC phase, the location of the Cr element denotes the Cr23C6 phase distribution, and the location of the Al element indicates the γ' phase distribution. Therefore, based on a comprehensive analysis of the EDS line and map scanning results, it is inferred that the mixed phases comprise TiC, Cr23C6, and γ' phases.",
                        "To further elucidate the carbide transformation and determine the composition of the mixed phases after aging heat treatment, TEM analysis was conducted on the sample aged for 6 hours, with the results presented in Fig. 7. A short rod-like precipitate, measuring approximately 2 μm in length, was observed in Fig. 7(a). The EDS mapping results for region b demonstrate that the rod-like precipitate corresponds to the TiC phase, exhibiting an enrichment in Ti and C elements, as illustrated in Fig. 7(b1) and (b2). Furthermore, it can be observed from Fig. 7(b3) that some nanoscale Cr-enriched Cr23C6 precipitates are distributed surrounding the TiC phase. In the magnified image of the “Area-c”, a distinct transition layer is observed at the lower edge of the TiC phase, predominantly comprising the Cr23C6 carbides and a long-strip shape γ' phase, as demonstrated in Fig. 7(c). The orientation relationship between TiC and Cr23C6 phases was analyzed using High-Resolution Transmission Electron Microscopy (HRTEM), as demonstrated in Fig. 7(d). The fast Fourier transform (FFT) image and the inverse fast Fourier transform (IFFT) image of the TiC phase are presented in Fig. 7(e) and (f), respectively. It was observed that the crystal plane spacing of the (-111) crystal plane in the TiC phase measured 0.249 nm. Similarly, the crystal plane spacing of (-422) crystal plane in the Cr23C6 phase was measured to be 0.216 nm, based on the FFT image (Fig. 7(g)) and IFFT image(Fig. 7(h)) of the Cr23C6 phase. The FFT diffraction patterns of area-j reveal a small angle of 9° between the (1−11) TiC and (4−2−2) Cr23C6 interfaces. Therefore, the orientation relationship between TiC and Cr23C6 is roughly approximated as (1−11) TiC//(4−2−2) Cr23C6. Furthermore, a significant number of dislocations can be observed at the interface between TiC and Cr23C6 phases, as depicted in Fig. 7(k). As for the Cr23C6/γ' interface, the selected area diffraction pattern of area-i confirms the coherent orientation relationship between Cr23C6 and γ', following an orientation relationship of (02−4) Cr23C6 // (01−1) γ' and (200) Cr23C6//(200) γ'. Moreover, the crystal plane spacing of the (200) crystal plane in the Cr23C6 phase is approximately three times that of the γ' phase, consistent with the previous literature . Therefore, based on the TEM results, it can be inferred that the mixed phase with a TiC/Cr23C6/γ'/γ transitional layer structure was formed through the TiC+γ→Cr23C6+γ′ reaction during the aging heat treatment.",
                        "To quantitatively analyze the effect of aging time on the carbide transformation from TiC to Cr23C6, the SEM images (Fig. 5(a)- (e)) were binarized, as depicted in Fig. 8(a)- (e). The area fraction of the carbides at different aging times was determined using Image-Pro Plus software, the results are presented in Fig. 8(f). For the as-built sample, the area fraction of the TiC phase was 6.32 %. After the aging heat treatments, a portion of TiC transformed into Cr23C6 carbide through the reaction TiC+γ→Cr23C6+γ′. With prolonged aging time, the ongoing reaction leads to an increased proportion of the mixed carbides. Specifically, the proportion of TiC decreases while that of Cr23C6 increases. In addition, as the proportion of Cr23C6 carbides increased, they exhibited a continuous aggregated distribution along grain boundaries, particularly evident in Fig. 8(d) and (e).",
                        "The morphologies of the γ' phases in the as-built and aging heat-treated samples are depicted in Fig. 9. The size of the γ' phase at different aging times was determined using the Nano Measurer software, and the corresponding statistical results are presented in Fig. 9(f). The TEM dark-field image of Fig. 9(a) reveals a spherical morphology of the γ' phase in the as-built sample, with an average size of 10.2 nm. After the aging treatment, a noticeable coarsening of the γ' phase was observed. As the aging time increased, its morphology remained spherical while its size continued to increase. Furthermore, the size distribution of the γ' phase becomes increasingly heterogeneous during the process of coarsening, which can be attributed to the phenomenon of Ostwald ripening . Specifically, the coarsening process is primarily governed by the diffusion of Al and Ti elements, wherein larger particles undergo growth while smaller particles dissolve and contribute essential elements such as Al and Ti. This phenomenon is summarized as the LSW theory proposed by Lifshitz, Slyozov, and Wagner, which can be expressed as follow : d3−d03=kcot where the average diameters of the γ' precipitation phase at the beginning of coarsening and at time t after the start of coarsening are denoted as d 0 and d, respectively. k co represents the rate of coarsening. The cubic value of the average diameters of γ' phase versus t follows an approximately linear relationship, indicating that the coarsening behavior of the γ' precipitates in this study conforms to the LSW theory."
                    ],
                    "name": "Microstructure",
                    "type": "ce_section"
                },
                {
                    "content": [
                        "Fig. 10 illustrates the microhardness of the as-built and aging heat-treated samples. The microhardness distribution along the building direction exhibits a remarkable uniformity, as depicted in Fig. 10(a). The microhardness of the as-built sample is measured to be 373.8 ± 22.8 HV. After aging heat treatment, the microhardness initially increases and subsequently decreases. The increase in microhardness is primarily attributed to the extensive precipitation and continuous coarsening of the γ' phase after aging, accompanied by an increasing proportion of carbides, thereby enhancing the precipitation-strengthening effect. The aging heat treatment simultaneously eliminates internal stresses and dislocations within the as-built sample, resulting in partial recovery and a subsequent decrease in microhardness. Ultimately, at an aging time of 12 h, the sample exhibits the highest microhardness (403.1 ± 17.8 HV).",
                        "The engineering stress-strain curves and tensile properties of the samples at different aging times are presented in Fig. 11. The as-built sample exhibited an ultimate tensile strength (UTS) of 947.4 ± 32.2 MPa and an elongation (EL) of 5.91 ± 0.52 %. After aging heat treatment, the UTS of the samples initially increased and then decreased, while the EL continuously decreased with the extension of aging time. At an aging time of 6 h, the sample exhibits the highest UTS (979.4 ± 17.2 MPa). Based on the analysis of the microstructure of the aging treated samples, it can be found that the transformation of the carbides and the coarsening of the γ' phase significantly impact the mechanical properties of the samples.",
                        "The fracture mechanisms were analyzed by examining the fracture path and fracture morphologies using SEM, as illustrated in Fig. 12. From Fig. 12(a), it can be observed that the tensile fracture path of the as-built sample primarily extends along the locations where the interdendritic TiC phase is distributed. The fracture surface is predominantly characterized by cleavage facets and dimples, with broken TiC phases dispersed around the dimples. After aging heat treatment, the tensile fracture predominantly propagates along the mixed phases composed of TiC, Cr23C6, and γ' phases. Notably, a significant number of the mixed phases were observed along the fracture path in samples aged for 24 h and 48 h, as depicted in Fig. 12(d) and (e). This observation suggests that the strength of the mixed phases is lower compared to that of the TiC phase. The fracture morphologies predominantly exhibit a dendritic crystal pattern, indicating that the aging tensile fracture mode is primarily characterized by intergranular brittle fracture. Additionally, broken carbides are observed upon high magnification examination of the fracture surface. Therefore, based on the comprehensive analysis of the tensile results, fracture path, and fracture morphology, it is inferred that the mixed phases resulting from MC decomposition, continuously distributed along the grain boundaries, significantly compromise the mechanical properties of the composite, particularly its toughness."
                    ],
                    "name": "Mechanical properties",
                    "type": "ce_section"
                }
            ],
            "name": "Results",
            "type": "ce_section"
        },
        {
            "content": [
                "Based on the analysis of microstructure, tensile results, and tensile fracture, it has been found that the mixed phases resulting from MC decomposition, which are continuously distributed along the grain boundaries, significantly compromise the toughness of the composite. Consequently, subsequent investigations will primarily focus on elucidating the mechanism of carbide transformation from TiC to Cr23C6 and its impact on the mechanical properties.",
                {
                    "content": [
                        "The microstructure analysis of the aging samples revealed that the TiC carbide underwent decomposition, forming a TiC/Cr23C6/γ'/γ transition layer, as depicted in Fig. 13(a). The distribution of the elements in the transition layer is illustrated in Fig. 13(b)-(g). Specifically, A trend of gradient decrease of Ti and C elements from TiC phase to the transition layer can be observed, indicating that the decomposition reaction of TiC is a process of elemental diffusion . The activation energies for different elements during the diffusion process can be determined by the Arrhenius equation , which is expressed as follows: D=D0exp.(−Q/RT) lnD=lnD0−Q/RT where Q denotes the activation energy of diffusion (103 J/mol), D 0 represents the diffusion constant (m2/s), T is the temperature (K), and R represents the real gas constant (8.314 J/mol/K). Based on the Arrhenius equation, the activation energy for atom diffusion decreases at an aging temperature of 850 ºC compared to room temperature, accelerating the interdiffusion of the elements between the TiC phase and the matrix.",
                        "Fig. 14 illustrates the schematic diagram of the transformation process from TiC to Cr23C6 carbide. During the aging process, metastable TiC initially decomposed, releasing C and Ti atoms. Simultaneously, under high-temperature conditions, the diffusion of Cr, Al, and Ni elements towards the TiC phase was facilitated. Cr element rapidly combined with C element to form Cr23C6 carbide surrounding TiC, while the accumulation of Ni, Al, and Ti elements around Cr23C6 facilitated the precipitation of γ' phase. As a result, it can be concluded that the TiC transformed into Cr23C6 carbide through the TiC+γ→Cr23C6+γ′ reaction, and a TiC/Cr23C6/γ'/γ transition layer was formed."
                    ],
                    "name": "Mechanism of carbide transformation from TiC to Cr23C6",
                    "type": "ce_section"
                },
                {
                    "content": [
                        "The analysis of the tensile fracture mechanism revealed that the fracture predominantly propagates along the mixed phases composed of TiC, Cr23C6, and γ'. This indicates that the interfaces within the mixed phases can significantly affect the mechanical properties. Consequently, an in-depth investigation into this complex multiphase interface structure was conducted using first-principles calculations. Firstly, based on the TEM analysis results, the interface structures of Ni (200)/TiC (200), Cr23C6 (4−2−2)/TiC (1−11), and γ' (200)/Cr23C6 (200) were constructed, as depicted in Fig. 15. To evaluate the impact of these multi-interface structures on the mechanical properties of the composite, the ideal work of adhesion W ad was calculated for each interface, which can be determined using the following equation: Wad=EA+EB−EA/BS Where, W ad represents the ideal work of adhesion, E A denotes the surface energy of A phase, E B represents the surface energy of B phase, E A/B is the total energy of the A/B interface, and S denotes the area of the interface. Based on the Eq. (4), the W ad of each interface was calculated, and the results are listed in Table 3. It can be found that the W ad for the γ' (200)/Cr23C6 (200) interface exhibits the lowest value, indicating a relatively weak strength of this interface. Consequently, during tensile testing, cracks are more likely to initiate at the γ' (200)/Cr23C6 (200) interface, which will compromise the tensile properties of the composite."
                    ],
                    "name": "Effect of the mixed phases on the mechanical properties",
                    "type": "ce_section"
                }
            ],
            "name": "Discussions",
            "type": "ce_section"
        }
    ],
    "Title": "Mechanism of carbide transformation and its impact on the mechanical properties of electron beam freeform fabricated TiC-γ'/Ni-Fe-Cr composite during aging treatment",
    "abstract": "The inherent instability of the microstructure in nickel matrix composites fabricated via additive manufacturing limits their application in high-temperature environments. This research proposed and prepared a Ni-Fe-Cr matrix composite reinforced with in-situ micron-size TiC and nano-size gamma' phases using electron beam freeform fabrication (EBF3) with nickel-based powder-cored wire. To attain a stable microstructure at high temperature, the deposited composite was subjected to aging treatment for different durations. The mechanism of carbide transformation from TiC to Cr23C6 and its influence on the mechanical properties were thoroughly investigated. After aging heat treatment, the gamma' particles coarsened from around 10 nm to over 100 nm. TiC phase partially decomposed and transformed into Cr23C6 carbides through the TiC+gamma -> Cr23C6+gamma ' reaction. A distinct Cr23C6/gamma'/gamma transition layer was formed around the TiC phase. The ideal work of adhesion of the phase interfaces was calculated by first-principles calculations, and the gamma' (200)/Cr23C6 (200) interface exhibits the lowest value. With prolonged aging time, the ongoing reaction leads to an increased proportion of mixed carbides, exhibiting a continuous aggregated distribution along grain boundaries. This phenomenon adversely affects the toughness due to weak bonding at the gamma'/Cr23C6 interface. As a result, the ultimate tensile strength of the aging treated composites initially increased and then decreased, while the elongation continuously decreased with the extension of aging time."
}