{
    "DOI": "10.1016/j.jallcom.2024.175905",
    "Journal": "Journal of Alloys and Compounds",
    "Keywords": [
        "Rare earth element",
        "Corrosion resistance",
        "Corrosion mechanism",
        "Cu-12.5Ni-5Sn alloy"
    ],
    "Sections": [
        {
            "content": [
                {
                    "content": [
                        "Fig. 1 shows the typical metallographic topography of Cu-12.5Ni-5Sn-xY alloy after Y addition. The microstructure of the alloy exhibited a typical equiaxial crystal structure with a twinned crystalline microstructure. According to relevant literature , the alloy microstructure comprised the α-phase (Cu solid solution) and the γ-phase (CuNi2Sn). With the addition of Y, the grain size of the alloy decreased significantly and gradually homogenized. Upon the addition of 1.0 wt% Y, the grain size became the most homogeneous. Concurrently, the lamellar γ-phase in the dark region was gradually fine and diffusely distributed, which indicating that the addition of Y promotes homogenization of the alloy structure.",
                        "Fig. 2 shows the typical SEM topography and elemental surface distribution of CNS-1.0Y, where (a) is the topography of the polished uncorroded specimen of CNS-1.0Y, and (b) is the topography of the metallurgical corroded specimen after polishing. It was evident that the CNS-1.0Y still exhibited Ni and Sn elemental segregation in the local regions, corresponding to the lamellar γ phase in Fig. 1. EDS analysis of points A and B in Fig. 2 revealed that a portion of Y in the alloy existed in a free state, while another portion of Y formed an intermetallic compound present in the matrix, inferred from the XRD results to be the NiY3 phase. Based on relevant research , the atomic radius of rare earth was larger than that of Cu, and rare earth atoms easily filled in the surface defects of the new phase of grains, hindering the continuous growth of grains, thus refining their grains. Additionally, during grain growth, the second phase dispersed in the matrix had a pinning effect on the grain boundary movement, hindering grain growth and also refining the grain."
                    ],
                    "name": "Microstructure of materials",
                    "type": "ce_section"
                },
                {
                    "content": [
                        "In order to investigate the effect of Y addition on the corrosion resistance of Cu-12.5Ni-5Sn-xY alloy, polarization tests were conducted in a 3.5 wt% NaCl solution, and the resulting polarization curves were illustrated in Fig. 3. It can be seen that compared to the CNS, the passivation intervals on the anodic polarization curves of the alloys after the addition of Y gradually became wider, which indicated that the corrosion product layer is more and more difficult to penetrate, enhancing the protection of the alloy. Additionally, the latter part of the anodic polarization curves of the CNS-0.7Y and CNS-1.0Y tended to stabilize, possibly due to reaching a dynamic equilibrium between corrosion layer breakage and repair on the alloy surface at this stage. The corrosion current density I corr of the materials can be obtained by Tafel extrapolation ( Table 2), with the corrosion current density decreasing in the order: CNS＞CNS-0.1Y＞CNS-0.4Y＞CNS-0.7Y＞CNS-1.0Y. Notably, the CNS-1.0Y exhibited the lowest corrosion current density, which means that the corrosion rate is the smallest.",
                        "In order to further quantify the corrosion resistance of the compared materials, the corrosion rate (CR) of the alloys with different Y additions was calculated by the formula as shown in Eq. (1) : CR=3269MIcorrnρ Where: M (g/mol) is the molecular weight; I corr (A/cm2) is the corrosion current density; n is the charge transfer number of the reactant; ρ (g/cm3) is the density. The calculated electrochemical parameters are shown in Table 2. Among them, CNS had the highest corrosion rate of about 0.271 mm/a and the poorest corrosion resistance. Conversely, CNS-1.0Y demonstrated the lowest corrosion rate of about 0.178 mm/a and the best corrosion resistance. According to the classification of corrosion resistance grade of metal materials in Reference , Cu-12.5Ni-5Sn-xY alloy has good performance."
                    ],
                    "name": "Corrosion resistance",
                    "type": "ce_section"
                },
                {
                    "content": [
                        {
                            "content": [
                                "Fig. 4 shows the XRD pattern of Cu-12.5Ni-5Sn-xY alloy before and after corrosion. From Fig. 4a, it can be seen that the phases of CNS and CNS-0.1Y before corrosion were mainly composed of α-phase (Cu solid solution) and γ-phase (CuNi2Sn). Upon the addition of Y, new weak diffraction peaks appeared in the spectra of CNS-0.4Y, CNS-0.7Y, and CNS-1.0Y. Comparison with the standard PDF card revealed the presence of the intermetallic compound NiY3, while the weak diffraction peak of the γ-phase (CuNi2Sn) gradually diminished, indicating that the addition of Y inhibits Sn segregation to some extent, consistent with the phenomenon observed in Fig. 1. The phase of Cu-12.5Ni-5Sn-xY alloy after corrosion was mainly composed of CuCl, Cu2(OH)3Cl, Cu2O, SnO, and NiO, but the weak diffraction peaks of Y2O3 and CuO appeared in the spectrum of CNS-1.0Y. Y2O3 is a dense rare earth oxide that formed a corrosion product layer with Cu2(OH)3Cl, Cu2O, CuO and so on. When covering the alloy surface, it could effectively hinder the penetration of corrosive ions and improve the corrosion resistance of the alloy. Additionally, the relative intensity of the weak diffraction peak of Cu2(OH)3Cl gradually decreased with the addition of Y. Cu2(OH)3Cl is a loose and porous corrosion product that offers limited protection for the alloy. This indicated that the addition of Y may catalyze the formation of dense products, thereby improving the corrosion resistance of the alloy."
                            ],
                            "name": "Phase composition",
                            "type": "ce_section"
                        },
                        {
                            "content": [
                                "Fig. 5 shows the 3D topography and surface roughness of a typical corroded surface of Cu-12.5Ni-5Sn-xY alloy. It could be seen that the CNS without the addition of Y had the deepest corrosion pits, with the maximum corrosion pit depth of about 175 μm, whereas the corrosion pit depths of the four materials with the addition of Y (CNS-0.1Y, CNS-0.4Y, CNS-0.7Y, CNS-1.0Y) were all shallower to varying degrees, with the maximum depths of the corrosion pits of about 135 μm, 120 μm, 117 μm, and 96.9 μm, respectively. The comparison reveals that CNS-1.0Y had the shallowest maximum corrosion pit depth, which was about 44.6 % lower than that of the alloy without Y addition. Meanwhile, the corroded surface roughness of CNS-1.0Y was the smallest, about 1.45 μm, indicating that the surface corrosion pit of CNS-1.0Y is smaller, and the corrosion product layer is flatter, providing the best corrosion resistance.",
                                "Fig. 6 shows the low-magnification SEM topography of typical corroded surface of Cu-12.5Ni-5Sn-xY alloy with different Y additions. As can be seen from the figure, the surface corroded of the CNS without the addition of Y was severe, with large-scale flaking of corrosion products observed and the layer exhibited poor adhesion to the substrate, lacking an effective corrosion product layer to protect the alloy. With the addition of Y, the corrosion resistance of the alloy began to improve significantly. A large amount of granular material attachment was observed on the surface of CNS-0.1Y, and a continuous layer of corrosion products began to form in localized areas on the surface of CNS-0.4Y, and enhanced bonding between the layer and the substrate, and enhanced protection of the substrate. The CNS-0.7Y and CNS-1.0Y displayed relatively complete layer of corrosion products, with numerous needle-like substances attached to the surface of the dense layer. This formed a multilayer protection for the alloy, effectively hindered further erosion of the substrate by corrosive ions such as Cl⁻. The needle-like material on the surface of the corrosion product layer of the CNS-1.0Y was more uniform than that of the CNS-0.7Y, resulting in better corrosion resistance for the CNS-1.0Y. Additionally, tiny pitting holes were observed on the surface of CNS-0.7Y and CNS-1.0Y, which might be due to Y preferentially forming larger intermetallic compound particles with elements such as Ni (Fig. 2b), resulting in increased local potential differences in the alloy, which preferentially corroded to form pitting pits.",
                                "Fig. 7 shows the low-magnification SEM topography of a typical corroded cross-section of Cu-12.5Ni-5Sn-xY alloy. With the addition of Y, the number of corrosion pits on the surface of the alloy was obviously reduced and the corroded surface gradually became flat, Additionally, it was observed that a corrosion product layer formed on the surface of CNS-0.7Y and CNS-1.0Y, while there was almost no uniform corrosion product layer on the surface of the remaining alloys to protect them. This indicated that the corrosion product layer formed on the alloy surface exhibits improved adhesion to the substrate, thereby enhancing the corrosion resistance of the alloy."
                            ],
                            "name": "The topography of the corroded surfaces",
                            "type": "ce_section"
                        },
                        {
                            "content": [
                                "Fig. 8 shows the high-magnification SEM topography and elemental surface distribution of a typical corroded surface of Cu-12.5Ni-5Sn-xY alloy. EDS analysis of the corroded topography of the alloy surface showed that the distribution of Ni and Sn elements on the corroded surface of CNS mainly corresponded to O elements. At the same time, it was observed that there was no distribution of Sn elements in the corrosion pits of the CNS and CNS-0.1Y, as indicated by the arrows in Fig. 8, suggesting that Sn preferentially corroded and dissolved. With the addition of Y, the distribution of elements on the corroded surface of the alloy tended to be more uniform, especially the uniform distribution of Ni and Sn elements, which indicated that the corrosion product layer on the surface of the alloy gradually became uniform. Meanwhile, the granular and needle-like materials attached to the corroded surface of the CNS-0.1Y and CNS-0.4Y mainly consist of elements such as Cu, Cl, and O, with less distribution of Y element. However, the corroded surface of the CNS-0.7Y and CNS-1.0Y exhibited a higher distribution of Y element, indicating the participation of the Y element in the corrosion reaction. Combine with the XRD results, it was inferred that Y2O3 is formed and cover the alloy surface to protect the alloy. When adding 1.0 wt% Y, the element distribution was the most uniform, which indicated that the corrosion product layer formed on the surface of the alloy is more uniform and complete, effectively covers the surface of the alloy to hinder the corrosion of corrosive ions, better protect the alloy matrix, and has the best corrosion resistance. These findings are consistent with the results of the previous dynamic potential polarization test.",
                                "The high-magnification SEM topography and elemental distribution of a typical corroded cross-section of Cu-12.5Ni-5Sn-xY alloy are shown in Fig. 9. The EDS analysis of the corroded cross-section of the alloy showed a local dense distribution of Ni and Sn on the surface around the corrosion pit of the CNS and in the alloy matrix. There was a slight distribution of Ni and Sn at the bottom of the corrosion pit, and Cu was distributed in the upper part of the corrosion pit, corresponding to the elemental distributions on the corroded surface of the alloys in Fig. 8. With the addition of Y, the distribution of Ni and Sn elements on the corroded surface and the alloy matrix became more uniform. In the corroded cross-section of CNS-1.0Y, the existence of corrosion products was found in the corrosion pit, effectively protected the alloy and impeded further deepening of the corrosion pit, as shown in Fig. 9e, and the element distribution in the corrosion product appeared stratification. Ni and its oxides were mainly distributed at the interface between the bottom of the corrosion product layer and the alloy. The middle layer of the corrosion product layer mainly consisted of Sn and its oxides, with trace amounts of Cu, and most of Cu and its oxides were distributed in the surface layer of the corrosion product layer, which was consistent with the report in the literature , as indicated by the arrow in the element distribution map in Fig. 9e. Furthermore, bright spots of element Y were observed in the surface layer, and the bright spots of element Y correspond to the prominent position of the bright spots of O element. Combine with the XRD results, it was inferred that the Y involved in the reaction may eventually exist in the form of Y2O3.",
                                "The SEM topography and line scanning results of the corroded cross-section of CNS-1.0Y are shown in Fig. 10. It was evident that the surface of CNS-1.0Y was covered with a complete corrosion product layer and the corroded surface was relatively smooth. The convex part of the corroded surface may be the attached needle-like material. The line scanning analysis of the corroded cross section of the alloy from point 1 to point 2 indicated that the distribution position of O element in the corrosion product layer corresponded to Y element. Combine with XRD results, the presence of Y2O3 in the corrosion products is confirmed."
                            ],
                            "name": "Element surface distribution of the corroded surface",
                            "type": "ce_section"
                        },
                        {
                            "content": [
                                "In order to study the corrosion mechanism and layer formation process of Cu-12.5Ni-5Sn-xY alloy in 3.5 wt% NaCl solution, EIS analysis was conducted on the alloy immersed for 5 days at open circuit potential. The results are shown in Fig. 11 and the equivalent circuit models are shown in Fig. 12. It could be seen that the diameter of the capacitance semicircle gradually increased with the addition of Y, indicating that the corrosion resistance of Cu-12.5Ni-5Sn-xY alloy in NaCl solution is enhanced. This is consistent with the gradual thickening of the layer formed on the surface as observed by the Fig. 9. Rs is the resistance of the solution, Rf represents the resistance due to water penetration into the pores of the layer, and Rct is the charge transfer resistance with a high resistance value. The values of the fitting parameters in the equivalent circuit are shown in Table 3. The Rf value remained low during immersion, indicating that there are fewer pores in the surface layer and the resistance of water to penetrate the pores is low. On the contrary, the significant increase in the Rct value indicated that the corrosion resistance of the Cu-12.5Ni-5Sn-xY alloy is enhanced due to the formation of a protective corrosion product layer on the surface after immersion in the solution. It can be seen that due to the densification of the corrosion product layer, Rct increased significantly from 11820 Ω cm2 to 18140 Ω cm2, which is consistent with the surface topography in Fig. 6."
                            ],
                            "name": "Electrochemical impedance spectroscopy (EIS)",
                            "type": "ce_section"
                        },
                        {
                            "content": [
                                "To identify the state of the main elements, we conducted high-resolution XPS measurement. Fig. 13 shows the Cu 2p3/2, Ni 2p3/2, Sn 3d5/2, and Y 3d spectra of the corrosion product layer of the sample immersed in 3.5 wt% sodium chloride solution for 5 days. According to the Cu 2p3/2 spectrum in Fig. 13, it was found that the corrosion products on the corroded surface of CNS were mainly composed of Cu2O, CuO, and Cu(OH)2, while the corroded surface of CNS-1.0Y was primarily composed of Cu2O, indicating that the addition of Y inhibits the further transformation of Cu2O. It can be seen from Figs. 13b and 13e that Ni mainly existed in the oxide layer as NiO and Ni(OH)2. With the addition of Y, there were no significant of their proportions with the addition of Y, but the overall content decreased substantially. This may be due to the fact that Ni tends to be evenly distributed after Y addition, and some Ni is oxidized to Ni2+ to occupy the ion vacancies of Cu2O, making the corrosion product layer denser. Regarding Sn, both SnO and SnO2 seemed to be formed in the early stage of corrosion. With the addition of Y, their concentration on the surface of the corrosion layer changed little. Additionally, the existence of Y2O3 was found in the Y 3d spectrum, indicating that Y2O3 is generated and covers the surface of the alloy, thereby improving the corrosion resistance of the alloy.",
                                "It is generally believed that the cathodic process of copper and its alloys in neutral NaCl solution is dominated by oxygen reduction reaction, as shown in Eq. (2) : O2+2H2O+4e⁻→4OH⁻",
                                "The anodic reaction of copper-based alloys in NaCl solution mainly involves the oxidation of Cu. The main anodic reactions are as follows : Cu+Cl⁻→CuCl+e⁻ CuCl+Cl⁻→CuCl2⁻ 2CuCl2⁻+2OH⁻→Cu2O+H2O+4Cl⁻ Cu2O+H2O→2CuO+2e⁻+2H⁺ Cu2O+Cl⁻+2H2O→Cu2(OH)3Cl+H⁺+2e⁻",
                                "Alloying elements Ni and Sn react with Cl⁻ to form chloride complexes, which further react with OH⁻ to form oxides, as shown below : M2⁺+2Cl⁻→MCl2 MCl2+2OH⁻→MO+H2O+2Cl⁻ Where M denotes Ni or Sn.",
                                "The potential difference between different phases can be regarded as the driving force behind localized corrosion of Cu-12.5Ni-5Sn-xY alloy. From the metallographic topography in Fig. 1, it can be seen that there are large areas of γ precipitates in CNS. According to relevant studies, these large-sized precipitates are likely to induce local corrosion ascribed to the micro-galvanic effects . After adding Y, the γ phase in the alloy becomes fine and dispersed, and the microstructure and grain size of the alloy gradually homogenize. This reduction in segregation of solute elements effectively diminishes the driving force of selective phase corrosion, decreases the self-corrosion current density, and enhances the corrosion resistance of the alloy.",
                                "From the perspective of the corrosion product layer, during the initial stages of corrosion, the alloy surface rapidly reacts to form an oxide layer of Ni and Sn (NiO and SnO). Although this initially formed oxide layer offers some protective effects, its lack of uniformity results in suboptimal protection for the alloy. As the reaction progresses, Cu⁺ begins to generate from the substrate interface and diffuses outward through the internal oxide layer. After Cu⁺ reaches the surface, it rapidly converts into a Cu2O product layer with the participation of Cl⁻ and OH⁻. Subsequently, Cu2O undergoes further oxidation to form CuO and Cu2(OH)3Cl at the top surface of the film. Cu2O is a P-type semiconductor with high defect density. According to relevant research , the vacancies of P-type semiconductor Cu2O are easily occupied by Ni2⁺, thereby reducing the cation channel, increasing the resistance to ions and electrons, and providing sufficient protection for the alloy matrix. Consequently, the diffusion of Ni can make the corrosion product layer structure more uniform and denser. With the addition of Y, the distribution of Ni and Sn elements in the alloy becomes more uniform, which makes the initially formed oxide layer more uniform, thereby enhancing the protective effects on the alloy. Moreover, the thermodynamic stability of NiO is higher. Therefore, the rare earth Y greatly improves the compactness and stability of the corrosion product layer by promoting the diffusion of Ni, consequently improving the corrosion resistance of the alloy. It can be seen from the element surface distribution of the corroded surface in Fig. 8 and the corroded cross-section in Fig. 9. Furthermore, Y participates in the reaction to form Y2O3. Y2O3 is a dense oxide that can effectively prevent the corrosion of corrosive ions when it covers on the surface of the alloy. Combine with the XRD pattern, it is found that Y inhibits the conversion of the dense product Cu2O to the porous product Cu2(OH)3Cl, resulting in a denser corrosion product layer and improving the corrosion resistance of the alloy. However, large intermetallic compound particles can be seen in Fig. 2, which may cause the formation of small pores in the corrosion product layer of the alloy (Figs. 6d and 6e)."
                            ],
                            "name": "X-ray photoelectron spectroscopy analysis",
                            "type": "ce_section"
                        }
                    ],
                    "name": "Corrosion mechanisms",
                    "type": "ce_section"
                }
            ],
            "name": "Results and discussion",
            "type": "ce_section"
        },
        {
            "content": [
                {
                    "content": [
                        "Fig. 1 shows the typical metallographic topography of Cu-12.5Ni-5Sn-xY alloy after Y addition. The microstructure of the alloy exhibited a typical equiaxial crystal structure with a twinned crystalline microstructure. According to relevant literature , the alloy microstructure comprised the α-phase (Cu solid solution) and the γ-phase (CuNi2Sn). With the addition of Y, the grain size of the alloy decreased significantly and gradually homogenized. Upon the addition of 1.0 wt% Y, the grain size became the most homogeneous. Concurrently, the lamellar γ-phase in the dark region was gradually fine and diffusely distributed, which indicating that the addition of Y promotes homogenization of the alloy structure.",
                        "Fig. 2 shows the typical SEM topography and elemental surface distribution of CNS-1.0Y, where (a) is the topography of the polished uncorroded specimen of CNS-1.0Y, and (b) is the topography of the metallurgical corroded specimen after polishing. It was evident that the CNS-1.0Y still exhibited Ni and Sn elemental segregation in the local regions, corresponding to the lamellar γ phase in Fig. 1. EDS analysis of points A and B in Fig. 2 revealed that a portion of Y in the alloy existed in a free state, while another portion of Y formed an intermetallic compound present in the matrix, inferred from the XRD results to be the NiY3 phase. Based on relevant research , the atomic radius of rare earth was larger than that of Cu, and rare earth atoms easily filled in the surface defects of the new phase of grains, hindering the continuous growth of grains, thus refining their grains. Additionally, during grain growth, the second phase dispersed in the matrix had a pinning effect on the grain boundary movement, hindering grain growth and also refining the grain."
                    ],
                    "name": "Microstructure of materials",
                    "type": "ce_section"
                },
                {
                    "content": [
                        "In order to investigate the effect of Y addition on the corrosion resistance of Cu-12.5Ni-5Sn-xY alloy, polarization tests were conducted in a 3.5 wt% NaCl solution, and the resulting polarization curves were illustrated in Fig. 3. It can be seen that compared to the CNS, the passivation intervals on the anodic polarization curves of the alloys after the addition of Y gradually became wider, which indicated that the corrosion product layer is more and more difficult to penetrate, enhancing the protection of the alloy. Additionally, the latter part of the anodic polarization curves of the CNS-0.7Y and CNS-1.0Y tended to stabilize, possibly due to reaching a dynamic equilibrium between corrosion layer breakage and repair on the alloy surface at this stage. The corrosion current density I corr of the materials can be obtained by Tafel extrapolation ( Table 2), with the corrosion current density decreasing in the order: CNS＞CNS-0.1Y＞CNS-0.4Y＞CNS-0.7Y＞CNS-1.0Y. Notably, the CNS-1.0Y exhibited the lowest corrosion current density, which means that the corrosion rate is the smallest.",
                        "In order to further quantify the corrosion resistance of the compared materials, the corrosion rate (CR) of the alloys with different Y additions was calculated by the formula as shown in Eq. (1) : CR=3269MIcorrnρ Where: M (g/mol) is the molecular weight; I corr (A/cm2) is the corrosion current density; n is the charge transfer number of the reactant; ρ (g/cm3) is the density. The calculated electrochemical parameters are shown in Table 2. Among them, CNS had the highest corrosion rate of about 0.271 mm/a and the poorest corrosion resistance. Conversely, CNS-1.0Y demonstrated the lowest corrosion rate of about 0.178 mm/a and the best corrosion resistance. According to the classification of corrosion resistance grade of metal materials in Reference , Cu-12.5Ni-5Sn-xY alloy has good performance."
                    ],
                    "name": "Corrosion resistance",
                    "type": "ce_section"
                },
                {
                    "content": [
                        {
                            "content": [
                                "Fig. 4 shows the XRD pattern of Cu-12.5Ni-5Sn-xY alloy before and after corrosion. From Fig. 4a, it can be seen that the phases of CNS and CNS-0.1Y before corrosion were mainly composed of α-phase (Cu solid solution) and γ-phase (CuNi2Sn). Upon the addition of Y, new weak diffraction peaks appeared in the spectra of CNS-0.4Y, CNS-0.7Y, and CNS-1.0Y. Comparison with the standard PDF card revealed the presence of the intermetallic compound NiY3, while the weak diffraction peak of the γ-phase (CuNi2Sn) gradually diminished, indicating that the addition of Y inhibits Sn segregation to some extent, consistent with the phenomenon observed in Fig. 1. The phase of Cu-12.5Ni-5Sn-xY alloy after corrosion was mainly composed of CuCl, Cu2(OH)3Cl, Cu2O, SnO, and NiO, but the weak diffraction peaks of Y2O3 and CuO appeared in the spectrum of CNS-1.0Y. Y2O3 is a dense rare earth oxide that formed a corrosion product layer with Cu2(OH)3Cl, Cu2O, CuO and so on. When covering the alloy surface, it could effectively hinder the penetration of corrosive ions and improve the corrosion resistance of the alloy. Additionally, the relative intensity of the weak diffraction peak of Cu2(OH)3Cl gradually decreased with the addition of Y. Cu2(OH)3Cl is a loose and porous corrosion product that offers limited protection for the alloy. This indicated that the addition of Y may catalyze the formation of dense products, thereby improving the corrosion resistance of the alloy."
                            ],
                            "name": "Phase composition",
                            "type": "ce_section"
                        },
                        {
                            "content": [
                                "Fig. 5 shows the 3D topography and surface roughness of a typical corroded surface of Cu-12.5Ni-5Sn-xY alloy. It could be seen that the CNS without the addition of Y had the deepest corrosion pits, with the maximum corrosion pit depth of about 175 μm, whereas the corrosion pit depths of the four materials with the addition of Y (CNS-0.1Y, CNS-0.4Y, CNS-0.7Y, CNS-1.0Y) were all shallower to varying degrees, with the maximum depths of the corrosion pits of about 135 μm, 120 μm, 117 μm, and 96.9 μm, respectively. The comparison reveals that CNS-1.0Y had the shallowest maximum corrosion pit depth, which was about 44.6 % lower than that of the alloy without Y addition. Meanwhile, the corroded surface roughness of CNS-1.0Y was the smallest, about 1.45 μm, indicating that the surface corrosion pit of CNS-1.0Y is smaller, and the corrosion product layer is flatter, providing the best corrosion resistance.",
                                "Fig. 6 shows the low-magnification SEM topography of typical corroded surface of Cu-12.5Ni-5Sn-xY alloy with different Y additions. As can be seen from the figure, the surface corroded of the CNS without the addition of Y was severe, with large-scale flaking of corrosion products observed and the layer exhibited poor adhesion to the substrate, lacking an effective corrosion product layer to protect the alloy. With the addition of Y, the corrosion resistance of the alloy began to improve significantly. A large amount of granular material attachment was observed on the surface of CNS-0.1Y, and a continuous layer of corrosion products began to form in localized areas on the surface of CNS-0.4Y, and enhanced bonding between the layer and the substrate, and enhanced protection of the substrate. The CNS-0.7Y and CNS-1.0Y displayed relatively complete layer of corrosion products, with numerous needle-like substances attached to the surface of the dense layer. This formed a multilayer protection for the alloy, effectively hindered further erosion of the substrate by corrosive ions such as Cl⁻. The needle-like material on the surface of the corrosion product layer of the CNS-1.0Y was more uniform than that of the CNS-0.7Y, resulting in better corrosion resistance for the CNS-1.0Y. Additionally, tiny pitting holes were observed on the surface of CNS-0.7Y and CNS-1.0Y, which might be due to Y preferentially forming larger intermetallic compound particles with elements such as Ni (Fig. 2b), resulting in increased local potential differences in the alloy, which preferentially corroded to form pitting pits.",
                                "Fig. 7 shows the low-magnification SEM topography of a typical corroded cross-section of Cu-12.5Ni-5Sn-xY alloy. With the addition of Y, the number of corrosion pits on the surface of the alloy was obviously reduced and the corroded surface gradually became flat, Additionally, it was observed that a corrosion product layer formed on the surface of CNS-0.7Y and CNS-1.0Y, while there was almost no uniform corrosion product layer on the surface of the remaining alloys to protect them. This indicated that the corrosion product layer formed on the alloy surface exhibits improved adhesion to the substrate, thereby enhancing the corrosion resistance of the alloy."
                            ],
                            "name": "The topography of the corroded surfaces",
                            "type": "ce_section"
                        },
                        {
                            "content": [
                                "Fig. 8 shows the high-magnification SEM topography and elemental surface distribution of a typical corroded surface of Cu-12.5Ni-5Sn-xY alloy. EDS analysis of the corroded topography of the alloy surface showed that the distribution of Ni and Sn elements on the corroded surface of CNS mainly corresponded to O elements. At the same time, it was observed that there was no distribution of Sn elements in the corrosion pits of the CNS and CNS-0.1Y, as indicated by the arrows in Fig. 8, suggesting that Sn preferentially corroded and dissolved. With the addition of Y, the distribution of elements on the corroded surface of the alloy tended to be more uniform, especially the uniform distribution of Ni and Sn elements, which indicated that the corrosion product layer on the surface of the alloy gradually became uniform. Meanwhile, the granular and needle-like materials attached to the corroded surface of the CNS-0.1Y and CNS-0.4Y mainly consist of elements such as Cu, Cl, and O, with less distribution of Y element. However, the corroded surface of the CNS-0.7Y and CNS-1.0Y exhibited a higher distribution of Y element, indicating the participation of the Y element in the corrosion reaction. Combine with the XRD results, it was inferred that Y2O3 is formed and cover the alloy surface to protect the alloy. When adding 1.0 wt% Y, the element distribution was the most uniform, which indicated that the corrosion product layer formed on the surface of the alloy is more uniform and complete, effectively covers the surface of the alloy to hinder the corrosion of corrosive ions, better protect the alloy matrix, and has the best corrosion resistance. These findings are consistent with the results of the previous dynamic potential polarization test.",
                                "The high-magnification SEM topography and elemental distribution of a typical corroded cross-section of Cu-12.5Ni-5Sn-xY alloy are shown in Fig. 9. The EDS analysis of the corroded cross-section of the alloy showed a local dense distribution of Ni and Sn on the surface around the corrosion pit of the CNS and in the alloy matrix. There was a slight distribution of Ni and Sn at the bottom of the corrosion pit, and Cu was distributed in the upper part of the corrosion pit, corresponding to the elemental distributions on the corroded surface of the alloys in Fig. 8. With the addition of Y, the distribution of Ni and Sn elements on the corroded surface and the alloy matrix became more uniform. In the corroded cross-section of CNS-1.0Y, the existence of corrosion products was found in the corrosion pit, effectively protected the alloy and impeded further deepening of the corrosion pit, as shown in Fig. 9e, and the element distribution in the corrosion product appeared stratification. Ni and its oxides were mainly distributed at the interface between the bottom of the corrosion product layer and the alloy. The middle layer of the corrosion product layer mainly consisted of Sn and its oxides, with trace amounts of Cu, and most of Cu and its oxides were distributed in the surface layer of the corrosion product layer, which was consistent with the report in the literature , as indicated by the arrow in the element distribution map in Fig. 9e. Furthermore, bright spots of element Y were observed in the surface layer, and the bright spots of element Y correspond to the prominent position of the bright spots of O element. Combine with the XRD results, it was inferred that the Y involved in the reaction may eventually exist in the form of Y2O3.",
                                "The SEM topography and line scanning results of the corroded cross-section of CNS-1.0Y are shown in Fig. 10. It was evident that the surface of CNS-1.0Y was covered with a complete corrosion product layer and the corroded surface was relatively smooth. The convex part of the corroded surface may be the attached needle-like material. The line scanning analysis of the corroded cross section of the alloy from point 1 to point 2 indicated that the distribution position of O element in the corrosion product layer corresponded to Y element. Combine with XRD results, the presence of Y2O3 in the corrosion products is confirmed."
                            ],
                            "name": "Element surface distribution of the corroded surface",
                            "type": "ce_section"
                        },
                        {
                            "content": [
                                "In order to study the corrosion mechanism and layer formation process of Cu-12.5Ni-5Sn-xY alloy in 3.5 wt% NaCl solution, EIS analysis was conducted on the alloy immersed for 5 days at open circuit potential. The results are shown in Fig. 11 and the equivalent circuit models are shown in Fig. 12. It could be seen that the diameter of the capacitance semicircle gradually increased with the addition of Y, indicating that the corrosion resistance of Cu-12.5Ni-5Sn-xY alloy in NaCl solution is enhanced. This is consistent with the gradual thickening of the layer formed on the surface as observed by the Fig. 9. Rs is the resistance of the solution, Rf represents the resistance due to water penetration into the pores of the layer, and Rct is the charge transfer resistance with a high resistance value. The values of the fitting parameters in the equivalent circuit are shown in Table 3. The Rf value remained low during immersion, indicating that there are fewer pores in the surface layer and the resistance of water to penetrate the pores is low. On the contrary, the significant increase in the Rct value indicated that the corrosion resistance of the Cu-12.5Ni-5Sn-xY alloy is enhanced due to the formation of a protective corrosion product layer on the surface after immersion in the solution. It can be seen that due to the densification of the corrosion product layer, Rct increased significantly from 11820 Ω cm2 to 18140 Ω cm2, which is consistent with the surface topography in Fig. 6."
                            ],
                            "name": "Electrochemical impedance spectroscopy (EIS)",
                            "type": "ce_section"
                        },
                        {
                            "content": [
                                "To identify the state of the main elements, we conducted high-resolution XPS measurement. Fig. 13 shows the Cu 2p3/2, Ni 2p3/2, Sn 3d5/2, and Y 3d spectra of the corrosion product layer of the sample immersed in 3.5 wt% sodium chloride solution for 5 days. According to the Cu 2p3/2 spectrum in Fig. 13, it was found that the corrosion products on the corroded surface of CNS were mainly composed of Cu2O, CuO, and Cu(OH)2, while the corroded surface of CNS-1.0Y was primarily composed of Cu2O, indicating that the addition of Y inhibits the further transformation of Cu2O. It can be seen from Figs. 13b and 13e that Ni mainly existed in the oxide layer as NiO and Ni(OH)2. With the addition of Y, there were no significant of their proportions with the addition of Y, but the overall content decreased substantially. This may be due to the fact that Ni tends to be evenly distributed after Y addition, and some Ni is oxidized to Ni2+ to occupy the ion vacancies of Cu2O, making the corrosion product layer denser. Regarding Sn, both SnO and SnO2 seemed to be formed in the early stage of corrosion. With the addition of Y, their concentration on the surface of the corrosion layer changed little. Additionally, the existence of Y2O3 was found in the Y 3d spectrum, indicating that Y2O3 is generated and covers the surface of the alloy, thereby improving the corrosion resistance of the alloy.",
                                "It is generally believed that the cathodic process of copper and its alloys in neutral NaCl solution is dominated by oxygen reduction reaction, as shown in Eq. (2) : O2+2H2O+4e⁻→4OH⁻",
                                "The anodic reaction of copper-based alloys in NaCl solution mainly involves the oxidation of Cu. The main anodic reactions are as follows : Cu+Cl⁻→CuCl+e⁻ CuCl+Cl⁻→CuCl2⁻ 2CuCl2⁻+2OH⁻→Cu2O+H2O+4Cl⁻ Cu2O+H2O→2CuO+2e⁻+2H⁺ Cu2O+Cl⁻+2H2O→Cu2(OH)3Cl+H⁺+2e⁻",
                                "Alloying elements Ni and Sn react with Cl⁻ to form chloride complexes, which further react with OH⁻ to form oxides, as shown below : M2⁺+2Cl⁻→MCl2 MCl2+2OH⁻→MO+H2O+2Cl⁻ Where M denotes Ni or Sn.",
                                "The potential difference between different phases can be regarded as the driving force behind localized corrosion of Cu-12.5Ni-5Sn-xY alloy. From the metallographic topography in Fig. 1, it can be seen that there are large areas of γ precipitates in CNS. According to relevant studies, these large-sized precipitates are likely to induce local corrosion ascribed to the micro-galvanic effects . After adding Y, the γ phase in the alloy becomes fine and dispersed, and the microstructure and grain size of the alloy gradually homogenize. This reduction in segregation of solute elements effectively diminishes the driving force of selective phase corrosion, decreases the self-corrosion current density, and enhances the corrosion resistance of the alloy.",
                                "From the perspective of the corrosion product layer, during the initial stages of corrosion, the alloy surface rapidly reacts to form an oxide layer of Ni and Sn (NiO and SnO). Although this initially formed oxide layer offers some protective effects, its lack of uniformity results in suboptimal protection for the alloy. As the reaction progresses, Cu⁺ begins to generate from the substrate interface and diffuses outward through the internal oxide layer. After Cu⁺ reaches the surface, it rapidly converts into a Cu2O product layer with the participation of Cl⁻ and OH⁻. Subsequently, Cu2O undergoes further oxidation to form CuO and Cu2(OH)3Cl at the top surface of the film. Cu2O is a P-type semiconductor with high defect density. According to relevant research , the vacancies of P-type semiconductor Cu2O are easily occupied by Ni2⁺, thereby reducing the cation channel, increasing the resistance to ions and electrons, and providing sufficient protection for the alloy matrix. Consequently, the diffusion of Ni can make the corrosion product layer structure more uniform and denser. With the addition of Y, the distribution of Ni and Sn elements in the alloy becomes more uniform, which makes the initially formed oxide layer more uniform, thereby enhancing the protective effects on the alloy. Moreover, the thermodynamic stability of NiO is higher. Therefore, the rare earth Y greatly improves the compactness and stability of the corrosion product layer by promoting the diffusion of Ni, consequently improving the corrosion resistance of the alloy. It can be seen from the element surface distribution of the corroded surface in Fig. 8 and the corroded cross-section in Fig. 9. Furthermore, Y participates in the reaction to form Y2O3. Y2O3 is a dense oxide that can effectively prevent the corrosion of corrosive ions when it covers on the surface of the alloy. Combine with the XRD pattern, it is found that Y inhibits the conversion of the dense product Cu2O to the porous product Cu2(OH)3Cl, resulting in a denser corrosion product layer and improving the corrosion resistance of the alloy. However, large intermetallic compound particles can be seen in Fig. 2, which may cause the formation of small pores in the corrosion product layer of the alloy (Figs. 6d and 6e)."
                            ],
                            "name": "X-ray photoelectron spectroscopy analysis",
                            "type": "ce_section"
                        }
                    ],
                    "name": "Corrosion mechanisms",
                    "type": "ce_section"
                }
            ],
            "name": "Results and discussion",
            "type": "ce_section"
        },
        {
            "content": [
                {
                    "content": [
                        "Fig. 1 shows the typical metallographic topography of Cu-12.5Ni-5Sn-xY alloy after Y addition. The microstructure of the alloy exhibited a typical equiaxial crystal structure with a twinned crystalline microstructure. According to relevant literature , the alloy microstructure comprised the α-phase (Cu solid solution) and the γ-phase (CuNi2Sn). With the addition of Y, the grain size of the alloy decreased significantly and gradually homogenized. Upon the addition of 1.0 wt% Y, the grain size became the most homogeneous. Concurrently, the lamellar γ-phase in the dark region was gradually fine and diffusely distributed, which indicating that the addition of Y promotes homogenization of the alloy structure.",
                        "Fig. 2 shows the typical SEM topography and elemental surface distribution of CNS-1.0Y, where (a) is the topography of the polished uncorroded specimen of CNS-1.0Y, and (b) is the topography of the metallurgical corroded specimen after polishing. It was evident that the CNS-1.0Y still exhibited Ni and Sn elemental segregation in the local regions, corresponding to the lamellar γ phase in Fig. 1. EDS analysis of points A and B in Fig. 2 revealed that a portion of Y in the alloy existed in a free state, while another portion of Y formed an intermetallic compound present in the matrix, inferred from the XRD results to be the NiY3 phase. Based on relevant research , the atomic radius of rare earth was larger than that of Cu, and rare earth atoms easily filled in the surface defects of the new phase of grains, hindering the continuous growth of grains, thus refining their grains. Additionally, during grain growth, the second phase dispersed in the matrix had a pinning effect on the grain boundary movement, hindering grain growth and also refining the grain."
                    ],
                    "name": "Microstructure of materials",
                    "type": "ce_section"
                },
                {
                    "content": [
                        "In order to investigate the effect of Y addition on the corrosion resistance of Cu-12.5Ni-5Sn-xY alloy, polarization tests were conducted in a 3.5 wt% NaCl solution, and the resulting polarization curves were illustrated in Fig. 3. It can be seen that compared to the CNS, the passivation intervals on the anodic polarization curves of the alloys after the addition of Y gradually became wider, which indicated that the corrosion product layer is more and more difficult to penetrate, enhancing the protection of the alloy. Additionally, the latter part of the anodic polarization curves of the CNS-0.7Y and CNS-1.0Y tended to stabilize, possibly due to reaching a dynamic equilibrium between corrosion layer breakage and repair on the alloy surface at this stage. The corrosion current density I corr of the materials can be obtained by Tafel extrapolation ( Table 2), with the corrosion current density decreasing in the order: CNS＞CNS-0.1Y＞CNS-0.4Y＞CNS-0.7Y＞CNS-1.0Y. Notably, the CNS-1.0Y exhibited the lowest corrosion current density, which means that the corrosion rate is the smallest.",
                        "In order to further quantify the corrosion resistance of the compared materials, the corrosion rate (CR) of the alloys with different Y additions was calculated by the formula as shown in Eq. (1) : CR=3269MIcorrnρ Where: M (g/mol) is the molecular weight; I corr (A/cm2) is the corrosion current density; n is the charge transfer number of the reactant; ρ (g/cm3) is the density. The calculated electrochemical parameters are shown in Table 2. Among them, CNS had the highest corrosion rate of about 0.271 mm/a and the poorest corrosion resistance. Conversely, CNS-1.0Y demonstrated the lowest corrosion rate of about 0.178 mm/a and the best corrosion resistance. According to the classification of corrosion resistance grade of metal materials in Reference , Cu-12.5Ni-5Sn-xY alloy has good performance."
                    ],
                    "name": "Corrosion resistance",
                    "type": "ce_section"
                },
                {
                    "content": [
                        {
                            "content": [
                                "Fig. 4 shows the XRD pattern of Cu-12.5Ni-5Sn-xY alloy before and after corrosion. From Fig. 4a, it can be seen that the phases of CNS and CNS-0.1Y before corrosion were mainly composed of α-phase (Cu solid solution) and γ-phase (CuNi2Sn). Upon the addition of Y, new weak diffraction peaks appeared in the spectra of CNS-0.4Y, CNS-0.7Y, and CNS-1.0Y. Comparison with the standard PDF card revealed the presence of the intermetallic compound NiY3, while the weak diffraction peak of the γ-phase (CuNi2Sn) gradually diminished, indicating that the addition of Y inhibits Sn segregation to some extent, consistent with the phenomenon observed in Fig. 1. The phase of Cu-12.5Ni-5Sn-xY alloy after corrosion was mainly composed of CuCl, Cu2(OH)3Cl, Cu2O, SnO, and NiO, but the weak diffraction peaks of Y2O3 and CuO appeared in the spectrum of CNS-1.0Y. Y2O3 is a dense rare earth oxide that formed a corrosion product layer with Cu2(OH)3Cl, Cu2O, CuO and so on. When covering the alloy surface, it could effectively hinder the penetration of corrosive ions and improve the corrosion resistance of the alloy. Additionally, the relative intensity of the weak diffraction peak of Cu2(OH)3Cl gradually decreased with the addition of Y. Cu2(OH)3Cl is a loose and porous corrosion product that offers limited protection for the alloy. This indicated that the addition of Y may catalyze the formation of dense products, thereby improving the corrosion resistance of the alloy."
                            ],
                            "name": "Phase composition",
                            "type": "ce_section"
                        },
                        {
                            "content": [
                                "Fig. 5 shows the 3D topography and surface roughness of a typical corroded surface of Cu-12.5Ni-5Sn-xY alloy. It could be seen that the CNS without the addition of Y had the deepest corrosion pits, with the maximum corrosion pit depth of about 175 μm, whereas the corrosion pit depths of the four materials with the addition of Y (CNS-0.1Y, CNS-0.4Y, CNS-0.7Y, CNS-1.0Y) were all shallower to varying degrees, with the maximum depths of the corrosion pits of about 135 μm, 120 μm, 117 μm, and 96.9 μm, respectively. The comparison reveals that CNS-1.0Y had the shallowest maximum corrosion pit depth, which was about 44.6 % lower than that of the alloy without Y addition. Meanwhile, the corroded surface roughness of CNS-1.0Y was the smallest, about 1.45 μm, indicating that the surface corrosion pit of CNS-1.0Y is smaller, and the corrosion product layer is flatter, providing the best corrosion resistance.",
                                "Fig. 6 shows the low-magnification SEM topography of typical corroded surface of Cu-12.5Ni-5Sn-xY alloy with different Y additions. As can be seen from the figure, the surface corroded of the CNS without the addition of Y was severe, with large-scale flaking of corrosion products observed and the layer exhibited poor adhesion to the substrate, lacking an effective corrosion product layer to protect the alloy. With the addition of Y, the corrosion resistance of the alloy began to improve significantly. A large amount of granular material attachment was observed on the surface of CNS-0.1Y, and a continuous layer of corrosion products began to form in localized areas on the surface of CNS-0.4Y, and enhanced bonding between the layer and the substrate, and enhanced protection of the substrate. The CNS-0.7Y and CNS-1.0Y displayed relatively complete layer of corrosion products, with numerous needle-like substances attached to the surface of the dense layer. This formed a multilayer protection for the alloy, effectively hindered further erosion of the substrate by corrosive ions such as Cl⁻. The needle-like material on the surface of the corrosion product layer of the CNS-1.0Y was more uniform than that of the CNS-0.7Y, resulting in better corrosion resistance for the CNS-1.0Y. Additionally, tiny pitting holes were observed on the surface of CNS-0.7Y and CNS-1.0Y, which might be due to Y preferentially forming larger intermetallic compound particles with elements such as Ni (Fig. 2b), resulting in increased local potential differences in the alloy, which preferentially corroded to form pitting pits.",
                                "Fig. 7 shows the low-magnification SEM topography of a typical corroded cross-section of Cu-12.5Ni-5Sn-xY alloy. With the addition of Y, the number of corrosion pits on the surface of the alloy was obviously reduced and the corroded surface gradually became flat, Additionally, it was observed that a corrosion product layer formed on the surface of CNS-0.7Y and CNS-1.0Y, while there was almost no uniform corrosion product layer on the surface of the remaining alloys to protect them. This indicated that the corrosion product layer formed on the alloy surface exhibits improved adhesion to the substrate, thereby enhancing the corrosion resistance of the alloy."
                            ],
                            "name": "The topography of the corroded surfaces",
                            "type": "ce_section"
                        },
                        {
                            "content": [
                                "Fig. 8 shows the high-magnification SEM topography and elemental surface distribution of a typical corroded surface of Cu-12.5Ni-5Sn-xY alloy. EDS analysis of the corroded topography of the alloy surface showed that the distribution of Ni and Sn elements on the corroded surface of CNS mainly corresponded to O elements. At the same time, it was observed that there was no distribution of Sn elements in the corrosion pits of the CNS and CNS-0.1Y, as indicated by the arrows in Fig. 8, suggesting that Sn preferentially corroded and dissolved. With the addition of Y, the distribution of elements on the corroded surface of the alloy tended to be more uniform, especially the uniform distribution of Ni and Sn elements, which indicated that the corrosion product layer on the surface of the alloy gradually became uniform. Meanwhile, the granular and needle-like materials attached to the corroded surface of the CNS-0.1Y and CNS-0.4Y mainly consist of elements such as Cu, Cl, and O, with less distribution of Y element. However, the corroded surface of the CNS-0.7Y and CNS-1.0Y exhibited a higher distribution of Y element, indicating the participation of the Y element in the corrosion reaction. Combine with the XRD results, it was inferred that Y2O3 is formed and cover the alloy surface to protect the alloy. When adding 1.0 wt% Y, the element distribution was the most uniform, which indicated that the corrosion product layer formed on the surface of the alloy is more uniform and complete, effectively covers the surface of the alloy to hinder the corrosion of corrosive ions, better protect the alloy matrix, and has the best corrosion resistance. These findings are consistent with the results of the previous dynamic potential polarization test.",
                                "The high-magnification SEM topography and elemental distribution of a typical corroded cross-section of Cu-12.5Ni-5Sn-xY alloy are shown in Fig. 9. The EDS analysis of the corroded cross-section of the alloy showed a local dense distribution of Ni and Sn on the surface around the corrosion pit of the CNS and in the alloy matrix. There was a slight distribution of Ni and Sn at the bottom of the corrosion pit, and Cu was distributed in the upper part of the corrosion pit, corresponding to the elemental distributions on the corroded surface of the alloys in Fig. 8. With the addition of Y, the distribution of Ni and Sn elements on the corroded surface and the alloy matrix became more uniform. In the corroded cross-section of CNS-1.0Y, the existence of corrosion products was found in the corrosion pit, effectively protected the alloy and impeded further deepening of the corrosion pit, as shown in Fig. 9e, and the element distribution in the corrosion product appeared stratification. Ni and its oxides were mainly distributed at the interface between the bottom of the corrosion product layer and the alloy. The middle layer of the corrosion product layer mainly consisted of Sn and its oxides, with trace amounts of Cu, and most of Cu and its oxides were distributed in the surface layer of the corrosion product layer, which was consistent with the report in the literature , as indicated by the arrow in the element distribution map in Fig. 9e. Furthermore, bright spots of element Y were observed in the surface layer, and the bright spots of element Y correspond to the prominent position of the bright spots of O element. Combine with the XRD results, it was inferred that the Y involved in the reaction may eventually exist in the form of Y2O3.",
                                "The SEM topography and line scanning results of the corroded cross-section of CNS-1.0Y are shown in Fig. 10. It was evident that the surface of CNS-1.0Y was covered with a complete corrosion product layer and the corroded surface was relatively smooth. The convex part of the corroded surface may be the attached needle-like material. The line scanning analysis of the corroded cross section of the alloy from point 1 to point 2 indicated that the distribution position of O element in the corrosion product layer corresponded to Y element. Combine with XRD results, the presence of Y2O3 in the corrosion products is confirmed."
                            ],
                            "name": "Element surface distribution of the corroded surface",
                            "type": "ce_section"
                        },
                        {
                            "content": [
                                "In order to study the corrosion mechanism and layer formation process of Cu-12.5Ni-5Sn-xY alloy in 3.5 wt% NaCl solution, EIS analysis was conducted on the alloy immersed for 5 days at open circuit potential. The results are shown in Fig. 11 and the equivalent circuit models are shown in Fig. 12. It could be seen that the diameter of the capacitance semicircle gradually increased with the addition of Y, indicating that the corrosion resistance of Cu-12.5Ni-5Sn-xY alloy in NaCl solution is enhanced. This is consistent with the gradual thickening of the layer formed on the surface as observed by the Fig. 9. Rs is the resistance of the solution, Rf represents the resistance due to water penetration into the pores of the layer, and Rct is the charge transfer resistance with a high resistance value. The values of the fitting parameters in the equivalent circuit are shown in Table 3. The Rf value remained low during immersion, indicating that there are fewer pores in the surface layer and the resistance of water to penetrate the pores is low. On the contrary, the significant increase in the Rct value indicated that the corrosion resistance of the Cu-12.5Ni-5Sn-xY alloy is enhanced due to the formation of a protective corrosion product layer on the surface after immersion in the solution. It can be seen that due to the densification of the corrosion product layer, Rct increased significantly from 11820 Ω cm2 to 18140 Ω cm2, which is consistent with the surface topography in Fig. 6."
                            ],
                            "name": "Electrochemical impedance spectroscopy (EIS)",
                            "type": "ce_section"
                        },
                        {
                            "content": [
                                "To identify the state of the main elements, we conducted high-resolution XPS measurement. Fig. 13 shows the Cu 2p3/2, Ni 2p3/2, Sn 3d5/2, and Y 3d spectra of the corrosion product layer of the sample immersed in 3.5 wt% sodium chloride solution for 5 days. According to the Cu 2p3/2 spectrum in Fig. 13, it was found that the corrosion products on the corroded surface of CNS were mainly composed of Cu2O, CuO, and Cu(OH)2, while the corroded surface of CNS-1.0Y was primarily composed of Cu2O, indicating that the addition of Y inhibits the further transformation of Cu2O. It can be seen from Figs. 13b and 13e that Ni mainly existed in the oxide layer as NiO and Ni(OH)2. With the addition of Y, there were no significant of their proportions with the addition of Y, but the overall content decreased substantially. This may be due to the fact that Ni tends to be evenly distributed after Y addition, and some Ni is oxidized to Ni2+ to occupy the ion vacancies of Cu2O, making the corrosion product layer denser. Regarding Sn, both SnO and SnO2 seemed to be formed in the early stage of corrosion. With the addition of Y, their concentration on the surface of the corrosion layer changed little. Additionally, the existence of Y2O3 was found in the Y 3d spectrum, indicating that Y2O3 is generated and covers the surface of the alloy, thereby improving the corrosion resistance of the alloy.",
                                "It is generally believed that the cathodic process of copper and its alloys in neutral NaCl solution is dominated by oxygen reduction reaction, as shown in Eq. (2) : O2+2H2O+4e⁻→4OH⁻",
                                "The anodic reaction of copper-based alloys in NaCl solution mainly involves the oxidation of Cu. The main anodic reactions are as follows : Cu+Cl⁻→CuCl+e⁻ CuCl+Cl⁻→CuCl2⁻ 2CuCl2⁻+2OH⁻→Cu2O+H2O+4Cl⁻ Cu2O+H2O→2CuO+2e⁻+2H⁺ Cu2O+Cl⁻+2H2O→Cu2(OH)3Cl+H⁺+2e⁻",
                                "Alloying elements Ni and Sn react with Cl⁻ to form chloride complexes, which further react with OH⁻ to form oxides, as shown below : M2⁺+2Cl⁻→MCl2 MCl2+2OH⁻→MO+H2O+2Cl⁻ Where M denotes Ni or Sn.",
                                "The potential difference between different phases can be regarded as the driving force behind localized corrosion of Cu-12.5Ni-5Sn-xY alloy. From the metallographic topography in Fig. 1, it can be seen that there are large areas of γ precipitates in CNS. According to relevant studies, these large-sized precipitates are likely to induce local corrosion ascribed to the micro-galvanic effects . After adding Y, the γ phase in the alloy becomes fine and dispersed, and the microstructure and grain size of the alloy gradually homogenize. This reduction in segregation of solute elements effectively diminishes the driving force of selective phase corrosion, decreases the self-corrosion current density, and enhances the corrosion resistance of the alloy.",
                                "From the perspective of the corrosion product layer, during the initial stages of corrosion, the alloy surface rapidly reacts to form an oxide layer of Ni and Sn (NiO and SnO). Although this initially formed oxide layer offers some protective effects, its lack of uniformity results in suboptimal protection for the alloy. As the reaction progresses, Cu⁺ begins to generate from the substrate interface and diffuses outward through the internal oxide layer. After Cu⁺ reaches the surface, it rapidly converts into a Cu2O product layer with the participation of Cl⁻ and OH⁻. Subsequently, Cu2O undergoes further oxidation to form CuO and Cu2(OH)3Cl at the top surface of the film. Cu2O is a P-type semiconductor with high defect density. According to relevant research , the vacancies of P-type semiconductor Cu2O are easily occupied by Ni2⁺, thereby reducing the cation channel, increasing the resistance to ions and electrons, and providing sufficient protection for the alloy matrix. Consequently, the diffusion of Ni can make the corrosion product layer structure more uniform and denser. With the addition of Y, the distribution of Ni and Sn elements in the alloy becomes more uniform, which makes the initially formed oxide layer more uniform, thereby enhancing the protective effects on the alloy. Moreover, the thermodynamic stability of NiO is higher. Therefore, the rare earth Y greatly improves the compactness and stability of the corrosion product layer by promoting the diffusion of Ni, consequently improving the corrosion resistance of the alloy. It can be seen from the element surface distribution of the corroded surface in Fig. 8 and the corroded cross-section in Fig. 9. Furthermore, Y participates in the reaction to form Y2O3. Y2O3 is a dense oxide that can effectively prevent the corrosion of corrosive ions when it covers on the surface of the alloy. Combine with the XRD pattern, it is found that Y inhibits the conversion of the dense product Cu2O to the porous product Cu2(OH)3Cl, resulting in a denser corrosion product layer and improving the corrosion resistance of the alloy. However, large intermetallic compound particles can be seen in Fig. 2, which may cause the formation of small pores in the corrosion product layer of the alloy (Figs. 6d and 6e)."
                            ],
                            "name": "X-ray photoelectron spectroscopy analysis",
                            "type": "ce_section"
                        }
                    ],
                    "name": "Corrosion mechanisms",
                    "type": "ce_section"
                }
            ],
            "name": "Results and discussion",
            "type": "ce_section"
        }
    ],
    "Title": "Effect of rare earth element Y addition on the corrosion resistance of Cu-12.5Ni-5Sn alloy after aging",
    "abstract": "Cu-12.5Ni-5Sn-xY alloy with different rare earth Y contents was prepared by spark plasma sintering (SPS). The samples underwent aging at approximately 400 degrees C degrees C for 4 hours in an energy-saving box furnace. The effect of trace Y addition on the microstructure and corrosion behavior of aging treated Cu-12.5Ni-5Sn-xY alloy were investigated by electrochemical test, and the corrosion mechanism of the alloy was discussed. The results indicated that the addition of rare earth Y improved the uniformity of microstructure and grain size of the alloy, and improved the corrosion resistance of the alloy. When the Y content changed between 0 wt% and 1.0 wt%, the corrosion resistance of the Cu-12.5Ni-5Sn-xY alloy gradually improved. The Cu-12.5Ni-5Sn-1.0Y alloy had a lower self-corrosion current density (1.490x10-- 5 A/cm 2 ) and a lower corrosion rate (0.178 mm/a). Compared to the Cu-12.5Ni-5Sn alloy without Y addition, the maximum corrosion depth was reduced by about 44.6% and the corrosion resistance was improved. Rare earth Y promoted the uniform distribution of Ni elements, inhibited the conversion of Cu2O 2 O to Cu2(OH)3Cl, 2 (OH) 3 Cl, enhanced the layer density and stability. The internal corrosion layer mainly consisted of NiO, the intermediate layer mainly consisted of SnO, and the surface layer mainly comprised of CuO, Cu2O, 2 O, and Cu2(OH)3Cl. 2 (OH) 3 Cl. Additionally, Y2O3 2 O 3 formed on the alloy's surface, effectively prevented corrosive ion attack and enhanced the corrosion resistance of Cu-12.5Ni-5Sn alloy."
}