{
    "DOI": "10.1016/j.jallcom.2017.06.250",
    "Journal": "Journal of Alloys and Compounds",
    "Keywords": [
        "Low-density steel",
        "Aging",
        "Beta-manganese",
        "Orientation relationship",
        "EBSD"
    ],
    "Sections": [
        {
            "content": [
                "For each specimen, Vickers microhardness was measured on at least 7 points using a 1 kgf load applied for 10 s. Longitudinal plane (i.e, the plane containing rolling and normal directions) of each specimen was prepared for EBSD and energy dispersive X-ray spectroscopy (EDS) measurements by mechanical grinding, followed by electropolishing using a solution of 20% perchloric acid, 10% ethylene glycol monobutyl ether, and 70% ethanol.",
                "Segmentation, smoothing and extraction of the interphase boundaries from the cleaned EBSD maps were accomplished using 2D boundary segmentation code based on both the marching square algorithm and the feature preserving smoothing algorithm, which was originally developed to analyze the heterophase interface character of Cu-Nb multilayer composites . In the marching square algorithm, four neighboring vertices in a pixel can form a single marching square among 16 possible different combinations. The individual nodes of the interfaces were identified based on the marching square algorithm, and then the feature preserving smoothing method was applied to approximate the interfaces as smooth lines while maintaining local curvature . From the approximated boundary geometry together with neighboring phase and orientation data, the misorientation-angle distribution, and Rodrigues–Frank vector space were calculated for γ-matrix/β-Mn, β-Mn/α-precipitate, and γ-matrix/α-precipitate interphase boundaries, respectively. To investigate the local interface orientation relationships of γ-matrix/β-Mn and β-Mn/α-precipitate boundaries, the OR stereogram was constructed for two phases by plotting low index poles such as 100, 110, 111, 112, 012 and 122 families on a stereographic projection. We selected five pairs of two points, which are adjacent across the interphase boundary, having strong peaks in the misorientation-angle distribution and Rodrigues–Frank vector space.",
                "TEM characterizations were carried out to analyze the ordering of matrix phase and orientation relationships in the A30K specimen. In particular, in order to confirm the orientation relationships obtained from the OR stereogram practice, the FIB milling was conducted on the γ-matrix/β-Mn and β-Mn/α-precipitate phase boundary regions to be examined under TEM."
            ],
            "name": "Microstructure observation and misorientation distribution of the interphase boundaries",
            "type": "ce_section"
        },
        {
            "content": [
                {
                    "content": [
                        "To identify equilibrium phases of the investigated alloy as a function of temperature, the equilibrium phase fractions were calculated using phase diagram (CALPHAD) method . The thermodynamic database for high Mn-high Al steels based on Fe–Mn–Al–C quaternary system was used for calculation . The composition range of the database is 0–40 wt.% Mn, 0 to 10 wt.% Al, and 0 to 1 wt.% C. Fig. 1 shows the volume fractions of equilibrium phases in Fe–30Mn–12Al–0.9C alloy. The alloy presents two-phase region consisting of austenite and ferrite at 1200 °C. As the temperature goes down from about 1050 °C, the fraction of austenite decreases abruptly, while the amount of ferrite increases rapidly and κ-carbide starts to precipitate. At 800 °C, the β-Mn phase begins to precipitate and its fraction increases monotonically up to about 46.5% at 500 °C, while ferrite phase starts to disappear. Since the solution-treated plate at 1050 °C was directly quenched into water and then the aging treatment was conducted at 550 °C, it is estimated from the equilibrium phase diagram that κ-carbide and β-Mn are formed directly from the solution-treated state during aging process.",
                        "EBSD phase maps of the ST, A1K, A10K, and A100K specimens are shown in Fig. 2 (a–e), respectively. The ST specimen consists of a γ-austenite matrix with some α-ferrite grains elongated along the rolling direction. The phase fraction of these α-ferrite bands is 10.0%, measured from EBSD. The amount of the α-ferrite bands from the EBSD measurement is much lower than the calculated fraction (∼42.8%) at around 1050 °C in Fig. 1. The discrepancy of the phase fraction might originate from the nominal Al contents (11.4 wt.%) which is slightly out of the composition range of the database. To investigate the influence of segregation, EDS analysis on the ST specimen was carried out with respect to γ-austenite and α-ferrite phases. It is confirmed that the γ-austenite has higher Mn content than the α-ferrite, while Al and Fe are concentrated in the α-ferrite phase. In contrast to the significant difference of the Mn content between the phases, the Mn content shows negligible variation in the γ-austenite phase.",
                        "The β-Mn phase, colored in green in Fig. 2(b–e), has grown extensively into the γ-matrix with a lath- or plate-type morphology after aging for 1000 min. The γ-austenite region adjacent to the α-ferrite decomposes much faster in the β-Mn rather than the γ-austenite interior, as shown in Fig. 2(b). It can be attributed to numerous nucleation sites such as γ/α phase boundary and γ-austenite grain boundary near the γ/α phase boundary region. After β-Mn phase forms, a new microscopic bcc phase was precipitated at the β-Mn interior, grain/phase boundary region, and the γ-austenite interior by further aging treatment, as shown in the magnified EBSD phase maps in Fig. 2(d and e). These small-sized precipitates are considered to be the ordered bcc phase (B2 or D03) due to high Al content in the investigated alloy . Considering the nucleation sites of the α-precipitate, two mechanisms of the α-precipitate formation are possible: one of the precipitation sequence is (γ-matrix)→(β-Mn)→ (α-precipitate), and the second is (retained γ-matrix)→(β-Mn + α-precipitate).",
                        "The microstructural evolution and precipitation behavior during the aging treatment of this alloy are different from the austenitic alloys containing about 9 wt.% Al, in which co-precipitation of β-Mn and α-ferrite forms a lamellar-type morphology along γ-austenite grain boundaries . The kinetics and morphological differences of the β-Mn and α-ferrite precipitation in two alloy systems are due to the difference in Al content, such that higher Al content increases the driving force for the β-Mn formation, as verified by thermodynamic calculation in a previous study by the present authors . In addition, the previous study reported that interstitial carbon atoms merely diffused from β-Mn into γ-matrix during the β-Mn formation, while the other substitutional elements such as Al, Mn and Fe showed little partitioning between the β-Mn and γ-matrix. In contrast, during the formation of the α-precipitate, the redistribution of substitutional elements is required. Therefore, together with the current observations on microstructural evolution, the faster kinetics of the β-Mn formation can be explained by the increase of the driving force due to the higher Al content in addition to the redistribution of carbon elements.",
                        "Fig. 2(f) shows the Vickers hardness on all specimens as a function of the aging time at 550 °C. At the incipient stage of the aging treatment within 300 min, the gradual increase of the Vickers hardness is observed, indicating the primary age hardening by the formation of the nano-sized κ-carbide within the γ-matrix, as previously confirmed by TEM observation . After aging for 300 min, a dramatic increase in hardness up to 700 HV is found. This secondary hardening behavior is due to the formation of the β-Mn phase, as clearly noticed from microstructural evolution in Fig. 2(b). After aging for 10,000 min, the Vickers hardness is maintained without considerable changes.",
                        "In order to confirm the crystal structure and ordering of nano-sized precipitates in matrix phase, TEM characterizations were carried out on the A30K specimen. Fig. 3 (a–b) show a bright-field image and a selected area diffraction pattern along [011] zone of the austenite matrix. As mentioned earlier, fine coherent κ-carbides are formed within γ-austenite grains, indicated by superlattice {100} and {110} reflections. Again, this κ-carbide precipitation seems to occur at the early stage of the aging treatment as indicated by the age hardening in Fig. 2(f). A dark-field image and a selected-area diffraction pattern along [011] zone of an α-precipitate region inside the β-Mn grains are presented in Fig. 3(c–d). The superlattice {111} reflections indicate the presence of D03 order inside the α-precipitate. Considering the dark field image taken using a (111) reflection, the α-precipitate seems to be partially ordered to D03 which is a typical ordered structure in ferritic alloys having high Al or Si contents .",
                        "For convenience, from now on, the austenite matrix containing nano-sized coherent κ-carbides is referred to as “γ-matrix”, and the bcc precipitate phase including the ordered structure of D03 is referred to as “α-precipitate”."
                    ],
                    "name": "Microstructural evolution and aging behavior",
                    "type": "ce_section"
                },
                {
                    "content": [
                        "Fig. 4 shows the magnified EBSD maps of phase, orientation (transverse direction, TD), and image quality (IQ) of the A1K specimen, in which the β-Mn grows sufficiently into the γ-matrix. Some small-sized α-precipitates, colored in yellow in phase map, are observed in the interior or at the grain/phase boundaries of β-Mn. The misorientation-angle distribution of γ-matrix/β-Mn interphase boundaries is presented in Fig. 5 (a) and compared with the Mackenzie distribution . Note that a relatively large fraction of misorientations ranging between 17° and 21° shows up, and the corresponding γ-matrix/β-Mn interphase boundaries are colored in red in Fig. 4(c). Fig. 5(b) shows the Rodrigues–Frank vector space R(R 1, R 2, R 3) for γ-matrix/β-Mn interphase boundaries. The space is represented as a series of R 1 × R 2 sections at different R 3 (from the bottom “section an at R 3 = 0.000” to the top “section g at R 3 = 0.315”) of two different phases having cubic crystal structures . It is found that the γ-matrix/β-Mn interphase boundaries have strong peaks at around R = (0.157, 0.033, 0.033) and R = (0.033, 0.157, 0.033), as indicated by white arrows in Fig. 5(b). These are equivalent to the strong peaks found in the misorientation-angle distribution, signifying that a stable preferred orientation relationship exists between γ-matrix and β-Mn phase.",
                        "To determine the γ-matrix/β-Mn orientation relationship, five different regions having misorientation angles from 17° to 21° are selected as marked in Fig. 4 and the corresponding OR stereograms are shown in Fig. 6 (a–e), respectively. It is apparent that coincidence of {111} γ-matrix and {122} β-Mn poles is found for all cases. Perpendicular to this coincident poles, another overlapping pair of coincidence poles is found for all cases, indicating consistently {110} γ-matrix//{012} β-Mn. Thus, the γ-matrix/β-Mn orientation relationship obtained by the OR stereograms is summarized as follows: (111)γ//(221)β−Mn,(011¯)γ//(012¯)β−Mn,(2¯11)γ//(5¯42)β−Mn and the equivalent axis-angle pair of this relationship is calculated to be < 0.275 0.195 0.941>/19.6°, which characterizes the peaks in the misorientation-angle distribution and in the Rodrigues–Frank vector space in Fig. 5.",
                        "For further quantification of the γ-matrix/β-Mn interface characteristics, the distributions of deviation angle from the ideal orientation relationship obtained by the OR stereograms were calculated from the segmentation data of the γ-matrix/β-Mn interphase boundaries in Fig. 4, and the results are shown in Fig. 6(f). Also, the distribution of deviation angles for randomly oriented pairs of γ-matrix and β-Mn grains is presented in black line in the figure. It is clearly seen that nearly 40% of the interface segments are within 5° of deviation from the ideal orientation relationship, implying that the majority of the β-Mn grains have the orientation relationship with γ-matrix as predicted by the OR stereograms. In addition, TEM observations were conducted on the A30K specimen with respect to the γ-matrix/β-Mn phase boundary, in order to clarify the orientation relationship. Fig. 7 shows a bright-field image and a selected area diffraction pattern of circular area in Fig. 7(a). The [011] zone axis of the γ-austenite and κ-carbide matches well with the [012] zone of the β-Mn phase, which shows the same pair of coincident poles in the orientation relationship. Further, the selected area diffraction pattern exhibits a coincidence of {111}γ+κ and {221}β-Mn reflections, indicating another predicted pair in the orientation relationship. Therefore, one can confirm that the preferred orientation relationship is found between γ-matrix and β-Mn phases as in Equation (6)."
                    ],
                    "name": "Orientation relationship between γ-matrix and β-Mn",
                    "type": "ce_section"
                },
                {
                    "content": [
                        "On the orientation relationship between α-ferrite matrix and β-Mn precipitate, Liu et al. showed that the orientation relationship was (001)α−ferrite//(012)β−Mn, (010)α−ferrite//(021¯)β−Mn, (100)α−ferrite//(100)β−Mn in a Fe–29.9Mn–9.1Al–2.9Cr ferritic alloy by TEM observation. In addition, the identical orientation relationship was observed in a bcc-based, spinodally formed Fe35Ni15Mn25Al25 (in at. %) alloy and Cu2MnAl alloy . While the β-Mn was precipitated within α-ferrite, B2, or L21 matrix in the previous studies, on the contrary, the α-precipitates were formed at the β-Mn interior, grain/phase boundary region, and the γ-austenite interior in the currently investigated alloy after aging for 10,000 min, as shown in Fig. 2. To identify the β-Mn/α-precipitate orientation relationship, EBSD and TEM measurements were conducted on the A30K specimen, again.",
                        "The magnified EBSD maps of phase, TD orientation, and IQ of the A30K specimen are shown in Fig. 8 . Compared to the A1K specimen exhibited in Fig. 4, the α-precipitates grow inside β-Mn grains after further aging treatment. Interestingly, preferred orientation of the α-precipitates was fairly observed depending on each β-Mn parent grain. Fig. 9 (a) shows the misorientation-angle distribution of β-Mn/α-precipitate interphase boundaries with the Mackenzie distribution. It is apparently seen that higher frequencies of the interphase boundaries are distributed to the range between 24° and 28°, which are colored in red in Fig. 8(c). Some fraction of misorientations between 45 and 55° shows up, in common with the γ-matrix/β-Mn misorientation shown in Fig. 5(a). Upon analysis of the OR stereograms, no specific orientation relation was observed between pairs of two phase having misorientations between 45 and 55°. Therefore, it might be attributed to the misorientation having no relation between the parent and daughter phases, which is close to random misorientation. Fig. 9(b) exhibits the Rodrigues–Frank vector space R(R 1, R 2, R 3) for β-Mn/α-precipitate interphase boundaries. The strong peaks are found at around R = (0.232, 0, 0) and R = (0, 0.232, 0), indicated by white arrows in Fig. 9(b). It is equivalent to a <1 0 0>/26.6° in the axis–angle pair convention, which corresponds to the axis-angle description of the orientation relationship between bcc matrix and β-Mn precipitate as confirmed by the previous studies . Thus, it seems that the β-Mn grain and α-precipitate in the investigated alloy can have the same orientation relationship as observed in both the bcc-based alloys.",
                        "Fig. 10 (a–e) show the OR stereograms for β-Mn/α-precipitate interphase boundaries in the A30K specimen. Five different regions having the misorientation angles between 24° and 28° are selected as marked in Fig. 8. The overlap of {012} β-Mn and {001} α-precipitate poles appears for all cases. Perpendicular to this coincident poles, another pair of {012} β-Mn and {001} α-precipitate poles is overlapped, and further, {001} pole in β-Mn coincides with {001} pole in α-precipitate for all cases. Therefore, the orientation relationship between β-Mn phase and α-precipitate obtained by the OR stereograms is summarized as follows: (012)β−Mn//(001)α,(021¯)β−Mn//(010)α,(100)β−Mn//(100)α and this is identical orientation relationship as observed in ferritic and bcc-based spinodally formed alloy .",
                        "Fig. 10(f) presents the distributions of deviation angle from the ideal β-Mn/α-precipitate orientation relationship obtained by the OR stereograms. The deviation angles were calculated from the segmentation data of the β-Mn/α-precipitate interphase boundaries. Compared the distribution of deviation angles for randomly oriented pairs, the low deviation angle section below 5° has a relatively large fraction. Therefore, it is conceivable that the orientation relationship predicted by the OR stereograms is valid for the β-Mn/α-precipitate interphase boundaries from a quantitative aspect. TEM characterizations were also carried out on β-Mn/α-precipitate phase boundary in the A30K specimen. Fig. 11 shows a TEM micrograph and a selected area diffraction pattern of circular area in Fig. 11(a). The α-precipitate [001] zone axis coincides with the β-Mn [012] zone axis. These coincident zone axes correspond to a pair of coincident poles in the orientation relationship. On the selected area diffraction pattern, {021}β-Mn reflections are consistent with {020}α+D03 reflections. Furthermore, a coincidence of {200}β-Mn and {200}α+D03 reflections are observed on diffraction pattern. Therefore, it is certainly proved that the preferred orientation relationship between β-Mn and α-precipitate phases exists in the investigated alloy as in Equation (7)."
                    ],
                    "name": "Orientation relationship between β-Mn and α-precipitate",
                    "type": "ce_section"
                },
                {
                    "content": [
                        "As shown in the EBSD phase map (Fig. 8(a)), γ-matrix/α-precipitate interphase boundaries were also formed in the A30K specimen under two possible mechanisms of the α-precipitate formation. To investigate the misorientation distribution from actual experimental results, the γ-matrix/α-precipitate interphase boundaries were segmented and extracted from the measured EBSD map. Fig. 12 (a) presents the misorientation-angle distribution of the γ-matrix/α-precipitate interphase boundaries with the Mackenzie distribution. The interphase boundaries are clearly concentrated in the range between 42° and 46° misorientation angles. The Rodrigues–Frank vector space R(R 1, R 2, R 3) for the γ-matrix/α-precipitate interphase boundaries are shown in Fig. 12(b). The γ-matrix/α-precipitate interphase boundaries have strong peaks at around R = (0.414, 0, 0) and R = (0, 0.414, 0), as indicated by white arrows in Fig. 12(b), which is equivalent to a <1 0 0>/45° in the axis–angle pair convention. This signifies that most of the γ-matrix/α-precipitate interfaces in the A30K specimen have the specific fcc/bcc misorientation including the Bain , KS , NW , and Pitsch relationships, as listed in Table 1 .",
                        "In order to distinguish more clearly, which relationship is closest to the measured γ-matrix/α-precipitate interfaces, the distributions of deviation angle from each ideal fcc/bcc orientation relationship were calculated with the distributions for randomly oriented pairs, respectively, and they are shown in Fig. 13 . Compared to the deviation angle distributions of the Bain and Pitsch relations (Fig. 13(a,d)), the majority of the interface segments have a relatively low deviation angle below 5° with the KS and NW relations (Fig. 13(b and c)). Consequently, considering the aspects of the measured EBSD results, the γ-matrix/α-precipitate misorientation under two possible mechanisms of the α-precipitate formation is more like the KS and NW relationship among the possible fcc/bcc relationships."
                    ],
                    "name": "Misorientation distribution of γ-matrix/α-precipitate phase boundaries",
                    "type": "ce_section"
                }
            ],
            "name": "Results and discussion",
            "type": "ce_section"
        },
        {
            "content": [
                {
                    "content": [
                        "To identify equilibrium phases of the investigated alloy as a function of temperature, the equilibrium phase fractions were calculated using phase diagram (CALPHAD) method . The thermodynamic database for high Mn-high Al steels based on Fe–Mn–Al–C quaternary system was used for calculation . The composition range of the database is 0–40 wt.% Mn, 0 to 10 wt.% Al, and 0 to 1 wt.% C. Fig. 1 shows the volume fractions of equilibrium phases in Fe–30Mn–12Al–0.9C alloy. The alloy presents two-phase region consisting of austenite and ferrite at 1200 °C. As the temperature goes down from about 1050 °C, the fraction of austenite decreases abruptly, while the amount of ferrite increases rapidly and κ-carbide starts to precipitate. At 800 °C, the β-Mn phase begins to precipitate and its fraction increases monotonically up to about 46.5% at 500 °C, while ferrite phase starts to disappear. Since the solution-treated plate at 1050 °C was directly quenched into water and then the aging treatment was conducted at 550 °C, it is estimated from the equilibrium phase diagram that κ-carbide and β-Mn are formed directly from the solution-treated state during aging process.",
                        "EBSD phase maps of the ST, A1K, A10K, and A100K specimens are shown in Fig. 2 (a–e), respectively. The ST specimen consists of a γ-austenite matrix with some α-ferrite grains elongated along the rolling direction. The phase fraction of these α-ferrite bands is 10.0%, measured from EBSD. The amount of the α-ferrite bands from the EBSD measurement is much lower than the calculated fraction (∼42.8%) at around 1050 °C in Fig. 1. The discrepancy of the phase fraction might originate from the nominal Al contents (11.4 wt.%) which is slightly out of the composition range of the database. To investigate the influence of segregation, EDS analysis on the ST specimen was carried out with respect to γ-austenite and α-ferrite phases. It is confirmed that the γ-austenite has higher Mn content than the α-ferrite, while Al and Fe are concentrated in the α-ferrite phase. In contrast to the significant difference of the Mn content between the phases, the Mn content shows negligible variation in the γ-austenite phase.",
                        "The β-Mn phase, colored in green in Fig. 2(b–e), has grown extensively into the γ-matrix with a lath- or plate-type morphology after aging for 1000 min. The γ-austenite region adjacent to the α-ferrite decomposes much faster in the β-Mn rather than the γ-austenite interior, as shown in Fig. 2(b). It can be attributed to numerous nucleation sites such as γ/α phase boundary and γ-austenite grain boundary near the γ/α phase boundary region. After β-Mn phase forms, a new microscopic bcc phase was precipitated at the β-Mn interior, grain/phase boundary region, and the γ-austenite interior by further aging treatment, as shown in the magnified EBSD phase maps in Fig. 2(d and e). These small-sized precipitates are considered to be the ordered bcc phase (B2 or D03) due to high Al content in the investigated alloy . Considering the nucleation sites of the α-precipitate, two mechanisms of the α-precipitate formation are possible: one of the precipitation sequence is (γ-matrix)→(β-Mn)→ (α-precipitate), and the second is (retained γ-matrix)→(β-Mn + α-precipitate).",
                        "The microstructural evolution and precipitation behavior during the aging treatment of this alloy are different from the austenitic alloys containing about 9 wt.% Al, in which co-precipitation of β-Mn and α-ferrite forms a lamellar-type morphology along γ-austenite grain boundaries . The kinetics and morphological differences of the β-Mn and α-ferrite precipitation in two alloy systems are due to the difference in Al content, such that higher Al content increases the driving force for the β-Mn formation, as verified by thermodynamic calculation in a previous study by the present authors . In addition, the previous study reported that interstitial carbon atoms merely diffused from β-Mn into γ-matrix during the β-Mn formation, while the other substitutional elements such as Al, Mn and Fe showed little partitioning between the β-Mn and γ-matrix. In contrast, during the formation of the α-precipitate, the redistribution of substitutional elements is required. Therefore, together with the current observations on microstructural evolution, the faster kinetics of the β-Mn formation can be explained by the increase of the driving force due to the higher Al content in addition to the redistribution of carbon elements.",
                        "Fig. 2(f) shows the Vickers hardness on all specimens as a function of the aging time at 550 °C. At the incipient stage of the aging treatment within 300 min, the gradual increase of the Vickers hardness is observed, indicating the primary age hardening by the formation of the nano-sized κ-carbide within the γ-matrix, as previously confirmed by TEM observation . After aging for 300 min, a dramatic increase in hardness up to 700 HV is found. This secondary hardening behavior is due to the formation of the β-Mn phase, as clearly noticed from microstructural evolution in Fig. 2(b). After aging for 10,000 min, the Vickers hardness is maintained without considerable changes.",
                        "In order to confirm the crystal structure and ordering of nano-sized precipitates in matrix phase, TEM characterizations were carried out on the A30K specimen. Fig. 3 (a–b) show a bright-field image and a selected area diffraction pattern along [011] zone of the austenite matrix. As mentioned earlier, fine coherent κ-carbides are formed within γ-austenite grains, indicated by superlattice {100} and {110} reflections. Again, this κ-carbide precipitation seems to occur at the early stage of the aging treatment as indicated by the age hardening in Fig. 2(f). A dark-field image and a selected-area diffraction pattern along [011] zone of an α-precipitate region inside the β-Mn grains are presented in Fig. 3(c–d). The superlattice {111} reflections indicate the presence of D03 order inside the α-precipitate. Considering the dark field image taken using a (111) reflection, the α-precipitate seems to be partially ordered to D03 which is a typical ordered structure in ferritic alloys having high Al or Si contents .",
                        "For convenience, from now on, the austenite matrix containing nano-sized coherent κ-carbides is referred to as “γ-matrix”, and the bcc precipitate phase including the ordered structure of D03 is referred to as “α-precipitate”."
                    ],
                    "name": "Microstructural evolution and aging behavior",
                    "type": "ce_section"
                },
                {
                    "content": [
                        "Fig. 4 shows the magnified EBSD maps of phase, orientation (transverse direction, TD), and image quality (IQ) of the A1K specimen, in which the β-Mn grows sufficiently into the γ-matrix. Some small-sized α-precipitates, colored in yellow in phase map, are observed in the interior or at the grain/phase boundaries of β-Mn. The misorientation-angle distribution of γ-matrix/β-Mn interphase boundaries is presented in Fig. 5 (a) and compared with the Mackenzie distribution . Note that a relatively large fraction of misorientations ranging between 17° and 21° shows up, and the corresponding γ-matrix/β-Mn interphase boundaries are colored in red in Fig. 4(c). Fig. 5(b) shows the Rodrigues–Frank vector space R(R 1, R 2, R 3) for γ-matrix/β-Mn interphase boundaries. The space is represented as a series of R 1 × R 2 sections at different R 3 (from the bottom “section an at R 3 = 0.000” to the top “section g at R 3 = 0.315”) of two different phases having cubic crystal structures . It is found that the γ-matrix/β-Mn interphase boundaries have strong peaks at around R = (0.157, 0.033, 0.033) and R = (0.033, 0.157, 0.033), as indicated by white arrows in Fig. 5(b). These are equivalent to the strong peaks found in the misorientation-angle distribution, signifying that a stable preferred orientation relationship exists between γ-matrix and β-Mn phase.",
                        "To determine the γ-matrix/β-Mn orientation relationship, five different regions having misorientation angles from 17° to 21° are selected as marked in Fig. 4 and the corresponding OR stereograms are shown in Fig. 6 (a–e), respectively. It is apparent that coincidence of {111} γ-matrix and {122} β-Mn poles is found for all cases. Perpendicular to this coincident poles, another overlapping pair of coincidence poles is found for all cases, indicating consistently {110} γ-matrix//{012} β-Mn. Thus, the γ-matrix/β-Mn orientation relationship obtained by the OR stereograms is summarized as follows: (111)γ//(221)β−Mn,(011¯)γ//(012¯)β−Mn,(2¯11)γ//(5¯42)β−Mn and the equivalent axis-angle pair of this relationship is calculated to be < 0.275 0.195 0.941>/19.6°, which characterizes the peaks in the misorientation-angle distribution and in the Rodrigues–Frank vector space in Fig. 5.",
                        "For further quantification of the γ-matrix/β-Mn interface characteristics, the distributions of deviation angle from the ideal orientation relationship obtained by the OR stereograms were calculated from the segmentation data of the γ-matrix/β-Mn interphase boundaries in Fig. 4, and the results are shown in Fig. 6(f). Also, the distribution of deviation angles for randomly oriented pairs of γ-matrix and β-Mn grains is presented in black line in the figure. It is clearly seen that nearly 40% of the interface segments are within 5° of deviation from the ideal orientation relationship, implying that the majority of the β-Mn grains have the orientation relationship with γ-matrix as predicted by the OR stereograms. In addition, TEM observations were conducted on the A30K specimen with respect to the γ-matrix/β-Mn phase boundary, in order to clarify the orientation relationship. Fig. 7 shows a bright-field image and a selected area diffraction pattern of circular area in Fig. 7(a). The [011] zone axis of the γ-austenite and κ-carbide matches well with the [012] zone of the β-Mn phase, which shows the same pair of coincident poles in the orientation relationship. Further, the selected area diffraction pattern exhibits a coincidence of {111}γ+κ and {221}β-Mn reflections, indicating another predicted pair in the orientation relationship. Therefore, one can confirm that the preferred orientation relationship is found between γ-matrix and β-Mn phases as in Equation (6)."
                    ],
                    "name": "Orientation relationship between γ-matrix and β-Mn",
                    "type": "ce_section"
                },
                {
                    "content": [
                        "On the orientation relationship between α-ferrite matrix and β-Mn precipitate, Liu et al. showed that the orientation relationship was (001)α−ferrite//(012)β−Mn, (010)α−ferrite//(021¯)β−Mn, (100)α−ferrite//(100)β−Mn in a Fe–29.9Mn–9.1Al–2.9Cr ferritic alloy by TEM observation. In addition, the identical orientation relationship was observed in a bcc-based, spinodally formed Fe35Ni15Mn25Al25 (in at. %) alloy and Cu2MnAl alloy . While the β-Mn was precipitated within α-ferrite, B2, or L21 matrix in the previous studies, on the contrary, the α-precipitates were formed at the β-Mn interior, grain/phase boundary region, and the γ-austenite interior in the currently investigated alloy after aging for 10,000 min, as shown in Fig. 2. To identify the β-Mn/α-precipitate orientation relationship, EBSD and TEM measurements were conducted on the A30K specimen, again.",
                        "The magnified EBSD maps of phase, TD orientation, and IQ of the A30K specimen are shown in Fig. 8 . Compared to the A1K specimen exhibited in Fig. 4, the α-precipitates grow inside β-Mn grains after further aging treatment. Interestingly, preferred orientation of the α-precipitates was fairly observed depending on each β-Mn parent grain. Fig. 9 (a) shows the misorientation-angle distribution of β-Mn/α-precipitate interphase boundaries with the Mackenzie distribution. It is apparently seen that higher frequencies of the interphase boundaries are distributed to the range between 24° and 28°, which are colored in red in Fig. 8(c). Some fraction of misorientations between 45 and 55° shows up, in common with the γ-matrix/β-Mn misorientation shown in Fig. 5(a). Upon analysis of the OR stereograms, no specific orientation relation was observed between pairs of two phase having misorientations between 45 and 55°. Therefore, it might be attributed to the misorientation having no relation between the parent and daughter phases, which is close to random misorientation. Fig. 9(b) exhibits the Rodrigues–Frank vector space R(R 1, R 2, R 3) for β-Mn/α-precipitate interphase boundaries. The strong peaks are found at around R = (0.232, 0, 0) and R = (0, 0.232, 0), indicated by white arrows in Fig. 9(b). It is equivalent to a <1 0 0>/26.6° in the axis–angle pair convention, which corresponds to the axis-angle description of the orientation relationship between bcc matrix and β-Mn precipitate as confirmed by the previous studies . Thus, it seems that the β-Mn grain and α-precipitate in the investigated alloy can have the same orientation relationship as observed in both the bcc-based alloys.",
                        "Fig. 10 (a–e) show the OR stereograms for β-Mn/α-precipitate interphase boundaries in the A30K specimen. Five different regions having the misorientation angles between 24° and 28° are selected as marked in Fig. 8. The overlap of {012} β-Mn and {001} α-precipitate poles appears for all cases. Perpendicular to this coincident poles, another pair of {012} β-Mn and {001} α-precipitate poles is overlapped, and further, {001} pole in β-Mn coincides with {001} pole in α-precipitate for all cases. Therefore, the orientation relationship between β-Mn phase and α-precipitate obtained by the OR stereograms is summarized as follows: (012)β−Mn//(001)α,(021¯)β−Mn//(010)α,(100)β−Mn//(100)α and this is identical orientation relationship as observed in ferritic and bcc-based spinodally formed alloy .",
                        "Fig. 10(f) presents the distributions of deviation angle from the ideal β-Mn/α-precipitate orientation relationship obtained by the OR stereograms. The deviation angles were calculated from the segmentation data of the β-Mn/α-precipitate interphase boundaries. Compared the distribution of deviation angles for randomly oriented pairs, the low deviation angle section below 5° has a relatively large fraction. Therefore, it is conceivable that the orientation relationship predicted by the OR stereograms is valid for the β-Mn/α-precipitate interphase boundaries from a quantitative aspect. TEM characterizations were also carried out on β-Mn/α-precipitate phase boundary in the A30K specimen. Fig. 11 shows a TEM micrograph and a selected area diffraction pattern of circular area in Fig. 11(a). The α-precipitate [001] zone axis coincides with the β-Mn [012] zone axis. These coincident zone axes correspond to a pair of coincident poles in the orientation relationship. On the selected area diffraction pattern, {021}β-Mn reflections are consistent with {020}α+D03 reflections. Furthermore, a coincidence of {200}β-Mn and {200}α+D03 reflections are observed on diffraction pattern. Therefore, it is certainly proved that the preferred orientation relationship between β-Mn and α-precipitate phases exists in the investigated alloy as in Equation (7)."
                    ],
                    "name": "Orientation relationship between β-Mn and α-precipitate",
                    "type": "ce_section"
                },
                {
                    "content": [
                        "As shown in the EBSD phase map (Fig. 8(a)), γ-matrix/α-precipitate interphase boundaries were also formed in the A30K specimen under two possible mechanisms of the α-precipitate formation. To investigate the misorientation distribution from actual experimental results, the γ-matrix/α-precipitate interphase boundaries were segmented and extracted from the measured EBSD map. Fig. 12 (a) presents the misorientation-angle distribution of the γ-matrix/α-precipitate interphase boundaries with the Mackenzie distribution. The interphase boundaries are clearly concentrated in the range between 42° and 46° misorientation angles. The Rodrigues–Frank vector space R(R 1, R 2, R 3) for the γ-matrix/α-precipitate interphase boundaries are shown in Fig. 12(b). The γ-matrix/α-precipitate interphase boundaries have strong peaks at around R = (0.414, 0, 0) and R = (0, 0.414, 0), as indicated by white arrows in Fig. 12(b), which is equivalent to a <1 0 0>/45° in the axis–angle pair convention. This signifies that most of the γ-matrix/α-precipitate interfaces in the A30K specimen have the specific fcc/bcc misorientation including the Bain , KS , NW , and Pitsch relationships, as listed in Table 1 .",
                        "In order to distinguish more clearly, which relationship is closest to the measured γ-matrix/α-precipitate interfaces, the distributions of deviation angle from each ideal fcc/bcc orientation relationship were calculated with the distributions for randomly oriented pairs, respectively, and they are shown in Fig. 13 . Compared to the deviation angle distributions of the Bain and Pitsch relations (Fig. 13(a,d)), the majority of the interface segments have a relatively low deviation angle below 5° with the KS and NW relations (Fig. 13(b and c)). Consequently, considering the aspects of the measured EBSD results, the γ-matrix/α-precipitate misorientation under two possible mechanisms of the α-precipitate formation is more like the KS and NW relationship among the possible fcc/bcc relationships."
                    ],
                    "name": "Misorientation distribution of γ-matrix/α-precipitate phase boundaries",
                    "type": "ce_section"
                }
            ],
            "name": "Results and discussion",
            "type": "ce_section"
        },
        {
            "content": [
                {
                    "content": [
                        "To identify equilibrium phases of the investigated alloy as a function of temperature, the equilibrium phase fractions were calculated using phase diagram (CALPHAD) method . The thermodynamic database for high Mn-high Al steels based on Fe–Mn–Al–C quaternary system was used for calculation . The composition range of the database is 0–40 wt.% Mn, 0 to 10 wt.% Al, and 0 to 1 wt.% C. Fig. 1 shows the volume fractions of equilibrium phases in Fe–30Mn–12Al–0.9C alloy. The alloy presents two-phase region consisting of austenite and ferrite at 1200 °C. As the temperature goes down from about 1050 °C, the fraction of austenite decreases abruptly, while the amount of ferrite increases rapidly and κ-carbide starts to precipitate. At 800 °C, the β-Mn phase begins to precipitate and its fraction increases monotonically up to about 46.5% at 500 °C, while ferrite phase starts to disappear. Since the solution-treated plate at 1050 °C was directly quenched into water and then the aging treatment was conducted at 550 °C, it is estimated from the equilibrium phase diagram that κ-carbide and β-Mn are formed directly from the solution-treated state during aging process.",
                        "EBSD phase maps of the ST, A1K, A10K, and A100K specimens are shown in Fig. 2 (a–e), respectively. The ST specimen consists of a γ-austenite matrix with some α-ferrite grains elongated along the rolling direction. The phase fraction of these α-ferrite bands is 10.0%, measured from EBSD. The amount of the α-ferrite bands from the EBSD measurement is much lower than the calculated fraction (∼42.8%) at around 1050 °C in Fig. 1. The discrepancy of the phase fraction might originate from the nominal Al contents (11.4 wt.%) which is slightly out of the composition range of the database. To investigate the influence of segregation, EDS analysis on the ST specimen was carried out with respect to γ-austenite and α-ferrite phases. It is confirmed that the γ-austenite has higher Mn content than the α-ferrite, while Al and Fe are concentrated in the α-ferrite phase. In contrast to the significant difference of the Mn content between the phases, the Mn content shows negligible variation in the γ-austenite phase.",
                        "The β-Mn phase, colored in green in Fig. 2(b–e), has grown extensively into the γ-matrix with a lath- or plate-type morphology after aging for 1000 min. The γ-austenite region adjacent to the α-ferrite decomposes much faster in the β-Mn rather than the γ-austenite interior, as shown in Fig. 2(b). It can be attributed to numerous nucleation sites such as γ/α phase boundary and γ-austenite grain boundary near the γ/α phase boundary region. After β-Mn phase forms, a new microscopic bcc phase was precipitated at the β-Mn interior, grain/phase boundary region, and the γ-austenite interior by further aging treatment, as shown in the magnified EBSD phase maps in Fig. 2(d and e). These small-sized precipitates are considered to be the ordered bcc phase (B2 or D03) due to high Al content in the investigated alloy . Considering the nucleation sites of the α-precipitate, two mechanisms of the α-precipitate formation are possible: one of the precipitation sequence is (γ-matrix)→(β-Mn)→ (α-precipitate), and the second is (retained γ-matrix)→(β-Mn + α-precipitate).",
                        "The microstructural evolution and precipitation behavior during the aging treatment of this alloy are different from the austenitic alloys containing about 9 wt.% Al, in which co-precipitation of β-Mn and α-ferrite forms a lamellar-type morphology along γ-austenite grain boundaries . The kinetics and morphological differences of the β-Mn and α-ferrite precipitation in two alloy systems are due to the difference in Al content, such that higher Al content increases the driving force for the β-Mn formation, as verified by thermodynamic calculation in a previous study by the present authors . In addition, the previous study reported that interstitial carbon atoms merely diffused from β-Mn into γ-matrix during the β-Mn formation, while the other substitutional elements such as Al, Mn and Fe showed little partitioning between the β-Mn and γ-matrix. In contrast, during the formation of the α-precipitate, the redistribution of substitutional elements is required. Therefore, together with the current observations on microstructural evolution, the faster kinetics of the β-Mn formation can be explained by the increase of the driving force due to the higher Al content in addition to the redistribution of carbon elements.",
                        "Fig. 2(f) shows the Vickers hardness on all specimens as a function of the aging time at 550 °C. At the incipient stage of the aging treatment within 300 min, the gradual increase of the Vickers hardness is observed, indicating the primary age hardening by the formation of the nano-sized κ-carbide within the γ-matrix, as previously confirmed by TEM observation . After aging for 300 min, a dramatic increase in hardness up to 700 HV is found. This secondary hardening behavior is due to the formation of the β-Mn phase, as clearly noticed from microstructural evolution in Fig. 2(b). After aging for 10,000 min, the Vickers hardness is maintained without considerable changes.",
                        "In order to confirm the crystal structure and ordering of nano-sized precipitates in matrix phase, TEM characterizations were carried out on the A30K specimen. Fig. 3 (a–b) show a bright-field image and a selected area diffraction pattern along [011] zone of the austenite matrix. As mentioned earlier, fine coherent κ-carbides are formed within γ-austenite grains, indicated by superlattice {100} and {110} reflections. Again, this κ-carbide precipitation seems to occur at the early stage of the aging treatment as indicated by the age hardening in Fig. 2(f). A dark-field image and a selected-area diffraction pattern along [011] zone of an α-precipitate region inside the β-Mn grains are presented in Fig. 3(c–d). The superlattice {111} reflections indicate the presence of D03 order inside the α-precipitate. Considering the dark field image taken using a (111) reflection, the α-precipitate seems to be partially ordered to D03 which is a typical ordered structure in ferritic alloys having high Al or Si contents .",
                        "For convenience, from now on, the austenite matrix containing nano-sized coherent κ-carbides is referred to as “γ-matrix”, and the bcc precipitate phase including the ordered structure of D03 is referred to as “α-precipitate”."
                    ],
                    "name": "Microstructural evolution and aging behavior",
                    "type": "ce_section"
                },
                {
                    "content": [
                        "Fig. 4 shows the magnified EBSD maps of phase, orientation (transverse direction, TD), and image quality (IQ) of the A1K specimen, in which the β-Mn grows sufficiently into the γ-matrix. Some small-sized α-precipitates, colored in yellow in phase map, are observed in the interior or at the grain/phase boundaries of β-Mn. The misorientation-angle distribution of γ-matrix/β-Mn interphase boundaries is presented in Fig. 5 (a) and compared with the Mackenzie distribution . Note that a relatively large fraction of misorientations ranging between 17° and 21° shows up, and the corresponding γ-matrix/β-Mn interphase boundaries are colored in red in Fig. 4(c). Fig. 5(b) shows the Rodrigues–Frank vector space R(R 1, R 2, R 3) for γ-matrix/β-Mn interphase boundaries. The space is represented as a series of R 1 × R 2 sections at different R 3 (from the bottom “section an at R 3 = 0.000” to the top “section g at R 3 = 0.315”) of two different phases having cubic crystal structures . It is found that the γ-matrix/β-Mn interphase boundaries have strong peaks at around R = (0.157, 0.033, 0.033) and R = (0.033, 0.157, 0.033), as indicated by white arrows in Fig. 5(b). These are equivalent to the strong peaks found in the misorientation-angle distribution, signifying that a stable preferred orientation relationship exists between γ-matrix and β-Mn phase.",
                        "To determine the γ-matrix/β-Mn orientation relationship, five different regions having misorientation angles from 17° to 21° are selected as marked in Fig. 4 and the corresponding OR stereograms are shown in Fig. 6 (a–e), respectively. It is apparent that coincidence of {111} γ-matrix and {122} β-Mn poles is found for all cases. Perpendicular to this coincident poles, another overlapping pair of coincidence poles is found for all cases, indicating consistently {110} γ-matrix//{012} β-Mn. Thus, the γ-matrix/β-Mn orientation relationship obtained by the OR stereograms is summarized as follows: (111)γ//(221)β−Mn,(011¯)γ//(012¯)β−Mn,(2¯11)γ//(5¯42)β−Mn and the equivalent axis-angle pair of this relationship is calculated to be < 0.275 0.195 0.941>/19.6°, which characterizes the peaks in the misorientation-angle distribution and in the Rodrigues–Frank vector space in Fig. 5.",
                        "For further quantification of the γ-matrix/β-Mn interface characteristics, the distributions of deviation angle from the ideal orientation relationship obtained by the OR stereograms were calculated from the segmentation data of the γ-matrix/β-Mn interphase boundaries in Fig. 4, and the results are shown in Fig. 6(f). Also, the distribution of deviation angles for randomly oriented pairs of γ-matrix and β-Mn grains is presented in black line in the figure. It is clearly seen that nearly 40% of the interface segments are within 5° of deviation from the ideal orientation relationship, implying that the majority of the β-Mn grains have the orientation relationship with γ-matrix as predicted by the OR stereograms. In addition, TEM observations were conducted on the A30K specimen with respect to the γ-matrix/β-Mn phase boundary, in order to clarify the orientation relationship. Fig. 7 shows a bright-field image and a selected area diffraction pattern of circular area in Fig. 7(a). The [011] zone axis of the γ-austenite and κ-carbide matches well with the [012] zone of the β-Mn phase, which shows the same pair of coincident poles in the orientation relationship. Further, the selected area diffraction pattern exhibits a coincidence of {111}γ+κ and {221}β-Mn reflections, indicating another predicted pair in the orientation relationship. Therefore, one can confirm that the preferred orientation relationship is found between γ-matrix and β-Mn phases as in Equation (6)."
                    ],
                    "name": "Orientation relationship between γ-matrix and β-Mn",
                    "type": "ce_section"
                },
                {
                    "content": [
                        "On the orientation relationship between α-ferrite matrix and β-Mn precipitate, Liu et al. showed that the orientation relationship was (001)α−ferrite//(012)β−Mn, (010)α−ferrite//(021¯)β−Mn, (100)α−ferrite//(100)β−Mn in a Fe–29.9Mn–9.1Al–2.9Cr ferritic alloy by TEM observation. In addition, the identical orientation relationship was observed in a bcc-based, spinodally formed Fe35Ni15Mn25Al25 (in at. %) alloy and Cu2MnAl alloy . While the β-Mn was precipitated within α-ferrite, B2, or L21 matrix in the previous studies, on the contrary, the α-precipitates were formed at the β-Mn interior, grain/phase boundary region, and the γ-austenite interior in the currently investigated alloy after aging for 10,000 min, as shown in Fig. 2. To identify the β-Mn/α-precipitate orientation relationship, EBSD and TEM measurements were conducted on the A30K specimen, again.",
                        "The magnified EBSD maps of phase, TD orientation, and IQ of the A30K specimen are shown in Fig. 8 . Compared to the A1K specimen exhibited in Fig. 4, the α-precipitates grow inside β-Mn grains after further aging treatment. Interestingly, preferred orientation of the α-precipitates was fairly observed depending on each β-Mn parent grain. Fig. 9 (a) shows the misorientation-angle distribution of β-Mn/α-precipitate interphase boundaries with the Mackenzie distribution. It is apparently seen that higher frequencies of the interphase boundaries are distributed to the range between 24° and 28°, which are colored in red in Fig. 8(c). Some fraction of misorientations between 45 and 55° shows up, in common with the γ-matrix/β-Mn misorientation shown in Fig. 5(a). Upon analysis of the OR stereograms, no specific orientation relation was observed between pairs of two phase having misorientations between 45 and 55°. Therefore, it might be attributed to the misorientation having no relation between the parent and daughter phases, which is close to random misorientation. Fig. 9(b) exhibits the Rodrigues–Frank vector space R(R 1, R 2, R 3) for β-Mn/α-precipitate interphase boundaries. The strong peaks are found at around R = (0.232, 0, 0) and R = (0, 0.232, 0), indicated by white arrows in Fig. 9(b). It is equivalent to a <1 0 0>/26.6° in the axis–angle pair convention, which corresponds to the axis-angle description of the orientation relationship between bcc matrix and β-Mn precipitate as confirmed by the previous studies . Thus, it seems that the β-Mn grain and α-precipitate in the investigated alloy can have the same orientation relationship as observed in both the bcc-based alloys.",
                        "Fig. 10 (a–e) show the OR stereograms for β-Mn/α-precipitate interphase boundaries in the A30K specimen. Five different regions having the misorientation angles between 24° and 28° are selected as marked in Fig. 8. The overlap of {012} β-Mn and {001} α-precipitate poles appears for all cases. Perpendicular to this coincident poles, another pair of {012} β-Mn and {001} α-precipitate poles is overlapped, and further, {001} pole in β-Mn coincides with {001} pole in α-precipitate for all cases. Therefore, the orientation relationship between β-Mn phase and α-precipitate obtained by the OR stereograms is summarized as follows: (012)β−Mn//(001)α,(021¯)β−Mn//(010)α,(100)β−Mn//(100)α and this is identical orientation relationship as observed in ferritic and bcc-based spinodally formed alloy .",
                        "Fig. 10(f) presents the distributions of deviation angle from the ideal β-Mn/α-precipitate orientation relationship obtained by the OR stereograms. The deviation angles were calculated from the segmentation data of the β-Mn/α-precipitate interphase boundaries. Compared the distribution of deviation angles for randomly oriented pairs, the low deviation angle section below 5° has a relatively large fraction. Therefore, it is conceivable that the orientation relationship predicted by the OR stereograms is valid for the β-Mn/α-precipitate interphase boundaries from a quantitative aspect. TEM characterizations were also carried out on β-Mn/α-precipitate phase boundary in the A30K specimen. Fig. 11 shows a TEM micrograph and a selected area diffraction pattern of circular area in Fig. 11(a). The α-precipitate [001] zone axis coincides with the β-Mn [012] zone axis. These coincident zone axes correspond to a pair of coincident poles in the orientation relationship. On the selected area diffraction pattern, {021}β-Mn reflections are consistent with {020}α+D03 reflections. Furthermore, a coincidence of {200}β-Mn and {200}α+D03 reflections are observed on diffraction pattern. Therefore, it is certainly proved that the preferred orientation relationship between β-Mn and α-precipitate phases exists in the investigated alloy as in Equation (7)."
                    ],
                    "name": "Orientation relationship between β-Mn and α-precipitate",
                    "type": "ce_section"
                },
                {
                    "content": [
                        "As shown in the EBSD phase map (Fig. 8(a)), γ-matrix/α-precipitate interphase boundaries were also formed in the A30K specimen under two possible mechanisms of the α-precipitate formation. To investigate the misorientation distribution from actual experimental results, the γ-matrix/α-precipitate interphase boundaries were segmented and extracted from the measured EBSD map. Fig. 12 (a) presents the misorientation-angle distribution of the γ-matrix/α-precipitate interphase boundaries with the Mackenzie distribution. The interphase boundaries are clearly concentrated in the range between 42° and 46° misorientation angles. The Rodrigues–Frank vector space R(R 1, R 2, R 3) for the γ-matrix/α-precipitate interphase boundaries are shown in Fig. 12(b). The γ-matrix/α-precipitate interphase boundaries have strong peaks at around R = (0.414, 0, 0) and R = (0, 0.414, 0), as indicated by white arrows in Fig. 12(b), which is equivalent to a <1 0 0>/45° in the axis–angle pair convention. This signifies that most of the γ-matrix/α-precipitate interfaces in the A30K specimen have the specific fcc/bcc misorientation including the Bain , KS , NW , and Pitsch relationships, as listed in Table 1 .",
                        "In order to distinguish more clearly, which relationship is closest to the measured γ-matrix/α-precipitate interfaces, the distributions of deviation angle from each ideal fcc/bcc orientation relationship were calculated with the distributions for randomly oriented pairs, respectively, and they are shown in Fig. 13 . Compared to the deviation angle distributions of the Bain and Pitsch relations (Fig. 13(a,d)), the majority of the interface segments have a relatively low deviation angle below 5° with the KS and NW relations (Fig. 13(b and c)). Consequently, considering the aspects of the measured EBSD results, the γ-matrix/α-precipitate misorientation under two possible mechanisms of the α-precipitate formation is more like the KS and NW relationship among the possible fcc/bcc relationships."
                    ],
                    "name": "Misorientation distribution of γ-matrix/α-precipitate phase boundaries",
                    "type": "ce_section"
                }
            ],
            "name": "Results and discussion",
            "type": "ce_section"
        }
    ],
    "Title": "Investigation of the aging behavior and orientation relationships in Fe–31.4Mn–11.4Al–0.89C low-density steel",
    "abstract": "The aging behavior and orientation relationships in Fe-31.4Mn-11.4Al-0.89C low-density steel were investigated with respect to constituent phases and precipitates, including gamma-austenite matrix, beta-Mn, and alpha-precipitate. After aging treatment at 550 degrees C for various periods of time, the microstructural changes and corresponding mechanical response were characterized by Vickers hardness measurement combined with EBSD and TEM observations. The precipitation sequence during the aging treatment showed that nano-sized kappa-carbides firstly precipitated within the gamma-austenite matrix at the incipient stage of aging, and induced the primary age hardening. After aging for 300 min, the lath-type beta-Mn phase was formed, leading to the dramatic secondary hardening response. The alpha-precipitates with partial D0(3) order were subsequently produced at the beta-Mn interior, grain/phase boundary region, and the gamma-austenite interior after further aging over 10,000 min. The misorientation-angle distribution, RodrigueseFrank vector space, and orientation relationship stereogram (OR stereogram) from EBSD measurements were employed for analyzing gamma-matrix/beta-Mn and beta-Mn/alpha-precipitate interphase boundaries, respectively. The OR stereograms showed that the preferred orientation relationships were represented as (111)gamma//(221)(beta-Mn), (01 (1) over bar)(gamma)// (01 (2) over bar)(beta-Mn), ((2) over bar 11)(gamma)//((5) over bar 42)(beta-Mn) for gamma-matrix/beta-Mn interface, and (012)(beta-Mn)//(001)(alpha), (02 (1) over bar)(beta-Mn)// (010)(alpha), (100)beta-Mn//(100)alpha for beta-Mn/alpha-precipitate interface, respectively. The orientation relationships obtained from the OR stereograms were clarified by checking the deviation angle distributions of interface segments from the ideal orientation relationships, as well as the TEM diffraction patterns at the interface boundaries. In addition, the misorientation distribution between gamma-matrix and alpha-precipitate was examined and compared to conventional fcc/bcc orientation relationships. (C) 2017 Elsevier B.V. All rights reserved."
}