{
    "Sections": [
        {
            "name": "Microstructural analysis",
            "content": [
                "Polished samples obtained during the DT experimental campaign and those obtained from tensile test specimens during the MMT experimental campaign were chemically etched with Vilella’s reagent to reveal their microstructures. Optical microscopy (OM) was then performed with a Nikon optical microscope with a magnification of 5–50×. Following OM, the cross sections of tensile test specimens were analyzed with scanning electron microscopy (SEM) to determine the presence and types of defects within each sample and evaluate the presence of critical phases such as oxides or carbides. Energy dispersive spectroscopy (EDS, X-Act/INCA, Oxford Instruments) was then used to analyze the chemical composition of each sample."
            ]
        },
        {
            "name": "Mechanical properties and hardness",
            "content": [
                "Results from the DT experimental campaign demonstrated that HIP post-processing was not capable of increasing the density to 100% where the initial density was low (approximately 94%), even with pressures up to 2000 bar. For the MMT experimental campaign, LD samples were therefore no longer considered. The DT campaign also highlighted the fact that increasing the HIP pressure from 1050 to 2000 bar had no significant effect on results. As such, a HIP pressure of 1500 bar was not considered for mechanical testing and microstructural analysis. Furthermore, as outlined in Section 2, a solubilization heat treatment was included amongst the post-processing conditions. Solubilization was tested both as a standalone process after SLM production and after HIP at 1050 bar (Table 4). All samples obtained in this way were subject to tensile tests (Fig. 6).",
                "The hardness of as-built samples does not vary with specimen height. This outcome is in contrast with some results presented in the literature ; however, it is important to note that such variations are related to the thermal cycle that the component is subject to, which in turn is related to both the geometry and number of specimens produced simultaneously . In the present case, it is likely that the height (approximately 70 mm), combined with the geometry and number of samples (four per platform), led to negligible differences in the thermal cycle induced at the initial and final stages of printing."
            ]
        },
        {
            "name": "Chemical composition and microstructure",
            "content": [
                "Detailed discussion of typical defects found during the SEM analysis of as-built samples has already been provided in a previous work . In the present study, no new characteristic cases were observed. Post-processing of samples instead led to modification of the microstructure, as can be seen in Figs. 12 and 13. With solubilization heat treatment only (Fig. 12), the dimensions and direction of grain growth do not appear to undergo significant changes. It is nonetheless evident that melt-pool boundaries disappear. Upon observation of the SEM images, it is also clear that sub-micrometric cells are no longer present. This behavior is in line with other works in the literature  showing that these cells begin to dissolve upon reaching a temperature of 900 °C.",
                "Other selected inclusions were also analyzed with EDS. Figure 16 shows inclusions found in samples subject to various post-processing conditions. These include HIP at 1050 bar followed by solubilization (Fig. 16a), HIP at 50 bar (Fig. 16b), and solubilization only (Fig. 16c). The corresponding EDS spectra are provided in Table 9. The atomic percentage appears to indicate silicate inclusions from the olivine family (Mn,Fe)2Si4 for samples subject to HIP, while the ratio of oxygen to silicon for solubilized samples is closer to 3:1. Yan et al.  reported finding rhodonite (MnSiO3) inclusions in austenitic stainless steel components produced with AM processes. Though the presence of this metastable state is justified by the high solidification rate typical of SLM, the dimensions of crystals in the aforementioned study are in the order of nanometers (15–100 nm) while the inclusions in Fig. 16 are in the order of a few microns."
            ]
        },
        {
            "name": "Discussion",
            "content": [
                "Experiments performed within this work had the aim of investigating the mechanical properties and microstructure of AISI 316L components produced by SLM and subject to various post-processing procedures. The DT phase of the investigation focused on the link between HIP post-processing results and the initial density of SLM components. For low-density components (approximately 94%), HIP increased the density by up to 1% but was unable to achieve acceptable values, even at the highest tested pressure (2000 bar), see Fig. 3. This behavior is in general agreement with results in the literature relating to HIP performed on cast components , as previously discussed. It can therefore be concluded that the introduction of HIP after SLM is of little benefit if the as-built component is produced without SLM process optimization. On the contrary, if HIP is utilized for post-processing of high-density SLM components, it is possible to achieve final density values very close to 100%.",
                "Having ascertained this outcome, it was necessary to better understand the effect that such an increase in density could have on the mechanical properties of a component, noting that HIP introduces a non-trivial thermal cycle. Alongside these conditions, a solubilization heat treatment was also performed at a temperature only slightly below that at which HIP was performed, 1050 °C instead of 1150 °C. This additional experiment provided not only more data but also the possibility of obtaining an intermediate condition between as-built specimens and HIP post-processing to allow a first approximation to be made as to the relative influence of HIP pressure and thermal cycle on the resulting outcome.",
                "Finally, detailed SEM analysis of the resulting microstructures revealed the presence of numerous non-metallic inclusions with chemical compositions in line with (Mn,Fe)2SiO4 and MnSiO3, both at grain edges and internally (see Figs. 15, 16, and 17). Further investigation into this aspect is required to confirm the presence and types of inclusions. These were evident in both samples subject to HIP as well as those subject to solubilization only. This outcome suggests that the formation of inclusions is due to temperature and not pressure, with the latter only applied during HIP. A greater number of defects and micropores was nonetheless evident in samples subject to solubilization only compared with HIP-treated samples, confirming the validity of HIP in removing a large proportion of porosity."
            ]
        }
    ],
    "abstract": "Despite ongoing optimization, selective laser melting (SLM) technology still cannot guarantee the production of completely defect-free components. This work investigates hot isostatic pressing (HIP) in a nitrogen environment and solubilization heat treatment as methods for improving the quality of 316L stainless steel components produced by SLM. The characteristics of HIP-treated specimens are firstly correlated with the initial density of samples obtained with different SLM process parameters, showing that HIP is effective at eliminating pores in components with high initial density (above 99%) but not in those with low initial density (approximately 94%). Subsequently, the mechanical properties and microstructure of 316L stainless steel specimens produced by SLM are examined in the as-built state and after various post-process conditions including solubilization heat treatment and HIP at pressures from 50 to 2000 bar. The observed effects of post-processing on the porosity and microstructure of each specimen are consistent with hardness and tensile test results, with the benefits and limitations of HIP clarified for future implementation."
}