{
    "DOI": "10.1016/j.corsci.2018.07.018",
    "Journal": "Corrosion Science",
    "Keywords": [
        "Intergranular corrosion",
        "Metals and alloys",
        "TEM",
        "EBSD",
        "SEM"
    ],
    "Sections": [
        {
            "content": [
                "The grain structures on the rolling surfaces (L–T sections) and longitudinal sections (L–S sections) of the UA and CR sheets were characterized using a Nordlys Max EBSD detector attached on the JSM–6510 SEM and the results were analyzed using HKL Channel 5 software further. Before the EBSD measurement, the L–T and L–S sections of the samples were ground with a series of SiC papers under ethanol, electro–polished using 10% HClO4 acid in alcohol (vol. %) at the voltage of 30 V, and finally cleaned ultrasonically in ethanol. The crystal orientation maps were derived with a step size of 0.2 μm.",
                "The microstructures of the UA and CR sheets were characterized using TECNAI G2 20 transmission electron microscopy and JEOL JEM–2100 F field emission gun transmission electron microscopy. The foil samples for the TEM observations were prepared by the two–jet electro–polishing method in the mixed solution consisting of 30% nitric acid and 70% methanol (vol. %) at a temperature of about −30 ℃ with an applied voltage of about 20 V."
            ],
            "name": "Microstructural observations",
            "type": "ce_section"
        },
        {
            "content": [
                {
                    "content": [
                        "Fig. 2 shows the SEM images for the polished cross–sections (S–T sections) of the UA and CR sheets subjected to the IGC test. Fig. 2a indicates that the UA sample exhibits typical IGC with a maximum corrosion depth of 245 μm. Meanwhile, because of recrystallization occurred during solution treating at 550 ℃ for 1 h, the UA sample has an average grain size (indicated by IGC) of about 90 μm and aspect ratio of about 2 by the image analyses. After the UA sample is cold–rolled with the thickness reduction of 40%, the CR40 sample has an increased maximum corrosion depth of 310 μm (Fig. 2b), which indicates that the CR40 sample has relatively stronger IGC susceptibility than the UA sample (Fig. 2a). Moreover, the average grain size decreases to be about 40 μm and the aspect ratio of the grains increases to be about 4 for the CR40 sample, which implies that there are more grain boundaries susceptible to IGC in the CR40 sample than in the UA sample. In consideration of the grain boundaries in Fig. 2 manifested by IGC, there are two possibilities for the increased grain boundaries in the CR40 sample: (i) some initial grain boundaries in the UA sample, which are not susceptible to IGC, become prone to IGC in the CR40 sample as a result of cold–rolling, or (ii) the grains in the CR40 sample are refined by cold–rolling and new formed grain boundaries are also susceptible to IGC.",
                        "As shown in Fig. 2c, when the thickness reductions of the CR sheets increase to be 50%, the maximum corrosion depth of the CR50 sample decreases slightly to be 300 μm as compared with that (310 μm) of the CR40 sample (Fig. 2b). Meanwhile, the grains of the CR50 sample are elongated transversely with the aspect ratio of about 5. When the thickness reductions are increased further, the maximum corrosion depths of the CR sheets decrease gradually. For example, the maximum corrosion depths of the CR70 and CR80 samples are 230 μm (Fig. 2d) and 115 μm (Fig. 2e), respectively. At the same time, the grains of the CR70 and CR80 samples are elongated strongly in the transverse direction. In particular, when the thickness reductions of the CR sheets increase to be 90%, almost no IGC can be observed for the CR90 sample (Fig. 2f). Furthermore, the maximum corrosion depths of the UA and CR sheets are shown in Fig. 3 .",
                        "According to the accelerated corrosion results (Figs. 2 and 3) by the BS–ISO11846 method B, it can be concluded that the IGC susceptibility of the under–aged 6061 Al alloy increases firstly and then decreases gradually with increasing the thickness reductions of the cold–rolled sheets. Taking into account the increased strength of the alloy sheets as a result of cold work hardening further, both high strength and IGC resistance can be achieved simultaneously for the alloy sheets by cold–rolling with relatively larger thickness reductions such as 90%. In addition, it is obvious that the conventional plastic deformation method of cold–rolling can achieve more practical applications as compared with those SPD methods."
                    ],
                    "name": "The IGC susceptibility of the samples",
                    "type": "ce_section"
                },
                {
                    "content": [
                        "The SEM images in Fig. 2 for the S–T sections of the UA and CR sheets can only reflect the initiation of IGC on the L–T sections and inward propagation in the short (normal) direction. In order to reveal the IGC behavior on different sections of the alloy sheets further, after the L–T and L–S sections of the UA and CR sheets are polished and then immersed for 24 h in the standard IGC test solution containing NaCl and HCl, their corroded morphologies are observed using SEM. Furthermore, according to the optical microstructures for the L–T, L–and S–T sections of the UA sample (Fig. 4 a–c), the grains can be assumed roughly to be brick–shaped and have the orientation relationships with the alloy sheets, as shown in Fig. 4d. Correspondingly, the L–T, L–S and S–T planes of the assumed brick–shaped grains can be regarded further as the corresponding grain boundary planes in the alloy sheets.",
                        "Fig. 5 shows the SEM images for the corroded L–T sections (rolling surfaces) of the UA and CR sheets after the IGC test. As shown in Fig. 5a, the intergranular cracks (arrow “1”) verify again that the UA sample is susceptible to IGC. Meanwhile, a lot of pits are also observed within the grains (arrow “2″) or at the grain boundaries (arrow “3”). These pits are related to the pitting corrosion caused by coarse second–phase particles. For the Al–Mg–Si–Cu alloys, the constituents of such as AlCuMgSi, AlFeSi and Mg2Si phases [] are often formed during casting and can hardly dissolve completely after the subsequent homogenization and solution treatment. Since these residual constituents have different corrosion potentials from the surrounding matrix [,], the electrochemical microcouples are formed between them. Furthermore, these pits result from the anodic dissolution of the constituents themselves or surrounding matrix, which depends on their relative values of the corrosion potentials.",
                        "According to the orientation relationships between the assumed brick–shaped grains and sheets (Fig. 4d), the grain boundaries (indicated by IGC) on the L–T sections (Fig. 5) of the UA and CR sheets are thought roughly to consist of the L–S and S–T grain boundary planes, respectively. Based on the image analyses, the grains on the L–T sections of the UA sample have an average size of about 150 μm and are nearly equiaxed with the aspect ratio of about 1 (Fig. 5a), which means that the L–S and S–T grain boundaries have almost the same length fraction. When the UA sample is cold–rolled with the thickness reduction of 40%, the average grain size of the CR40 sample decreases to be about 50 μm, but the L–S and S–T grain boundaries still have almost the same length fractions (Fig. 5b). For the CR50 sample with the thickness reduction of 50%, the L–S grain boundaries have a relatively higher length fraction (about 65%) than that (about 35%) of the S–T grain boundaries and the aspect ratio of the grains is about 2 (Fig. 5c). Fig. 5d shows that when the thickness reductions of the CR sheets increase further to be 70%, both the increased length fraction (about 80%) of the L–S grain boundaries and decreased length fraction (about 20%) of the S–T grain boundaries can be observed for the CR70 sample with the aspect ratio of about 4. For the CR80 sample, its length fractions of the L–S and S–T grain boundaries are about 90% and 10% and the aspect ratio is about 9, as shown in Fig. 5e. As comparison, almost no grain boundaries can be observed for the CR90 sample, which indicates that it is not susceptible to IGC (Fig. 5f). Obviously, it can be concluded that the IGC susceptibility on the L–T sections of the under–aged 6061 Al alloy can be eliminated eventually by increasing the thickness reductions of the cold–rolled sheets, which is in accordance with the IGC test results in Fig. 2. Furthermore, the IGC susceptibility of the S–T grain boundaries can be removed more easily by cold–rolling than the L–S grain boundaries based on the change in length fraction.",
                        "Since the L–T grain boundary planes are parallel to the L–T sections (rolling surfaces) of the alloy sheets (Fig. 4d), their IGC behavior cannot be understood easily by observing the corroded L–T sections (Fig. 5). In order to reveal the IGC behavior of the L–T grain boundaries, the longitudinal sections (L–S sections) of the UA and CR sheets are also polished and immersed in the standard IGC test solution containing NaCl and HCl for 24 h and the SEM images for the corroded L–S sections are shown in Fig. 6 . As shown in Fig. 6a, the grains on the L–S sections (indicated by IGC) of the UA sample have an aspect ratio of about 3 and average size of about 110 μm. As comparison, the aspect ratio and average size of the grains are about 5 and 50 μm for the CR40 sample (Fig. 6b). When the thickness reductions of the CR sheets increase to be 80%, only the L–T grain boundaries of the CR80 sample are attacked and almost no S–T grain boundaries can be observed (Fig. 6c). Furthermore, different from no IGC on the L–T sections of the CR90 sample (Fig. 5f), a lot of L–T grain boundaries can be observed on the L–S sections (Fig. 5d), which indicates that the IGC susceptibility of the L–T grain boundaries is removed more difficultly than the L–S grain boundaries by increasing the thickness reductions of the CR sheets.",
                        "Based on the accelerated corrosion results (Fig. 5 and 6), it can be concluded that the IGC susceptibility on different sections of the alloy sheets changes with the grain boundary orientations. Furthermore, the difficulty for removing the IGC susceptibility of different orientated grain boundaries by cold–rolling increases in the sequence of the S–T, L–S and L–T grain boundary planes."
                    ],
                    "name": "SEM observations for the corroded L–T and L–S sections of the samples",
                    "type": "ce_section"
                },
                {
                    "content": [
                        "In order to understand the grain boundary characteristics of the under–aged 6061 Al alloy sheets during cold–rolling, both the grain boundary and orientation maps for the polished L–T and L–S sections of the UA, CR40 and CR90 samples are obtained by the EBSD test, as shown in Fig. 7 and 8 . For the grain boundary maps, the red, green and blue lines represent the misorientation angles of 2–5°, 5–15° and ≥15°, respectively. At the same time, the corresponding fraction, number and length of different grain boundaries are also shown. Furthermore, the red and green lines represent low–angle grain boundaries whereas the blue lines respond to high–angle ones. As shown in Fig. 7a and b, the nearly equiaxed grains are observed on the L–T sections of the UA sample, which is attributed to the recrystallization of the alloy sheets during solution treating at 550 ℃ for 1 h. Meanwhile, the average grain size of the UA sample is about 75 μm by counting the high–angle and low–angle grain boundaries. It is obvious that for the L–T sections of the UA sample, the average grain size of about 75 μm indicated by EBSD (Fig. 7a) is remarkably smaller than that (about 150 μm) indicated by IGC (Fig. 5a), but almost the same with that (about 90 μm) indicated by the Keller’s reagent (Fig. 4a). The difference in average grain size (Figs. 5 and 7a) indicates that some grain boundaries in the UA sample are not susceptible to IGC after immersion for 24 h.",
                        "As shown in Fig. 7a, the grain sizes on the L–T sections of the UA sample are mostly in the range of tens to hundreds of micrometers. As comparison, there are two size distributions on the L–T sections of the CR40 and CR90 samples (Fig. 7c and e). In addition to the larger grains with the diameter of tens to hundreds of micrometers, many smaller grains with the diameter of several micrometers are also observed, as indicated with the arrows “1″ and “2″ in Fig. 7c. In order to describe simply, the larger and smaller grains are called as large–sized and small–sized ones, respectively. It notes here that the small–sized grains should include those beyond the resolution limitation of 0.2 μm such as nano–scaled grains, which cannot be distinguished on the EBSD plots but by TEM. As shown in Fig. 7c, the small–sized grains are located mainly at the large―sized grain boundaries and partly inside the large–sized grains for the CR40 sample. Furthermore, the average size (about 25 μm) of the large–sized grains on the CR40 sample is smaller than that (about 75 μm) of the UA sample. Therefore, it can be concluded that during cold–rolling of the UA sample, the grains are refined in the CR sheets, which is similar to the grain refining process of the SPD methods. Indeed, a lot of shear bands are also observed within the large–sized grains of the CR40 sample (Fig. 7d), which verifies the strong plastic strains occurred during cold–rolling of the UA sample.",
                        "When the thickness reductions of the CR sheets increase to be 90%, the small–sized grains increase remarkably in the CR90 sample (Fig. 7e) as compared with those in the CR40 sample (Fig. 7c). Furthermore, there are more small–sized grains at the S–T grain boundaries (arrow “1″) than at the L–S grain boundaries (arrow “2”) for the CR90 sample (Fig. 7e), and meanwhile, some large–sized grains (arrow “3″) become larger as compared with those in the CR40 sample (Fig. 7c). Different from the CR40 sample (Fig. 7d), the grain boundaries and shear bands cannot be distinguished clearly on the grain boundary orientation map for the L–T sections of the CR90 sample (Fig. 7f), which is attributed to the stronger plastic strains caused by cold–rolling with the thickness reduction of 90%. In addition, according to the lengths of blue lines in Fig. 7b, d and f, it can be concluded that with increasing the thickness reductions, high–angle grain boundaries of the CR sheets increase accordingly. For example, the lengths of blue lines of the UA, CR40 and CR90 samples are 23.2 mm, 30.6 mm (Fig. 7d) and 71.5 mm (Fig. 7f), respectively. It notes that the value of 23.2 mm is obtained by 92.7 mm (Fig. 7b) by 4 in consideration of same magnification with Fig. 7d and f.",
                        "Fig. 8 shows that the grain boundary and orientation maps for the L–S sections of the UA, CR40 and CR90 samples. In general, the grains on the L–S sections of the UA, CR40 and CR90 samples have a similar change trend with those on the L–T sections (Fig. 7). That is, during cold–rolling of the UA sample, the large–sized grains in the UA sample are refined further and the small–sized grains are formed mainly at the large–sized grain boundaries by comparing the grains in Fig. 8a, c and e. With increasing the thickness reductions of the CR sheets, both the small–sized grains and high–angle grain boundaries increase correspondingly as a result of the increased plastic strains, as shown in Fig. 8b, d and f. However, a remarkable characteristic is that some L–T grain boundaries are not decorated with the small–sized grains on the L–S sections of the CR90 sample, as indicated with the arrows in Fig. 8e. Such phenomenon means that relatively weaker plastic strains are accumulated at the L–T grain boundaries than at the S–T and L–S grain boundaries during cold–rolling of the UA sample."
                    ],
                    "name": "EBSD analyses of the L–T and L–S sections of the samples",
                    "type": "ce_section"
                },
                {
                    "content": [
                        "Fig. 9 shows the bright–field and high–resolution (HR) TEM images for the UA and CR sheets. As shown in Fig. 9a, a lot of nano–scaled precipitates with the diameters of 1–3 nm are observed in the matrix of the UA sample. Based on the typical morphologies of precipitates in the Al–Mg–Si–Cu alloys [,,,], the matrix precipitates can be accepted as the coherent β″–phase and partially coherent Q′–phase precipitates, which are marked by the dashed circles and squares (Fig. 9b), respectively. At the same time, the grain boundary precipitates are distributed continuously and the PFZs with a width of about 100 nm are formed across the grain boundary. According to the HRTEM image in Fig. 9c, the grain boundary precipitates in the UA sample can be identified as Q–phase [,]. Kairy et al. [] have indicated that the continuous ultrathin Cu films can be formed additionally along the grain boundaries in the under–aged Al–1.05Si–0.53Mg–0.89Cu–0.13Fe–0.17 Mn alloy. Similar Cu–enriched films are also reported in the Al–Si–Mg–Cu alloys by Svenningsen et al. [], Larsen et al. [,] and K. Shimizu et al. []. Although the elemental mapping is not carried out on the grain boundaries in the present work, the presence of the continuous Cu films may be accepted in the UA sample. As comparison, a grain boundary without the precipitates is shown in Fig. 9d. The difference in the grain boundary precipitation (Fig. 9a and d) is related to the grain boundary orientation. T. Minoda and H. Yoshida [] have indicated that low–angle grain boundaries are not beneficial for precipitation as compared with high–angle grain boundaries. Based on the selected area electron diffraction on each grain beside the boundaries, the grain boundary misorientation angles in Fig. 9a and d can be estimated roughly to be about 27° and 6°, which belong to high–angle and low–angle grain boundaries, respectively.",
                        "When the UA sample is cold–rolled with the thickness reduction of 40%, the dislocation cells with the diameter of 0.3–0.6 μm are observed in the matrix of the CR40 sample (Fig. 9e). At the same time, a flat grain is formed by strong shearing deformation (Fig. 9f) and high–density dislocations are piled up in the vicinity of the grain boundaries (Fig. 9g). In addition, due to the strong strain incompatibility at the grain boundaries during cold–rolling of the UA sample, not only some steps (indicated by the arrows in Fig. 9g) but also small–sized grains (indicated by the dashed frame in Fig. 9h) can form along the grain boundaries in the CR40 sample. When increasing the thickness reductions of the CR sheets further, there are more small–sized grains at the grain boundaries in the CR70 sample, as shown in Fig. 9i. For the CR90 sample with the thickness reduction of 90%, smaller dislocation cells with the diameters of 0.1–0.3 μm in the matrix (Fig. 9j) and more small–sized grains at the grain boundaries (Fig. 9k) are formed. Since the conventional cold–rolling deformation can hardly accumulate very large plastic strains even with the thickness reduction of 90%, it is rather difficult that the CR90 sample consist completely of small–sized grains as that often occurred in the Al alloys processed by the SPD methods such as ECAP and HPT []. In addition, the grain boundary Q–phase precipitates in the UA sample do not dissolve during cold–rolling, but are still distributed dispersedly along the small–sized grain boundaries, as indicated with the arrow in Fig. 9k. Furthermore, the distribution of grain boundary precipitates can be observed clearly in the HRTEM image (Fig. 9l)."
                    ],
                    "name": "TEM observations",
                    "type": "ce_section"
                }
            ],
            "name": "Results",
            "type": "ce_section"
        },
        {
            "content": [
                {
                    "content": [
                        "Fig. 2 shows the SEM images for the polished cross–sections (S–T sections) of the UA and CR sheets subjected to the IGC test. Fig. 2a indicates that the UA sample exhibits typical IGC with a maximum corrosion depth of 245 μm. Meanwhile, because of recrystallization occurred during solution treating at 550 ℃ for 1 h, the UA sample has an average grain size (indicated by IGC) of about 90 μm and aspect ratio of about 2 by the image analyses. After the UA sample is cold–rolled with the thickness reduction of 40%, the CR40 sample has an increased maximum corrosion depth of 310 μm (Fig. 2b), which indicates that the CR40 sample has relatively stronger IGC susceptibility than the UA sample (Fig. 2a). Moreover, the average grain size decreases to be about 40 μm and the aspect ratio of the grains increases to be about 4 for the CR40 sample, which implies that there are more grain boundaries susceptible to IGC in the CR40 sample than in the UA sample. In consideration of the grain boundaries in Fig. 2 manifested by IGC, there are two possibilities for the increased grain boundaries in the CR40 sample: (i) some initial grain boundaries in the UA sample, which are not susceptible to IGC, become prone to IGC in the CR40 sample as a result of cold–rolling, or (ii) the grains in the CR40 sample are refined by cold–rolling and new formed grain boundaries are also susceptible to IGC.",
                        "As shown in Fig. 2c, when the thickness reductions of the CR sheets increase to be 50%, the maximum corrosion depth of the CR50 sample decreases slightly to be 300 μm as compared with that (310 μm) of the CR40 sample (Fig. 2b). Meanwhile, the grains of the CR50 sample are elongated transversely with the aspect ratio of about 5. When the thickness reductions are increased further, the maximum corrosion depths of the CR sheets decrease gradually. For example, the maximum corrosion depths of the CR70 and CR80 samples are 230 μm (Fig. 2d) and 115 μm (Fig. 2e), respectively. At the same time, the grains of the CR70 and CR80 samples are elongated strongly in the transverse direction. In particular, when the thickness reductions of the CR sheets increase to be 90%, almost no IGC can be observed for the CR90 sample (Fig. 2f). Furthermore, the maximum corrosion depths of the UA and CR sheets are shown in Fig. 3 .",
                        "According to the accelerated corrosion results (Figs. 2 and 3) by the BS–ISO11846 method B, it can be concluded that the IGC susceptibility of the under–aged 6061 Al alloy increases firstly and then decreases gradually with increasing the thickness reductions of the cold–rolled sheets. Taking into account the increased strength of the alloy sheets as a result of cold work hardening further, both high strength and IGC resistance can be achieved simultaneously for the alloy sheets by cold–rolling with relatively larger thickness reductions such as 90%. In addition, it is obvious that the conventional plastic deformation method of cold–rolling can achieve more practical applications as compared with those SPD methods."
                    ],
                    "name": "The IGC susceptibility of the samples",
                    "type": "ce_section"
                },
                {
                    "content": [
                        "The SEM images in Fig. 2 for the S–T sections of the UA and CR sheets can only reflect the initiation of IGC on the L–T sections and inward propagation in the short (normal) direction. In order to reveal the IGC behavior on different sections of the alloy sheets further, after the L–T and L–S sections of the UA and CR sheets are polished and then immersed for 24 h in the standard IGC test solution containing NaCl and HCl, their corroded morphologies are observed using SEM. Furthermore, according to the optical microstructures for the L–T, L–and S–T sections of the UA sample (Fig. 4 a–c), the grains can be assumed roughly to be brick–shaped and have the orientation relationships with the alloy sheets, as shown in Fig. 4d. Correspondingly, the L–T, L–S and S–T planes of the assumed brick–shaped grains can be regarded further as the corresponding grain boundary planes in the alloy sheets.",
                        "Fig. 5 shows the SEM images for the corroded L–T sections (rolling surfaces) of the UA and CR sheets after the IGC test. As shown in Fig. 5a, the intergranular cracks (arrow “1”) verify again that the UA sample is susceptible to IGC. Meanwhile, a lot of pits are also observed within the grains (arrow “2″) or at the grain boundaries (arrow “3”). These pits are related to the pitting corrosion caused by coarse second–phase particles. For the Al–Mg–Si–Cu alloys, the constituents of such as AlCuMgSi, AlFeSi and Mg2Si phases [] are often formed during casting and can hardly dissolve completely after the subsequent homogenization and solution treatment. Since these residual constituents have different corrosion potentials from the surrounding matrix [,], the electrochemical microcouples are formed between them. Furthermore, these pits result from the anodic dissolution of the constituents themselves or surrounding matrix, which depends on their relative values of the corrosion potentials.",
                        "According to the orientation relationships between the assumed brick–shaped grains and sheets (Fig. 4d), the grain boundaries (indicated by IGC) on the L–T sections (Fig. 5) of the UA and CR sheets are thought roughly to consist of the L–S and S–T grain boundary planes, respectively. Based on the image analyses, the grains on the L–T sections of the UA sample have an average size of about 150 μm and are nearly equiaxed with the aspect ratio of about 1 (Fig. 5a), which means that the L–S and S–T grain boundaries have almost the same length fraction. When the UA sample is cold–rolled with the thickness reduction of 40%, the average grain size of the CR40 sample decreases to be about 50 μm, but the L–S and S–T grain boundaries still have almost the same length fractions (Fig. 5b). For the CR50 sample with the thickness reduction of 50%, the L–S grain boundaries have a relatively higher length fraction (about 65%) than that (about 35%) of the S–T grain boundaries and the aspect ratio of the grains is about 2 (Fig. 5c). Fig. 5d shows that when the thickness reductions of the CR sheets increase further to be 70%, both the increased length fraction (about 80%) of the L–S grain boundaries and decreased length fraction (about 20%) of the S–T grain boundaries can be observed for the CR70 sample with the aspect ratio of about 4. For the CR80 sample, its length fractions of the L–S and S–T grain boundaries are about 90% and 10% and the aspect ratio is about 9, as shown in Fig. 5e. As comparison, almost no grain boundaries can be observed for the CR90 sample, which indicates that it is not susceptible to IGC (Fig. 5f). Obviously, it can be concluded that the IGC susceptibility on the L–T sections of the under–aged 6061 Al alloy can be eliminated eventually by increasing the thickness reductions of the cold–rolled sheets, which is in accordance with the IGC test results in Fig. 2. Furthermore, the IGC susceptibility of the S–T grain boundaries can be removed more easily by cold–rolling than the L–S grain boundaries based on the change in length fraction.",
                        "Since the L–T grain boundary planes are parallel to the L–T sections (rolling surfaces) of the alloy sheets (Fig. 4d), their IGC behavior cannot be understood easily by observing the corroded L–T sections (Fig. 5). In order to reveal the IGC behavior of the L–T grain boundaries, the longitudinal sections (L–S sections) of the UA and CR sheets are also polished and immersed in the standard IGC test solution containing NaCl and HCl for 24 h and the SEM images for the corroded L–S sections are shown in Fig. 6 . As shown in Fig. 6a, the grains on the L–S sections (indicated by IGC) of the UA sample have an aspect ratio of about 3 and average size of about 110 μm. As comparison, the aspect ratio and average size of the grains are about 5 and 50 μm for the CR40 sample (Fig. 6b). When the thickness reductions of the CR sheets increase to be 80%, only the L–T grain boundaries of the CR80 sample are attacked and almost no S–T grain boundaries can be observed (Fig. 6c). Furthermore, different from no IGC on the L–T sections of the CR90 sample (Fig. 5f), a lot of L–T grain boundaries can be observed on the L–S sections (Fig. 5d), which indicates that the IGC susceptibility of the L–T grain boundaries is removed more difficultly than the L–S grain boundaries by increasing the thickness reductions of the CR sheets.",
                        "Based on the accelerated corrosion results (Fig. 5 and 6), it can be concluded that the IGC susceptibility on different sections of the alloy sheets changes with the grain boundary orientations. Furthermore, the difficulty for removing the IGC susceptibility of different orientated grain boundaries by cold–rolling increases in the sequence of the S–T, L–S and L–T grain boundary planes."
                    ],
                    "name": "SEM observations for the corroded L–T and L–S sections of the samples",
                    "type": "ce_section"
                },
                {
                    "content": [
                        "In order to understand the grain boundary characteristics of the under–aged 6061 Al alloy sheets during cold–rolling, both the grain boundary and orientation maps for the polished L–T and L–S sections of the UA, CR40 and CR90 samples are obtained by the EBSD test, as shown in Fig. 7 and 8 . For the grain boundary maps, the red, green and blue lines represent the misorientation angles of 2–5°, 5–15° and ≥15°, respectively. At the same time, the corresponding fraction, number and length of different grain boundaries are also shown. Furthermore, the red and green lines represent low–angle grain boundaries whereas the blue lines respond to high–angle ones. As shown in Fig. 7a and b, the nearly equiaxed grains are observed on the L–T sections of the UA sample, which is attributed to the recrystallization of the alloy sheets during solution treating at 550 ℃ for 1 h. Meanwhile, the average grain size of the UA sample is about 75 μm by counting the high–angle and low–angle grain boundaries. It is obvious that for the L–T sections of the UA sample, the average grain size of about 75 μm indicated by EBSD (Fig. 7a) is remarkably smaller than that (about 150 μm) indicated by IGC (Fig. 5a), but almost the same with that (about 90 μm) indicated by the Keller’s reagent (Fig. 4a). The difference in average grain size (Figs. 5 and 7a) indicates that some grain boundaries in the UA sample are not susceptible to IGC after immersion for 24 h.",
                        "As shown in Fig. 7a, the grain sizes on the L–T sections of the UA sample are mostly in the range of tens to hundreds of micrometers. As comparison, there are two size distributions on the L–T sections of the CR40 and CR90 samples (Fig. 7c and e). In addition to the larger grains with the diameter of tens to hundreds of micrometers, many smaller grains with the diameter of several micrometers are also observed, as indicated with the arrows “1″ and “2″ in Fig. 7c. In order to describe simply, the larger and smaller grains are called as large–sized and small–sized ones, respectively. It notes here that the small–sized grains should include those beyond the resolution limitation of 0.2 μm such as nano–scaled grains, which cannot be distinguished on the EBSD plots but by TEM. As shown in Fig. 7c, the small–sized grains are located mainly at the large―sized grain boundaries and partly inside the large–sized grains for the CR40 sample. Furthermore, the average size (about 25 μm) of the large–sized grains on the CR40 sample is smaller than that (about 75 μm) of the UA sample. Therefore, it can be concluded that during cold–rolling of the UA sample, the grains are refined in the CR sheets, which is similar to the grain refining process of the SPD methods. Indeed, a lot of shear bands are also observed within the large–sized grains of the CR40 sample (Fig. 7d), which verifies the strong plastic strains occurred during cold–rolling of the UA sample.",
                        "When the thickness reductions of the CR sheets increase to be 90%, the small–sized grains increase remarkably in the CR90 sample (Fig. 7e) as compared with those in the CR40 sample (Fig. 7c). Furthermore, there are more small–sized grains at the S–T grain boundaries (arrow “1″) than at the L–S grain boundaries (arrow “2”) for the CR90 sample (Fig. 7e), and meanwhile, some large–sized grains (arrow “3″) become larger as compared with those in the CR40 sample (Fig. 7c). Different from the CR40 sample (Fig. 7d), the grain boundaries and shear bands cannot be distinguished clearly on the grain boundary orientation map for the L–T sections of the CR90 sample (Fig. 7f), which is attributed to the stronger plastic strains caused by cold–rolling with the thickness reduction of 90%. In addition, according to the lengths of blue lines in Fig. 7b, d and f, it can be concluded that with increasing the thickness reductions, high–angle grain boundaries of the CR sheets increase accordingly. For example, the lengths of blue lines of the UA, CR40 and CR90 samples are 23.2 mm, 30.6 mm (Fig. 7d) and 71.5 mm (Fig. 7f), respectively. It notes that the value of 23.2 mm is obtained by 92.7 mm (Fig. 7b) by 4 in consideration of same magnification with Fig. 7d and f.",
                        "Fig. 8 shows that the grain boundary and orientation maps for the L–S sections of the UA, CR40 and CR90 samples. In general, the grains on the L–S sections of the UA, CR40 and CR90 samples have a similar change trend with those on the L–T sections (Fig. 7). That is, during cold–rolling of the UA sample, the large–sized grains in the UA sample are refined further and the small–sized grains are formed mainly at the large–sized grain boundaries by comparing the grains in Fig. 8a, c and e. With increasing the thickness reductions of the CR sheets, both the small–sized grains and high–angle grain boundaries increase correspondingly as a result of the increased plastic strains, as shown in Fig. 8b, d and f. However, a remarkable characteristic is that some L–T grain boundaries are not decorated with the small–sized grains on the L–S sections of the CR90 sample, as indicated with the arrows in Fig. 8e. Such phenomenon means that relatively weaker plastic strains are accumulated at the L–T grain boundaries than at the S–T and L–S grain boundaries during cold–rolling of the UA sample."
                    ],
                    "name": "EBSD analyses of the L–T and L–S sections of the samples",
                    "type": "ce_section"
                },
                {
                    "content": [
                        "Fig. 9 shows the bright–field and high–resolution (HR) TEM images for the UA and CR sheets. As shown in Fig. 9a, a lot of nano–scaled precipitates with the diameters of 1–3 nm are observed in the matrix of the UA sample. Based on the typical morphologies of precipitates in the Al–Mg–Si–Cu alloys [,,,], the matrix precipitates can be accepted as the coherent β″–phase and partially coherent Q′–phase precipitates, which are marked by the dashed circles and squares (Fig. 9b), respectively. At the same time, the grain boundary precipitates are distributed continuously and the PFZs with a width of about 100 nm are formed across the grain boundary. According to the HRTEM image in Fig. 9c, the grain boundary precipitates in the UA sample can be identified as Q–phase [,]. Kairy et al. [] have indicated that the continuous ultrathin Cu films can be formed additionally along the grain boundaries in the under–aged Al–1.05Si–0.53Mg–0.89Cu–0.13Fe–0.17 Mn alloy. Similar Cu–enriched films are also reported in the Al–Si–Mg–Cu alloys by Svenningsen et al. [], Larsen et al. [,] and K. Shimizu et al. []. Although the elemental mapping is not carried out on the grain boundaries in the present work, the presence of the continuous Cu films may be accepted in the UA sample. As comparison, a grain boundary without the precipitates is shown in Fig. 9d. The difference in the grain boundary precipitation (Fig. 9a and d) is related to the grain boundary orientation. T. Minoda and H. Yoshida [] have indicated that low–angle grain boundaries are not beneficial for precipitation as compared with high–angle grain boundaries. Based on the selected area electron diffraction on each grain beside the boundaries, the grain boundary misorientation angles in Fig. 9a and d can be estimated roughly to be about 27° and 6°, which belong to high–angle and low–angle grain boundaries, respectively.",
                        "When the UA sample is cold–rolled with the thickness reduction of 40%, the dislocation cells with the diameter of 0.3–0.6 μm are observed in the matrix of the CR40 sample (Fig. 9e). At the same time, a flat grain is formed by strong shearing deformation (Fig. 9f) and high–density dislocations are piled up in the vicinity of the grain boundaries (Fig. 9g). In addition, due to the strong strain incompatibility at the grain boundaries during cold–rolling of the UA sample, not only some steps (indicated by the arrows in Fig. 9g) but also small–sized grains (indicated by the dashed frame in Fig. 9h) can form along the grain boundaries in the CR40 sample. When increasing the thickness reductions of the CR sheets further, there are more small–sized grains at the grain boundaries in the CR70 sample, as shown in Fig. 9i. For the CR90 sample with the thickness reduction of 90%, smaller dislocation cells with the diameters of 0.1–0.3 μm in the matrix (Fig. 9j) and more small–sized grains at the grain boundaries (Fig. 9k) are formed. Since the conventional cold–rolling deformation can hardly accumulate very large plastic strains even with the thickness reduction of 90%, it is rather difficult that the CR90 sample consist completely of small–sized grains as that often occurred in the Al alloys processed by the SPD methods such as ECAP and HPT []. In addition, the grain boundary Q–phase precipitates in the UA sample do not dissolve during cold–rolling, but are still distributed dispersedly along the small–sized grain boundaries, as indicated with the arrow in Fig. 9k. Furthermore, the distribution of grain boundary precipitates can be observed clearly in the HRTEM image (Fig. 9l)."
                    ],
                    "name": "TEM observations",
                    "type": "ce_section"
                }
            ],
            "name": "Results",
            "type": "ce_section"
        },
        {
            "content": [
                "As described previously, the IGC susceptibility of age–hardenable Al alloys is correlated closely with the continuous electrochemical microcouples consisting of the grain boundary precipitates and PFZs. Furthermore, the IGC of the Al–Mg–Si–Cu alloys is attributed to the continuous anodic dissolution of PFZs with the continuously distributed Q–phase precipitates and ultrathin Cu films acting as the continuous cathodes []. In the present study, the typical grain boundary microstructures consisting of the continuous Q–phase precipitates and PFZs (Fig. 9a and c) can be responsible for the IGC susceptibility of the UA sample (Fig. 2a). Besides, since the average grain size indicated by EBSD (Fig. 7a) is smaller than that indicated by IGC (Fig. 5a), it can be concluded that some grain boundaries in the UA sample are not susceptible to IGC. T. Minoda and H. Yoshida [] have indicated that the low–angle grain boundaries in the 6061–T6 Al alloy extrusions are insusceptible to IGC, because the low–angle grain boundaries without Q–phase precipitates cannot consist of the electrochemical microcouples due to insufficient driving force. Therefore, those grain boundaries insusceptible to IGC in the UA sample should belong to low–angle ones (Fig. 9d).",
                "As shown in Fig. 2 and 3, the IGC susceptibility of the CR sheets increases firstly and then decreases gradually when the thickness reductions increase gradually to be 90%. Based on the concept of the electrochemical microcouples, the change in IGC susceptibility of the CR sheets must be related to the effect of the thickness reductions on the continuity of the electrochemical microcouples along the grain boundaries. According to the accelerated corrosion test by the BS–ISO11846 method B, the IGC initiates on the rolling surfaces (L–T sections) of the alloy sheets and then propagates into the alloy in the short direction. As indicated by the EBSD analyses in Fig. 7, there are two grain size distributions on the L–T sections of the CR40 and CR90 samples (Fig. 7c and e), which belong to the small–sized (several micrometers and even smaller) and large–sized (tens to hundreds of micrometers) grains, respectively. As comparison, only the large–sized grains are observed in the UA sample (Fig. 7a). When the thickness reductions of the CR sheets increase from 40% to 90%, on the one hand, the small–sized grains on the L–T sections increase markedly, on the other hand, the average size of the large–sized grains decreases although several grains become larger, as indicated by the CR40 and CR90 samples (Fig. 7c and e). The change in grain size of the UA and CR sheets can be explained as follows: when the UA sample is cold–rolled, there are three grain refining processes: (i) the initial low–angle grain boundaries in the UA sample can transmit to high–angle ones by dislocation piling–up at the grain boundaries and then increasing their misorientation, which often leads to the refined large–sized grains in the CR sheets; (ii) some soft orientated large–sized grains in the UA sample are fragmentized (Fig. 7d and f) as a result of strong shear bands in the CR sheets, which leads not only to the refined large–sized grains, but also to the small–sized grains within the large–sized grains (Fig. 7c and e); and (iii) small–sized grains, including those nano–scaled grains in the CR sheets (Fig. 9h, i and k), can form directly along the hardly orientated large–sized grain boundaries due to the strong strain incompatibility (Fig. 7c and e). Furthermore, it can be obviously concluded that with increasing the thickness reductions (the plastic strain degrees), the small–sized grains increase in the CR sheets, which can be indicated by the small–sized grains on the L–T sections of the CR40 (Fig. 7c and 9h) and CR90 (Fig. 7e and 9k) samples. As for some relatively wider grains in the CR90 sample (as indicated by the arrow “3″ in Fig. 7e), they are related to the change of grain orientations during cold–rolling. With increasing the thickness reduction of the CR sheets, the rotation of grains leads to the change in orientation at the applied load of cold–rolling, which changes the difficulty of dislocation sliding on different slip systems further. So, it is possible that when some given orientated grains in the UA sample are cold–rolled to relatively larger thickness reductions such as 90%, the dislocation sliding becomes difficult in the longitudinal direction (hardly orientated), but easy in the transverse direction (softly orientated). As a result, some wider grains can be formed. Similar grain structural evolutions can also be observed on the L–S sections of the CR sheets (Fig. 8).",
                "Furthermore, Luo et al. [] have reported that the introduction of high density dislocations can make the 2024–T351 Al alloy susceptible to IGC as a result of the increased strain energy at the grain boundaries in the form of dislocation pile–up. Based on this conclusion, as compared with the UA sample (Fig. 2a), the increased IGC susceptibility of the CR40 sample (Figs. 2b and 3) can be explained as follows: those initial low–angle grain boundaries (Fig. 7b) in the UA sample, which are insusceptible to IGC due to the insufficient electrochemical driving force caused by no grain boundary Q–phase precipitates (Fig. 9d), can become susceptible again in the CR40 sample due to the strong dislocation piling–up in the PFZs as a result of cold–rolling (Fig. 9g), which leads to that the PFZs become more anodic due to the increased strain energy. Such conclusion is supported by the fact that the average grain size (about 50 μm) on the L–T section of the CR40 sample (Fig. 5b) is smaller than not only that (about 150 μm) indicated by IGC (Fig. 5a), but also that (about 75 μm) indicated by EBSD (Fig. 7a) on the UA sample. In other words, there are relatively increased high–angle grain boundaries susceptible to IGC in the CR40 sample than in the UA sample.",
                "Based on the EBSD (Fig. 7c and e) and TEM (Fig. 9h and k) images, it can be observed that small–sized grains in the CR sheets increase with increasing the thickness reductions. Since these small–sized grains are formed mainly by the strong plastic strains accumulated during cold–rolling and do not involve the thermal diffusion of solutes, both the Q–phase precipitates and PFZs cannot form along the small–sized grain boundaries, which is different from those in the UA sample (Fig. 9a and d). Therefore, small–sized grain boundaries in the CR sheets are not susceptible to IGC during the accelerated corrosion test. Once a small–sized grain is formed somewhere at the grain boundary susceptible to IGC, the continuity of the initial electrochemical microcouples will be broken off correspondingly. For the CR40 sample with a smaller thickness reduction of 40%, only a small amount of small–sized grains are formed (Figs. 7c and 9h). As a result, the continuity of the initial electrochemical microcouples along the high–angle grain boundaries in the UA sample cannot be broken off completely and then the CR40 sample is still susceptible to IGC (Figs. 2 and 5b). Instead, the IGC susceptibility of the CR40 sample increases due to the introduced high–angle grain boundaries transformed from those initial low–angle ones in the UA sample. In other words, for the CR samples with relatively smaller thickness reductions such as the CR40 sample, the removal of IGC from the small–sized grains is remarkably weaker than the introduction of IGC due to the high–angle grain boundaries transformed from those initial low–angle ones in the UA sample. When the thickness reductions of the CR sheets are increased further, the small–sized grains in the CR samples increase gradually and the IGC susceptibility decreases correspondingly. In particular, the IGC susceptibility of the CR90 sample can be removed completely (Figs. 2 and 5f). Such phenomenon is attributed to that a large amount of small–sized grains are formed along the large–sized grain boundaries on the L–T sections of the CR90 sample (Fig. 7e and 9k), which leads to the complete breaking off of the continuous electrochemical microcouples along those high–angle grain boundaries susceptible to IGC. It notes here that the high–angle grain boundaries susceptible to IGC in the CR samples should include those formed in the UA sample and transformed from the low–angle grain boundaries in the UA sample during cold–rolling. That is, for the CR samples with relatively larger thickness reductions such as the CR90 sample, the removal of IGC from the small–sized grains is greatly beyond the introduction of IGC from the high–angle grain boundaries transformed from those initial low–angle ones in the UA sample.",
                "Based on the SEM images for the corroded L–T (Fig. 5) and L–S (Fig. 6) sections of the CR sheets after immersion for 24 h in the solution containing NaCl and HCl, it can be inferred that the difficulty for removing IGC susceptibility of the CR sheets by cold–rolling increases in the sequence of S–T, L–S and L–T grain boundary planes. Such phenomenon is related to the different plastic strain degrees accumulated in the vicinity of different grain boundary planes during cold–rolling of the UA sample, which determines the amount of small–sized grains formed by plastic deformation further. According to Fig. 4d, the L–T grain boundary planes are parallel to the rolling surfaces (L–T sections) of the alloy sheets, whereas the L–S and S–T grain boundary planes are perpendicular. During cold–rolling of the UA sample, the dislocations slide mainly in the rolling direction of the alloy sheets at the applied stress and pile up strongly in the vicinity of the S–T grain boundary planes perpendicular to the rolling direction []. Therefore, the strongest plastic strains can be accumulated at the S–T grain boundary planes where a largest amount of small–sized grains are formed. This conclusion can be verified by that there are more small–sized grains at the S–T grain boundaries than at the L–S grain boundaries for the CR90 sample (Fig. 7e). On the other hand, since the thinning effect in thickness is stronger than the broadening effect in width during cold–rolling of the alloy sheets, the larger plastic strains can be accumulated at the L–S grain boundary planes than at the L–T grain boundary planes. Such phenomenon is verified by that there are a small amount of small–sized grains formed at some L–T grain boundaries for the CR90 sample, as indicated by the arrows in Fig. 8e. Therefore, it can be concluded that the small–sized grains in the CR90 sample increase in the sequence of S–T, L–S and L–T grain boundary planes. Furthermore, based on the removal of IGC from the small–sized grains (Fig. 9h and k), the continuity of the electrochemical microcouples in the CR samples can be broken off more difficultly in the sequence of S–T, L–S and L–T grain boundary planes. Correspondingly, the difficulty for removing the IGC susceptibility of the UA sample by cold–rolling also increases gradually in the sequence of S–T, L–S and L–T grain boundary planes."
            ],
            "name": "Discussion",
            "type": "ce_section"
        }
    ],
    "Title": "Effect of the thickness reduction on intergranular corrosion in an under–aged Al–Mg–Si–Cu alloy during cold–rolling",
    "abstract": "The effect of the thickness reduction on the intergranular corrosion (IGC) of under-aged Al-Mg-Si-Cu alloy sheets during cold-rolling is investigated. The accelerated corrosion test shows that the IGC susceptibility increases firstly and then decreases gradually with increasing the thickness reductions of the cold-rolled sheets. Microstructural observations indicate that the increased IGC susceptibility results from the transformation of the initial low-angle grain boundaries to high-angle ones, whereas its decrease correlates with the small-sized grains formed at the high-angle grain boundaries. Furthermore, the difficulty for removing IGC by cold-rolling increases gradually in the sequence of short-transverse, longitudinal-short and longitudinal-transverse grain boundary planes."
}