{
    "Sections": [
        {
            "name": "Microstructural evaluation and delta-ferrite measurement",
            "content": [
                "Microstructure of the solution annealed and sensitized 304L SS specimens were observed using optical microscope, after electrolytic etching in 10 wt% oxalic acid solution for 90 s as per ASTM A262 Practice ‘A’ . The 304L SS weld and thermally aged 304L SS weld specimens were etched in 60% HNO3 at a potential of 1.1 V for 60 s . Colour etching of thermally aged 304L SS weld specimens were carried out in modified Murakami reagent (30 g potassium ferricyanide and 30 g potassium hydroxide for 150 ml solution) . Polished specimen was immersed in the etchant at 90–95 °C, for 30 s and rinsed. It was then observed under optical microscope. Delta-ferrite measurements of 304L SS weld and thermally aged 304L SS weld were carried out using Fischers Feritscope, using flat specimens polished up to diamond finish."
            ]
        },
        {
            "name": "Microstructural and Delta-Ferrite Evaluation",
            "content": [
                "The optical micrographs of solution annealed and sensitized 304L SS, 304L SS weld and thermally aged 304L SS weld are presented in Figs. 2a, b, 3, 4 and 5a–d. The etched microstructure of solution annealed and sensitized 304L SS are classified according to ASTM A262. The solution annealed 304L SS specimen shows step microstructure (Fig. 2a). During sensitization at temperature of 948 K, chromium carbide (Cr23C6) precipitates at the grain boundaries leading to depletion of chromium near the grain boundaries. As a result, sensitized 304L SS specimen shows a ditch microstructure (Fig. 2b). At the etching potential, the material is in the transpassive region. The ditch microstructure is a result of the chromium depleted zones near the grain boundary being attached by oxalic acid. The carbides too get attacked by oxalic acid at the potentials the etching is carried out. The microstructure of 304L SS weld is found to consist of skeletal network of delta-ferrite as a minor phase distributed in austenite matrix (Fig. 3). The delta-ferrite is found to be present as vermicular, acicular and lacy morphology. The micrograph of the thermally aged 304L SS weld etched in HNO3 is shown in Fig. 4, where delta-ferrite is in lacy morphology. The micrographs of the thermally aged 304L SS weld show intermetallic sigma phase precipitated in the defragmented delta-ferrite. Thermally aged 304L SS weld etched in modified Murakami reagent show sigma phase as reddish-brown color, delta-ferrite as medium tan color and austenite as light color shown in Fig. 5a–d. Figure 5a shows regions of the specimen where delta-ferrite in the vermicular morphology has transformed to sigma phase. Figure 5b shows regions where sigma has formed from complete transformation of delta-ferrite in the lacy morphology. Similar observations have been reported by Kokawa et al. . Figure 5c, d shows regions of the specimen where delta-ferrite has transformed to carbide and sigma. Thermal ageing of welds result in partial fragmentation, dissolution of delta-ferrite and transformation of delta-ferrite to M23C6, and sigma phase . Identification of delta-ferrite, carbide and sigma phase from color micrographs obtained by etching in modified Murakami reagent is well reported in literatures. Gray et al. , Rao et al.  and Pujar et al.  reported that colour metallography using modified Murakami reagent show sigma phase as reddish brown color, ferrite phase as medium tan color and austenite phase as light color . Ferrite number for 304L SS weld and thermally aged 304L SS weld are found to be 7.4 and 2.4 respectively. Decrease in delta-ferrite on thermal aging of 304L SS weld may be attributed to partial dissolution/fragmentation of delta-ferrite and transformation of delta-ferrite to secondary phases such as carbide and sigma phase. David et al. , Rodgriquez et al.  and Vitek et al.  reported that during early stage of thermal aging at 1023 K, carbide precipitates at the austenite/ferrite interface and upon further aging, ferrite transforms to sigma phase. Kokawa et al. reported time–temperature-transformation (TTT) diagram for 304L SS weld. From the TTT diagram , it is observed that at 1023 K, carbide nucleation occurrs after aging for about 8.5 h. Upon further aging at 1023 K for 50 h, in addition to carbide, sigma nucleation occurrs. With further aging times, delta-ferrite transform to carbide and sigma. The authors have opined that chi phase formation is observed in 316L SS weld on aging but in 304L SS weld, chi phase formation does not occur on thermal aging."
            ]
        }
    ],
    "abstract": "The effect of oxidizing ions present in simulated high level liquid waste (HLW) on the corrosion behaviour of solution annealed, sensitized 304L SS and 304L SS weld was investigated by potentiodynamic anodic polarization technique. Potentiodynamic anodic polarization studies showed a higher passivation current density and increased corrosion potential (E-corr) in simulated HLW when compared to 3 M HNO3 in all the specimen mentioned above. In addition, the effect of microstructure of thermally aged 304L SS weld on the corrosion behavior was investigated in simulated HLW medium. Thermal ageing of 304L SS weld was carried out at 1023 K/100 h. Optical microscopy confirmed step microstructure for solution annealed and ditch microstructure for the sensitized specimens. The weld region was found to possess delta-ferrite distributed in austenite matrix. Thermal ageing resulted in fragmentation/dissolution of delta-ferrite and transformation of delta-ferrite to carbides and sigma phases. The thermally aged 304L SS weld specimen showed only a marginal decrease in corrosion resistance in simulated HLW when compared to the 304L SS weld."
}