{
    "Sections": [
        {
            "name": "Impact analysis",
            "content": [
                "Toughness is an important mechanical property that could reflect internal defects in the material and the resistance to localized plastic deformation and is sensitive to long-term thermal aging. Figure 1 presented the impact toughness result of WMs under different aging times. The toughness had fallen to 65% when aging time up to 2000 h with a rapid speed and then declined slowly to 51% at 8000 h. From 8000 to 12,000 h, the toughness of the WM decreased slightly to 48.4 J, which indicated that the evolution of the WM gradually tended to be stable. Intergranular and transgranular mode appeared on the fracture morphology, as shown in Figs. 1(a) and 1(b). Thus, the variation tendency of impact toughness could be ascribed to the precipitations and their evolution both in the grain and at GB.\n"
            ]
        },
        {
            "name": "Microstructure of the WM without thermal aging",
            "content": [
                "To better understand the changes in toughness, it is necessary to characterize the microstructure of the WM without thermal aging (shown in Fig. 2 and Table I). The WM was mainly a columnar grain that was bounded by grain boundaries. The precipitations distributed in the WM were owing to the process of post-weld heat treatment (PWHT). Different bright and dark contrasts in the backscattered electron (BSE) image presented different precipitations: the gray contrast at GB, the bright contrast, and the black contrast in the grain. Assisted by the energy-dispersive X-ray spectrometer (EDS) results in Table I, it could be identified that the gray contrast at GB was Cr-enriched phases, the bright contrast in the grain was Mo-enriched phases, and the black contrast was Ti(C, N). Besides, the Mo-enriched phases were M6C phases according to researches  and could be determined in the following analysis. The spherical precipitation [shown in Fig. 2(d)] characterized with size less than 10 nm would be identified to be γ′ phases in the following analysis.\n"
            ]
        },
        {
            "name": "Characterization of microstructure evolution",
            "content": [
                "Figure 3 displayed the characteristics of precipitations at GB after long-term aging. To clearly observe the precipitations, BSE images in inset were used to magnify the detailed morphology. Similar to the WM without aging, the precipitations at GB were mainly Cr-enriched phases when aged to 1000 h, as shown in Fig. 3(a). As aging time increased to 2000 h, the needle-like Mo-enriched phases began to form at GBs. Then, the Mo-enriched phases evolved to the certain needle-like shape at the time of 8000 h, which had an orientation relationship with the matrix and could cause stress concentration. Although the WM experienced such a long-term exposure from 8000 to 12,000 h, the Mo-enriched phases could keep the needle-like shape and similar size present in the stable state. These needle-like Mo-enriched precipitations in GB behaved hard and brittle, which were easy to produce microcracks and had great tendency to promote further fractures.\n",
                "As mentioned above, there existed a lot of tiny γ′ phases in the grain. With the aging time increasing, the size of spherical γ′ phases varied greatly as shown in Fig. 5. At the aging time of 1000 h, the size of γ′ phases grew up to 60 nm in radius with dispersed distribution, and most of these γ′ phases were individual. The aggregation and coarsening of γ′ phases were found with the reduction in number at 2000 h, which could be used to explain the growth of γ′ phases. The number of γ′ phases decreased greatly at 8000 h; meanwhile, the mean size could reach around 130 nm due to the aggregation and coarsening. No obvious change in the number and size of γ′ phases was found at the aging time of 12,000 h. The γ′ phases grew at the expense of their number and would arrive at a stable state in WMs with an extension in the aging time. The size of γ′ phases played an important role in the mechanical property. According to researches , the γ′ phases as deformable particles could be easily cut by dislocation. As the γ′ phases increase, cutting process could become harder, and the hardness of WM was enhanced. The higher hardness in the WM promoted the easy fracture of the WM and presented a lower toughness.\n"
            ]
        },
        {
            "name": "Quantitative analysis of microstructure evolution",
            "content": [
                "To clearly demonstrate the microstructure evolution, quantitative analysis for precipitations was performed. Needle-like Mo-enriched phases at GB began to form the length of 1.19 µm at 2000 h and obviously grew to 1.76 µm at 8000 h; then their length increased mildly when aged to 12,000 h. Different from Mo-enriched phases at GB, the rod-like Mo-enriched phases in the grain had a small size and coarsened slightly during long-term thermal aging, as shown in Fig. 6(b). The coarsening process of γ′ phases had the similar tendency with needle-like Mo-enriched phases, as shown in Figs. 6(c) and 6(d). Due to the process of PWHT, there existed the size of 26.54 nm for γ′ phases in WMs without thermal aging, and then γ′ phases obviously grew up to 131 nm from 1000 to 8000 h. Continuing thermal aging, γ′ phases coarsened hardly to 140 nm when aged to 12,000 h, and their area fraction also changed slowly.\n",
                " where L is the length of M6C phases and r is the mean diameter of γ′ phases. Eqs. (2) and (3), respectively, figured out that the coarsening process for M6C phases and γ′ phases agreed with the growth exponent of 1/2 and 1/3, respectively, indicating that the growth of M6C phases and γ′ phases was of different mechanisms. The coarsening of M6C phase was in accordance with the growth exponent of 1/2 and controlled by interface diffusion, which could also be judged from its needle-like shape and its inhomogeneous distribution in matrix. However, the spherical shape of γ′ phase and its homogeneous distribution in the matrix revealed the volume diffusion mechanism, which agreed with the growth exponent of 1/3."
            ]
        },
        {
            "name": "Interaction of microstructure evolution and its influence on toughness",
            "content": [
                "Various precipitations separately developed their own morphology on the surface, but there existed a remarkable internal relationship in fact. As shown in Figs. 7(a) and 7(b), spherical γ′ phases grew preferentially at the face site of needle-like M6C phases due to element diffusion during thermal aging. Figure 7(c) shows the microstructure of precipitations in WMs at 8000 h, together with the elemental map analysis in Fig. 7(d) and selected area diffraction (SAD) analyses in Figs. 7(e) and 7(f). It could be determined that this microstructure was composed by M6C (Mo-enriched phase), M23C6 (Cr-enriched phases), and γ′ phases. The ripening process of γ′ phases was the diffusion of Ni, Al, and Ti from small particles to large particles. During the formation of Mo-enriched phases, non-constituent elements were expelled to its interface with matrix. Thus, the γ′ phases had a great tendency to precipitate at the face site of Mo-enriched phases. Reciprocally, the coarser γ′ phases at the interface of Mo-enriched phase hindered the diffusion of Mo to the direction of Mo-enriched phases, which caused the size of Mo-enriched phases to increase. Thus, the ripening process for γ′ phases restricted the growth of needle-like Mo-enriched phases, and this hindering role was consolidated with the passage of time.\n",
                "The RRs for M6C phases and γ′ phases at each aging time are shown in Fig. 8. Because the appearance of needle-like M6C phases at GB was from 2000 h, thus its data of RR at 1000 h was not involved in Fig. 8(a). The RR for M6C phases decreased obviously at 8000 h, and then it showed a slight change when aged to 12,000 h. It could be found the RR of γ′ phases dropped to a relatively low value when aging time increased to 2000 h, as shown in Fig. 8(b). Continuing aging, the RR of γ′ phases remained low at 8000 and 12,000 h, indicating that a stable state for γ′ phases had been reached. In addition, the longer aging time, 16,000 and 20,000 h, was considered in Eqs. (5) and (6) to predict the RR for M6C phases and γ′ phases, which could be used to further judge the stable state. Compared with the RR at 8000 h for both precipitations, the predicted RR for longer aging time decreased slowly, which suggested the stable state formed when aged at 8000 h. Thus, both M6C phases and γ′ phases coarsened drastically at the early aging stage, grew in a mild way, and then could be in a stable state although aging time increased.\n",
                "This interaction mechanism and coarsening mechanism had a large effect on impact toughness. At first, γ′ phases precipitated in the grain and coarsened obviously as aging time increased. The γ′ phases were cut by dislocations, and the cutting action became harder with the coarser γ′ phases; then, a pileup occurred. These behaviors between γ′ phases and dislocations played a role of coherency strain hardening in WM and caused a reduction in toughness during ripening process. Simultaneously, the needle-like Mo-enriched phase grew up and caused heavy stress concentration, which could be responsible for the lower toughness. Increasing the aging time, γ′ phases and M6C phases continued coarsening, but the RR slowed down. Meanwhile, the needle-like shape of Mo-enriched began to be certain and no more deteriorated. Thus, the effect of γ′ phases and the needle-like Mo-enriched phases on toughness became moderate, and a stable state was built for the WM at the later stage of aging."
            ]
        }
    ],
    "abstract": "Coarsening mechanism of precipitations was investigated in a weld metal of Alloy 617 during long- term aging at 750 degrees C, and its effect on impact toughness was clarified distinctly. The needle- like M6C phases at the grain boundary nucleated and coarsened at 2000 h and then presented a stable size with aging to 8000 h. Spherical c9 phase grew rapidly with the rate of 0.0121 nm/ h when aged at 1000 h; then, its ripening rate ( RR) reduced to 0.0033 nm/ h at 8000 h and stabilized around it. The coarsening of M6C and c9 was, respectively, controlled by interface diffusion and volume diffusion with the coarsening rate constant of 7.865 x 10 - 20 m2/ s and 1.519 x 10 - 27 m3/ s. Interaction of M6C and c9 could facilitate their coarsening and cause dramatic decrease in toughness at the early stage. At aging to 8000 h and more, the lower RR of needle- like M6C phases and c9 phases helped to form stable toughness at a later stage."
}