{
    "Sections": [
        {
            "name": "Analysis of Microstructure and Mechanical Properties",
            "content": [
                "A sample was randomly selected for the coating microstructure analysis in different heat treatment parameters. The coating cross section was polished with # 400, 600, 800, 1200, 1500, and 2000 SiC sandpaper. Then it is polished with woolen polishing cloth and W1 diamond water-soluble polishing paste. To obtain a clear microstructure picture, the cross section of the coating was corroded by aqua regia, and the corrosion time was 10 s. The phase and microstructure of the coating were observed by X-ray diffractometer (XRD, Shimadzu, XRD-7000), scanning electron microscope (SEM, Hitachi, S3400) with an energy dispersive spectrometer (EDS, Oxford, X80) and transmission electron microscope (TEM, HR, JEM-2100). The Cu-Kα (λ = 1.5406 Å ) radiation was used for XRD. The voltage was 40 kV, the current was 30 mA, and the scanning angle was 20°~100°. A 10 mm × 10 mm × 700 μm coated square plate was cut on the upper surface of the sample. After grindin to 100 μm with # 400, 800, 1200, 1500 sandpaper, Φ 3 wafers were formed by punching mechanism, and then, # 2000 sandpaper was used to grind the thickness to 50 μm. In addition, to facilitate subsequent thinning, the plate was adhered to the acrylic plate with α-cyanoacrylate ethyl ester and soaked in acetone for one hour after grinding. The polished wafer for TEM observation was thinned by double spray thinning and ion thinning. The microscopic morphology was observed by TEM, and the diffraction spots were calibrated at an accelerated voltage of 200 kV. The microhardness of the coating surface after heat treatment was measured by Vickers hardness tester (HV-5Z, Guangdong, China). The experimental load was 5 kg, and the loading time was 10 s. In order to reduce the error, each point was measured 6 times to take the average. The wear test of the coating was carried out on the pin-on-disk wear tester (MMU-5G, Shenyang, China). The square sample block was cut into Φ 4 × 15 mm pins, and CoCr15 was selected as the grinding disk. The experimental parameters were room temperature (25 °C), load 100 N, speed 100 r/min, and duration 30 min. The surface morphology of the coating after wear was observed by SEM. The three-dimensional characterization of the worn surface was performed using a Confocal Laser Scanning Microscope (CLSM, Olympus, LEXT OLS4100). At the same time, the accurate value of the wear surface roughness can be obtained."
            ]
        },
        {
            "name": "Phases Analysis",
            "content": [
                "The XRD patterns of FeCoCrNiMo HEA coating at HT25 to HT1050 are shown in Fig. 3. By comparing different XRD patterns, the coating is composed of three phases, FCC matrix (PDF # 33-1489) and two precipitated phases σ (PDF # 15-0539) and μ (PDF # 29-0489). The structure of the obtained σ and μ precipitates is the same as that of as-cast CoCrFeNiMo0.85 (Ref . No μ phase was observed in the XRD pattern of HT25, because XRD could not identify the small phase. To confirm the existence of μ phase, the surface of HT25 was sliced and observed by TEM, as shown in Fig. 4. In Fig. 4(a), there are three different microstructures of the coating. Among them, the gray-black block structure distributed around can be determined as the FCC matrix by the XRD pattern and the SAED pattern in Fig. 4(b). The white strip structure located in the center of the picture can be determined as the first precipitated phase σ of the cubic structure by the XRD pattern and the SAED pattern in Fig. 4(c). Many black particle phases can be observed between the FCC matrix and the first precipitated phase σ. Combined with the XRD pattern and the SAED pattern in Fig. 4(d), it is confirmed that it is the second precipitated phase μ of the rhombohedral structure. It can be determined by TEM observation that there are small μ phases distributed between FCC and σ phases in the microstructure of HT25 coating. Figure 4(e) is the atomic ratio of the elemental composition of the FCC, σ and μ phases of the HT25 coating. It can be seen that the main difference between the three phases is the different content of Mo element. The Mo element in the FCC matrix accounts for 11.02 %, the σ phase accounts for 15.37 %, and the μ phase accounts for 19.53 %. It shows that the content of Mo element plays a decisive role in the type of phase. Through the calibration and analysis of the SAED pattern of the coating, it is determined the phase composition of the FeCoCrNiMo HEA coating is composed of FCC matrix, the first precipitated phase σ and the second precipitated phase μ.",
                "By comparing and analyzing the XRD patterns of the coatings after different temperatures, the coating has only three phases of FCC, σ, and μ, and no new phase is formed. There are four diffraction peaks in the FCC matrix, located at (111), (200), (220), and (311). The diffraction peaks of two precipitated phases σ and μ are distributed near the FCC (111) diffraction peak. It can be observed in Fig. 2 that when HT25, the diffraction peak intensity of the first precipitated phase σ is higher, and the diffraction peak of the μ phase almost does not exist. It shows that the content of the first precipitated phase σ is higher, and the second precipitated phase μ is not easy to be detected due to its small volume. With the temperature increase, the number and intensity of μ phase diffraction peaks increase, indicating that the number of μ phase is increasing. The σ phase first decreased, and then suddenly increased at HT850, and then continued to decrease. At HT1050, the μ phase reached the highest, and the diffraction peak intensity of the σ phase was the lowest. As the temperature increases, the number of the second precipitated phase μ gradually increases, while the number of the first precipitated phase σ gradually decreases first, and the number increases at HT850, and then continues to decrease. It is basically consistent with the calculation results of the FeCoCrNiMo HEA phase diagram in Fig. 1."
            ]
        },
        {
            "name": "Microstructure Change",
            "content": [
                "Figure 5 is the Low-magnification cross section SEM image of the coating HT25 to HT1050. Figure 6 is the high-magnification cross section SEM images of the coating HT25 to HT1050 and elemental composition surface scan images. From Fig. 5(a) that the microstructure of FeCoCrNiMo HEA laser cladding coating HT25 presents dendritic distribution and uniform distribution. From Fig. 6(a) high-magnification SEM images, the coating is composed of three parts. Among them, the darker contrast is the dendritic block structure with a size of 3 μm, the brighter contrast is the interdendritic strip structure with a size of 1μm, and there is a small amount of the third part of the structure distributed along the junction of the dendritic structure and the interdendritic structure. The element composition of each point in Fig. 6 is shown in Table 3. Combined with the XRD pattern of Fig. 3, the TEM SAED pattern of Fig. 4, and the element plane scanning analysis of Fig. 6(a), the dendritic structure is the FCC matrix rich in Fe,Co,Ni,Cr elements, and the interdendritic structure is the first precipitated phase σ rich in Cr and Mo elements; elemental analysis shows that at point B the Mo content is about 15.15 at %. The Mo element content of the second precipitated phase μ is higher than that of the σ phase, and a small amount of lamellar distribution is observed at the interface between the FCC matrix and the first precipitated phase σ.",
                "From Fig. 5(b), the microstructure of the coating HT650 is still uniformly distributed in the form of dendrites. The blocky FCC matrix structure distributed in the dendrites has no noticeable change. However, the fine second phase is precipitated in the first precipitated phase σ structure between the dendrites, which increases the density of the strip interdendritic structure. The high-magnification SEM image of Fig. 6(b) shows that the FCC matrix is a columnar crystal with a length of about 4 μm distributed inside the dendrites. Many fine strips with a length of about 0.5 μm appear in the interdendritic σ phase, which is evenly distributed in the central area of the interdendritic structure. Through elemental analysis, it was found that at point C the Mo content was about 19.43 at %. Combined with element distribution and XRD pattern analysis, the fine strip structure between dendrites is the μ phase precipitated in the σ phase. With the heat treatment, the μ phase begins to precipitate in the σ phase. Because the atomic radius of Mo element is larger than that of the other four elements, Mo element is more likely to segregate to the interdendritic region (Ref . It leads to the increase in Mo content in the interdendritic region, so that the σ phase forms the μ phase with more Mo content. This is consistent with the conclusion in the literature that the increase in Mo content leads to the increase in the number of μ phase (Ref .",
                "From Fig. 5(c), the microstructure distribution of the coating HT750 is still dendritic, the number of precipitates in the interdendritic region increases significantly, and fine precipitates begin to appear in the dendrites. From the high-magnification SEM image of Fig. 6(c), the interdendritic σ phase still has a thin strip-like second precipitated phase μ, its size is reduced (0.5-0.2 μm), the number is significantly increased, and the shape is changed from strip to spherical. A small amount of needle phase begins to precipitate in the FCC matrix structure in the dendrite, and the length varies from 0.1-0.5 μm. Elemental analysis shows that at point E, the Mo content is 14.89 at %, which is σ phase. With heat treatment temperature to 750 °C, the number of μ phases precipitated in the σ phase increased. Due to the further precipitation of Mo element in the FCC matrix, the acicular σ phase began to form and precipitate in the FCC matrix.",
                "From Fig. 5(d), the microstructure of the coating HT850 is still dendritic. Due to the presence of a large number of precipitated phases between dendrites and dendrites and their dense distribution, the dendrite boundary is not apparent. From the high-magnification SEM image of Fig. 6(d), the σ phase of the interdendritic structure still maintains the original distribution trend, but the large strip structure with a length of about 1 μm originally continuously distributed is divided by the second precipitated phase μ into a fine block structure with a uniform distribution of about 0.3 μm. The FCC matrix in the dendrite changes from a columnar crystal with a length of about 4 μm to a diamond structure of about 3 μm. The needle-like σ phase is uniformly distributed in the FCC matrix. As the Mo element in the FCC matrix is further precipitated, the size is significantly increased. In summary, at HT850, the second precipitated phase μ is uniformly distributed in the first precipitated phase σ, and the secondary σ phase in the FCC matrix also continues to grow, and the double precipitated phase is densely distributed in the structure.",
                "From Fig. 5(e), the microstructure of the coating HT950 is still dendritic distribution, and the interdendritic structure is partially re-grown from a spherical to a continuous strip structure. A small amount of spherical structure is still attached to the strip structure, while the number of needle precipitates precipitated in the dendrites has decreased. From the high-magnification SEM image of Fig. 6(e), the μ phase precipitated from the σ phase in the interdendritic region gradually grows from the needle structure to a long strip structure with a length of 2 μm. In comparison, the σ phase is divided into a small block structure with a size of 0.3 μm attached to the μ phase. The number of needle σ phases on the FCC matrix in the dendrites decreased significantly, and the volume continued to increase. At HT950, the fine μ phase precipitated from the σ phase gradually began to merge and grow, and there was a position to replace the σ phase between the dendrites, while the secondary σ phase in the FCC matrix also began to merge with the interdendritic σ phase.",
                "Figure 7 is a schematic diagram of the microstructure evolution of FeCoCrNiMo HEA coating after different heat treatment temperatures. The coating is a typical dendritic structure at room temperature, and the grain boundary is obvious. The dendrite is FCC matrix, and the interdendritic is Mo-rich σ phase. A small amount of lamellar μ phase is attached to the σ phase. With the heat treatment of the coating, the μ phase precipitates from the center of the σ phase with a needle tip. With the heat treatment temperature increase, the σ phase also begins to precipitate from the FCC matrix with a needle tip, and the number of μ phases in the σ phase further increases. At HT850, the fine needle-like σ phase on the FCC matrix in the dendrite is continuously coarsened and grows into a short rod shape. The number of μ phases in the interdendritic σ phase reaches saturation, and the number of double precipitates reaches the peak. At HT950, the interdendritic μ phase and the σ phase in the FCC matrix began to merge and grow, decreasing the number of precipitated phases. At HT1050, the μ phase finally grows into a long strip structure to replace the σ phase in the interdendritic region, and only a small amount of σ phase exists at the junction of the two phases."
            ]
        }
    ],
    "abstract": "The microstructure and wear behavior of laser cladding FeCoCrMoNi high-entropy alloy (HEA) coating on Q235 steel substrate were studied. The coatings consisted of an FCC matrix, sigma precipitates, and mu precipitates. With increasing heat treatment temperature, the mu phase precipitated and grew from the interdendritic sigma phase, while the tip sigma phase also precipitated from the FCC matrix. The number of dual precipitates reached its peak at 850 degrees C. Further, an increase in heat treatment temperature led to the replacement of the interdendritic sigma phase by mu phase. The wear resistance of the coatings was closely related to the microstructural evolution. That is, the strengthening effect of the precipitated phase improved the wear resistance. The wear resistance of the coatings initially decreased and then, increased with increasing heat treatment temperature. At 850 degrees C, the coating has the best wear resistance due to its lowest wear rate, surface roughness and friction coefficient. The dominant wear mechanism being abrasive wear."
}