{
    "DOI": "10.1016/j.wear.2019.203137",
    "Journal": "Wear",
    "Keywords": [],
    "Sections": [
        {
            "content": [
                "Fig. 1 a–c are OM images of the ADC14 alloy cast at heat treatment temperatures of 200 °C, 300 °C, and 350 °C and that of the sample without heat treatment (Fig. 1d) and 1a–c distinctly demonstrate that the grain size of Si crystal decreases with the increase of the heat treatment temperature.",
                "Additionally, as shown in Table 1 , the thickness of the anodized film increases as the heat treatment temperature increases. The heat treatment was conducted at a temperature of 350 °C for 120 min, and the anodized film was able to reach a maximum thickness of 18.3 μm. In the pulsed anodic electrolysis, the resistance decreases as size of the Si crystals decreases. The smaller the resistance, the greater is the possibility for the thickness of the anodized film on the surface of the aluminum material to increase.",
                "It is noteworthy that the thickness of the anodic film is dependent on the type of electrolytes used for pulse anodizing. With the same anodizing time, electrolyte A1 was the one in which the thinnest film was generated, followed by A2 and A3. This was because the thickest film was produced in A3 as aluminum sulphate contributes to the growth of the anodized film. When the aluminum ion in aluminum sulphate is dissociated from the electrolyte, the conduction efficiency, and therefore the thickness growth of the anodized film, is improved after anodization. The results, in Table 2 , show that the film hardness of the anodic film increased with its thickness. The maximum hardness was 442 HV, in which the film was obtained by a 350 °C pre-treatment followed by a pulse anodization in the A3 electrolyte for 120 min.",
                "It can be observed from Tables 1 and 2 that for three different electrolytes, the thickness and hardness of the oxide film increased with the heat treatment temperature. Furthermore, its thickness and hardness tended to increase with time within 30–120 min between the anodizing treatments, if the same conditions are applied. Both properties are also benefited from the increase in the heat treatment temperature in the same electrolyte and the anode treatment time.",
                "The OM images in Fig. 2 a–c distinctly demonstrate the cross-sectional anodized films of the ADC14 samples subjected to heat treatment temperatures of 200 °C, 300 °C, and 350 °C, and then pulse anodized in the A3 electrolyte for 120 min. Fig. 2a shows that the aluminum substrate precipitates aluminum ions to form an anodized film, and the Si primary crystal of the surface is not completely fine-grained. The larger Si crystals prevent the passage of current and voltage. The anodized film cannot cover the primary Si crystal, as indicated by the arrows. However, the images in Fig. 2b–c shows that the primary Si crystal of the surface of the aluminum substrate is gradually finely granulated when the ADC14 cast was subjected to a temperature above 300 °C. During the anodized film formation, the Si crystals are completely coated to form a uniform anodized film, and the anodized film covering the Si crystal grains has a preferable anodized film. After the heat treatment, larger Si crystals and the surface primary crystals on the surface can be uniformly granulated or grain refined, which contributes to the faster formation rate of the anodized film and the thicker anodized film.",
                "Fig. 3 a–c shows SEM images of the cross sections of the ADC14 films at 350 °C pre-treatment and prepared using the electrolytes A1, A2, and A3 with pulse anodized electrolysis for 120 min. The anodized film along the aluminum material is present on both sides of the Si crystal and subsequently coats the Si crystals to continue to form an anodized film. The uniform film can be obtained using the A3 electrolyte. The corresponding element analysis results via EDS in Fig. 3d–f further demonstrates that the anodized film components for the three different electrolytes contain C, Al, O, Si, and S. The primary components of the oxide film formed after anodization could be C, Al, and O. The Si is the primary crystal or eutectic crystal component in ADC14.",
                "Fig. 4 is an XRD analysis diagram of an anodized film of an ADC14 alloy after its pulse anodizing treatment with three electrolytes and with heat treatment temperature of 300 °C. All films were composed of Al2O3, Al, AlO(OH), and Al2(SO4)3. The Al2O3 peaks of the anodized films of the three electrolytes A1, A2 and A3 were very clear, indicating that the oxide film is a crystalline structure. Additionally, compared to the EDS data (Fig. 3d and e) for the anodized films prepared in A1and A2, the element analysis results (Fig. 3f) showed that the film by the A3 electrolyte contains more O and Al, but less C. The grain size of the Al2O3 crystals in the film by A3 electrolyte is 65.2 nm, which is smaller than 67.8 nm and 69.1 nm for those by A1 and A2 electrolytes, respectively. The grain sizes of Al2O3 were calculated based on the (243) facet results in Fig. 4 and Scherrer equation []. The addition of aluminum sulphate can plausibly lead to form more and small Al2O3 crystals in the film and improve hardness, as shown in Table 2. As a result of the heat treatment, the Si crystal grains were fined, enabling the Si (011) peak to be seen in Fig. 4. The AlO(OH) peak can be observed because the surface of the oxide film was formed by hot water sealing. In addition, a peak of Al2(SO4)3 was observed, presumably due to the reaction of sulfuric acid with the substrate.",
                "Fig. 5 distinctly shows the results of the abrasion tests for the anodized ADC14 samples, which were conducted at 200–350 °C heat treatment temperatures and then electrolyzed using the three electrolytes for 120 min. These samples were subjected to an abrasion test for 5000 times in a Taber CS17 linear abrasion tester. The test results demonstrate that the abrasion amount of the test pieces produced by the three electrolytes gradually decreases as the heat treatment temperature increases. The increase in the heat treatment temperature benefits the thickness and hardness, which also affect the wear resistance characteristics, of the produced oxide film. At the same heat treatment temperature, the order of A3 < A2 < A1 for abrasion amount is obtained. The results of the abrasion test are in agreement with the above-mentioned experimental results, the hardness of the anodized film increases as the film thickness increases and more aluminum oxide forms and can result in decrease in the loss of film wear.",
                "Accordingly, for testing the feasibility, the CVT composed of ADC14 was subjected to 350 °C heat treatment temperature and was anodized in the A3 electrolyte for 120 min. The surface of the CVT observed in Fig. 6 a shows a brownish-grey glossy surface with a surface roughness Ra < 0.6 μm. Fig. 6b shows the horsepower test (horsepower VS KPH) of engines combined with CVTs with or without a pulsed hard-anodized film. The loss of horsepower of the pulsed hard-anodized film is higher at 20–30 km/h. At the speed of 40–90 km/h, compared with the horsepower of two engines, the hard-anodized film exhibits higher horsepower. Overall, the results of the engine horsepower characteristic test data demonstrate that the CVT with hard-anodized film is slightly better than that without anodized treatment. This indicates that the effect of anodized film in restraining the horsepower can be neglected. Furthermore, Table 3 shows the abrasion depth of the movable face drive and face drive without or with the anodized film. After the engine test at 8600 rpm for 200 h, the abrasion depth for the movable face drive with anodized films is 0.9 μm, which is significantly smaller than 8.9 μm for the sample without the anodized film. Simultaneously, the wear resistance of the movable face after pulse anodizing is better than that without pulse anodizing treatment. The results demonstrate the potential of the study with regard to application in the motorcycle industry."
            ],
            "name": "Results and discussion",
            "type": "ce_section"
        }
    ],
    "Title": "Improvement in the abrasive wear resistance of an aluminum alloy casting for a continuously-variable transmission using heat treatment and pulsed anodizing",
    "abstract": "The purpose of this work was to investigate whether a modified anodizing process can successfully be applied to an ADC14 aluminum alloy casting to reduce its wear in a continuously-variable transmission component. The oxide film is formed by pulse anodizing after alloy heat treatment. The thickness and hardness of the oxide film were increased by adjusting the heat treatment temperature and by using an electrolyte composed of sulfuric acid, oxalic acid, and aluminum sulphate. The maximum thickness and hardness of the film were 18.3 mu m and 442 HV, respectively. The film was produced by heat treating the casting at 350 degrees C, then pulse-anodizing it for 120 min. The wear loss of the oxide film was minimal under reciprocating, linear abrasion tests which lasted 5000 cycles. To validate the process in a practical application, the oxide film also exhibited good wear resistance when applied in a motorcycle engine that used a continuously-variable transmission. In addition, the engine horsepower was not compromised."
}