{
    "DOI": "10.1016/j.wear.2020.203232",
    "Journal": "Wear",
    "Keywords": [
        "Electrodeposition",
        "Iron-tungsten alloys",
        "Composite coatings",
        "Wear resistance",
        "Heat treatment"
    ],
    "Sections": [
        {
            "content": [
                "To analyze the surface morphology of the deposited coatings, a Leo 1550 Gemini Scanning Electron Microscope (SEM) with a field emission gun was used. The chemical composition of the coatings was measured at the surface and along the cross-section of the samples by Energy Dispersive X-ray Spectroscopy (EDS). The volume fraction of co-deposited Al2O3 particles in the deposits was determined by performing image analyses (ImageJ software) on the cross-sections of the coatings. The surface roughness was measured using a WYKO RST-PLUS optical profilometer.",
                "The heat treatments were performed in the furnace of a NETZSCH 402 C dilatometer, keeping the sample at 600 °C for 1 h. High purity Ar 6.0 was used and the annealing temperature was reached with a heating rate of 10 °C/min. After the heat treatments, the samples were kept inside the furnace until reaching room temperature. X-rays diffraction (XRD) analyses were performed using a Bruker AXS D8 advance diffractometer with Cr Kα radiation (λ = 2.28970 Å) and the equipment was operated at 40 kV and 50 mA. The annealing temperature of 600 °C was selected based on previous findings that showed a maximum in the hardness of Fe–W coatings after annealing at 600 °C []. A NHT2 Nanoindentation Tester from Anton-Paar was used to evaluate the mechanical properties, i.e. hardness and reduced elastic modulus. The measurements were performed along the cross-section of the deposits, under load-control mode and applying a load of 25 mN with a Berkovich pyramidal-shaped diamond tip. This load is low enough to avoid the influence of the embedding resin and the substrate, but it is high enough to embrace a representative area of the coating (including particles and matrix). A total of fifteen indentations were performed on each sample and the results are expressed as the average of all the tests. For nanoindentation measurements, the cross-section of the samples was polished down to a 1 μm finishing. The hardness (H) and reduced elastic modulus (E r) of the analyzed samples are obtained from the load-displacement curves as according to the Oliver and Pharr method [].",
                "The tribological properties of the coatings were measured using a ball-on-disc tribometer under dry sliding conditions, at room temperature and ~55% of relative humidity. An alumina ball with a diameter of 6 mm was used as a counter-body, due to its high stability and resistance to abrasion and oxidation. Thanks to such properties, alumina counter-bodies are commonly employed in hard ball/hard coating systems [,]. Also, being Fe–W alloys affected by tribo-oxidation, the use of a counter-body less resistant to oxidation, e.g. steel ball, would increase the possibility to introduce wear impurities (i.e. debris and oxides) into the system. The size of the ball was selected considering the size of the sample (i.e. 2 × 2 cm), and to allow to run multiple tests per each specimen. The wear tests were conducted applying 2 N load which results in an initial Hertzian contact pressure of 665.3 MPa, assuming a “sphere on plane” configuration, where the elastic modulus, Er, and the Poisson ratio for corundum ball were 210 GPa and 0.22, respectively, and for FeW/Al2O3 coatings were 0.27 (in approximation) and 122 GPa, respectively []. The sliding speed was 4 cm s−1, and the sliding distance was 500 m with a rotation diameter of 2.5 mm. The applied wear parameters (i.e. load, sliding speed and alumina counter-body) do not intend to simulate the condition of a specific wear-critical application. Therefore, such parameters were selected in consideration of previously published works on the wear resistance of Fe–W alloys [,,] and other Fe-group metals coatings suggested as alternatives to Cr replacement (included in Table S1 as supplementary material). In particular, the applied load and sliding speed were selected in order to reduce the formation of cracks and debris upon sliding which can largely affect the correct evaluation of the wear track profiles, and thus of the wear rates []. The influence of 1, 2 and 5 N applied load on the crack and debris formation during wear tests on Fe–W alloys is discussed in detail in Ref. [].",
                "To ensure the reproducibility of the results, three wear tests per specimen were performed. A confocal optical microscope (Leica, model DCM3D, Wetzlar, Germany) was used to measure the depth profiles of the wear tracks. The wear rate of the tested coatings was calculated from the equation: K=AlFD where A is the cross-section area of wear track (mm2), l is the length of the wear track (mm), F is the load (N) and D is the sliding distance (m)."
            ],
            "name": "Coating characterization",
            "type": "ce_section"
        },
        {
            "content": [
                {
                    "content": [
                        "The surface and cross-section of the as-deposited and annealed Fe–W/Al2O3 coatings were studied by SEM and representative micrographs are shown in Fig. 1 . The alumina particles appear uniformly distributed both on the surface and across the thickness of the as-deposited coatings, appearing as darker particles in Fig. 1a and b. The volume percentage of the co-deposited alumina particles is 10.7 ± 0.4%, as calculated from image analysis. Thus, in the following, the samples will be designated as Fe–W/11%Al2O3. The Fe–W matrix had a fixed composition of 22 ± 0.6 at.% of W. After annealing for 1 h at 600 °C, small white precipitates are found at the surface of the composite coating (Fig. 1c). EDS point analysis reveals these granules are Fe-rich.",
                        "As shown by X-ray diffraction (XRD) analysis (Fig. 2 ), the main microstructural transformation occurring upon annealing at 600 °C is the crystallization of α-Fe. In the as-deposited state, because of the high amount of co-deposited W, the structure of the Fe–W matrix is amorphous. This can be observed from the broad shoulder starting at 2θ ~60 ⁰ in the XRD spectrum. The effect of W and alumina content on the as-deposited structure is discussed in detail elsewhere [,]. A large fraction of the amorphous structure is preserved upon annealing at 600 °C (~85%, as calculated by dividing the area of the crystalline peaks by the total area of the XRD spectrum) due to the high thermal stability of the Fe–W metal matrix []. Also, the microstructural transformation observed after annealing at 600 °C (Fig. 2) is consistent with the previous finding regarding the annealing of amorphous Fe–W coatings []. Hence, the presence of the co-deposited alumina particles seems not to have an influence on the thermal stability and microstructural transformation of the Fe–W matrix. As a matter of fact, crystallographic transformations of alumina are not expected at 600 °C []. However, a slight increase in the surface roughness (Ra) was measured after the annealing treatment, i.e. from 135 to 178 nm, due to the formation of α-Fe precipitates.",
                        "For the sake of comparison, dense chromium coatings were also electrodeposited. Surface morphology and cross-section images of hard Cr coatings are shown in Fig. 3 in the as-deposited state (a-b) and after annealing at 600 °C (c-d). As shown in Fig. 3, cracks are found both in the surface and along the cross-sections of the Cr samples. The formation of the cracks can be related to the stresses formed in the coatings due to the significant hydrogen evolution occurring during electrodeposition of hard chrome []."
                    ],
                    "name": "Structural characterization of as-deposited and annealed Fe–W/Al2O3 coatings",
                    "type": "ce_section"
                },
                {
                    "content": [
                        "The mechanical properties, i.e. hardness and reduced elastic modulus, of the as-deposited and annealed Fe–W/11%Al2O3 and the hard Cr coatings were assessed by nanoindentation analyses. Representative load-displacement curves are shown in Fig. 4 and the H and E r results are shown in Fig. 5 . As shown in Fig. 5, the hardness of the Fe–W/11%Al2O3 composite coating considerably increases after the annealing treatment, reaching the value of 16.3 GPa. Considering that alumina is not affected by the annealing process, such significant increase in the hardness of the composite can be attributed to the structural transformation occurring in the Fe–W matrix upon heat treatment: the precipitation of fine α-Fe crystallites and the formation of a mixed amorphous-nanocrystalline structure. In fact, a similar hardness was obtained for Fe-24at.%W coatings after annealing at 600 °C which also resulted in the formation of a mixed amorphous-nanocrystalline structure []. This reasoning is also strengthened by previous studies on Fe-based metallic glasses []. As the authors observed from TEM analysis, annealing of such materials resulted in the precipitation of fine crystallites within an amorphous matrix, leading to an increase of the mechanical and wear properties of the alloy []. Moreover, the increase in E r after annealing treatments, see Fig. 5b, can be related to the structural relaxation and the density increase of the material which occurs when annealing amorphous alloys [].",
                        "In contrast to what is observed for Fe–W/11%Al2O3 composite coatings, the hardness of the hard Cr coating substantially decreases after the heat treatment, see Fig. 5a. Such decrease in hardness in heat-treated metallic thin films is quite common and it can be related to grain growth and, in this case in particular, to the formation of larger cracks [,], as it can be also noticed from Fig. 3a and c.",
                        "To study the effect of heat treatments on the wear resistance of Fe–W/11%Al2O3 composite and hard Cr coatings, sliding tests were performed using a ball-on-disk technique. The variation of the coefficient of friction (COF) as a function of sliding distance of the as-deposited and annealed Fe–W/11%Al2O3 and Cr coatings is shown in Fig. 6 . The influence of the annealing treatment on the COF of both composite and Cr coatings appears rather limited. For the as-deposited Fe–W/11%Al2O3 coating the COF increases rapidly and, after a running period of 650 s, it stabilizes at an average value of ~0.7 (see Fig. 6a). The COF increase during the first stages of the sliding test can be related to the formation of third body particles which increase the asperity contact between the two sliding bodies. For the heat treated Fe–W/11%Al2O3 coating, the contact between the alumina counter-body and the sample occurs initially through the α-Fe grains formed at the surface of the sample (see Fig. 1c). These grains are relatively soft, thus a lower COF is observed up to a running period of 689 s. Afterwards, when the alumina counter-body is in contact with the bulk of the coating the COF rises to ~0.8 and then it stabilizes around ~0.7.",
                        "The COF variations for the as-deposited and annealed hard Cr coatings appear quite similar with an average value of ~0.6, see Fig. 6b. However, a sudden increase in the COF is visible for the annealed specimen. Such phenomenon can be related to the brittle nature of the Cr coatings. A sharp increase in the COF has been observed when brittle fracture occurs leading to the formation of fine debris []. The higher surface roughness after annealing the Cr coatings (Ra = 260 nm) could also influence the observed COF trend.",
                        "The wear tracks of the studied samples were analyzed by SEM and the results are shown in Fig. 7 . Chemical analyses were performed with EDS point analysis in the spots indicated in Fig. 7 and the results are summarized in Table 1 . For the Fe–W/11%Al2O3 composite coatings, traces of adherent oxide were found along the wear tracks (e.g. spectrum 2 and 3 indicated in Fig. 7a) or agglomerated at the side of the wear track (e.g. spectrum 5 indicated in Fig. 7b). The adherent oxide film is not distributed homogeneously, i.e. in some areas the surface of the composite coating is still visible (e.g. spectrum 1 indicated in Fig. 7a, and spectrum 4 indicated in Fig. 7b). As shown by the EDS results in Table 1, in the areas where the oxide film and the debris are present the oxygen increases up to ~60 at.%. For the evaluation of light elements such as oxygen, EDS point analysis is qualitative rather than quantitative. Also, it is hard to evaluate the precise quantity of oxygen considering the contribution from the co-deposited alumina particles. However, the results from the spectra acquired at the location of an adherent oxide in the as-deposited sample (i.e. spectrum 2 and 3) are characterized with a Fe to W ratio which is almost identical to the Fe to W ratio of the non-tested samples, i.e. ~3.8. This indicates that the oxides formed during the wear tests are mixed Fe–W-oxides. In the case of the annealed Fe–W/11%Al2O3 sample, the data acquired from the spectrum 5 show a slightly higher Fe to W ratio, i.e. ~4.7. Here, the wear debris are richer in Fe due to the formation of α-Fe granules at the surface of the annealed coating, see Fig. 1c. The formation of such oxides is related to the tribo-oxidation mechanism: the oxidation of the coatings during the sliding test is an intrinsic response of the material to recover from the thermal energy generated during dry friction. Previous studies already highlighted that the wear mechanism of electrodeposited Fe–W coatings in dry sliding conditions is mainly characterized by oxidative and adhesive mechanisms [,,].",
                        "Fig. 7c shows the SEM micrographs from the wear track of the as-deposited Cr coating. Here, the presence of abrasion grooves along the wear track suggests that the wear mechanism is mainly abrasive. Wear debris is found in the wear track which is composed of chromium oxide, as shown from spectrum 6, see Table 1. In the area not affected by the wear test, the amount of co-deposited O is found to be lower than 3 at.%. The wear track of the annealed Cr coating appears substantially wider as compared to the wear track of the as-deposited sample (notice the different scale bar in Fig. 7d). Also, the wear track appears oxidized and cracked (see the insert in Fig. 7d). In the proximity of the cracks, EDS analysis shows the presence of iron (see spectrum 7), which indicates that the specimen interaction volume is reaching the steel substrate.",
                        "Fig. 8 shows the wear rate of the as-deposited and annealed Fe–W/11%Al2O3 composite and hard Cr coatings, together with representative depth profiles of the wear tracks. The wear rate was calculated using Equation (1), considering for each sample an average area of the wear track (A). The results reveal that the wear rate of Fe–W/11%Al2O3 composite in both as-deposited and annealed state is significantly lower than the wear rate of as-deposited hard Cr. Also, the wear rate results clearly illustrate the detrimental effect of the heat treatment on the wear resistance of the hard Cr coating, leading to a substantial increase in the wear rate reaching the value of ~24 × 10−6 mm3/Nm.",
                        "Many studies have indicated the importance of the mechanical properties for a good wear resistance, showing in particular how a high hardness to Young's modulus ratio (H/E) generally implies a good wear resistance [,]. It is assumed that materials with high H/E ratio should better resist the plastic deformation and thus result in higher wear resistance. The H/E r ratios for the Fe–W/11%Al2O3 and Cr coatings, before and after annealing, are reported in Table 2 . The values are calculated from the nanoindentation results. The H/E r of the as-deposited and annealed Fe–W/11%Al2O3 is higher than the H/E r of the Cr coatings. This is in agreement with the higher wear resistance of the composite coatings as compared to Cr coatings. Also, the dramatic increase observed for the wear rate of hard Cr after annealing can be related to the decrease of the H/E r. As shown in Table 2, a 57% reduction of the H/E r ratio for the Cr coatings is observed after annealing at 600 °C. For Fe–W/11%Al2O3 coatings, despite the substantial increase in the hardness after annealing, the wear rate of the annealed sample is in principal unchanged and identical to the as-deposited coating. This could be related to the fact that the relative increase in the H/E r after annealing (18%) is not high enough to strongly impact the wear resistance. Also, it has been shown that the tribological behavior of the Fe–W system is rather complex, being strongly affected by tribo-oxidation mechanism. For example, previously studied Fe–W/3%Al2O3 and Fe–W/6%Al2O3 coatings characterized with high mechanical properties (e.g. H/E r) resulted in a moderate wear resistance. In that case, a reduction in wear rate (and tribo-oxidation) was observed in presence of higher amounts (i.e. 12 vol.%) of co-deposited alumina particles [].",
                        "As shown from the hardness and wear results presented in this work, heat treatments of Fe–W/11%Al2O3 composite coatings can be applied to further enhance the mechanical properties of the coating while preserving the wear resistance. The annealed Fe–W/11%Al2O3 composite coating is characterized with high hardness as a result of the partial crystallization of the amorphous Fe–W matrix. The high wear resistance of the composite is preserved due to the presence of co-deposited Al2O3 particles, which are beneficial in reducing the tribo-oxidation mechanism."
                    ],
                    "name": "Mechanical properties and wear resistance of as-deposited and annealed Fe–W/11%Al2O3 and hard Cr coatings",
                    "type": "ce_section"
                }
            ],
            "name": "Results and discussions",
            "type": "ce_section"
        },
        {
            "content": [
                {
                    "content": [
                        "The surface and cross-section of the as-deposited and annealed Fe–W/Al2O3 coatings were studied by SEM and representative micrographs are shown in Fig. 1 . The alumina particles appear uniformly distributed both on the surface and across the thickness of the as-deposited coatings, appearing as darker particles in Fig. 1a and b. The volume percentage of the co-deposited alumina particles is 10.7 ± 0.4%, as calculated from image analysis. Thus, in the following, the samples will be designated as Fe–W/11%Al2O3. The Fe–W matrix had a fixed composition of 22 ± 0.6 at.% of W. After annealing for 1 h at 600 °C, small white precipitates are found at the surface of the composite coating (Fig. 1c). EDS point analysis reveals these granules are Fe-rich.",
                        "As shown by X-ray diffraction (XRD) analysis (Fig. 2 ), the main microstructural transformation occurring upon annealing at 600 °C is the crystallization of α-Fe. In the as-deposited state, because of the high amount of co-deposited W, the structure of the Fe–W matrix is amorphous. This can be observed from the broad shoulder starting at 2θ ~60 ⁰ in the XRD spectrum. The effect of W and alumina content on the as-deposited structure is discussed in detail elsewhere [,]. A large fraction of the amorphous structure is preserved upon annealing at 600 °C (~85%, as calculated by dividing the area of the crystalline peaks by the total area of the XRD spectrum) due to the high thermal stability of the Fe–W metal matrix []. Also, the microstructural transformation observed after annealing at 600 °C (Fig. 2) is consistent with the previous finding regarding the annealing of amorphous Fe–W coatings []. Hence, the presence of the co-deposited alumina particles seems not to have an influence on the thermal stability and microstructural transformation of the Fe–W matrix. As a matter of fact, crystallographic transformations of alumina are not expected at 600 °C []. However, a slight increase in the surface roughness (Ra) was measured after the annealing treatment, i.e. from 135 to 178 nm, due to the formation of α-Fe precipitates.",
                        "For the sake of comparison, dense chromium coatings were also electrodeposited. Surface morphology and cross-section images of hard Cr coatings are shown in Fig. 3 in the as-deposited state (a-b) and after annealing at 600 °C (c-d). As shown in Fig. 3, cracks are found both in the surface and along the cross-sections of the Cr samples. The formation of the cracks can be related to the stresses formed in the coatings due to the significant hydrogen evolution occurring during electrodeposition of hard chrome []."
                    ],
                    "name": "Structural characterization of as-deposited and annealed Fe–W/Al2O3 coatings",
                    "type": "ce_section"
                },
                {
                    "content": [
                        "The mechanical properties, i.e. hardness and reduced elastic modulus, of the as-deposited and annealed Fe–W/11%Al2O3 and the hard Cr coatings were assessed by nanoindentation analyses. Representative load-displacement curves are shown in Fig. 4 and the H and E r results are shown in Fig. 5 . As shown in Fig. 5, the hardness of the Fe–W/11%Al2O3 composite coating considerably increases after the annealing treatment, reaching the value of 16.3 GPa. Considering that alumina is not affected by the annealing process, such significant increase in the hardness of the composite can be attributed to the structural transformation occurring in the Fe–W matrix upon heat treatment: the precipitation of fine α-Fe crystallites and the formation of a mixed amorphous-nanocrystalline structure. In fact, a similar hardness was obtained for Fe-24at.%W coatings after annealing at 600 °C which also resulted in the formation of a mixed amorphous-nanocrystalline structure []. This reasoning is also strengthened by previous studies on Fe-based metallic glasses []. As the authors observed from TEM analysis, annealing of such materials resulted in the precipitation of fine crystallites within an amorphous matrix, leading to an increase of the mechanical and wear properties of the alloy []. Moreover, the increase in E r after annealing treatments, see Fig. 5b, can be related to the structural relaxation and the density increase of the material which occurs when annealing amorphous alloys [].",
                        "In contrast to what is observed for Fe–W/11%Al2O3 composite coatings, the hardness of the hard Cr coating substantially decreases after the heat treatment, see Fig. 5a. Such decrease in hardness in heat-treated metallic thin films is quite common and it can be related to grain growth and, in this case in particular, to the formation of larger cracks [,], as it can be also noticed from Fig. 3a and c.",
                        "To study the effect of heat treatments on the wear resistance of Fe–W/11%Al2O3 composite and hard Cr coatings, sliding tests were performed using a ball-on-disk technique. The variation of the coefficient of friction (COF) as a function of sliding distance of the as-deposited and annealed Fe–W/11%Al2O3 and Cr coatings is shown in Fig. 6 . The influence of the annealing treatment on the COF of both composite and Cr coatings appears rather limited. For the as-deposited Fe–W/11%Al2O3 coating the COF increases rapidly and, after a running period of 650 s, it stabilizes at an average value of ~0.7 (see Fig. 6a). The COF increase during the first stages of the sliding test can be related to the formation of third body particles which increase the asperity contact between the two sliding bodies. For the heat treated Fe–W/11%Al2O3 coating, the contact between the alumina counter-body and the sample occurs initially through the α-Fe grains formed at the surface of the sample (see Fig. 1c). These grains are relatively soft, thus a lower COF is observed up to a running period of 689 s. Afterwards, when the alumina counter-body is in contact with the bulk of the coating the COF rises to ~0.8 and then it stabilizes around ~0.7.",
                        "The COF variations for the as-deposited and annealed hard Cr coatings appear quite similar with an average value of ~0.6, see Fig. 6b. However, a sudden increase in the COF is visible for the annealed specimen. Such phenomenon can be related to the brittle nature of the Cr coatings. A sharp increase in the COF has been observed when brittle fracture occurs leading to the formation of fine debris []. The higher surface roughness after annealing the Cr coatings (Ra = 260 nm) could also influence the observed COF trend.",
                        "The wear tracks of the studied samples were analyzed by SEM and the results are shown in Fig. 7 . Chemical analyses were performed with EDS point analysis in the spots indicated in Fig. 7 and the results are summarized in Table 1 . For the Fe–W/11%Al2O3 composite coatings, traces of adherent oxide were found along the wear tracks (e.g. spectrum 2 and 3 indicated in Fig. 7a) or agglomerated at the side of the wear track (e.g. spectrum 5 indicated in Fig. 7b). The adherent oxide film is not distributed homogeneously, i.e. in some areas the surface of the composite coating is still visible (e.g. spectrum 1 indicated in Fig. 7a, and spectrum 4 indicated in Fig. 7b). As shown by the EDS results in Table 1, in the areas where the oxide film and the debris are present the oxygen increases up to ~60 at.%. For the evaluation of light elements such as oxygen, EDS point analysis is qualitative rather than quantitative. Also, it is hard to evaluate the precise quantity of oxygen considering the contribution from the co-deposited alumina particles. However, the results from the spectra acquired at the location of an adherent oxide in the as-deposited sample (i.e. spectrum 2 and 3) are characterized with a Fe to W ratio which is almost identical to the Fe to W ratio of the non-tested samples, i.e. ~3.8. This indicates that the oxides formed during the wear tests are mixed Fe–W-oxides. In the case of the annealed Fe–W/11%Al2O3 sample, the data acquired from the spectrum 5 show a slightly higher Fe to W ratio, i.e. ~4.7. Here, the wear debris are richer in Fe due to the formation of α-Fe granules at the surface of the annealed coating, see Fig. 1c. The formation of such oxides is related to the tribo-oxidation mechanism: the oxidation of the coatings during the sliding test is an intrinsic response of the material to recover from the thermal energy generated during dry friction. Previous studies already highlighted that the wear mechanism of electrodeposited Fe–W coatings in dry sliding conditions is mainly characterized by oxidative and adhesive mechanisms [,,].",
                        "Fig. 7c shows the SEM micrographs from the wear track of the as-deposited Cr coating. Here, the presence of abrasion grooves along the wear track suggests that the wear mechanism is mainly abrasive. Wear debris is found in the wear track which is composed of chromium oxide, as shown from spectrum 6, see Table 1. In the area not affected by the wear test, the amount of co-deposited O is found to be lower than 3 at.%. The wear track of the annealed Cr coating appears substantially wider as compared to the wear track of the as-deposited sample (notice the different scale bar in Fig. 7d). Also, the wear track appears oxidized and cracked (see the insert in Fig. 7d). In the proximity of the cracks, EDS analysis shows the presence of iron (see spectrum 7), which indicates that the specimen interaction volume is reaching the steel substrate.",
                        "Fig. 8 shows the wear rate of the as-deposited and annealed Fe–W/11%Al2O3 composite and hard Cr coatings, together with representative depth profiles of the wear tracks. The wear rate was calculated using Equation (1), considering for each sample an average area of the wear track (A). The results reveal that the wear rate of Fe–W/11%Al2O3 composite in both as-deposited and annealed state is significantly lower than the wear rate of as-deposited hard Cr. Also, the wear rate results clearly illustrate the detrimental effect of the heat treatment on the wear resistance of the hard Cr coating, leading to a substantial increase in the wear rate reaching the value of ~24 × 10−6 mm3/Nm.",
                        "Many studies have indicated the importance of the mechanical properties for a good wear resistance, showing in particular how a high hardness to Young's modulus ratio (H/E) generally implies a good wear resistance [,]. It is assumed that materials with high H/E ratio should better resist the plastic deformation and thus result in higher wear resistance. The H/E r ratios for the Fe–W/11%Al2O3 and Cr coatings, before and after annealing, are reported in Table 2 . The values are calculated from the nanoindentation results. The H/E r of the as-deposited and annealed Fe–W/11%Al2O3 is higher than the H/E r of the Cr coatings. This is in agreement with the higher wear resistance of the composite coatings as compared to Cr coatings. Also, the dramatic increase observed for the wear rate of hard Cr after annealing can be related to the decrease of the H/E r. As shown in Table 2, a 57% reduction of the H/E r ratio for the Cr coatings is observed after annealing at 600 °C. For Fe–W/11%Al2O3 coatings, despite the substantial increase in the hardness after annealing, the wear rate of the annealed sample is in principal unchanged and identical to the as-deposited coating. This could be related to the fact that the relative increase in the H/E r after annealing (18%) is not high enough to strongly impact the wear resistance. Also, it has been shown that the tribological behavior of the Fe–W system is rather complex, being strongly affected by tribo-oxidation mechanism. For example, previously studied Fe–W/3%Al2O3 and Fe–W/6%Al2O3 coatings characterized with high mechanical properties (e.g. H/E r) resulted in a moderate wear resistance. In that case, a reduction in wear rate (and tribo-oxidation) was observed in presence of higher amounts (i.e. 12 vol.%) of co-deposited alumina particles [].",
                        "As shown from the hardness and wear results presented in this work, heat treatments of Fe–W/11%Al2O3 composite coatings can be applied to further enhance the mechanical properties of the coating while preserving the wear resistance. The annealed Fe–W/11%Al2O3 composite coating is characterized with high hardness as a result of the partial crystallization of the amorphous Fe–W matrix. The high wear resistance of the composite is preserved due to the presence of co-deposited Al2O3 particles, which are beneficial in reducing the tribo-oxidation mechanism."
                    ],
                    "name": "Mechanical properties and wear resistance of as-deposited and annealed Fe–W/11%Al2O3 and hard Cr coatings",
                    "type": "ce_section"
                }
            ],
            "name": "Results and discussions",
            "type": "ce_section"
        },
        {
            "content": [
                {
                    "content": [
                        "The surface and cross-section of the as-deposited and annealed Fe–W/Al2O3 coatings were studied by SEM and representative micrographs are shown in Fig. 1 . The alumina particles appear uniformly distributed both on the surface and across the thickness of the as-deposited coatings, appearing as darker particles in Fig. 1a and b. The volume percentage of the co-deposited alumina particles is 10.7 ± 0.4%, as calculated from image analysis. Thus, in the following, the samples will be designated as Fe–W/11%Al2O3. The Fe–W matrix had a fixed composition of 22 ± 0.6 at.% of W. After annealing for 1 h at 600 °C, small white precipitates are found at the surface of the composite coating (Fig. 1c). EDS point analysis reveals these granules are Fe-rich.",
                        "As shown by X-ray diffraction (XRD) analysis (Fig. 2 ), the main microstructural transformation occurring upon annealing at 600 °C is the crystallization of α-Fe. In the as-deposited state, because of the high amount of co-deposited W, the structure of the Fe–W matrix is amorphous. This can be observed from the broad shoulder starting at 2θ ~60 ⁰ in the XRD spectrum. The effect of W and alumina content on the as-deposited structure is discussed in detail elsewhere [,]. A large fraction of the amorphous structure is preserved upon annealing at 600 °C (~85%, as calculated by dividing the area of the crystalline peaks by the total area of the XRD spectrum) due to the high thermal stability of the Fe–W metal matrix []. Also, the microstructural transformation observed after annealing at 600 °C (Fig. 2) is consistent with the previous finding regarding the annealing of amorphous Fe–W coatings []. Hence, the presence of the co-deposited alumina particles seems not to have an influence on the thermal stability and microstructural transformation of the Fe–W matrix. As a matter of fact, crystallographic transformations of alumina are not expected at 600 °C []. However, a slight increase in the surface roughness (Ra) was measured after the annealing treatment, i.e. from 135 to 178 nm, due to the formation of α-Fe precipitates.",
                        "For the sake of comparison, dense chromium coatings were also electrodeposited. Surface morphology and cross-section images of hard Cr coatings are shown in Fig. 3 in the as-deposited state (a-b) and after annealing at 600 °C (c-d). As shown in Fig. 3, cracks are found both in the surface and along the cross-sections of the Cr samples. The formation of the cracks can be related to the stresses formed in the coatings due to the significant hydrogen evolution occurring during electrodeposition of hard chrome []."
                    ],
                    "name": "Structural characterization of as-deposited and annealed Fe–W/Al2O3 coatings",
                    "type": "ce_section"
                },
                {
                    "content": [
                        "The mechanical properties, i.e. hardness and reduced elastic modulus, of the as-deposited and annealed Fe–W/11%Al2O3 and the hard Cr coatings were assessed by nanoindentation analyses. Representative load-displacement curves are shown in Fig. 4 and the H and E r results are shown in Fig. 5 . As shown in Fig. 5, the hardness of the Fe–W/11%Al2O3 composite coating considerably increases after the annealing treatment, reaching the value of 16.3 GPa. Considering that alumina is not affected by the annealing process, such significant increase in the hardness of the composite can be attributed to the structural transformation occurring in the Fe–W matrix upon heat treatment: the precipitation of fine α-Fe crystallites and the formation of a mixed amorphous-nanocrystalline structure. In fact, a similar hardness was obtained for Fe-24at.%W coatings after annealing at 600 °C which also resulted in the formation of a mixed amorphous-nanocrystalline structure []. This reasoning is also strengthened by previous studies on Fe-based metallic glasses []. As the authors observed from TEM analysis, annealing of such materials resulted in the precipitation of fine crystallites within an amorphous matrix, leading to an increase of the mechanical and wear properties of the alloy []. Moreover, the increase in E r after annealing treatments, see Fig. 5b, can be related to the structural relaxation and the density increase of the material which occurs when annealing amorphous alloys [].",
                        "In contrast to what is observed for Fe–W/11%Al2O3 composite coatings, the hardness of the hard Cr coating substantially decreases after the heat treatment, see Fig. 5a. Such decrease in hardness in heat-treated metallic thin films is quite common and it can be related to grain growth and, in this case in particular, to the formation of larger cracks [,], as it can be also noticed from Fig. 3a and c.",
                        "To study the effect of heat treatments on the wear resistance of Fe–W/11%Al2O3 composite and hard Cr coatings, sliding tests were performed using a ball-on-disk technique. The variation of the coefficient of friction (COF) as a function of sliding distance of the as-deposited and annealed Fe–W/11%Al2O3 and Cr coatings is shown in Fig. 6 . The influence of the annealing treatment on the COF of both composite and Cr coatings appears rather limited. For the as-deposited Fe–W/11%Al2O3 coating the COF increases rapidly and, after a running period of 650 s, it stabilizes at an average value of ~0.7 (see Fig. 6a). The COF increase during the first stages of the sliding test can be related to the formation of third body particles which increase the asperity contact between the two sliding bodies. For the heat treated Fe–W/11%Al2O3 coating, the contact between the alumina counter-body and the sample occurs initially through the α-Fe grains formed at the surface of the sample (see Fig. 1c). These grains are relatively soft, thus a lower COF is observed up to a running period of 689 s. Afterwards, when the alumina counter-body is in contact with the bulk of the coating the COF rises to ~0.8 and then it stabilizes around ~0.7.",
                        "The COF variations for the as-deposited and annealed hard Cr coatings appear quite similar with an average value of ~0.6, see Fig. 6b. However, a sudden increase in the COF is visible for the annealed specimen. Such phenomenon can be related to the brittle nature of the Cr coatings. A sharp increase in the COF has been observed when brittle fracture occurs leading to the formation of fine debris []. The higher surface roughness after annealing the Cr coatings (Ra = 260 nm) could also influence the observed COF trend.",
                        "The wear tracks of the studied samples were analyzed by SEM and the results are shown in Fig. 7 . Chemical analyses were performed with EDS point analysis in the spots indicated in Fig. 7 and the results are summarized in Table 1 . For the Fe–W/11%Al2O3 composite coatings, traces of adherent oxide were found along the wear tracks (e.g. spectrum 2 and 3 indicated in Fig. 7a) or agglomerated at the side of the wear track (e.g. spectrum 5 indicated in Fig. 7b). The adherent oxide film is not distributed homogeneously, i.e. in some areas the surface of the composite coating is still visible (e.g. spectrum 1 indicated in Fig. 7a, and spectrum 4 indicated in Fig. 7b). As shown by the EDS results in Table 1, in the areas where the oxide film and the debris are present the oxygen increases up to ~60 at.%. For the evaluation of light elements such as oxygen, EDS point analysis is qualitative rather than quantitative. Also, it is hard to evaluate the precise quantity of oxygen considering the contribution from the co-deposited alumina particles. However, the results from the spectra acquired at the location of an adherent oxide in the as-deposited sample (i.e. spectrum 2 and 3) are characterized with a Fe to W ratio which is almost identical to the Fe to W ratio of the non-tested samples, i.e. ~3.8. This indicates that the oxides formed during the wear tests are mixed Fe–W-oxides. In the case of the annealed Fe–W/11%Al2O3 sample, the data acquired from the spectrum 5 show a slightly higher Fe to W ratio, i.e. ~4.7. Here, the wear debris are richer in Fe due to the formation of α-Fe granules at the surface of the annealed coating, see Fig. 1c. The formation of such oxides is related to the tribo-oxidation mechanism: the oxidation of the coatings during the sliding test is an intrinsic response of the material to recover from the thermal energy generated during dry friction. Previous studies already highlighted that the wear mechanism of electrodeposited Fe–W coatings in dry sliding conditions is mainly characterized by oxidative and adhesive mechanisms [,,].",
                        "Fig. 7c shows the SEM micrographs from the wear track of the as-deposited Cr coating. Here, the presence of abrasion grooves along the wear track suggests that the wear mechanism is mainly abrasive. Wear debris is found in the wear track which is composed of chromium oxide, as shown from spectrum 6, see Table 1. In the area not affected by the wear test, the amount of co-deposited O is found to be lower than 3 at.%. The wear track of the annealed Cr coating appears substantially wider as compared to the wear track of the as-deposited sample (notice the different scale bar in Fig. 7d). Also, the wear track appears oxidized and cracked (see the insert in Fig. 7d). In the proximity of the cracks, EDS analysis shows the presence of iron (see spectrum 7), which indicates that the specimen interaction volume is reaching the steel substrate.",
                        "Fig. 8 shows the wear rate of the as-deposited and annealed Fe–W/11%Al2O3 composite and hard Cr coatings, together with representative depth profiles of the wear tracks. The wear rate was calculated using Equation (1), considering for each sample an average area of the wear track (A). The results reveal that the wear rate of Fe–W/11%Al2O3 composite in both as-deposited and annealed state is significantly lower than the wear rate of as-deposited hard Cr. Also, the wear rate results clearly illustrate the detrimental effect of the heat treatment on the wear resistance of the hard Cr coating, leading to a substantial increase in the wear rate reaching the value of ~24 × 10−6 mm3/Nm.",
                        "Many studies have indicated the importance of the mechanical properties for a good wear resistance, showing in particular how a high hardness to Young's modulus ratio (H/E) generally implies a good wear resistance [,]. It is assumed that materials with high H/E ratio should better resist the plastic deformation and thus result in higher wear resistance. The H/E r ratios for the Fe–W/11%Al2O3 and Cr coatings, before and after annealing, are reported in Table 2 . The values are calculated from the nanoindentation results. The H/E r of the as-deposited and annealed Fe–W/11%Al2O3 is higher than the H/E r of the Cr coatings. This is in agreement with the higher wear resistance of the composite coatings as compared to Cr coatings. Also, the dramatic increase observed for the wear rate of hard Cr after annealing can be related to the decrease of the H/E r. As shown in Table 2, a 57% reduction of the H/E r ratio for the Cr coatings is observed after annealing at 600 °C. For Fe–W/11%Al2O3 coatings, despite the substantial increase in the hardness after annealing, the wear rate of the annealed sample is in principal unchanged and identical to the as-deposited coating. This could be related to the fact that the relative increase in the H/E r after annealing (18%) is not high enough to strongly impact the wear resistance. Also, it has been shown that the tribological behavior of the Fe–W system is rather complex, being strongly affected by tribo-oxidation mechanism. For example, previously studied Fe–W/3%Al2O3 and Fe–W/6%Al2O3 coatings characterized with high mechanical properties (e.g. H/E r) resulted in a moderate wear resistance. In that case, a reduction in wear rate (and tribo-oxidation) was observed in presence of higher amounts (i.e. 12 vol.%) of co-deposited alumina particles [].",
                        "As shown from the hardness and wear results presented in this work, heat treatments of Fe–W/11%Al2O3 composite coatings can be applied to further enhance the mechanical properties of the coating while preserving the wear resistance. The annealed Fe–W/11%Al2O3 composite coating is characterized with high hardness as a result of the partial crystallization of the amorphous Fe–W matrix. The high wear resistance of the composite is preserved due to the presence of co-deposited Al2O3 particles, which are beneficial in reducing the tribo-oxidation mechanism."
                    ],
                    "name": "Mechanical properties and wear resistance of as-deposited and annealed Fe–W/11%Al2O3 and hard Cr coatings",
                    "type": "ce_section"
                }
            ],
            "name": "Results and discussions",
            "type": "ce_section"
        },
        {
            "content": [
                {
                    "content": [
                        "The surface and cross-section of the as-deposited and annealed Fe–W/Al2O3 coatings were studied by SEM and representative micrographs are shown in Fig. 1 . The alumina particles appear uniformly distributed both on the surface and across the thickness of the as-deposited coatings, appearing as darker particles in Fig. 1a and b. The volume percentage of the co-deposited alumina particles is 10.7 ± 0.4%, as calculated from image analysis. Thus, in the following, the samples will be designated as Fe–W/11%Al2O3. The Fe–W matrix had a fixed composition of 22 ± 0.6 at.% of W. After annealing for 1 h at 600 °C, small white precipitates are found at the surface of the composite coating (Fig. 1c). EDS point analysis reveals these granules are Fe-rich.",
                        "As shown by X-ray diffraction (XRD) analysis (Fig. 2 ), the main microstructural transformation occurring upon annealing at 600 °C is the crystallization of α-Fe. In the as-deposited state, because of the high amount of co-deposited W, the structure of the Fe–W matrix is amorphous. This can be observed from the broad shoulder starting at 2θ ~60 ⁰ in the XRD spectrum. The effect of W and alumina content on the as-deposited structure is discussed in detail elsewhere [,]. A large fraction of the amorphous structure is preserved upon annealing at 600 °C (~85%, as calculated by dividing the area of the crystalline peaks by the total area of the XRD spectrum) due to the high thermal stability of the Fe–W metal matrix []. Also, the microstructural transformation observed after annealing at 600 °C (Fig. 2) is consistent with the previous finding regarding the annealing of amorphous Fe–W coatings []. Hence, the presence of the co-deposited alumina particles seems not to have an influence on the thermal stability and microstructural transformation of the Fe–W matrix. As a matter of fact, crystallographic transformations of alumina are not expected at 600 °C []. However, a slight increase in the surface roughness (Ra) was measured after the annealing treatment, i.e. from 135 to 178 nm, due to the formation of α-Fe precipitates.",
                        "For the sake of comparison, dense chromium coatings were also electrodeposited. Surface morphology and cross-section images of hard Cr coatings are shown in Fig. 3 in the as-deposited state (a-b) and after annealing at 600 °C (c-d). As shown in Fig. 3, cracks are found both in the surface and along the cross-sections of the Cr samples. The formation of the cracks can be related to the stresses formed in the coatings due to the significant hydrogen evolution occurring during electrodeposition of hard chrome []."
                    ],
                    "name": "Structural characterization of as-deposited and annealed Fe–W/Al2O3 coatings",
                    "type": "ce_section"
                },
                {
                    "content": [
                        "The mechanical properties, i.e. hardness and reduced elastic modulus, of the as-deposited and annealed Fe–W/11%Al2O3 and the hard Cr coatings were assessed by nanoindentation analyses. Representative load-displacement curves are shown in Fig. 4 and the H and E r results are shown in Fig. 5 . As shown in Fig. 5, the hardness of the Fe–W/11%Al2O3 composite coating considerably increases after the annealing treatment, reaching the value of 16.3 GPa. Considering that alumina is not affected by the annealing process, such significant increase in the hardness of the composite can be attributed to the structural transformation occurring in the Fe–W matrix upon heat treatment: the precipitation of fine α-Fe crystallites and the formation of a mixed amorphous-nanocrystalline structure. In fact, a similar hardness was obtained for Fe-24at.%W coatings after annealing at 600 °C which also resulted in the formation of a mixed amorphous-nanocrystalline structure []. This reasoning is also strengthened by previous studies on Fe-based metallic glasses []. As the authors observed from TEM analysis, annealing of such materials resulted in the precipitation of fine crystallites within an amorphous matrix, leading to an increase of the mechanical and wear properties of the alloy []. Moreover, the increase in E r after annealing treatments, see Fig. 5b, can be related to the structural relaxation and the density increase of the material which occurs when annealing amorphous alloys [].",
                        "In contrast to what is observed for Fe–W/11%Al2O3 composite coatings, the hardness of the hard Cr coating substantially decreases after the heat treatment, see Fig. 5a. Such decrease in hardness in heat-treated metallic thin films is quite common and it can be related to grain growth and, in this case in particular, to the formation of larger cracks [,], as it can be also noticed from Fig. 3a and c.",
                        "To study the effect of heat treatments on the wear resistance of Fe–W/11%Al2O3 composite and hard Cr coatings, sliding tests were performed using a ball-on-disk technique. The variation of the coefficient of friction (COF) as a function of sliding distance of the as-deposited and annealed Fe–W/11%Al2O3 and Cr coatings is shown in Fig. 6 . The influence of the annealing treatment on the COF of both composite and Cr coatings appears rather limited. For the as-deposited Fe–W/11%Al2O3 coating the COF increases rapidly and, after a running period of 650 s, it stabilizes at an average value of ~0.7 (see Fig. 6a). The COF increase during the first stages of the sliding test can be related to the formation of third body particles which increase the asperity contact between the two sliding bodies. For the heat treated Fe–W/11%Al2O3 coating, the contact between the alumina counter-body and the sample occurs initially through the α-Fe grains formed at the surface of the sample (see Fig. 1c). These grains are relatively soft, thus a lower COF is observed up to a running period of 689 s. Afterwards, when the alumina counter-body is in contact with the bulk of the coating the COF rises to ~0.8 and then it stabilizes around ~0.7.",
                        "The COF variations for the as-deposited and annealed hard Cr coatings appear quite similar with an average value of ~0.6, see Fig. 6b. However, a sudden increase in the COF is visible for the annealed specimen. Such phenomenon can be related to the brittle nature of the Cr coatings. A sharp increase in the COF has been observed when brittle fracture occurs leading to the formation of fine debris []. The higher surface roughness after annealing the Cr coatings (Ra = 260 nm) could also influence the observed COF trend.",
                        "The wear tracks of the studied samples were analyzed by SEM and the results are shown in Fig. 7 . Chemical analyses were performed with EDS point analysis in the spots indicated in Fig. 7 and the results are summarized in Table 1 . For the Fe–W/11%Al2O3 composite coatings, traces of adherent oxide were found along the wear tracks (e.g. spectrum 2 and 3 indicated in Fig. 7a) or agglomerated at the side of the wear track (e.g. spectrum 5 indicated in Fig. 7b). The adherent oxide film is not distributed homogeneously, i.e. in some areas the surface of the composite coating is still visible (e.g. spectrum 1 indicated in Fig. 7a, and spectrum 4 indicated in Fig. 7b). As shown by the EDS results in Table 1, in the areas where the oxide film and the debris are present the oxygen increases up to ~60 at.%. For the evaluation of light elements such as oxygen, EDS point analysis is qualitative rather than quantitative. Also, it is hard to evaluate the precise quantity of oxygen considering the contribution from the co-deposited alumina particles. However, the results from the spectra acquired at the location of an adherent oxide in the as-deposited sample (i.e. spectrum 2 and 3) are characterized with a Fe to W ratio which is almost identical to the Fe to W ratio of the non-tested samples, i.e. ~3.8. This indicates that the oxides formed during the wear tests are mixed Fe–W-oxides. In the case of the annealed Fe–W/11%Al2O3 sample, the data acquired from the spectrum 5 show a slightly higher Fe to W ratio, i.e. ~4.7. Here, the wear debris are richer in Fe due to the formation of α-Fe granules at the surface of the annealed coating, see Fig. 1c. The formation of such oxides is related to the tribo-oxidation mechanism: the oxidation of the coatings during the sliding test is an intrinsic response of the material to recover from the thermal energy generated during dry friction. Previous studies already highlighted that the wear mechanism of electrodeposited Fe–W coatings in dry sliding conditions is mainly characterized by oxidative and adhesive mechanisms [,,].",
                        "Fig. 7c shows the SEM micrographs from the wear track of the as-deposited Cr coating. Here, the presence of abrasion grooves along the wear track suggests that the wear mechanism is mainly abrasive. Wear debris is found in the wear track which is composed of chromium oxide, as shown from spectrum 6, see Table 1. In the area not affected by the wear test, the amount of co-deposited O is found to be lower than 3 at.%. The wear track of the annealed Cr coating appears substantially wider as compared to the wear track of the as-deposited sample (notice the different scale bar in Fig. 7d). Also, the wear track appears oxidized and cracked (see the insert in Fig. 7d). In the proximity of the cracks, EDS analysis shows the presence of iron (see spectrum 7), which indicates that the specimen interaction volume is reaching the steel substrate.",
                        "Fig. 8 shows the wear rate of the as-deposited and annealed Fe–W/11%Al2O3 composite and hard Cr coatings, together with representative depth profiles of the wear tracks. The wear rate was calculated using Equation (1), considering for each sample an average area of the wear track (A). The results reveal that the wear rate of Fe–W/11%Al2O3 composite in both as-deposited and annealed state is significantly lower than the wear rate of as-deposited hard Cr. Also, the wear rate results clearly illustrate the detrimental effect of the heat treatment on the wear resistance of the hard Cr coating, leading to a substantial increase in the wear rate reaching the value of ~24 × 10−6 mm3/Nm.",
                        "Many studies have indicated the importance of the mechanical properties for a good wear resistance, showing in particular how a high hardness to Young's modulus ratio (H/E) generally implies a good wear resistance [,]. It is assumed that materials with high H/E ratio should better resist the plastic deformation and thus result in higher wear resistance. The H/E r ratios for the Fe–W/11%Al2O3 and Cr coatings, before and after annealing, are reported in Table 2 . The values are calculated from the nanoindentation results. The H/E r of the as-deposited and annealed Fe–W/11%Al2O3 is higher than the H/E r of the Cr coatings. This is in agreement with the higher wear resistance of the composite coatings as compared to Cr coatings. Also, the dramatic increase observed for the wear rate of hard Cr after annealing can be related to the decrease of the H/E r. As shown in Table 2, a 57% reduction of the H/E r ratio for the Cr coatings is observed after annealing at 600 °C. For Fe–W/11%Al2O3 coatings, despite the substantial increase in the hardness after annealing, the wear rate of the annealed sample is in principal unchanged and identical to the as-deposited coating. This could be related to the fact that the relative increase in the H/E r after annealing (18%) is not high enough to strongly impact the wear resistance. Also, it has been shown that the tribological behavior of the Fe–W system is rather complex, being strongly affected by tribo-oxidation mechanism. For example, previously studied Fe–W/3%Al2O3 and Fe–W/6%Al2O3 coatings characterized with high mechanical properties (e.g. H/E r) resulted in a moderate wear resistance. In that case, a reduction in wear rate (and tribo-oxidation) was observed in presence of higher amounts (i.e. 12 vol.%) of co-deposited alumina particles [].",
                        "As shown from the hardness and wear results presented in this work, heat treatments of Fe–W/11%Al2O3 composite coatings can be applied to further enhance the mechanical properties of the coating while preserving the wear resistance. The annealed Fe–W/11%Al2O3 composite coating is characterized with high hardness as a result of the partial crystallization of the amorphous Fe–W matrix. The high wear resistance of the composite is preserved due to the presence of co-deposited Al2O3 particles, which are beneficial in reducing the tribo-oxidation mechanism."
                    ],
                    "name": "Mechanical properties and wear resistance of as-deposited and annealed Fe–W/11%Al2O3 and hard Cr coatings",
                    "type": "ce_section"
                }
            ],
            "name": "Results and discussions",
            "type": "ce_section"
        }
    ],
    "Title": "Effect of heat treatments on the mechanical and tribological properties of electrodeposited Fe–W/Al2O3 composites",
    "abstract": "In this study, the influence of heat treatment on the mechanical and tribological properties of electrodeposited Fe-W/Al2O3 composite coatings is studied. The properties of the as-deposited and annealed composites are compared with those of electrodeposited hard chromium coatings. The amorphous structure of the Fe-W matrix transforms into a mixed amorphous-crystalline structure upon annealing at 600 degrees C for 1 h. The observed microstructural transformations result in a substantial increase of both the hardness and the reduced Young's modulus of the Fe-W/Al2O3 composite coatings, reaching values of 16.3 GPa and 191.7 GPa, respectively. The results on the wear resistance studied under dry friction using ball-on-disc sliding tests show that a low wear rate is obtained for both as-deposited and annealed composite coatings, i.e. similar to 1.5. 10 6 mm(3)/Nm. In contrast, the heat treatments are detrimental for both the hardness and wear resistance of hard chromium coatings. As a consequence, the mechanical and wear properties of the electrodeposited Fe-W/Al2O3 composite coatings, especially after annealing, are superior to the properties of hard chromium coatings. Hence, Fe-W/Al2O3 composite coatings can be considered as a valid and sustainable alternative to hard chromium coatings, particularly in applications where these materials may be exposed to high temperatures."
}