{
    "Sections": [
        {
            "name": "Characterization techniques",
            "content": [
                "Structure of the prepared nanoparticles and screen printed films were analyzed using an X-ray diffractometer (Siemens D5000, using Cu-Kα radiation with λ = 1.5406 Ǻ). Measurements were made for 2θ values over 20°–80°. Morphology of the deposited films has been analyzed by JEOL 840 SEM. Particle size of the prepared powders was analyzed by HRTEM JEOL JEM-2010 FEG instrument with a point resolution of 1.9 Å. Samples were placed on carbon copper grid of 300 mesh. The measurements of lattice-fringe spacing and angles recorded in digital high-resolution electron micrographs were made using digital image analysis of reciprocal space parameters. This analysis was carried out with the aid of Digital Micrograph software, Simula TEM. Composition of the nanoparticle and film was analyzed by JEOL 840 SEM-energy dispersive X-ray analysis (EDS)."
            ]
        },
        {
            "name": "Characterization of CuIn0.75Ga0.25Se2 nanoparticles",
            "content": [
                "In this study, CuIn0.75Ga0.25Se2 nanoparticles have been prepared by a simple, low cost mechanochemical synthesis. This process is a dry milling technique in which elemental Cu, In, Ga, and Se are repeatedly welded, fractured, and rewelded under a highly energetic ball charge to prepare CuIn0.75Ga0.25Se2 powders at various milling times of 45 min, 1.5, 3, 4.5, and 6 h. Figure 1 shows the evolution of X-ray diffractograms as a function of milling time, and it is observed that CuIn0.75Ga0.25Se2 phase formation occurs after 45 min of milling. For 45 min milled sample, apart from XRD reflections corresponding to CuIn0.75Ga0.25Se2 chalcopyrite structure an additional reflection at 2θ = 42.54° is also observed which corresponds to In4Se3 phase (ICSD #:023465). As milling time progresses, only pure CuIn0.75Ga0.25Se2 phase has been observed, and no phase change has been detected. We can say that the phase formation has occurred very quickly, and increase in milling duration leads to homogenization (Sherif El-Eskandarany et al. . XRD reflections are slightly left shifted with the increase in milling time; this is attributed to the internal stresses induced by milling. These internal stresses modify the lattice parameter and consequently produce an angular shift of XRD peak. This shift is well defined for 3 h of milling and increases continuously with milling time. Similar shift due to the increase in milling time has been observed for Fe50Ni50 nanoparticles (Djekoun et al. .",
                "Chalcopyrite structure of CuIn0.75Ga0.25Se2 has been simulated using space group I42d (122) with standard lattice constants a = 5.673 Å and c = 11.322 Å (JCPDS-40-1488) (Suri et al. , and the experimental diffraction pattern of 1.5 h milled sample is matched with the simulated pattern by Rietveld refinement, as shown in Fig. 2. Here, it should be noted that recent report on 300 rpm ball milled CuIn0.5Ga0.5Se2 showed the presence of In3Se4 reflection for 30, 60, and 120 min milling. Therefore, they have achieved the best refinement of XRD patterns by introducing an additional binary phase (InSe) (Benslim et al. . In this study, best refinement is obtained with the single phase CuIn0.75Ga0.25Se2 without inclusion of any binary phases. Hence, we confirm the preparation of pure phase CuIn0.75Ga0.25Se2 nanoparticle powder by low cost mehano-chemical synthesis.",
                "The HRTEM images allow the determination of size of nanoparticles and also the possible induced morphologies, so we used it to recognize these variables from our samples. In Fig. 3a, a single particle is clearly identified with the size of 11.73 nm; this confirms the value of 12.24 nm for 1.5 h milled sample obtained from Scherrer’s formula. HRTEM images allow finding defects in the nanocrystalline material as marked with an arrow in Fig. 3a; these can be representatives of the processes that induce the reduction of nanocrystal size during mechanochemical synthesis and thus producing more stress leading to change in lattice parameters and hence the shift in XRD peak as stated above. Figure 3b gives the lattice spacing of 1.72 Å, which corresponds to (116)/(312) planes, we have simulated the crystal planes of CuIn0.75Ga0.25Se2 chalcopyrite structure and matched it with the HRTEM pattern.",
                "The HRTEM also revealed that during the process of ball milling large deformations are introduced, like distorted regions within the sub grains, grain boundary and even across entire grains, moiré, fringes, and stacking faults as shown in Fig. 3c. The distorted regions are generated by an accumulation of dislocations from other regions. This sort of distortion is not commonly observed in coarse-grained materials (Reddy et al. . HRTEM photographs also showed that during milling the grains slide and overlap (stacking faults are seen) and that fragmentation and adhesion of grains is a steady process. Newly formed interfaces between grains are brought into intimate contact by subsequent ball collision forming a composite grain. The presence of an extra plane resulted in slip dislocation leading to the formation of core dislocation as shown in Fig. 3c. The bands shown in the grains in Fig. 3c, have also been observed in other studies (Reddy et al. , and have been identified as shear bands. It has been reported that the formation of these shear bands is responsible for breakdown of the grains and generation of nanostructure during mechanical alloying. Apart from this tetragonal-layered structure having deformed and ruptured planes are identified in Fig. 3d, confirming the crystal structure. A moiré pattern develops when there is a small rotation between the two crystals or when there is a slight difference in lattice constant. It gives a kind of magnified image of the boundary. These patterns are evident in our sample, which shows the interruption of long range order in crystallites.",
                "The EDX composition analysis revealed a small deviation from the initial composition CuIn0.75Ga0.25Se2 as given in Table 3. The sample milled for 45 min showed higher amount of In and Se, this is in accordance with XRD results where In4Se3 reflection has been observed for this particular milling time as discussed above. This gives the evidence of initiation and formation of CuIn0.75Ga0.25Se2 compound semiconductor (Benslim et al. . With the increase in milling time, increase in percentage of copper and decrease in selenium have been observed, which is in accordance with the results reported by Benslim et al. , higher milling time would have led to loss of Se and/or contamination from the container and balls. Also volatilization of Se could explain the decrease in selenium. Whereas the loss of In and Ga was another condition, as we know, both In and Ga are soft metals so it can stick to the vessel wall easily. The final product was Cu-rich compound with the increase in milling time. Thus, milling time not only influences phase formation and particle size but also affects the composition of final product. From XRD and EDX analysis, the sample milled for 1.5 h with nearly stoichiometric composition CuIn0.75Ga0.25Se2 without any binary phases has been chosen as precursor for screen printing."
            ]
        },
        {
            "name": "Reaction mechanism",
            "content": [
                "It has been reported that a self-propagating high-temperature synthesis SHS reaction requires a minimum adiabatic temperature (Tad) of about 1800 K or [ΔH/Cp]298 K = 2000 K. The Tad decreased during milling because the reactants were repeatedly welded and fractured throughout mechanochemical process (MCP). As a result, the interfacial area increased, clean interfaces exposed and the defect density increased, which would allow the diffusion along defects. So this minimum Tad was reduced to approximately 1300 K during milling (Shen et al. , Literature values of calculated enthalpy formation for CuInSe2, ΔHf (CuInSe2) = −218.50 kJ/mol (Jäger-Waldau et al.  and for CuGaSe2, ΔHf (CuGaSe2) = −251 kJ/mol (Wu et al. . Gmelin and Hönle  had determined the molar heat capacity of CuInSe2, Cp (298.15 K) = 99.82 J/mol K. Therefore, a measure of the adiabatic temperature of reaction, [ΔH/Cp]298 K = 2188.94 K, which is close to 2000 K and hence the critical value of 1300 K. So CIGS could be synthesized easily by ball milling. The Tad could be obtained by assuming that the heat released by the reaction ultimately was used to raise the temperature of the final products (Virtuani et al. . From thorough literature analysis, the reaction was ignited by mechanical energy. Strong heat released from reaction raised the temperature of the system over the melting point of CuIn(Ga)Se2, which is in between 987 and 1040 °C. Then, reaction proceeded in the mode of self-propagation. CIGS compound was synthesized finally. In addition, heat of vaporization of Se is about 26.3 kJ/mol, which is much smaller than the heat released from reaction. So selenium particles volatilized easily during MCP leading to loss of Se with the increase in milling time as discussed above."
            ]
        }
    ],
    "abstract": "Preparation of pure phase CuIn0.75Ga0.25Se2 nanoparticle powder by ball milling technique has been confirmed for the milling time of more than 45 min at 1200 rpm. Formation of shear bands responsible for breakdown of grains and generation of nanostructure during mechanical alloying, dislocation and defects induced due to milling has been studied by High-Resolution Transmission Electron Microscopy (HRTEM) analysis. Deviation in final composition of the products from those of starting materials has been discussed based on low volatilization of Se. Effect of milling time on the phase formation, particle size, and composition has been discussed in detail. Decrease in grain size from 12.44 to 7.96 nm has been observed with the increase in milling time. Mechanically induced self-propagating reaction mechanism which occurred during milling process is also discussed. Nanoparticle precursor was mixed with organic binder material for rheology of mixture to be adjusted for screen printing, and the films are subjected to heat treatment at five different temperatures in nitrogen ambient for 25 min. Average grain size calculated by Scherrer's formula was almost the same irrespective of temperature. Reproducibility of precursor composition in the deposited films has been discussed in detail."
}