{
    "DOI": "10.1016/j.jmapro.2018.04.004",
    "Journal": "Journal of Manufacturing Processes",
    "Keywords": [
        "Finite element modelling",
        "Arrhenius equation-based model",
        "Post weld heat treatment",
        "Residual stress",
        "Ti-6Al-4V"
    ],
    "Sections": [
        {
            "content": [
                {
                    "content": [
                        "To achieve the initial residual stress profile of the as-welded Ti-6Al-4V plate for modelling the residual stress relief of the PWHT process, the modelling of the TIG welding process was conducted for the Ti-6Al-4V plate. The contour map of the temperature distribution of the half Ti-6Al-4V plate model during the TIG welding process is shown in Fig. 8 .",
                        "The residual stresses field of Ti-6Al-4V after TIG welding is caused by the non-uniform temperature gradient. The modelling of longitudinal residual stresses and lateral residual stresses contour maps are presented in Fig. 9 (a) and (b).",
                        "To have a better view of the residual stresses distribution of Ti-6Al-4V plate after TIG welding, three experiment measurement lines were created (Fig. 6(b)) to output the data of the residual stresses profile. The longitudinal residual stresses and lateral residual stresses acting along the measurement lines are shown in Fig. 10 . The longitudinal stresses show that the maximum tensile stress is in the HAZ (around + 388 MPa) and the stress drops sharply to the maximum compressive stress (around -220 MPa) which is also in the HAZ (“-” means compressive stresses, “+” means tensile stresses). The longitudinal residual stress decreases continuously from the HAZ to BM and the edges of the plate (around 0 MPa). The maximum lateral stresses are tensile stress (around + 148 MPa) in the HAZ and it gradually decreases back to almost 0 MPa around the edges of the plate. To validate the modelling of the residual stresses after the TIG welding process, the longitudinal residual stresses and lateral residual stresses were measured by XRD and plotted in Fig. 10 to compare with the simulation result.",
                        "The accuracy of the welding simulation results and measurements of longitudinal and lateral residual stresses after TIG welding was verified by employing standard statistical parameters-correlation coefficient (Rlong1 and Rlateral1) and average absolute difference (AADlong1 and AADlateral1). Rlong1=∑i=1NEi−E¯Mi−M¯∑i=1NEi−E¯2∑i=1NMi−M¯2=830944.56964.05×898.20=0.9596 Rlateral1=80507.66269.48×314.66=0.9494 AADlong1=1N∑i=1n|Ei-Mi|=20.96MPa AADlateral1=20.12MPa where Ei is the experimental data and Mi is the modelling data, E¯ and M¯ are the mean values of E and P, respectively, and N is the total number of data employed in the investigation.",
                        "The Rlong 1 and Rlateral1 are close to 1, which means that the modelling results are positive linearly dependent with the measurements. In addition, the average absolute difference between the simulation results and measurements of longitudinal (AADlong1) and lateral residual stresses (AADlateral1) are 20.96 MPa and 20.12 MPa which are quite small (within 10%) compared with the maximum tensile (+388 MPa) and compressive residual stresses (-220 MPa). Based on the aforementioned discussion, the simulation results of residual stresses profile of the Ti-6Al-4V plate fit well with the XRD measurements. The small difference between the simulation results and XRD measurements could be the error caused by the limitation of the model, such as the parameters estimation during the Arrhenius equation-based model setting and the mesh size effect of the model. Some difference may arise from the error during the XRD measurement process and the different material properties between the as-received and as-welded Ti-6Al-4V [].",
                        "The Ti-6Al-4V plate is stress-balanced during welding and cooling process. At the beginning of TIG welding process, compressive stresses are developed around the area close to the fusion zone due to the restriction of expansion by the metal which is further away from the fusion zone. The adjacent metal that is further away from the fusion zone experiences the tensile stresses to balance the stress state of the whole Ti-6Al-4V plate. The stress generated in the fusion zone can be neglected as the material melts in the fusion zone. Towards the end of the welding process, the metal behind the moving heat source cools down gradually which results in tensile stresses in the fusion zone. As the cooling process starts, the shrinkage of fusion zone metal is restricted by the metal adjacent to it, which results in increasing tensile residual stresses until it cools down to room temperature. The temperature of the metal adjacent to the fusion zone continues to increase at the beginning of the cooling process. The expansion of the metal adjacent to the fusion zone is restricted and results in compressive stress. The compressive stresses continue to increase during the cooling process due to the counterforce generated from the fusion zone which balance the stress state of the Ti-6Al-4V plate until it cools down to room temperature []."
                    ],
                    "name": "Residual stresses caused by TIG welding",
                    "type": "ce_section"
                },
                {
                    "content": [
                        "The modelling results in Fig. 10 were input into the PWHT model as the initial stress state. The Eq. (12) was written as the CREEP subroutine and input into the PWHT model. The residual stresses contour maps of the Ti-6Al-4V plate after PWHT are shown in Fig. 11 . To have a better view of the residual stresses distribution of Ti-6Al-4V plate after PWHT, the simulation of longitudinal and lateral residual stresses acting along the measurement line 1 after PWHT are plotted in Fig. 12 (a) and (b), respectively. And the simulation of longitudinal and lateral residual stresses acting along the measurement line 2 and 3 after PWHT are plotted in Fig. 12(c) and (d), respectively. It is shown that both the longitudinal and lateral residual stresses decrease to almost 0 MPa after PWHT. To validate the simulation results, the measurements of longitudinal and lateral residual stresses of the Ti-6Al-4V plate acting along the measurement line 1 after PWHT are plotted in Fig. 12(a) and (b), respectively. And the measurements of longitudinal and lateral residual stresses of the Ti-6Al-4V plate acting along the measurement line 2 and 3 after PWHT are plotted in Fig. 12(c) and (d), respectively.",
                        "The correlation coefficient (Rlong 2 and Rlateral2) and average absolute difference (AADlong2 and AADlateral2) was employed to verify the residual stress profile of Ti-6Al-4V after PWHT. Rlong2=0.9023 Rlateral2=0.9131 AADlong2=12.96MPa AADlateral2=13.71MPa",
                        "The Rlong 2 and Rlateral2 are close to 1, which means that the modelling results and the measurements are in good positive linear correlation. In addition, the average absolute differences between the simulation results and measurements of longitudinal (AADlong2) and lateral residual stresses (AADlateral2) are around 12.96 MPa and 13.71 MPa which can be neglected as it is very small compared with the material strength of Ti-6Al-4V. Thus, we conclude that there is a considerable decrease in the residual stresses for both simulation results and XRD measurements after uniform PWHT. Moreover, the good agreement of modelling and experiment results indicates that the new temperature dependent Arrhenius equation-based model (creep model) developed in this work is effective to predict the residual stresses relieved after PWHT for Ti-6Al-4V. The small difference between the simulation results and measurements could be the error caused by the limitation of the model, such as the parameters estimation during the Arrhenius equation-based model setting and the mesh size effect of the model. Some difference may arise from the error during the XRD measurement process and the different material properties between the as-received and as-welded Ti-6Al-4V.",
                        "The residual stress of Ti-6Al-4V plate relieved immediately when it is larger than the yield stress of Ti-6Al-4V at a specific high temperature (as the temperature increases, the yield strength of the Ti-6Al-4V decreases). The residual stress below the yield stress relieved due to the uniform expansion and creep induced strain increment []. Besides, residual stress relieved in the modelling results is a bit more prominent than the residual stress relieved in experimental measurements. This is mainly due to the parameters estimation during the Arrhenius equation-based model setting. For example, the n value was obtained from the average value of the slopes of ln(ε•)−ln(σ) curves and the Q was calculated from the average value of the slopes of ln(ε•)−1/T. However, the ln(ε•)−ln(σ) and ln(ε•)−1/T curves are not perfect straight lines, which means that the slopes are the approximately estimated values. And the average values of n and Q were adopted to simplify the model. The parameters estimation provides the larger value of n and the smaller value of Q, which results in the residual stress relieved in the modelling results is a bit more prominent than the residual stress relieved in experimental measurements."
                    ],
                    "name": "Residual stress relieved after PWHT",
                    "type": "ce_section"
                },
                {
                    "content": [
                        "To have a better view of how the stress relieves during the PWHT process, point A (shown in Fig. 5) which lies at the center of the top surface (welding surface) in fusion zone was chosen to represent the stress relief process during PWHT. The stress-time-temperature curve (modelling) of the point A during PWHT is plotted in Fig. 13 .",
                        "It is shown that the residual stresses relieved mostly before the start of soaking time period of PWHT. In addition, there is a slight decrease of the residual stresses when the PWHT temperature below 740 K while the residual stresses decrease sharply when the temperature is above 740 K to until 973 K. Both the longitudinal and lateral residual stresses decrease to almost 0 MPa even before the start of soaking period of PWHT. The reason is that if the temperature is below the critical temperature (740 K), the creep induced strain is too small to affect the residual stress; while if the temperature is above the critical temperature, the creep induced strain increases to be non-neglectable. Thus, besides predicting the residual stress relief during PWHT of Ti-6Al-4V, the Arrhenius equation-based model shows the capability for predicting the starting temperature of the residual stress relief of Ti-6Al-4V (740 K)."
                    ],
                    "name": "Residual stress relief during PWHT",
                    "type": "ce_section"
                },
                {
                    "content": [
                        "To study the role of creep in the residual stress relief during the PWHT process, the modelling of residual stress relief during PWHT without the Arrhenius equation-based model (creep model) was conducted and the residual stresses (along the measurement line 1) after PWHT are shown in Fig. 14 . After comparing the residual stress of Ti-6Al-4V plate after PWHT (without the Arrhenius equation-based model (creep model)) with the residual stress of Ti-6Al-4V plate after TIG welding, we can draw the conclusion that very small percent of residual stresses are relieved by thermal expansion during the uniform PWHT.",
                        "It is shown that both the longitudinal residual stresses and lateral residual stresses along measurement line 1 decrease slightly which is far different from the experimental measurements. The phenomenon indicates that the residual stresses relief during the PWHT process is dominated by creep rather than the thermal expansion. To further prove the dominant role of the creep in the residual stress relief of Ti-6Al-4V plate during the PWHT process, the total amount of residual stress relieved after PWHT, the amount of residual stresses relieved by thermal expansion and the amount of residual stresses relieved by creep (along measurement line 1) are plotted in Fig. 15 .",
                        "The total absolute value of the longitudinal residual stress relieved (along measurement line 1) by thermal expansion and creep are 6.99% and 93.01%, respectively. And the total absolute value of lateral residual stress relieved (along measurement line 1) by thermal expansion and creep are 11.18% and 88.82%, respectively. The result further proves that the creep plays the dominant role in residual stress relief during the PWHT process of Ti-6Al-4V."
                    ],
                    "name": "The role of creep in residual stress relief during PWHT",
                    "type": "ce_section"
                }
            ],
            "name": "Results and discussion",
            "type": "ce_section"
        },
        {
            "content": [
                {
                    "content": [
                        "To achieve the initial residual stress profile of the as-welded Ti-6Al-4V plate for modelling the residual stress relief of the PWHT process, the modelling of the TIG welding process was conducted for the Ti-6Al-4V plate. The contour map of the temperature distribution of the half Ti-6Al-4V plate model during the TIG welding process is shown in Fig. 8 .",
                        "The residual stresses field of Ti-6Al-4V after TIG welding is caused by the non-uniform temperature gradient. The modelling of longitudinal residual stresses and lateral residual stresses contour maps are presented in Fig. 9 (a) and (b).",
                        "To have a better view of the residual stresses distribution of Ti-6Al-4V plate after TIG welding, three experiment measurement lines were created (Fig. 6(b)) to output the data of the residual stresses profile. The longitudinal residual stresses and lateral residual stresses acting along the measurement lines are shown in Fig. 10 . The longitudinal stresses show that the maximum tensile stress is in the HAZ (around + 388 MPa) and the stress drops sharply to the maximum compressive stress (around -220 MPa) which is also in the HAZ (“-” means compressive stresses, “+” means tensile stresses). The longitudinal residual stress decreases continuously from the HAZ to BM and the edges of the plate (around 0 MPa). The maximum lateral stresses are tensile stress (around + 148 MPa) in the HAZ and it gradually decreases back to almost 0 MPa around the edges of the plate. To validate the modelling of the residual stresses after the TIG welding process, the longitudinal residual stresses and lateral residual stresses were measured by XRD and plotted in Fig. 10 to compare with the simulation result.",
                        "The accuracy of the welding simulation results and measurements of longitudinal and lateral residual stresses after TIG welding was verified by employing standard statistical parameters-correlation coefficient (Rlong1 and Rlateral1) and average absolute difference (AADlong1 and AADlateral1). Rlong1=∑i=1NEi−E¯Mi−M¯∑i=1NEi−E¯2∑i=1NMi−M¯2=830944.56964.05×898.20=0.9596 Rlateral1=80507.66269.48×314.66=0.9494 AADlong1=1N∑i=1n|Ei-Mi|=20.96MPa AADlateral1=20.12MPa where Ei is the experimental data and Mi is the modelling data, E¯ and M¯ are the mean values of E and P, respectively, and N is the total number of data employed in the investigation.",
                        "The Rlong 1 and Rlateral1 are close to 1, which means that the modelling results are positive linearly dependent with the measurements. In addition, the average absolute difference between the simulation results and measurements of longitudinal (AADlong1) and lateral residual stresses (AADlateral1) are 20.96 MPa and 20.12 MPa which are quite small (within 10%) compared with the maximum tensile (+388 MPa) and compressive residual stresses (-220 MPa). Based on the aforementioned discussion, the simulation results of residual stresses profile of the Ti-6Al-4V plate fit well with the XRD measurements. The small difference between the simulation results and XRD measurements could be the error caused by the limitation of the model, such as the parameters estimation during the Arrhenius equation-based model setting and the mesh size effect of the model. Some difference may arise from the error during the XRD measurement process and the different material properties between the as-received and as-welded Ti-6Al-4V [].",
                        "The Ti-6Al-4V plate is stress-balanced during welding and cooling process. At the beginning of TIG welding process, compressive stresses are developed around the area close to the fusion zone due to the restriction of expansion by the metal which is further away from the fusion zone. The adjacent metal that is further away from the fusion zone experiences the tensile stresses to balance the stress state of the whole Ti-6Al-4V plate. The stress generated in the fusion zone can be neglected as the material melts in the fusion zone. Towards the end of the welding process, the metal behind the moving heat source cools down gradually which results in tensile stresses in the fusion zone. As the cooling process starts, the shrinkage of fusion zone metal is restricted by the metal adjacent to it, which results in increasing tensile residual stresses until it cools down to room temperature. The temperature of the metal adjacent to the fusion zone continues to increase at the beginning of the cooling process. The expansion of the metal adjacent to the fusion zone is restricted and results in compressive stress. The compressive stresses continue to increase during the cooling process due to the counterforce generated from the fusion zone which balance the stress state of the Ti-6Al-4V plate until it cools down to room temperature []."
                    ],
                    "name": "Residual stresses caused by TIG welding",
                    "type": "ce_section"
                },
                {
                    "content": [
                        "The modelling results in Fig. 10 were input into the PWHT model as the initial stress state. The Eq. (12) was written as the CREEP subroutine and input into the PWHT model. The residual stresses contour maps of the Ti-6Al-4V plate after PWHT are shown in Fig. 11 . To have a better view of the residual stresses distribution of Ti-6Al-4V plate after PWHT, the simulation of longitudinal and lateral residual stresses acting along the measurement line 1 after PWHT are plotted in Fig. 12 (a) and (b), respectively. And the simulation of longitudinal and lateral residual stresses acting along the measurement line 2 and 3 after PWHT are plotted in Fig. 12(c) and (d), respectively. It is shown that both the longitudinal and lateral residual stresses decrease to almost 0 MPa after PWHT. To validate the simulation results, the measurements of longitudinal and lateral residual stresses of the Ti-6Al-4V plate acting along the measurement line 1 after PWHT are plotted in Fig. 12(a) and (b), respectively. And the measurements of longitudinal and lateral residual stresses of the Ti-6Al-4V plate acting along the measurement line 2 and 3 after PWHT are plotted in Fig. 12(c) and (d), respectively.",
                        "The correlation coefficient (Rlong 2 and Rlateral2) and average absolute difference (AADlong2 and AADlateral2) was employed to verify the residual stress profile of Ti-6Al-4V after PWHT. Rlong2=0.9023 Rlateral2=0.9131 AADlong2=12.96MPa AADlateral2=13.71MPa",
                        "The Rlong 2 and Rlateral2 are close to 1, which means that the modelling results and the measurements are in good positive linear correlation. In addition, the average absolute differences between the simulation results and measurements of longitudinal (AADlong2) and lateral residual stresses (AADlateral2) are around 12.96 MPa and 13.71 MPa which can be neglected as it is very small compared with the material strength of Ti-6Al-4V. Thus, we conclude that there is a considerable decrease in the residual stresses for both simulation results and XRD measurements after uniform PWHT. Moreover, the good agreement of modelling and experiment results indicates that the new temperature dependent Arrhenius equation-based model (creep model) developed in this work is effective to predict the residual stresses relieved after PWHT for Ti-6Al-4V. The small difference between the simulation results and measurements could be the error caused by the limitation of the model, such as the parameters estimation during the Arrhenius equation-based model setting and the mesh size effect of the model. Some difference may arise from the error during the XRD measurement process and the different material properties between the as-received and as-welded Ti-6Al-4V.",
                        "The residual stress of Ti-6Al-4V plate relieved immediately when it is larger than the yield stress of Ti-6Al-4V at a specific high temperature (as the temperature increases, the yield strength of the Ti-6Al-4V decreases). The residual stress below the yield stress relieved due to the uniform expansion and creep induced strain increment []. Besides, residual stress relieved in the modelling results is a bit more prominent than the residual stress relieved in experimental measurements. This is mainly due to the parameters estimation during the Arrhenius equation-based model setting. For example, the n value was obtained from the average value of the slopes of ln(ε•)−ln(σ) curves and the Q was calculated from the average value of the slopes of ln(ε•)−1/T. However, the ln(ε•)−ln(σ) and ln(ε•)−1/T curves are not perfect straight lines, which means that the slopes are the approximately estimated values. And the average values of n and Q were adopted to simplify the model. The parameters estimation provides the larger value of n and the smaller value of Q, which results in the residual stress relieved in the modelling results is a bit more prominent than the residual stress relieved in experimental measurements."
                    ],
                    "name": "Residual stress relieved after PWHT",
                    "type": "ce_section"
                },
                {
                    "content": [
                        "To have a better view of how the stress relieves during the PWHT process, point A (shown in Fig. 5) which lies at the center of the top surface (welding surface) in fusion zone was chosen to represent the stress relief process during PWHT. The stress-time-temperature curve (modelling) of the point A during PWHT is plotted in Fig. 13 .",
                        "It is shown that the residual stresses relieved mostly before the start of soaking time period of PWHT. In addition, there is a slight decrease of the residual stresses when the PWHT temperature below 740 K while the residual stresses decrease sharply when the temperature is above 740 K to until 973 K. Both the longitudinal and lateral residual stresses decrease to almost 0 MPa even before the start of soaking period of PWHT. The reason is that if the temperature is below the critical temperature (740 K), the creep induced strain is too small to affect the residual stress; while if the temperature is above the critical temperature, the creep induced strain increases to be non-neglectable. Thus, besides predicting the residual stress relief during PWHT of Ti-6Al-4V, the Arrhenius equation-based model shows the capability for predicting the starting temperature of the residual stress relief of Ti-6Al-4V (740 K)."
                    ],
                    "name": "Residual stress relief during PWHT",
                    "type": "ce_section"
                },
                {
                    "content": [
                        "To study the role of creep in the residual stress relief during the PWHT process, the modelling of residual stress relief during PWHT without the Arrhenius equation-based model (creep model) was conducted and the residual stresses (along the measurement line 1) after PWHT are shown in Fig. 14 . After comparing the residual stress of Ti-6Al-4V plate after PWHT (without the Arrhenius equation-based model (creep model)) with the residual stress of Ti-6Al-4V plate after TIG welding, we can draw the conclusion that very small percent of residual stresses are relieved by thermal expansion during the uniform PWHT.",
                        "It is shown that both the longitudinal residual stresses and lateral residual stresses along measurement line 1 decrease slightly which is far different from the experimental measurements. The phenomenon indicates that the residual stresses relief during the PWHT process is dominated by creep rather than the thermal expansion. To further prove the dominant role of the creep in the residual stress relief of Ti-6Al-4V plate during the PWHT process, the total amount of residual stress relieved after PWHT, the amount of residual stresses relieved by thermal expansion and the amount of residual stresses relieved by creep (along measurement line 1) are plotted in Fig. 15 .",
                        "The total absolute value of the longitudinal residual stress relieved (along measurement line 1) by thermal expansion and creep are 6.99% and 93.01%, respectively. And the total absolute value of lateral residual stress relieved (along measurement line 1) by thermal expansion and creep are 11.18% and 88.82%, respectively. The result further proves that the creep plays the dominant role in residual stress relief during the PWHT process of Ti-6Al-4V."
                    ],
                    "name": "The role of creep in residual stress relief during PWHT",
                    "type": "ce_section"
                }
            ],
            "name": "Results and discussion",
            "type": "ce_section"
        },
        {
            "content": [
                {
                    "content": [
                        "To achieve the initial residual stress profile of the as-welded Ti-6Al-4V plate for modelling the residual stress relief of the PWHT process, the modelling of the TIG welding process was conducted for the Ti-6Al-4V plate. The contour map of the temperature distribution of the half Ti-6Al-4V plate model during the TIG welding process is shown in Fig. 8 .",
                        "The residual stresses field of Ti-6Al-4V after TIG welding is caused by the non-uniform temperature gradient. The modelling of longitudinal residual stresses and lateral residual stresses contour maps are presented in Fig. 9 (a) and (b).",
                        "To have a better view of the residual stresses distribution of Ti-6Al-4V plate after TIG welding, three experiment measurement lines were created (Fig. 6(b)) to output the data of the residual stresses profile. The longitudinal residual stresses and lateral residual stresses acting along the measurement lines are shown in Fig. 10 . The longitudinal stresses show that the maximum tensile stress is in the HAZ (around + 388 MPa) and the stress drops sharply to the maximum compressive stress (around -220 MPa) which is also in the HAZ (“-” means compressive stresses, “+” means tensile stresses). The longitudinal residual stress decreases continuously from the HAZ to BM and the edges of the plate (around 0 MPa). The maximum lateral stresses are tensile stress (around + 148 MPa) in the HAZ and it gradually decreases back to almost 0 MPa around the edges of the plate. To validate the modelling of the residual stresses after the TIG welding process, the longitudinal residual stresses and lateral residual stresses were measured by XRD and plotted in Fig. 10 to compare with the simulation result.",
                        "The accuracy of the welding simulation results and measurements of longitudinal and lateral residual stresses after TIG welding was verified by employing standard statistical parameters-correlation coefficient (Rlong1 and Rlateral1) and average absolute difference (AADlong1 and AADlateral1). Rlong1=∑i=1NEi−E¯Mi−M¯∑i=1NEi−E¯2∑i=1NMi−M¯2=830944.56964.05×898.20=0.9596 Rlateral1=80507.66269.48×314.66=0.9494 AADlong1=1N∑i=1n|Ei-Mi|=20.96MPa AADlateral1=20.12MPa where Ei is the experimental data and Mi is the modelling data, E¯ and M¯ are the mean values of E and P, respectively, and N is the total number of data employed in the investigation.",
                        "The Rlong 1 and Rlateral1 are close to 1, which means that the modelling results are positive linearly dependent with the measurements. In addition, the average absolute difference between the simulation results and measurements of longitudinal (AADlong1) and lateral residual stresses (AADlateral1) are 20.96 MPa and 20.12 MPa which are quite small (within 10%) compared with the maximum tensile (+388 MPa) and compressive residual stresses (-220 MPa). Based on the aforementioned discussion, the simulation results of residual stresses profile of the Ti-6Al-4V plate fit well with the XRD measurements. The small difference between the simulation results and XRD measurements could be the error caused by the limitation of the model, such as the parameters estimation during the Arrhenius equation-based model setting and the mesh size effect of the model. Some difference may arise from the error during the XRD measurement process and the different material properties between the as-received and as-welded Ti-6Al-4V [].",
                        "The Ti-6Al-4V plate is stress-balanced during welding and cooling process. At the beginning of TIG welding process, compressive stresses are developed around the area close to the fusion zone due to the restriction of expansion by the metal which is further away from the fusion zone. The adjacent metal that is further away from the fusion zone experiences the tensile stresses to balance the stress state of the whole Ti-6Al-4V plate. The stress generated in the fusion zone can be neglected as the material melts in the fusion zone. Towards the end of the welding process, the metal behind the moving heat source cools down gradually which results in tensile stresses in the fusion zone. As the cooling process starts, the shrinkage of fusion zone metal is restricted by the metal adjacent to it, which results in increasing tensile residual stresses until it cools down to room temperature. The temperature of the metal adjacent to the fusion zone continues to increase at the beginning of the cooling process. The expansion of the metal adjacent to the fusion zone is restricted and results in compressive stress. The compressive stresses continue to increase during the cooling process due to the counterforce generated from the fusion zone which balance the stress state of the Ti-6Al-4V plate until it cools down to room temperature []."
                    ],
                    "name": "Residual stresses caused by TIG welding",
                    "type": "ce_section"
                },
                {
                    "content": [
                        "The modelling results in Fig. 10 were input into the PWHT model as the initial stress state. The Eq. (12) was written as the CREEP subroutine and input into the PWHT model. The residual stresses contour maps of the Ti-6Al-4V plate after PWHT are shown in Fig. 11 . To have a better view of the residual stresses distribution of Ti-6Al-4V plate after PWHT, the simulation of longitudinal and lateral residual stresses acting along the measurement line 1 after PWHT are plotted in Fig. 12 (a) and (b), respectively. And the simulation of longitudinal and lateral residual stresses acting along the measurement line 2 and 3 after PWHT are plotted in Fig. 12(c) and (d), respectively. It is shown that both the longitudinal and lateral residual stresses decrease to almost 0 MPa after PWHT. To validate the simulation results, the measurements of longitudinal and lateral residual stresses of the Ti-6Al-4V plate acting along the measurement line 1 after PWHT are plotted in Fig. 12(a) and (b), respectively. And the measurements of longitudinal and lateral residual stresses of the Ti-6Al-4V plate acting along the measurement line 2 and 3 after PWHT are plotted in Fig. 12(c) and (d), respectively.",
                        "The correlation coefficient (Rlong 2 and Rlateral2) and average absolute difference (AADlong2 and AADlateral2) was employed to verify the residual stress profile of Ti-6Al-4V after PWHT. Rlong2=0.9023 Rlateral2=0.9131 AADlong2=12.96MPa AADlateral2=13.71MPa",
                        "The Rlong 2 and Rlateral2 are close to 1, which means that the modelling results and the measurements are in good positive linear correlation. In addition, the average absolute differences between the simulation results and measurements of longitudinal (AADlong2) and lateral residual stresses (AADlateral2) are around 12.96 MPa and 13.71 MPa which can be neglected as it is very small compared with the material strength of Ti-6Al-4V. Thus, we conclude that there is a considerable decrease in the residual stresses for both simulation results and XRD measurements after uniform PWHT. Moreover, the good agreement of modelling and experiment results indicates that the new temperature dependent Arrhenius equation-based model (creep model) developed in this work is effective to predict the residual stresses relieved after PWHT for Ti-6Al-4V. The small difference between the simulation results and measurements could be the error caused by the limitation of the model, such as the parameters estimation during the Arrhenius equation-based model setting and the mesh size effect of the model. Some difference may arise from the error during the XRD measurement process and the different material properties between the as-received and as-welded Ti-6Al-4V.",
                        "The residual stress of Ti-6Al-4V plate relieved immediately when it is larger than the yield stress of Ti-6Al-4V at a specific high temperature (as the temperature increases, the yield strength of the Ti-6Al-4V decreases). The residual stress below the yield stress relieved due to the uniform expansion and creep induced strain increment []. Besides, residual stress relieved in the modelling results is a bit more prominent than the residual stress relieved in experimental measurements. This is mainly due to the parameters estimation during the Arrhenius equation-based model setting. For example, the n value was obtained from the average value of the slopes of ln(ε•)−ln(σ) curves and the Q was calculated from the average value of the slopes of ln(ε•)−1/T. However, the ln(ε•)−ln(σ) and ln(ε•)−1/T curves are not perfect straight lines, which means that the slopes are the approximately estimated values. And the average values of n and Q were adopted to simplify the model. The parameters estimation provides the larger value of n and the smaller value of Q, which results in the residual stress relieved in the modelling results is a bit more prominent than the residual stress relieved in experimental measurements."
                    ],
                    "name": "Residual stress relieved after PWHT",
                    "type": "ce_section"
                },
                {
                    "content": [
                        "To have a better view of how the stress relieves during the PWHT process, point A (shown in Fig. 5) which lies at the center of the top surface (welding surface) in fusion zone was chosen to represent the stress relief process during PWHT. The stress-time-temperature curve (modelling) of the point A during PWHT is plotted in Fig. 13 .",
                        "It is shown that the residual stresses relieved mostly before the start of soaking time period of PWHT. In addition, there is a slight decrease of the residual stresses when the PWHT temperature below 740 K while the residual stresses decrease sharply when the temperature is above 740 K to until 973 K. Both the longitudinal and lateral residual stresses decrease to almost 0 MPa even before the start of soaking period of PWHT. The reason is that if the temperature is below the critical temperature (740 K), the creep induced strain is too small to affect the residual stress; while if the temperature is above the critical temperature, the creep induced strain increases to be non-neglectable. Thus, besides predicting the residual stress relief during PWHT of Ti-6Al-4V, the Arrhenius equation-based model shows the capability for predicting the starting temperature of the residual stress relief of Ti-6Al-4V (740 K)."
                    ],
                    "name": "Residual stress relief during PWHT",
                    "type": "ce_section"
                },
                {
                    "content": [
                        "To study the role of creep in the residual stress relief during the PWHT process, the modelling of residual stress relief during PWHT without the Arrhenius equation-based model (creep model) was conducted and the residual stresses (along the measurement line 1) after PWHT are shown in Fig. 14 . After comparing the residual stress of Ti-6Al-4V plate after PWHT (without the Arrhenius equation-based model (creep model)) with the residual stress of Ti-6Al-4V plate after TIG welding, we can draw the conclusion that very small percent of residual stresses are relieved by thermal expansion during the uniform PWHT.",
                        "It is shown that both the longitudinal residual stresses and lateral residual stresses along measurement line 1 decrease slightly which is far different from the experimental measurements. The phenomenon indicates that the residual stresses relief during the PWHT process is dominated by creep rather than the thermal expansion. To further prove the dominant role of the creep in the residual stress relief of Ti-6Al-4V plate during the PWHT process, the total amount of residual stress relieved after PWHT, the amount of residual stresses relieved by thermal expansion and the amount of residual stresses relieved by creep (along measurement line 1) are plotted in Fig. 15 .",
                        "The total absolute value of the longitudinal residual stress relieved (along measurement line 1) by thermal expansion and creep are 6.99% and 93.01%, respectively. And the total absolute value of lateral residual stress relieved (along measurement line 1) by thermal expansion and creep are 11.18% and 88.82%, respectively. The result further proves that the creep plays the dominant role in residual stress relief during the PWHT process of Ti-6Al-4V."
                    ],
                    "name": "The role of creep in residual stress relief during PWHT",
                    "type": "ce_section"
                }
            ],
            "name": "Results and discussion",
            "type": "ce_section"
        }
    ],
    "Title": "An Arrhenius equation-based model to predict the residual stress relief of post weld heat treatment of Ti-6Al-4V plate",
    "abstract": "Creep models are generally utilized for predicting the residual stress relief during post weld heat treatment (PWHT). However, a comprehensive model considering the temperature effect is still lacking. In the present work, a new temperature dependent Arrhenius equation-based model has been developed to predict the residual stress relief of PWHT of Ti-6Al-4V. The model was validated by the surface residual stress measurement of the Ti-6Al-4V plate before and after PWHT using X-ray Diffraction (XRD). The comparative study of modelling results and measurements indicates that the temperature dependent Arrhenius equation-based model developed in this work is accurate and effective for predicting the residual stress relief of PWHT of Ti-6Al-4V. Besides, the creep induced strain increment takes the dominant role in residual stress relief during the PWHT process of Ti-6Al-4V."
}