{
    "DOI": "10.1016/j.jmrt.2023.05.016",
    "Journal": "Journal of Materials Research and Technology",
    "Keywords": [
        "Fe–13Cr–4Al-1.5Nb alloy",
        "Aging treatment",
        "Microstructure",
        "Mechanical properties",
        "Corrosion resistance"
    ],
    "Sections": [
        {
            "content": [
                "Fig. 1 shows the XRD patterns of Fe–13Cr–4Al-1.5Nb alloy before and after aging at 450 °C for 500 h, 1000 h and 2000 h. It can be seen that all the Fe–13Cr–4Al-1.5Nb alloys are mainly composed of the α-Fe(Cr) infinite solid solution and a small amount of Fe2Nb-type laves phases. For Fe and Cr elements, they have similar atomic radius and almost completely consistent lattice structure, thereby Fe and Cr atoms have very high solid solubility in each other's crystal structure and can form an α-Fe(Cr) infinite solid solution []. For Fe and Nb elements, they have strong attractive force which makes them very easy to form Fe2Nb phase, which agrees well with the XRD results. Moreover, it also can be observed from the XRD patterns that the grain structure of Fe–13Cr–4Al-1.5Nb alloy without aging treatment had a highly preferred orientation of (200) and (211) face after hot-rolled at high-temperature. While the grain structure with preferred orientation was changed significantly and replaced by non-oriented recrystallized grains after a long-time aging treatment due to the effect of recrystallization. Especially, after aging treatment for 2000 h, the intensity of the (200) and (211) characteristic peaks decreased significantly compared with that of the unaged Fe–13Cr–4Al-1.5Nb alloy.",
                "Fig. 2 shows the SEM microstructure of Fe–13Cr–4Al-1.5Nb alloy before and after aging at 450 °C for 500 h, 1000 h and 2000 h. For the unaged Fe–13Cr–4Al-1.5Nb alloy, there were a lot of precipitates distributed uniformly at grain boundaries and within grains as shown in Fig. 2 (a). After aging treatment, the grain sizes of Fe–13Cr–4Al-1.5Nb alloy increased obviously and the content of precipitates also increased significantly without obvious growth. With further increasing the aging time to 2000 h, the grain size exceeded 50 μm as shown in Fig. 2(d).",
                "Fig. 3 shows the EBSD images of Fe–13Cr–4Al-1.5Nb alloy before and after aging at 450 °C for 500 h, 1000 h and 2000 h and the results of grain size distribution are summarized in Fig. 4 . It can be found that the recrystallized equiaxed grains formed in most areas of the unaged Fe–13Cr–4Al-1.5Nb alloy after annealed at high temperature for a short time, but there were some non-recrystallized areas as shown in Fig. 3(a). Meanwhile, some large-sized grains with size of more than 80 μm were also observed as shown in Fig. 4 (a), which were the non-recrystallized grain elongated along the RD. After aging treatment at 450 °C for 500 h, Fe–13Cr–4Al-1.5Nb alloy was mainly composed of fully equiaxed grains with an average grain size of 11.3 μm as shown in Fig. 3 (b), which is much higher than that of the unaged Fe–13Cr–4Al-1.5Nb alloy (about 6.3 μm). With the further increase of aging time, the grain size of Fe–13Cr–4Al-1.5Nb alloy increased significantly. When the aging time is 2000 h, the average grain size of Fe–13Cr–4Al-1.5Nb alloy further increased to 19.7 μm, which is more than triple that of the unaged Fe–13Cr–4Al-1.5Nb alloy. However, some abnormally large grains with the maximum grain size exceeded 100 μm were also observed as shown in Fig. 4 (d).",
                "Fig. 5 shows the TEM microstructure of the Fe–13Cr–4Al-1.5Nb alloy before and after aging at 450 °C for 500 h, 1000 h and 2000 h. It can be found that there were a lot of black precipitate particles distributed uniformly in the matrix. According to the selected-area electron diffraction (SAED) results, the black precipitate particles are Fe2Nb Laves phase as shown in Fig. 5(b), (d) and (f). Compared with the unaged Fe–13Cr–4Al-1.5Nb alloy, the particle size of Fe2Nb precipitated phase increased gradually and the number of Fe2Nb precipitated phase also increased slightly with the increase of aging time. In addition, a small amount of dislocation was also observed in the matrix, which may be related to the large reduction of the dislocation density in the cold rolled Fe–13Cr–4Al-1.5Nb alloy after high temperature and short time annealing. While after aging treatment, the dislocation had almost disappeared due to the significantly reduction of the dislocation density caused by the dislocation motion [,].",
                "In order to further investigate the effect of aging time on the microstructure and mechanical properties of Fe–13Cr–4Al-1.5Nb alloy, the fine structures of Fe–13Cr–4Al-1.5Nb alloys aged at 450 °C for 1000 h and 2000 h were characterized by TEM and the results are shown in Figs. 6 and 7 , respectively. It can be seen from Fig. 6(a) that a large number of black nano-sized particles with an average size of about 280 nm were distributed uniformly in the matrix, which strongly enriched in Fe and Nb elements as shown in Fig. 6(b) corresponding to the Fe2Nb Laves phase. Obviously, sub-micron or nano size Fe2Nb phases can effectively hinder the dislocation motion and grain boundaries, playing an important role in improving the mechanical properties by dispersion strengthening and grain boundary strengthening [,,]. HRTEM analysis was performed to investigate the interface between Fe2Nb particles and FeCrAl matrix. The inverse Fast Fourier transform (IFFT) images of the selected area B and C in Fig. 6(d) revealed that the white matrix of unaged Fe–13Cr–4Al-1.5Nb alloy is a-Fe with a body-centered cubic (BCC) structure along [001] zone axis and the black precipitate phase was identified as Fe2Nb Laves phase with a hexagonal closely-packed (HCP) structure along [0001] zone axis, respectively, which agrees well with the TEM-EDS result in Fig. 6(b). It also can be seen that the interface between Fe(Cr) matrix and Fe2Nb is clean and smooth, and the interface can be considered as a coherent interface as shown in Fig. 6(f). The good interface bonding between Fe(Cr) matrix and Fe2Nb particles not only can increase the load capacity but also minimize the stress concentration, thus improving the mechanical properties []. Moreover, there are a large number of high density of dislocations in the deformed FeCrAl matrix as shown in Fig. 6(e) and (f), exerting additional strain hardening and strengthening [].",
                "After aging for 2000 h, the size of the black precipitate phase grew slightly with an average size of about 370 nm for the Fe–13Cr–4Al-1.5Nb alloy. According to the EDS mapping result of Fig. 7(b), it can be seen that the black precipitate phase is also strongly enriched in Fe and Nb elements, which corresponds to the Fe2Nb Laves phase. Further analysis of the black precipitate phase by HRTEM and IFFT confirmed that it is still Fe2Nb Laves phase with an HCP structure along [21¯1¯0] zone axis and the white matrix is a-Fe with a BCC structure along [1¯11] zone axis as shown in Fig. 7(d). It also can be seen that the interface between Fe(Cr) matrix and Fe2Nb is clean and smooth, and the interface can be considered as a semi-coherent or incoherent interface as shown in Fig. 7(f), which will cause the stress concentration at the interface and deteriorate the mechanical properties of Fe–13Cr–4Al-1.5Nb alloy. Moreover, it can be seen that the high density of dislocations in the aged Fe–13Cr–4Al-1.5Nb alloy almost disappeared compared with the unaged Fe–13Cr–4Al-1.5Nb alloy, which is mainly because the alloy underwent recrystallization after a long time of aging treatment, resulting in the decrease of dislocation density [,].",
                "Fig. 8 displays the tensile properties of Fe–13Cr–4Al-1.5Nb alloy before and after aging at 450 °C for 500 h, 1000 h and 2000 h and the data are shown in Table 1 . It can be found that the plasticity of Fe–13Cr–4Al-1.5Nb alloy gradually became worse but the strength almost remained unchanged with the increase of aging time. The total elongation of the non-aged Fe–13Cr–4Al-1.5Nb alloy was 30.4%. After aging for 500 h, the yield strength and ultimate tensile strength were almost unchanged but the plasticity slightly decreased to about 25%. After aging for 1000 h, although the yield strength of the alloy remained unchanged but the plasticity decreased sharply, with the total elongation of less than 10%. After aging for 2000 h, the total elongation of Fe–13Cr–4Al-1.5Nb alloy decreased sharply only to 3.9%, and the Fe–13Cr–4Al-1.5Nb alloy had broken without obvious yield phenomenon. This indicates that after aging treatment for long time the plasticity of Fe–13Cr–4Al-1.5Nb alloy deteriorated markedly, which may be because the grains of Fe–13Cr–4Al-1.5Nb alloy coarsened significantly after 2000 h aging treatment. In addition, the grain size distribution was uneven, with abnormal growth occurring in local areas, leading to the stress concentration to reduce the plasticity of the alloy. Meanwhile, it also can be seen that the strength of Fe–13Cr–4Al-1.5Nb alloy increased slightly after aging for 2000 h, mainly due to the increase of the content of Fe2Nb precipitate phase during aging treatment. Submicro and/or nanoscale Fe2Nb precipitate phases with high melting point were located at the grain boundaries, which can effectively hinder the growth and motion of grain boundaries and dislocations, resulting a stronger pinning effect on the grain boundaries and thereby improving the mechanical property [,]. A similar trend for microhardness of the Fe–13Cr–4Al-1.5Nb alloy before and after aging at 450 °C for 500 h, 1000 h and 2000 h is also found as shown in Table 1. It can be seen that the hardness of Fe–13Cr–4Al-1.5Nb alloy did not changed significantly when the aging time was less than 1000 h, and the average hardness values are 228.1HV, 223.5HV and 229.3HV, respectively. However, after aging treatment for 2000 h, the hardness of Fe–13Cr–4Al-1.5Nb alloy significantly increased to 325.4HV, which is mainly due to the obvious precipition hardening effects of Fe2Nb-type Laves phase after a long time of aging treatment. A large number of submicro-and/or nano-sized precipitates in the matrix can not only inhibit the movement of dislocation by pinning effect, but also effectively inhibit the movement of grain boundaries, leading to a very obvious hardening effect [,]. At the same time, the changing law of microhardness of Fe–13Cr–4Al-1.5Nb alloy aged at different times is consistent with the room temperature tensile strength, indicating that a large number of Fe2Nb-type Laves precipitates can significantly improve the strength of Fe–13Cr–4Al-1.5Nb alloy.",
                "Fig. 9 shows the typical tensile fracture surface morphology of Fe–13Cr–4Al-1.5Nb alloy before and after aging at 450 °C for 500 h, 1000 h and 2000 h. It can be seen that many dimples with different sizes and depths were observed in the fracture surface of non-aged Fe–13Cr–4Al-1.5Nb alloy, exhibiting typical ductile fracture characteristics, which is in good agreement with the tensile test results in Fig. 8. After aging for 500 h, the size of the dimple became larger but the number of dimples decreased slightly and a flat section appeared in local areas, showing a certain degree of brittle fracture characteristics. Thus, the total elongation of the 500 h-aged alloy decreased slightly. While the fracture surface of the Fe–13Cr–4Al-1.5Nb alloy aged for 1000 h and 2000 h exhibited the obvious feature of brittle fracture. The river-like pattern was observed on fracture surfaces of both alloys, indicating a typical cleavage brittle fracture mode. Therefore, the total elongation of the alloys is very small. This is mainly because more brittle Fe2Nb (Fig. 2c and d) precipitated phase formed in the alloy after a long period of aging treatment. The more Fe2Nb precipitated phase, the stronger the pin effect of dislocations and grain boundaries, which is helpful to improve the mechanical strength but will cause serious stress concentration and reduce the plasticity of the alloy.",
                "Fig. 10 shows the potentiodynamic polarization curves of Fe–13Cr–4Al-1.5Nb alloy before and after aging at 450 °C for 500 h, 1000 h and 2000 h in 3.5wt.%NaCl solution and the electrochemical parameters of corrosion potential (Ecorr), corrosion current densities (I corr), passive current density (I pass) and breakdown potential (E b) are listed in Table 2 . As shown in Table 2, the Ecorr of Fe–13Cr–4Al-1.5Nb alloys is reduced firstly and then increased whereas the I corr is increased firstly and then decreased with the increase of aging time, indicating that the resistance of Fe–13Cr–4Al-1.5Nb alloy to general corrosion is also reduced firstly and then enhanced in 3.5wt.%NaCl solution. Among all the Fe–13Cr–4Al-1.5Nb alloys, the unaged Fe–13Cr–4Al-1.5Nb alloy has the maximum Ecorr and the minimum I corr, exhibiting the best resistance to general corrosion in 3.5wt.%NaCl solution. It can be seen from Fig. 10 that a stable passivation zone was observed in the potentiodynamic polarization curve of Fe–13Cr–4Al-1.5Nb alloy before and after aging treatment, indicating that a protective passivation film was formed on the surface of the Fe–13Cr–4Al-1.5Nb alloy. Furthermore, the passivation current density of all the tested Fe–13Cr–4Al-1.5Nb alloy is very low, indicating that the transfer speed of ions in the passivation zone is very slow when passing through the oxide layer. It also can be seen that metastable pitting corrosion was also observed for all the Fe–13Cr–4Al-1.5Nb alloy at the high potential. Moreover, it can be found that the unaged Fe–13Cr–4Al-1.5Nb alloy has almost the same E b as that of the aged Fe–13Cr–4Al-1.5Nb alloy at 450 °C for 2000 h as well as the minimum I pass, indicating that it has the best comprehensive corrosion resistance in 3.5wt.%NaCl solution.",
                "It is well known that the structural state, such as the homogeneity of microstructure, the density of dislocations, and the characteristics of precipitates phases []. A uniform microstructure is extremely important for improving the corrosion resistance, while the microstructure uniformity of Fe–13Cr–4Al-1.5Nb alloy became more worse with the increase of aging time as shown in Figs. 3 and 4, which is harmful to the corrosion resistance [,]. According to the literatures [,], a significant difference in corrosion resistance occurred when the grain size differed by several orders of magnitude. After aging treatment for 2000 h, Fe–13Cr–4Al-1.5Nb alloy has an average grain size of 19.7 μm, which is more than triple that of the unaged Fe–13Cr–4Al-1.5Nb alloy, significantly reducing the corrosion resistance. Liao et al. [] found that Fe2Nb particles can delay the oxidation process and prevent the matrix from corrosion. However, the longer the aging time, the larger size of Fe2Nb particles as shown in Figs. 2–5, which accelerates the pitting corrosion and reduces the resistance to localized corrosion. It also can be found that a large number of high density of dislocations were almost disappeared after aging treatment for 2000 h, which reduces the energy and element diffusion rate of the alloy system, thus improving the resistance to pitting corrosion but making them more easy for repaid passivation []. While the corrosion resistance of Fe–13Cr–4Al-1.5Nb alloy is not as good as expected after aging for 2000 h, which may be attributed to more porosity and cavities generated in the oxide film during the electrochemical reactive process, diminishing the benefits of Fe2Nb particles [].",
                "It is well known that FeCrAl-based cladding materials would suffer from aging embrittlement at the operating temperature range (about 360 °C) of LWRs. Therefore, many aging embrittlement tests for FeCrAl alloys were conducted at the temperature higher than 450 °C [,], which is higher than the operating temperature of LWRs. On the other hand, available literatures for the microstructure, mechanical and corrosion properties are limited and most of the studies focused on the microstructure evolution and mechanical properties after aging at different temperatures or times []. In this work, we studied the microstructure, mechanical and corrosion properties of Fe–13Cr–4Al-1.5Nb alloy before and after aging at 450 °C for different times. Comprehensively considering the microstructure, mechanical and corrosion properties, it is interesting to find that the unaged FeCrAl alloys possessed the best properties than the aged FeCrAl alloys, which facilitates the design of heat treatment process to obtain high-performance FeCrAl cladding materials."
            ],
            "name": "Results and discussion",
            "type": "ce_section"
        }
    ],
    "Title": "Evolution of microstructure, mechanical and corrosion properties of Fe–13Cr–4Al-1.5Nb alloy aged at 450 °C",
    "abstract": "In the present work, the microstructure evolution, mechanical and corrosion properties of Fe-13Cr-4Al-1.5Nb alloys were systematically studied after the long-term thermal aging treatment. After aging, the Fe-13Cr-4Al-1.5Nb alloys are still mainly composed of a-Fe phase and a small amount of Fe2Nb-type laves phase, but the preferred orientation almost disappeared. With the increase of aging time, the average grain size of Fe-13Cr-4Al-1.5Nb alloy increased obviously and the amount of Fe2Nb-type laves phase also increased significantly. After aging at 450 & DEG;C for 2000 h, some coarse grains were observed in the Fe-13Cr-4Al-1.5Nb alloy and it exhibited much coarser grains with an average grain size of 19.7 mm than unaged Fe-13Cr-4Al-1.5Nb alloy due to the incomplete recrystallization. With the increase of aging time, the tensile strength was almost unchanged while the ductility decreased significantly. Due to the incomplete recrystallization, the Fe-13Cr-4Al1.5Nb alloy exhibited the highest tensile strength of 670.5 MPa but the worst elongation of 3.9% after aging at 450 & DEG;C for 2000 h. In addition, the electrochemical corrosion test results showed that the unaged Fe-13Cr-4Al-1.5Nb alloy has better comprehensive corrosion resistance than the aged Fe-13Cr-4Al-1.5Nb alloy in 3.5wt.%NaCl solution. & COPY; 2023 The Author(s). Published by Elsevier B.V. This is an open access article under the CC BY-NC-ND license (http://creativecommons.org/licenses/by-nc-nd/4.0/)."
}