{
    "Sections": [
        {
            "name": "TEM analysis",
            "content": [
                "It can be found from [Fig. 2(a)] that in S1 sample, the size distribution of precipitates is relatively uniform and the calculated average precipitate radius is 2.48 ± 0.93 nm. As for the three kinds of T6I4 sate, the radius of precipitates decreases significantly. In S2 sample, the number fraction precipitates with a radius between 1 and 1.5 nm occupy more than half of the whole, thus the average precipitate radius reaches 1.24 ± 0.65 nm. As the pre-aging time is extended to 6 h, the size distribution of precipitated phase shifts to the right in S3 sample, leading to the average radius of precipitates increases to 1.69 ± 0.65 nm. In the S4 sample after too long-time aging treatment, much more precipitates with larger size appear and the size interval of 1.75–2.25 nm reaches almost 60% of the whole, thus the average precipitate radius reaches 2.01 ± 0.89 nm.",
                "Figure 3(a) shows high resolution transmission electron microscope (HRTEM) images of the S1 sample under  〈110〉Al orientation, and it can be seen that precipitates in grains are dominated by lamellar and discoid precipitates. Fast Fourier transmission (FFT) was performed on them to determine the type of precipitates. The b area in [Fig. 3(a)] displays the disc-like η precipitate with about 8 nm in diameter and the corresponding inverse FFT(IFFT) pattern is shown in [Fig. 3(b)], It can be judged from the separated spots around 2/3(220) position under  〈110〉Al orientation that the precipitate belongs to equilibrium η phase . Previous studies  have revealed that the diffraction spots at 1/3(220), 2/3(220) and the stripes along (111) are arisen from the precipitation of η′ in  〈110〉Al orientation. Therefore, it suggests that the sample also contains η′ phases (corresponding IFFT pattern is shown in [Fig. 3(c)]), with a thickness of 2–3 nm and diameter of 8–10 nm.",
                "Figure 4(a) and (f) displays HRTEM images of the S2 and S3 samples under  〈110〉Al orientation. In those two samples, more η′ phases are discovered and their sizes are tightly smaller than that in S1 sample. In [Fig. 4(a)], a thin plate parallel to (111)Al plane is identified as GP(II) zone, which has three atom layers thick, as shown in [Fig. 4(b)] and its FFT pattern is given in [Fig. 4(c)]. The enlarge image of area d in [Fig. 4(a)] is displayed in [Fig. 4(d)], which is determined as η′ phase due to stripes along (111)Al, as shown in [Fig. 4(e)]. From the enlarge image of a η′ phase, we can discover that η′ has about seven atom layers parallel to (111)Al plane, which can be reasonable to conclude that some GP(II) zones transformed to η′ during aging treatment. Therefore, precipitates in S2 sample are dominated by GP(II) zones and η′ phases,",
                "More GP(II) zones transform into η′ phase with the prolongation of primary aging time, in addition, the η′ phases reached the critical size grow gradually and a part of them also transform into equilibrium η phase at the same time. The HRTEM images for the S3 sample observed under  〈110〉Al orientation in [Fig. 4(f)] proves this conclusion indirectly. Figure 5(g) shows the enlarged image of a η phase (corresponding FFT patterns is shown in [Fig. 4(h)]) observed in [Fig. 5(f)], with a thickness of 5–6 nm and diameter of 6–7 nm. Although coarse η phases appear, the increasement of average precipitate size is not obvious may due to the short increase time of pre-aging time when compared with S2 sample."
            ]
        },
        {
            "name": "Mechanical properties",
            "content": [
                "The hardnesses, tensile strengths and elongations of four alloys are listed in [Fig. 6(b)], and the specifications of the tensile sample is shown in [Fig. 6(c)]. The tensile strength of S1 sample is 767.430 MPa, and the elongation after fracture is only 5.6%. Under T6I4 aging treatment(S2 and S3), the tensile strength get improved, but the elongation keep the same. In contrast, the tensile strength of S4 sample decreases by 6.27%, and that is the smallest among the four samples, but its elongation achieve the maximum value of 7.8%. In conclusion, the excellent mechanical properties is obtained in S3 sample, with the tensile strength and elongation of 797.932 MPa and 6.0%, respectively."
            ]
        },
        {
            "name": "Effect of different aging treatments on the microstructure",
            "content": [
                "In generally, the precipitation sequence of Al–Zn–Mg–Cu alloy is accepted : supersaturated solid solution (SSS) → GP zone(including GP(I) and GP(II)) → metastable η′ (MgZn2) → equilibrium η (MgZn2). After the aging treatment, supersaturated solid solutions readily precipitate nanoscale solute enrichment clusters, also known as GP zones (GPI/GPII zones) . The GPI zone is usually formed first, which is considered to be a regular arrangement of spherical clusters (Mg-rich) on the {100}Al customary surface; subsequently the GPII zone (Zn-rich) will precipitate in a plate-like shape on the {111}Al customary surface . With increasing aging temperature and/or time, the GP zones gradually develop into semicoherent plate-like η′ phases with lattice constants a = 0.5078 nm and c = 1.395 nm, having a hexagonal structure, also consisting of a number of atomic planes parallel to {111}Al . The η′ phase has four variants through the orientation relationship . With increasing aging time, the η′ variants grow parallel or perpendicular to the {111}Al plane, and eventually undergo a non-co-lattice transition with the matrix to form disk-rod-like variants-η phases with 11 randomly arranged features, which also have a hexagonal structure with lattice constants a = 0.521 nm and c = 0.860 nm . Among the various precipitates, the η′ phases are generally considered to be the main cause of the maximum intensity at peak aging .",
                "At the initial aging stage at 121 ℃, GP zones are precipitated preferentially and they will gradually grow and partially evolve into η′ phases with the prolongation of time. The classic Ostwald ripening  has revealed that when the size of the precipitate phase is larger than the critical nucleation radius, the increased surface free energy can make up for the reduced volume free energy, so that the precipitate phase can grow steadily in the subsequent heat treatments. On the contrary, the precipitates smaller than the radius will be dissolved. Therefore, during T6 aging, it is difficult to avoid the phenomenon that the small GP zones are dissolved due to the long aging time, and there are more η phases transformed from η′ phases grow up steadily at the same time, which lead to a large average size and spacing of precipitates in S1 sample [Fig. 2(a)]. In addition, the relatively long pre-aging also contributes more GP zones evolve into η′ phases, thereby increasing the thermal stability of precipitates. So the η′ phases occupy a larger quantity fraction in S2–S4 samples.",
                "Figure 8 shows the schematic diagram of multi-scale precipitates formed at different pre-aging times in T6I4. As shown in [Fig. 8(a)], a relatively large number of coherent GP zones are precipitated during the short pre-aging of T6I4. With the time of pre-aging time become longer, there are more GP zones evolve into η′ phase, which explains why it is difficult to find GP zones in S3 and S4 samples. After pre-aging is quenching treatment, which would make the main alloy elements (such as Zn, Mg) unable to precipitate in time, leading to an increase in solute solubility. Deschamps et al.  proposed a model of secondary phase homogeneous precipitation kinetics suitable for 7xxx series aluminum alloys:"
            ]
        }
    ],
    "abstract": "The microstructures of high strength alloy (Al-11.0Zn-3.1Mg-1.22Cu-0.1Sr-0.2Zr-0.1Ti-0.45Y) subjected to T6 and three various T6I4 aging treatments were characterized to explore their influences on the corrosion behavior and mechanical properties of alloys, respectively. The result reveals that after T6 aging, the relatively large size ?' and ? phases are the dominant precipitates, and the grain boundary precipitates (GBPs) are intermittently distributed along grain boundaries. In contrast, when subjected to T6I4, the average radius of precipitates and the average precipitate spacing decreases in that primary phases precipitated during pre-aging provides more nucleation sites. In addition, continuous GBPs is observed. Upon the prolongation of aging time, the precipitates gradually coarsen, resulting in a decrease of the density of precipitates in grains and the appearance of intermittent GBPs. The optimal comprehensive performance can be obtained after the T6I4(121 degrees C x 6 h(Quenching) + 65 degrees C x 120 h) treatment, with tensile strength of 797.932 MPa and the maximum corrosion depth of 51.63 mu m."
}