{
    "DOI": "10.1016/j.matchemphys.2011.05.003",
    "Journal": "Materials Chemistry and Physics",
    "Keywords": [
        "Biomaterials",
        "Shape memory effects",
        "Coatings",
        "Surface properties"
    ],
    "Sections": [
        {
            "content": [
                "The surface morphology and cross-sectional morphology of NiTi SMA samples were observed using a scanning electron microscope (FE-SEM, LEO 1530, Germany). A transmission electron microscope (TEM, Philips Tecnai 20, The Netherlands) was used to investigate the morphology and phase composition of tiny particles formed on H2O2-oxidized NiTi SMA samples. For chemical composition analysis, energy dispersive X-ray (EDX) elemental mapping of the surface of samples and line scans of cross-sections of samples were obtained using an EDX spectrometer attached to the SEM. The phase composition of the surface of samples was examined by X-ray diffraction (XRD, D8 ADVANCE, Germany). XRD analyses were performed at room temperature over the 2θ range of 20–60° and at a scanning rate of 0.05° s−1. In addition, the titanium oxide layers formed on the surface of heat treated or H2O2-oxidized NiTi SMA samples were characterized using Fourier transform infrared spectroscopy (FTIR, Spectrum BX, Perkin Elmer, USA). The phase transformation temperatures of untreated, heat treated, and H2O2-oxidized NiTi SMA samples were measured using differential scanning calorimetry (DSC, Perkin Elmer Pyris 6 DSC, USA). The DSC curves were obtained in the range of −50 to 50 °C."
            ],
            "name": "Surface characterization and the measurement of phase transformation temperatures",
            "type": "ce_section"
        },
        {
            "content": [
                "The results are expressed as a mean ± standard deviation and all statistical analyses were performed using Student's two-tailed t-test. P < 0.05 is considered statistically significant."
            ],
            "name": "Statistical analysis",
            "type": "ce_section"
        },
        {
            "content": [
                "The surface morphology of NiTi SMA samples is shown in Fig. 1 . For the untreated NiTi SMA sample, scratch marks formed during mechanical polishing were observed (Fig. 1a and b). After the heat treatment or H2O2-oxidation with subsequent hot water aging, the surface morphology of NiTi SMA samples was greatly changed. For heat treated samples, shallow scratches disappeared and the color of the surface of NiTi SMA samples became dark brown, indicating the formation of a surface oxide layer (Fig. 1c). At high magnifications, the oxide layer was shown to consist of nano-sized particles with a flake-like structure (Fig. 1d). In the case of H2O2-oxidized samples, scratches were totally replaced by a titania gel layer with another flake-like structure (Fig. 1e). Cracks in the titania gel layer, as shown in Fig. 1e, are artifacts. Their appearance was due to drying up of the gel layer. In addition, tiny particles of the size ∼500 nm were present on the surface of H2O2-oxidized samples, as shown in Fig. 1f.",
                "The morphology and phase composition of tiny particles were analyzed using TEM. As shown in the TEM image (Fig. 2 a), the size of these particles with the needle-like structure was in the range of 300–500 nm. Electron diffraction rings were obtained through selected area electron diffraction (SAD) of the particles (Fig. 2b). According to D-spacing values (d hkl) determined and the powder diffraction files (PDF), the electron diffraction rings well matched those of titanium oxides and were identified to be (1 0 1), (2 0 0) and (2 0 4) for the anatase phase of TiO2 and (4¯02) and (2¯03) for Ti3O5. However, the intensity of electron diffraction rings corresponding to Ti3O5 was very weak, indicating the nano-sized particles deposited on H2O2-oxidized NiTi SMA samples mainly consisted of titania (the anatase titania). In addition, the diffused and broad diffraction rings suggested that the tiny particles were poorly crystalline.",
                "Fig. 3 shows the cross-sectional morphology of titanium oxide layers formed on NiTi SMA. For heat treated NiTi SMA samples, the oxide layer was darker than the NiTi SMA substrate in the cross-sectional SEM image because of the different electroconductivity (Fig. 3a). This oxide layer was not uniform, the thickness of which varied from 1.5 μm to 4 μm. On the contrary, as shown in Fig. 3b, the titania gel layer on H2O2-oxidized samples was uniform and was about 4.0 μm in thickness.",
                "The chemical composition of the surface of untreated, heat treated and H2O2-oxidized NiTi SMA samples (average value) is shown in Table 1 . For untreated NiTi SMA samples, a small amount of O was detected owing to the formation of a natural oxide layer. After the two types of oxidation treatments, both the Ti and Ni contents on the surface of NiTi SMA samples were significantly reduced, while the amount of O was greatly increased to 58.6% and 68.0% for heat treated and H2O2-oxidized samples, respectively. Although the Ti content on the surface of heat treated and H2O2-oxidized samples was quite similar, the Ni content on the surface of H2O2-oxidized samples (8.2%) was much lower than that on heat treated samples (18.0%) (P < 0.05). Therefore, with regard to reducing Ni and increasing O on the surface of NiTi SMA samples, the H2O2-oxidation treatment appeared to be better than the heat treatment.",
                "EDX elemental mappings of the surface of untreated, heat treated and H2O2-oxidized NiTi SMA samples are displayed in Figs. 4–6 , respectively. For untreated samples, Fig. 4b and c show the distinctive presence of Ti and Ni, whereas the O content was too low to be detected (Fig. 4d), indicating the surface of the sample mainly consisted of homogeneously distributed Ti and Ni. As shown in Fig. 5, like the even distribution of Ti (Fig. 5b), Ni uniformly distributed on the surface of heat treated samples (Fig. 5c), which was similar to the Ni distribution on untreated samples. In the case of H2O2-oxidized samples, the elemental mappings in Fig. 6 clearly show that the surface of the sample was mainly composed of Ti and O and that Ti still homogeneously distributed on the surface of the sample (Fig. 6b). But Ni mainly appeared in the gaps (the crack areas) under the titania gel layer (Fig. 6c), indicating that after the H2O2-oxidation treatment the surface of the sample consisting of the titania gel was relatively Ni-free.",
                "EDX line scans were conducted on the cross-sections of heat treated and H2O2-oxidized NiTi SMA samples, respectively, and are shown in Fig. 7 . The results confirmed that surface modification treatments drastically influenced the chemical composition of the near-surface region of NiTi SMA. For the heat treated NiTi SMA sample, the interface between the oxide layer and the NiTi SMA substrate was not distinct due to the inward diffusion of O ions and outward diffusion of Ti ions from the NiTi lattice at high temperature (Fig. 7a) . In addition, the EDX analysis revealed that the intensity of Ni which corresponded to the Ni concentration had a minimum value on the outmost surface and gradually increased with the thickness of the oxide layer from the outmost surface to the NiTi SMA substrate. The intensities of Ti and O were nearly constant (being higher) in the oxide layer. It should be noted that in some region below the interface between the oxide layer and NiTi SMA substrate, the intensity for Ni increased to the maximum value and then decreased remarkably to the steady-state value in the substrate, while in the same zone the Ti content was reduced, confirming that a zone rich in Ni was formed underneath the oxide coating in heat treated samples. The Ni-rich zone was about 0.5 μm in thickness. Under the Ni-rich zone, the intensity of O decreased to zero, while that of Ni and Ti reached relatively constant values. The gradual change of the intensity of Ti, Ni and O at the interface between the oxide layer and NiTi SMA substrate demonstrated the formation of a gradual interface structure for heat treated samples. In the case of H2O2-oxidized samples, the intensity of O exhibited a peak corresponding to the maximum value at the outmost surface of the sample and then gradually decreased to zero with increasing depth into the NiTi SMA substrate, whereas that of Ni gradually increased toward the interior and finally reached the steady-state value (Fig. 7b). The EDX analysis of H2O2-oxidized samples showed that the relatively Ni-free layer on NiTi SMA mainly consisted of Ti and O. There was no Ni-rich zone underneath the titania gel layer.",
                "XRD patterns of untreated, heat treated and H2O2-oxidized NiTi SMA samples are exhibited in Fig. 8 . After the heat treatment at 600 °C, new diffraction peaks corresponding to anatase, rutile, and Ni2O3 were present, indicating that the oxide layer formed by the heat treatment consisted of TiO2 (of both anatase and rutile phases) and Ni2O3. In addition, the (0 2 0) diffraction peak attributed to the NiTi SMA substrate was suppressed due to the formation of the oxide layer after the heat treatment. But new, sharp and narrow diffraction peaks attributed to the (0 0 2), (1 1 1) and (12¯1) planes of NiTi SMA substrate appeared. For H2O2-oxidized samples, low intensity and broad diffraction peaks corresponding to the (1 0 1), (0 0 4) and (2 0 0) planes of the anatase phase of TiO2 were detected and no diffraction peak corresponding to the rutile phase of TiO2 or Ni2O3 was present, suggesting that the gel layer prepared by the H2O2-oxidation treatment was mainly composed of poorly crystalline anatase and did not contain rutile or Ni2O3, which was consistent with the TEM analysis.",
                "Fig. 9 displays FTIR spectra of titania formed on heat treated or H2O2-oxidized NiTi SMA samples. The broad vibration band from 400 to 800 cm−1 corresponded to the vTi–o–Ti stretching vibration in anatase . The absorption band at 1400 cm−1 was attributed to the Ti–O bending vibrations of the Ti–OH group . In addition, chemisorbed water in the titania gel on H2O2-oxidized NiTi SMA samples was responsible for the broad bands at 1630 cm−1 and 3400 cm−1 . Therefore, the titania gel layer formed on H2O2-oxidized samples contained a large amount of Ti–OH functional groups, which could contribute to the enhancement of bioactivity of NiTi SMA. On the contrary, no obvious absorption peak corresponding to Ti–OH functional groups was detected in the FTIR spectrum of heat treated samples, indicating that the oxide layer fabricated by the heat treatment did not contain as many Ti–OH functional groups as the titania gel layer prepared by the H2O2-oxidation method.",
                "For NiTi SMA samples, the martensite start temperature (M s), martensite finish temperature (M f), austenite start temperature (A s) and austenite finish temperature (A f) were determined from DSC curves (Fig. 10 ). For untreated and H2O2-oxidized samples, their DSC curves are similar and A s, A f, M s and M f were about 5.6 °C, 23.2 °C, 19.9 °C and 5.6 °C, respectively. For heat treated samples, however, A s, A f, M s and M f were about 17.2 °C, 38.0 °C, −10.8 °C and −20.1 °C, respectively. Therefore, the heat treatment had changed all phase transformation temperatures of NiTi SMA.",
                "Fig. 11 shows representative nanoindentation load–displacement curves of NiTi SMA samples. The mechanical differences between titanium oxide coatings on NiTi SMA were evidenced by the maximal indentation depth and unloading slope. The residual displacement after unloading was approximately 70 nm for the heat treated sample while it was about 400 nm for the H2O2-oxidized sample. Under the same indentation load, the indentation on the heat treated sample yielded less displacement and higher elastic recovery than that on the H2O2-oxidized sample, indicating that heat treated samples had highest nanohardness and hence elastic modulus. The morphology of the indentations on NiTi SMA observed by AFM also indicated that the indentation depth on H2O2-oxidized NiTi SMA samples was the largest (Fig. 12 ). The nanohardness and elastic modulus of NiTi SMA samples determined from nanoindentation tests are listed in Table 2 . The heat treatment at 600 °C for 1 h significantly enhanced the nanohardness and elastic modulus of the surface of NiTi SMA (P < 0.05).",
                "Typical potentiodynamic polarization curves of untreated, heat treated and H2O2-oxidized NiTi SMA samples are shown in Fig. 13 . It can be seen that the corrosion potentials (E corr) of heat treated and H2O2-oxidized NiTi SMA samples (−366 mV and −142 mV, respectively) were more positive than that of untreated sample (−421 mV). In addition, pitting corrosion occurred at about 350 mV and 390 mV for untreated and heat treated samples, respectively, while for H2O2-oxidized samples pitting corrosion did not take place until the scanning potential was over 1010 mV. Table 3 gives the corrosion potential (E corr), breakdown potential (E b) and breakdown current density (I b) for untreated, heat treated and H2O2-oxidized NiTi SMA samples. H2O2-oxidized samples possessed the most positive E corr and E b and the smallest I b (P < 0.05), while heat treated samples exhibited the largest I b (P < 0.05) and had E b values that were as low as those of untreated samples (P > 0.05). Therefore, the titania gel layer synthesized through the H2O2-oxidation method had better stability to protect NiTi SMA substrate from corrosion than the oxide layer prepared by the heat treatment.",
                "Fig. 14 shows the surface morphology of untreated, heat treated and H2O2-oxidized NiTi SMA samples after potentiodynamic polarization tests. Corrosion damages could be clearly seen on the untreated sample, and irregular and deep cavities were formed by the coalescence of corrosion pits (Fig. 14a). For the heat treated NiTi SMA sample, the number and area of pits on the surface were similar to those on the untreated sample (Fig. 14b). In the case of H2O2-oxidized NiTi SMA sample, the titania gel layer generally remained intact (Fig. 14c) and only a few submicron pits were observed under SEM (Fig. 14d). These results clearly demonstrated that the H2O2-oxidation with subsequent hot water aging treatment was a favorable method to improve the corrosion resistance of NiTi SMA and that the heat treatment at 600 °C for 1 h was not as effective as the H2O2-oxidation method to prevent NiTi SMA from corrosion.",
                "The surface morphology of heat treated and H2O2-oxidized NiTi SMA samples soaked in SBF for various durations is shown in Figs. 15 and 16 , respectively. Apatite was not present on the surface of heat treated samples after soaking in SBF for 3 days (Fig. 15a), whereas a Ca-rich layer formed on the surface of H2O2-oxidized sample within 3 days (Fig. 16a). The Ca:P ratio in the Ca-rich layer measured by EDX analyses was about 6.20, indicating Ti–OH functional groups generated by the hydrolyzation of the titania gel layer firstly attracted Ca ions from SBF. After soaking in SBF for 7 days, apatite with the Ca:P ratio of 1.40 partly covered the surface of heat treated sample (Fig. 15b). Similarly, for the H2O2-oxidized sample, the Ca-rich layer had been transformed into the spherical-like apatite which grew to cover most part of the surface of the sample when the soaking duration increased to 7 days (Fig. 16b). After 14 days, most part of the surface of heat treated sample was covered by spherical-like apatite (Fig. 15c), which was similar to the situation of H2O2-oxidized sample immersed in SBF for 7 days. As shown in Fig. 16c, after the soaking duration of 14 days, the apatite layer became much thicker and covered the whole surface of H2O2-oxidized sample. For untreated NiTi SMA samples, no apatite was formed after soaking in SBF for 14 days.",
                "The bioactivity of heat treated and H2O2-oxidized NiTi SMA samples could even be roughly assessed through visual examination after their incubation in SBF for 4 weeks (Fig. 17 ). A rather thick apatite coating was uniformly deposited on the surface of H2O2-oxidized samples, whereas the apatite layer on the surface of heat treated samples was neither thick nor uniform and hence some parts of the original sample surface (dark brown in color) were still visible. The in vitro bioactivity evaluation using SBF hence indicated that H2O2-oxidized samples were more bioactive than heat treated samples.",
                "Fig. 18 shows XRD patterns of untreated, heat treated and H2O2-oxidized NiTi SMA samples after their immersion in SBF for 4 weeks. No diffraction peak attributed to bone-like apatite was present on the XRD pattern of untreated sample. But broad peak associated with low crystalline bone-like apatite were detected at 25.9° and 31.7° for heat treated NiTi SMA sample. In the case of H2O2-oxidized sample, more diffraction peaks corresponding to bone-like apatite were present and except for the (1 1 0) diffraction peak, all other peaks attributed to NiTi SMA substrate disappeared owing to the formation of a thick bone-like apatite layer on the NiTi SMA surface. The XRD results were consistent with SEM observation and visual examination, suggesting that H2O2-oxidized samples were more bioactive than heat treated samples.",
                "Fig. 19 displays FTIR spectra of apatite formed on heat treated and H2O2-oxidized NiTi SMA samples after the immersion in SBF for 4 weeks. Absorption bands at 562 and 602 cm−1 were attributed to functional groups of PO4 3− for O–P–O bending vibrations and the peak at 874 cm−1 could arise from the bending vibration of CO3 2− or P–O stretching vibration of HPO4 2−, which is characteristic of calcium-deficient carbonated apatite, as CO3 2− and HPO4 2− groups substituted for the PO4 3− group in the apatite lattice . In addition, the band at 1032 cm−1 was due to O–P–O stretching vibration and the peaks at 1420 and 1458 cm−1 corresponded to the asymmetric stretching vibration of CO3 2− . O–H bending and stretching vibrations of absorbed H2O resulted in the bands at 1637 and 3467 cm−1, respectively . There was no obvious difference between the FTIR spectra of apatite formed on heat treated and H2O2-oxidized NiTi SMA samples, indicating that after the immersion in SBF for 4 weeks the apatite formed on heat treated and H2O2-oxidized samples was structurally the same.",
                "The MTT assay of MCF-7 cells on untreated, heat treated and H2O2-oxidized samples was illustrated in Fig. 20 . Although the absorbance for all NiTi SMA samples was remarkably lower than that for TCP (P < 0.05) after 2 days of culture, the absorbance of all NiTi SMA samples was significantly higher than that of cytotoxic latex rubber, indicating that untreated, heat treated and H2O2-oxidized NiTi samples did not exhibit acute cytotoxicity. In addition, the absorbance of heat treated samples was not significant higher than that of untreated samples (P > 0.05), suggesting that the heat treatment at 600 °C did not significantly improve the proliferation of MCF-7 cells on NiTi SMA at day 2. However, the difference in the absorbance between untreated and H2O2-oxidized samples, and between heat treated and H2O2-oxidized samples was statistically significant (P < 0.05), revealing that more cells were present on the surface of H2O2-oxidized samples and H2O2-oxidized samples stimulated the proliferation of MCF-7 cells in comparison with either untreated or heat treated samples.",
                "After 3 days in culture, the live/dead assay revealed that more than 99% cells on untreated, heat treated and H2O2-oxidized NiTi SMA samples were viable and metabolically active. As shown in Fig. 21 , more live cells attached to the surface of H2O2-oxidized samples and fully spread to form flatten, spindle-like or polygonal morphology, revealing higher proliferation of MCF-7 cells on H2O2-oxidized samples and better biocompatibility of the titania gel layer."
            ],
            "name": "Results",
            "type": "ce_section"
        },
        {
            "content": [
                "Oxidation of Ti-based alloys by H2O2 solution has been investigated by others . But in their studies, post-oxidation heat treatment at a high temperature (300–800 °C) was used to crystallize TiO2. In the current investigation, after being subjected to the oxidation of 30% H2O2 solution at 80 °C for 24 h, NiTi SMA samples were soaked in hot water at 80 °C for 24 h to induce TiO2 crystallization and no heat treatment was involved. According to our previous study , the hot water aging treatment not only facilitated the amorphous titania gel to crystallize but also prevented Ti–OH functional groups from being damaged. Therefore, in the FTIR spectra (Fig. 9), the absorption band corresponding to Ti–OH was present for H2O2-oxidized samples. High temperature heat treatment always causes dehydroxylation, which is shown as follows : –Ti–OH + OH–Ti– → –Ti–O–Ti– + H2O",
                "On average, about eight hydroxyl groups per square nanometer were found on the surface of titania (theoretical estimates are even higher: 12–14 nm−2 for anatase and 9–11 nm−2 for rutile) . After a heat treatment at 200 °C, only three hydroxyls are left per square nanometer . Therefore, no peak attributed to Ti–OH functional groups was detected by FTIR for heat treated samples. In contrast, the surface of titania gel layer on H2O2-oxidized samples contained abundant Ti–OH functional groups.",
                "It was reported that Ti-peroxide (Ti–H2O2 complexes) radical species were formed on H2O2-oxidized Ti . However, since the hydroxyl radical species tended to decompose quickly and could not exist in a stable condition, the long-duration hot water aging treatment following the H2O2-oxidation at 80 °C could break down the radical species. Although post-oxidation heat treatment was more effective to eradicate these hydroxyl radical species in comparison with the hot water aging treatment, NiTi SMA is a thermal-sensitive material, which means its shape memory ability could be degraded by the post-oxidation heat treatment, and hence can be affected by exposure to high temperatures. In addition, the hot water aging process can also facilitate the superficial Ni ion release prior to implantation. Therefore, the hot water aging treatment appears more suitable to improve the bioactivity and long-term biocompatibility of NiTi SMA.",
                "The heat treatment of NiTi SMA at 600 °C was previously reported to result in the formation of a Ni-free oxide layer and enhanced biocompatibility . On the contrary, in this investigation although the amount of Ni on the surface of heat treated NiTi SMA was significantly decreased to 18.0%, Ni2O3 appeared. According to the evaluation of carcinogenicity for Ni issued by the International Agency for Research on Cancer (IARC), all nickel compounds except for metallic nickel are classified as carcinogenic to humans . In addition, Chrzanowski et al. reported that Ni ion release in Hanks’ balanced salt solution increased significantly from 0.6 × 10−3 mg L−1 mm−2 for untreated NiTi SMA samples to 28.3 × 10−3 mg L−1 mm−2 for NiTi SMA samples heat treated at 600 °C for 1 h , which was probably caused by the deteriorated corrosion resistance and the formation of a Ni-rich zone underneath the oxide layer and also Ni compounds on the surface of NiTi SMA. Cell culture experiments performed by Chrzanowski et al. showed that human osteosarcoma cells (HOS-TE85) on the surface of heat treated NiTi SMA did not spread and attach as well as those on untreated NiTi SMA at the early time points because of the larger amount of Ni ions released . In the current study, the heat treatment in air at 600 °C for 1 h appeared not to deteriorate the biocompatibility of NiTi SMA in vitro since morphology and proliferation of MCF-7 cells on heat treated samples were similar to those on untreated NiTi SMA (P > 0.05). Based on results from the live/dead cell staining and MTT assay, the titania gel layers could not only facilitate the cell attachment and spread, but also stimulate the proliferation of MCF-7 cells on H2O2-oxidized NiTi SMA in vitro. In future investigation, however, it is necessary to assess the long-term biocompatibility of heat treated and H2O2-oxidized NiTi SMA in vitro and in vivo.",
                "After the heat treatment at 600 °C for 1 h, A s and A f of NiTi SMA shifted to higher temperatures, while M s and M f moved to lower temperatures. XRD patterns (Fig. 8) indicated that after the heat treatment new phases of NiTi SMA were present, which was responsible for the variation of the phase transformation temperatures. In some medical applications, A f of NiTi SMA should be lower than the human body temperature to ensure that after the implantation, pre-deformed NiTi SMA devices could recover their original shape without any residual deformation. But the degradation of the shape memory property caused by the heat treatment makes NiTi SMA implants no longer suitable for intended clinical applications.",
                "It has been reported that the nanohardness of untreated NiTi SMAs ranged from 2.5 GPa to 3.9 GPa and their elastic modulus was about 60–70 GPa, depending on the different Ni composition and phase composition . Under different fabrication conditions, the nanohardness of solid titanium oxide coatings varied from 4 GPa to 12 GPa and the elastic modulus ranged from 70 GPa to 140 GPa . The nanohardness and elastic modulus of the untreated and heat treated NiTi SMA samples in the current investigation are thus in agreement with the results obtained by others. The sodium titaniate film, which was fabricated by an alkali-heat treatment on Ti substrate for enhancing bioactivity, exhibited low nanohardness (0.012 GPa) . The nanohardness of the titania gel layer (0.21 GPa) formed by the H2O2-oxidation treatment in the current investigation was higher than that of sodium titaniate film. The titania gel layer appeared to be stiffer than the sodium titaniate film.",
                "The corrosion and breakdown potentials (E corr and E b) and breakdown current density (I b) of untreated NiTi SMA samples were in agreement with published values obtain by others . A greater corrosion potential implies a lower chemical reactivity and a higher breakdown potential indicates a greater stability of the surface protective layer for metals . Furthermore, the corrosion current density is closely related to the corrosion rate . The larger the corrosion current density is, the higher the corrosion rate is. For H2O2-oxidized NiTi SMA, its corrosion current density was smallest among all samples, even though pitting corrosion occurred. Therefore, according to results obtained from potentiodynamic polarization tests (Fig. 13 and Table 3), the titania gel layer synthesized by the H2O2-oxidation method was better in protecting NiTi SMA substrate from corrosion than the titanium oxide layer prepared by the heat treatment.",
                "Due to the difference in oxygen affinity between Ti and Ni, preferential oxidation of Ti occurred during the heat treatment of NiTi SMA. With the inward diffusion of O atoms inside the NiTi SMA lattice and diffusion of Ti from NiTi SMA to the surface at the heat treatment temperature, a Ni-rich zone was formed under the surface oxide layer in heat treated samples, as shown in the EDX line scans analysis (Fig. 7a). Because Ni and Ni compounds have poor corrosion resistance , the presence of Ni2O3 on the surface of heat treated samples and Ni-rich zone under the surface oxide layer were detrimental to the corrosion resistance of NiTi SMA. During potentiodynamic polarization tests, Ni2O3 in the surface oxide layer tended to break down first, resulting in the failure of the protective oxide layer. Subsequently, the Ni-rich zone underneath the surface oxide layer was rapidly attacked by pitting corrosion, leading to more serious toxic Ni ion release and NiTi SMA substrate corrosion. Therefore, as shown in Fig. 14b, cracking of the surface oxide layer occurred owing to serious localized corrosion of the Ni-rich zone underneath the oxide layer. Zhu et al. also reported that when the thickness of the titanium oxide layer formed by heat treatment was less than 10 μm, the heat treatment deteriorated the corrosion resistance of NiTi SMA due to the formation of a vulnerable Ni-rich zone . Therefore, it appears that the heat treatment was not suitable for improving the corrosion resistance of NiTi SMA.",
                "The better chemical stability of H2O2-oxidized NiTi SMA samples could also be partly attributed to the amorphous phase in the poorly crystalline titania gel. Since the fraction of grain boundary is greatly decreased after amorphorization, an amorphous material has better resistance to corrosion. Shih et al. reported that an improvement of pitting corrosion resistance of NiTi SMA was achieved by fabricating an amorphous coating on its surface . Moreover, both the thickness and quality (porous vs. non-porous) of the coating are important for the coating to act as a barrier for the passage of electrons and ions. It was reported that a dense, uniform and chemically inert coating could more effectively inhibit corrosive ions such as Cl− to penetrate and react with the metal substrate . The uniform titania gel with the thickness of 4 μm on H2O2-oxidized samples was thicker than the uneven titanium oxide layer 1.5–4 μm thick on heat treated samples. The thicker coating was more dielectric. Therefore, the titania gel layer on H2O2-oxidized samples was more chemically stable than the oxide layer on heat treated samples, resulting in significantly improved corrosion resistance for NiTi SMA.",
                "In SBF at pH 7.4, the titania gel layer with abundant Ti–OH functional groups generated a slightly negatively charged surface : Ti–OH + H2O ↔ [Ti–O]− + H3O+",
                "Kokubo et al. suggested that a negatively charged Ti surface could attract and incorporate Ca ions to form an amorphous Ca-rich layer . The Ca-rich layer in turn would absorb phosphate ions to form an amorphous calcium phosphate layer after a sufficient soaking time in SBF. Afterwards, the amorphous calcium phosphate converted to poorly crystalline bone-like apatite. In the current investigation, after soaking H2O2-oxidized samples in SBF for 3 days, a Ca-rich layer was observed on NiTi SMA. Furthermore, the better crystallographic matching of bone-like apatite with the anatase structure improved hydrogen bonding between the hydroxyl group of apatite and oxygen of anatase, further enhancing apatite deposition . Therefore, H2O2-oxidized NiTi SMA samples were more bioactive although both the heat treatment and the H2O2-oxidition method improved the bioactivity of NiTi SMA."
            ],
            "name": "Discussion",
            "type": "ce_section"
        }
    ],
    "Title": "Surface characteristics, properties and in vitro biological assessment of a NiTi shape memory alloy after high temperature heat treatment or surface H2O2-oxidation: A comparative study",
    "abstract": "To improve the biocompatibility and bioactivity of a NiTi shape memory alloy (SMA), an oxide layer was fabricated on its surface using either a heat treatment at 600 degrees C for 1 h or surface H2O2-oxidation with subsequent hot water aging. The oxide layer synthesized by the heat treatment was not uniform and had a thickness from 1.5 mu m to 4.0 mu m, whereas the titania gel layer fabricated through the H(2)O(2-)oxidation method was homogeneous and about 4.0 mu m thick. The oxide layer formed on heat treated NiTi SMA was composed of both anatase and rutile titania with a small amount of Ni2O3. On the contrary, the gel layer made by H2O2-oxidation mainly consisted of poorly crystalline anatase and was relatively Ni-free. Abundant Ti-OH functional groups existed on the titania gel layer, contributing to the improvement of bioactivity. Mechanical properties of the two oxide layers were drastically different. The phase transformation temperatures of NiTi SMA were altered by the heat treatment. The titania gel layer on H2O2-oxidized NiTi SMA was more chemically stable than the oxide layer on heat treated NiTi SMA. Although both the heat treatment and the H2O2-oxidation method greatly improved the bioactivity of NiTi SMA, H2O2-oxidized samples were found to be more bioactive. Moreover, in vitro cytotoxicity evaluation based on MU assay revealed that both heat treated and H2O2-oxidized samples did not have acute cytotoxicity. Results from live and dead cells staining showed that more MCF-7 cells attached and spread extensively on H2O2-oxidized samples in comparison to either heat treated or untreated samples. (C) 2011 Elsevier B.V. All rights reserved."
}