{
    "Sections": [
        {
            "name": "Microstructure features",
            "content": [
                "The OM images of the Sn-5.5Sb-0.7Cu (SSC-557) alloy under various conditions are depicted in Fig. 2. The SSC-557 alloy, in its as-cast form, is composed of light gray β-Sn grains of uniform size and dark eutectic areas that are comprised of SbSn and Sn phases that have precipitated at the grain interfaces and boundaries. In addition, there are tiny particles of the Cu6Sn5 phase dispersed within the β-Sn matrix (Fig. 2a). Being hypoeutectic in composition, the β-Sn phase has a high volume ratio and large grain size (30 μm). After heat treatment, the β-Sn phase’s morphology transforms from Large equiaxed grains to a small dendritic shape with an average size of less than 20 μm (Fig. 2b). This results in a dark or black segregated phase appearing in the interdendritic regions. The β-Sn morphology underwent significant changes in the SSC-PHT sample as seen in Fig. 2c. The grain size was significantly refined with an average size of less than 10 μ.m and a random, regular texture distribution. The work hardening of the interior intercellular regions during pressure caused the β-Sn texture to become gradually fragmented . However, the application of high pressure during casting can shrink the β-Sn grain size, reflecting a microstructural transformation in the SSC-PHT. The SEM micrographs and EDS data shown in Fig. 3a–c demonstrate the changes in the IMC particle morphology. The treated specimen has a noticeably different shape, size, and distribution of IMC phases than the original. Figure 4a–c present SEM microstructures of the eutectic area in the SSC557, SSC557-HT, and SSC557-PHT alloys, accompanied by EPMA elemental mappings and hyper-plots of Sn, Sb, and Cu. It’s worth mentioning that the application of high pressure leads to both increased lattice strain and crystal defects, which in turn enhances the alloying element’s solubility . Moreover, the pressure creates intense compression strains on the IMC particle surfaces and at the grain boundary interfaces, causing the IMC particles to diffuse randomly. The pressure produces significant internal mechanical strain, causing dislocations within the grain and significant lattice distortion. This pressure softens the brittle nature of the Cu6Sn5 IMC and secondary Sb colonies within the predominantly ductile phase. The rise in temperature results in a heightened level of solid solubility in super-saturated solid solution alloys that contain both ductile and brittle components. This enhancement in mutual solid solubility between the alloying elements is in accordance with the principles of diffusion theory, which states that solubility increases when the difference in atomic sizes between elements is below 15%. In this case, the atomic size difference between Sb (R(Sb) = 0.19320 nm) and Sn (R(Sn) = 0.18622 nm) is only 4% . These observations support the idea that pressure can enhance solid solubility and influence microstructure evolution. The x-ray diffraction patterns for the samples SSC-557, SSC-HT, and SSC-PHT are displayed in Figs. 5a–c. The clearly defined peaks in the patterns indicate that the selected samples are crystalline, as confirmed by comparison with the JCPDS X-ray diffraction database. A closer examination of the peaks reveals the presence of body center tetragonal β-Sn phase, cubic SbSn IMC, and Cu6Sn5 IMC. The formation of antimony-tin intermetallic compounds (IMCs) during solidification of the Sn-5.5Sb lead-free solder alloy can be represented by the following chemical equations:",
                "It’s important to note that the stoichiometry of the SbSn IMC can vary depending on factors such as the composition of the Sn-5.5Sb solder alloy, cooling rate, and processing conditions. The equation above represents a simplified reaction for the formation of the primary IMC in the Sn-5.5Sb solder system. However, it’s worth mentioning that additional IMCs such as SbSn2 and Sb3Sn may also form depending on the specific alloy composition and cooling conditions. The consistency between SSC-HT and as-cast samples can be seen in Fig. 5b, which confirms the existence of the same phases in both. The pressure heat treatment also has an impact on the relative intensities of the phases, as shown in Fig. 5. The XRD pattern does not display any new peaks, which implies that the treatment successfully refines the microstructure of the SSC-557 alloy.",
                "The transformation of the SSC-557-PHT alloy into a new phase is driven by nucleation and growth through atomic diffusion. The formation of nuclei depends mainly on the critical free energy, which can be reduced by increased pressure, leading to a decrease in nucleation activation energy and an increase in the nucleation rate. The solid-state phase’s transformations involve balance of difference in volume between the original and new phases, as well as the Gibbs free energy difference per unit volume. The impact of pressure on solid-state phase transformation of the SSC-557-PHT alloy is a combination of both promotion of nucleation and restriction of growth. On one hand, high pressure can lower the critical free energy and boost the nucleation rate, while on the other hand, it can raise the diffusion activation energy and slow down the growth of nuclei. As a result, high pressure can lead to finer grain structures in the alloy after the transformation."
            ]
        },
        {
            "name": "Thermal characterization",
            "content": [
                "The impact of pressure and heat treatment on β-Sn nucleation during solidification was evaluated by recording temperature profiles using differential scanning calorimetry (DSC). Figures 6a–c display the relevant portion of the DSC thermographs within a temperature range of 210–260 °C, with a cooling and heating rate of 10 °C/min. The findings, summarized in Table 2, indicate that applying pressure to the SSC-557 alloy resulted in significant alterations to the solidus, liquidus, and melting temperatures. The onset temperature (Tonset), the endset temperature (Tendset), and melting temperature (Tm) for the SSC-PHT solder decreased by about 5.1, 7.3, and 8.3 °C, respectively, compared to the SSC-557 alloy. The pasty range, a significant thermal factor in the creation of new solder alloys, was reduced from 5.0 °C in the SSC-HT solder to 4.0 °C in the SSC-PHT solder. This shows that both solders have a small melting range compared to the as cast SSC-557 and that the SSC-HT solder is more energy-efficient. The results of the DSC analysis demonstrate that the application of pressure during thermal processing has a noteworthy effect on the solidification of the SSC-557 alloy. The pressure reduces the degree of undercooling from 9.1 to 3.2 °C, suggesting that pressure can improve the solidification process by promoting heterogeneous nucleation and decreasing the free energy barrier. These results in the production of a microstructure that is finer in nature, characterized by a more evenly distributed arrangement of eutectic colonies ."
            ]
        },
        {
            "name": "Mechanical properties",
            "content": [
                "The results of the tensile testing conducted on the SSC-557, SSC-HT, and SSC-PHT alloys are displayed in Fig. 7. The specimens underwent testing at strain rate of 3.5 × 10−3 s−1 under room temperature conditions, approximately 30 °C. The impact of the heat treatment process on the recorded stress–strain characteristics of specimens is significant, regardless of whether pressure is applied or not. Additionally, it was found that the steady-state flow stresses of SSC-PHT were roughly 44.4% higher than that of SSC-HT alloys. This disparity is attributed to variations in the microstructure, which encompasses differences in the size, shape, quantity, and arrangement of the distinct phases composition in the SSC-PHT and SSC-HT specimens. It is crucial to consider that the solder alloys are subjected to both dynamic recovery and work hardening processes during the plastic deformation process . Conversely, the application of pressure results in an increased number of dislocation and defects. Furthermore, dispersion hardening and solid solution have the additional effect of impeding the movement of dislocations. As the alloys undergo deformation, the dislocations become intermingled and disordered, making it more challenging for them to move via the Sn-rich phases, particularly at lower temperatures . Table 3 showcases average values of Young modulus (E), the ultimate tensile strength (UTS), ductility (ε%), and yield stress (YS) of the three alloys under investigation. Several factors, including internal stress, dislocation density, internal voids, and microstructure, have an impact on the yield stress and ultimate tensile strength. It’s worth mentioning that the heat treatment process, particularly the pressure applied, has a noticeable impact on the tensile parameters, as seen by the significant 90.5% increase in ultimate tensile strength (UTS) and 86.8% increase in yield stress (YS). Despite this, the ductility of the studied solders remained relatively unchanged. The treated samples showed improvements in tensile parameters, due to the presence of a uniform and homogeneous microstructures and the reduction in grain size. Additionally, the application of high pressure facilitated the fragmentation and distribution of hard intermetallic particles within the Sn matrix, providing an effective impediment to grain boundary sliding and dislocation movement. Finally, the pressure-assisted thermal processing serves dual purposes. The treated samples exhibited improvements in tensile parameters, due to the uniformity and homogeneity of the microstructure and the refinement of grain size. High pressure also played a role in breaking down and spreading hard intermetallic particles evenly throughout the Sn matrix, which served as a hindrance to grain boundary sliding and dislocation movement. The pressure-assisted thermal processing has a dual function. On the one hand, the strengthening of the alloy matrix and the formation of large dislocation clusters at grain boundaries are promoted. On the other hand, the presence of hard fragments results in numerous nucleation sites that preserves the ductility of the SSCPHT alloys during plastic deformation by contributing to the recovery process. In summary, the impact of pressure-assisted heat treatment can be attributed to: (i) refining grain size and increasing grain boundary surface area, hindering dislocation sliding; (ii) increasing dislocation density and providing obstacles that restrict dislocation motion; (iii) promoting the dispersions hardening mechanism of IMCthrough fragmentations; and (iv) Solid solution strengthening is enhanced through an increase in the mutual solubility of elements . The validation of SSC-557-PHT alloy’s performance through experimental studies ensures its compatibility, reliability, and long-term performance under various operating conditions. The alloy’s ability to withstand thermal cycling, mechanical stress, and humidity exposure contributes to enhanced solder joint integrity and signal integrity in semiconductor components."
            ]
        }
    ],
    "abstract": "Here, we present a notable achievement in the development of Sn-5.5Sb-0.7Cu (SSC-557) alloy by employing pressure heat treatment (PHT) during the casting process. The resultant SSC-557-PHT alloy exhibits remarkable mechanical properties and demonstrates superior thermal characteristics. In comparison to the commonly utilized SSC-557 alloy, the SSC-557-PHT alloy demonstrates a substantial increase in both yield strength (YS) similar to 90.5% and ultimate tensile strength (UTS) similar to 86.8% at room temperature (RT), while preserving its ductility. The remarkable strength properties exhibited by the SSC-557-PHT alloy can be attributed to various factors. First, the alloy benefits from the reinforcement of fine-grain structure, thereby augmenting its overall mechanical performance. Moreover, the formation of a heterogeneous structure and the reduction in size of Cu6Sn5 and SbSn IMCs contribute significantly to the enhanced strength characteristics. These refined structures effectively serve as sources of dislocation and obstacles, thereby further enhancing the mechanical strength of the alloy. Furthermore, differential scanning calorimetry (DSC) analysis was conducted, revealing notable changes in thermal behavior after the application of pressure heat treatment (PHT). Specifically, the peak temperature decreased from 243.7 to 235.4 & DEG;C, the pasty range narrowed from 6.2 to 4 & DEG;C, and the undercooling decreased from 9.1 to 3.2 & DEG;C. These findings highlight the positive impact of PHT on the alloy's thermal characteristics, making it more suitable for practical applications. The results obtained in this study are expected to contribute significantly to closing the existing knowledge gap regarding the performance characteristics of recently developed solder alloys when subjected to PHT."
}