{
    "Sections": [
        {
            "name": "Analysis of the Microstructure of the Coating Surface",
            "content": [
                "The microstructure of the Ni–Fe–Co–P alloy coating and the Ni–Fe–Co–P/CeO2 composite coating is shown in Figs. 2a, 2b. There was an obvious cellular structure with a smooth surface in the coating. Figures 2c, 2d show the microstructure after a 200°C heat treatment. There was no obvious grain precipitation and grain refinement on the surface. The surface morphology is similar to the one without heat treatment, which means that 200°C was not sufficient to form a stable coating structure. Figures 2e, 2f show the microstructure after heat treatment at 400°C. In Fig. 2e, the cellular structure on the surface of the composite coating became denser and the grains were separated from the cellular structure, indicating that the coating had reached the crystallization temperature. However, the crystallization was not uniform enough and there were still large non-crystallized areas. In Fig. 2f, after the addition of CeO2 nanoparticles and the same heat treatment, the crystallization became more uniform. This is likely because the rare earth elements in the composite coating reduced the energy barrier for recrystallization and helped the intermetallic compound (IMC) to separate out. At this point, the coating was in a mixed crystalline and amorphous state, which helps improveme the wear resistance of the coating . Figures 2g, 2h show the microstructure after heat treatment at 600°C. In Fig. 2g, many fine grains precipitated from the Ni–Fe–Co–P alloy coating and flocculent oxides formed on the surface. This is because the composite coating had a poor oxidation resistance at high temperatures and the flocculent oxides on the surface led to a reduction of the microhardness and the wear resistance. There were significant differences seen in Fig. 2h. The grains on the surface of the composite coating precipitated evenly, which means that, the composite coating had been completely transformed into a crystalline state. On the other hand, fewer surface oxides appeared on the surface of the coating, which means that there the addition of CeO2 nanoparticles improved the oxidation resistance at high temperatures. Figure 2i, j show the microstructure after a hate treatment at 800°C. A secondary recrystallization occurred at this higher temperature heat treatment temperature. Consequently, the air between the grains was trapped, causing a decrease in the density and an increased grain size. In addition, significant cracking and peeling occurred, which means that the composite coating had experienced severe oxidation corrosion at this high temperature. As a result, the coatings could no longer protect the workpiece.",
                "Figure 3 shows the Ni, Fe, Co, P, Ce, and O element line-scan images of the Ni–Fe–Co–P alloy coating and the Ni–Fe–Co–P/CeO2 composite coating with different heat treatments. According to Figs. 3b, 3d, 3f, 3h, the Ce content in the Ni–Fe–Co–P/CeO2 composite coating was steady, which means that the CeO2 nanoparticles were well embedded in the composite coating regardless of the heat treatment. In Figs. 3e, 3g, the proportion of Fe on the surface of the coating decreased and the proportion of O increased, indicating that the surface of the coating underwent a significant enough oxidation corrosion at the higher temperatures to generate iron. Compared to Figs. 3f, 3h, the content of Fe and O was steady, which means that the CeO2 nanoparticles had a positive effect on the oxidation resistance of the composite coating at high temperatures ."
            ]
        },
        {
            "name": "Analysis of the Phase Transformation\nof the Coating Surface",
            "content": [
                "The XRD analysis of the Ni–Fe–Co–P alloy coating and the Ni–Fe–Co–P/CeO2 composite coating and the phase structures change for the different temperatures tested, as shown in Fig. 4. The analysis of the composite coating prepared at 800°C was not possible because a large area of the coating was lost. Figure 4a shows only a “hump peak” near a 2theta angle of 45°, for the composite coatings without heat treatment and after a 200°C heat treatment, which means that the composite coating was in an amorphous phase . When combining Figs. 4a, 4b, the “hump peak” became sharper when the heat treatment temperature reached 400°C, indicating that the composite coating began to crystallize at this temperature. In this state, the main phase essentially contains intermetallic compounds formed by Ni–P and Fe–Co . Compared with the amorphous phase composite coating, the intermetallic compounds provide a higher microhardness and a better wear resistance. On the other hand, there is no obvious diffraction peak for metal oxides in Fig. 4b. In Fig. 4b, the intensity of the diffraction peak for intermetallic compounds increased after adding the CeO2 nanoparticles. This is because the rare earth elements reduce the recrystallization energy. With the addition of the CeO2 nanoparticles, fine grain strengthening and dispersion strengthening were more significant, which greatly improved the microhardness and the wear resistance. When combining Figs. 4a, 4c, all the diffraction peaks were crystalline peaks for the heat treatment at 600°C. Several diffraction peaks for Fe2O3, Fe3O4, and CoFeO4 appeared in the Ni–Fe–Co–P alloy coating, indicating that severe high–temperature oxidation occurred in the Ni–Fe–Co–P alloy coating at 600°C. However, upon the addition of CeO2 nanoparticles, the main components were stable Ni3P and Ni–Fe–Co intermetallic compounds and only a few Fe2O3 diffraction peaks appear. This indicates that the oxidation resistance of the coating at this temperature has been effectively improved by the addition of CeO2 nanoparticles. Although the high-temperature oxidation resistance was improved, the appearance of loose oxides reduced the microhardness and the wear resistance of the composite coating."
            ]
        }
    ],
    "abstract": "To extend the service time of #45 steel, Ni-Fe-Co-P alloy coatings were prepared on workpieces. CeO(2)nanoparticles were also added and a heat treatment was carried out. Both the addition of CeO(2)nanoparticles and the heat treatment had a positive influence on the dispersion strengthening, the fine grain strengthening, and the pinning effect. The surface topography and the chemical composition of the coatings as well as the microstructure were analyzed by Scanning Electron Microscopy (SEM) and Energy Dispersive Spectrometry (EDS), and X-ray diffraction (XRD). The microhardness was tested with a Duramin-40 hardness tester. The wear resistance reflected by the wear mark was observed by a LEXT4100 laser confocal microscope The coating with the stable intermetallic compounds and the highest wear resistance were obtained for a CeO(2)nanoparticles content of 1g/L and a heat treatment temperature of 400 degrees C because the main phase is NiP(3)and the wear mark is the smallest for these parameters."
}