{
    "DOI": "10.1016/j.ijadhadh.2008.02.001",
    "Journal": "International Journal of Adhesion and Adhesives",
    "Keywords": [
        "Dielectric spectroscopy",
        "Non-destructive testing",
        "Epoxy/epoxides",
        "Aluminium and alloys",
        "Aging",
        "Environmental issues"
    ],
    "Sections": [
        {
            "content": [
                "Permittivity and loss values were recorded over the frequency range 0.1 Hz to 63 kHz using a frequency response analyser and over the frequency range 30 kHz to 6 GHz using a network analyser as described previously ."
            ],
            "name": "Dielectric analysis",
            "type": "ce_section"
        },
        {
            "content": [
                "Prior to starting the ageing study, each of the joints was non-destructively tested using both the frequency domain and time domain dielectric measurements—TDR to eliminate any poor joints. The dielectric characteristics of a good joint are essentially; a dielectric profile of a fully cured adhesive that is constant and independent of frequency over the entire frequency range and a well defined pulse train for the TDR measurement. Mechanical tests were carried out on a set of joints and the shear strength was 30.7±0.56 MPa and the joints failed cohesively. The crack opening measurements give an average crack initiation value, G Ic initial, of 3795±232 J m−2 with an average 45 mm value of 4972±304 J m−2. These results are in agreement with the manufacturer's data sheets and BAe internal quality data.",
                {
                    "content": [
                        "For convenience each of the environments will be discussed separately.",
                        {
                            "content": [
                                "De-ionized water is the most common ageing environment and has the potential of combining both plasticization of the adhesive and corrosion of the substrate ."
                            ],
                            "name": "De-ionized water",
                            "type": "ce_section"
                        },
                        {
                            "content": [
                                "Consistent with previous studies exposure of the joints to de-ionized water for a period of 730 days, at 65 °C showed an increase in the dielectric profiles (Fig. 1 ). The plots show the characteristics increase in permittivity and loss reflecting the effects of the water ingress into the joints. The shifts in the low frequency spectrum reflect the combined effects of change in the nature of the resin–substrate interface contributing to blocking electrode effects and plasticization lowering the glass transition temperature T g. The ingress of moisture into the adhesive layer is best monitored by observing the variation in the dielectric permittivity at 10 kHz and 3 MHz. At 3 MHz the variation will includes the effects of surface corrosion and water segregation into voids in the resin and identified by the characteristics relaxation behaviour of free water. At 10 kHz, the variation includes an additional contribution due to water bound in the resin matrix (Fig. 2 ). Observations at both frequencies indicate an initial increase which follows pseudo-Fickian type behaviour and at longer times becomes approximately constant values indicative of saturation. The additional increment of ∼1.2 between Fig. 2(a) and (b) at long times is an indication of the portion of water present bound to the resin matrix. As the water molecules diffuse into the adhesive they will become bound to the pendant hydroxyl groups of the epoxy resin. If the total dielectric permittivity increment is due to water absorption then ∼4 wt% water is being absorbed. Of this 4%, it would appear that 2.5% is segregated into voids and therefore only ∼1.5% is effective in plasticization of the matrix. This is consistent with previously observations on this resin ."
                            ],
                            "name": "Dielectric studies—frequency domain measurements",
                            "type": "ce_section"
                        },
                        {
                            "content": [
                                "Previous studies have shown how frequency domain measurements may be used to monitor the integrity of the joint structure and identify when changes occur within the bond line . Typical time domain plots for the joints exposed to de-ionized water are shown in Fig. 3 . The first reflection peak is displaced to longer times as ageing time is increased consistent with an increase in the dielectric permittivity. The presence of additional reflections, indicated by the upward pointing arrow (Fig. 3) and the broadening of the peaks indicate some degradation of the joints."
                            ],
                            "name": "Frequency domain measurements",
                            "type": "ce_section"
                        },
                        {
                            "content": [
                                "The shear strength data for joints aged in de-ionized water are summarized in Table 1 . The shear strength shows a progressive drop with time consistent with the proposal that plasticization of the adhesive occurs when water permeates the bond line . The increased scatter in the data at longer exposure times is indicative of a variability associated with the onset of corrosion which is confirmed by visual inspection of the failed joints. A slight recovery in strength observed after 200 days followed by a decrease after 400 days is similar to the behaviour observed by Milford and attributed to corrosion initially stabilizing the resin–substrate interface. By the end of the ageing period the high residual strength of these joints is 75% of its original value, indicating that there has been no significant deterioration of the adhesive/oxide interface. The failure is dominantly cohesive although some evidence of adhesive failure is appearing towards the end of the study. These observations are consistent with the changes observed in the frequency and time domain dielectric response of the joints that have not deteriorated significantly over the period of the ageing study.",
                                "The cleavage data (Table 1) exhibit parallel behaviour to that shown by the shear tests, the cleavage strength decreasing with ageing time. The cleavage strength of the joints after 16 days immersion in de-ionized water is seen to drop over the entire testing length of the joint (45 mm). Visual inspection of the fracture surfaces indicates that failure is cohesive but with small areas of adhesive/interfacial failure present. Areas of corrosion are easily noticeable in the fracture surfaces for the joints aged for 730 days."
                            ],
                            "name": "Mechanical testing",
                            "type": "ce_section"
                        }
                    ],
                    "name": "Environmental ageing",
                    "type": "ce_section"
                },
                {
                    "content": [
                        "Most of the hydrocarbons in jet fuel are members of the paraffin, naphthene, or aromatic classes. Water can be present in jet fuel as a molecular dispersion, as a separate liquid phase (free water), and as a fuel–water emulsion. A small amount of dissolved water is present in all fuels, however free water or a water emulsion are potentially hazardous and must be avoided.",
                        {
                            "content": [
                                "Immersion of the joints in aviation fuel at 65 °C for a period of 730 days has resulted in no significant changes in the dielectric profiles of the joints studied as illustrated by the variation of the permittivity and loss at 10 kHz and 3 MHz (Fig. 4 ). Aviation fuel has a low permittivity ∼2.0 and the observed reduction in the permittivity over 750 weeks, assuming a simple additivity law would be consistent with an uptake of 15% of fluid. The ability to permeate the adhesive is consistent with the aromatic content of aviation fuel that will make it compatible with the resin matrix. Because the fluid has a low polarity it has a minimal effect on the frequency dependence of the permittivity and loss spectra and the TDR traces (Fig. 5 ). The traces are essentially unchanged over the whole ageing period. Since the permittivity of the resin does not change significantly with the uptake of the aviation fluid, the delay time and hence the sequence of the peaks is unchanged. Unlike the exposure of the joints to de-ionized water, where additional peaks were observed as the ageing took place, the peaks show no change with exposure to aviation fuel, indicating that dimensionally the joints have not changed."
                            ],
                            "name": "Dielectric results",
                            "type": "ce_section"
                        },
                        {
                            "content": [
                                "Shear and cleavage tests were performed on joints and the results are presented in Table 2 . There is a slight increase in the shear strength after a period of 9 days possibly due to stress relaxation within the adhesive matrix. The shear strength however falls slowly consistent with the decrease in the dielectric permittivity data. Visual inspection of the fracture surfaces shows predominately cohesive failure until ∼400 days, where upon a mixed failure mode is observed, with cohesive failure being still dominant. Cleavage joints exhibit a similar trend to the shear tests the failure being predominantly cohesive. As ageing progresses, the cleavage strength is reduced, with a loss in cleavage load of 58% at the pre-crack end (0 mm) and 48%, 45 mm into the joint after 730 days. These observations are consistent with the essentially no polar but low molar mass aviation fuel having a limited ability to plasticizing the adhesive."
                            ],
                            "name": "Mechanical tests",
                            "type": "ce_section"
                        },
                        {
                            "content": [
                                "Hydraulic fluids in contrast to aviation fuel will have a higher aliphatic content and will contain some cyclic molecules. The hydraulic fluid will therefore be less compatible with the adhesive and might be expected to plasticize less the adhesive."
                            ],
                            "name": "Hydraulic fluid",
                            "type": "ce_section"
                        },
                        {
                            "content": [
                                "As with the case of the aviation fuel there were not significant changes in the frequency of time dependent dielectric spectra as a function of ageing time. Once more tracking the changes at 10 kHz and 3 MHz, Fig. 6 indicates a small decrease in the permittivity reflecting the ingress of the lower dielectric permittivity of the fluid reducing the effective permittivity of the adhesive layer. The permittivity of the hydraulic fluid was measured to be ∼2.6. The change in dielectric permittivity implies an ingress of ∼9.5 wt% of hydraulic fluid over 750 days ageing. The time domain measurements, like those for the aviation fluid showed no variation with time."
                            ],
                            "name": "Dielectric results",
                            "type": "ce_section"
                        },
                        {
                            "content": [
                                "Measurements of the shear and cleavage strength are presented in Table 3 . The shear strength data indicates that there is no degradation of the mechanical shear properties of the joints exposed to hydraulic fluid after 730 days at 65 °C and visual inspection of the fracture surfaces indicated that the failure was cohesive. The low polarity hydraulic fluid is not a very good plasticizer for the adhesive. The average cleavage loads show an overall decrease both for the crack initiation (0 mm) and 45 mm into the joint, with a loss of 25% and 20%, respectively. The greater decrease in cleavage load observed at 0 mm is due to solvent ingress occurring from three exposed sides. The final loss in strength after 730 days is 39%."
                            ],
                            "name": "Mechanical results",
                            "type": "ce_section"
                        },
                        {
                            "content": [
                                "Many deicing fluids contain a glycol as a significant component. Propylene glycol was selected for study as it contains a balance between hydrophobic and hydrophilic characteristics that would allow it to permeate into the adhesive. The dielectric permittivity at room temperature was measured to be 32 would suggest that its permeation into the adhesive should be readily easily monitored by dielectric measurements."
                            ],
                            "name": "Propylene glycol",
                            "type": "ce_section"
                        },
                        {
                            "content": [
                                "Ageing of bonded joints in propylene glycol does not to change significantly the dielectric permittivity profiles at higher frequencies, but changes markedly the profile below 1000 Hz (Fig. 7 ). In contrast to the spectra obtained for the hydrocarbon-based systems, the propylene glycol exhibits very significant changes during the period of exposure and parallels the type of behaviour observed with water uptake. The dielectric permittivity at 3 MHz and 10 kHz (Fig. 8 ) rises as a function of time across the whole spectral range studied and even after 730 days of ageing do not appear to have reached a saturation value. At the lower frequencies, the permittivity is seen to increase rapidly to values of the order of 104. The changes in the low frequency spectrum are a result of a combination of the effects of electrode polarization and greater ionic mobility revealing the heterogeneity of the material through interfacial polarization effects. Studies on the pure liquid indicate the presence of a conduction processes characterized by a ‘ε’αω −1 dependence of the dielectric loss. The time domain data (Fig. 9 ) indicates that whilst there have been the expected shifts in the peaks with the increasing dielectric permittivity but there is no indication of a disruption of the bond line signified by the introduction of new peaks.",
                                "Using the simple additivity relation, the amount of propylene glycol which has been absorbed after 750 days can be estimated to be ∼0.12%. This is a very low level of adsorption for propylene glycol and would therefore be expected to have a small effect on the mechanical properties. The dominant effect in the case on the dielectric analysis is the increased low frequency conductivity which will have a minimal effect on the TDR data. The dielectric data suggests that although some propylene glycol uptake has occurred it is not having a significant effect on the mechanical properties of the joint."
                            ],
                            "name": "Dielectric measurements",
                            "type": "ce_section"
                        },
                        {
                            "content": [
                                "Measurements of the shear strength and the cleavage energy are presented in Table 4 . Visual inspection of the failed joints indicated cohesive failure and, only one joint of after 730 days of exposure showing any indication of adhesive failure. Consistent with the predictions from the dielectric analysis the shear strength is almost constant for the period of 750 days of the ageing experiment. The cleavage measurements show some loss of strength, but all the joints failed cohesively. The small decrease is cleavage energy is consistent with a small amount of solvent ingress influencing the mechanism of the failure process."
                            ],
                            "name": "Mechanical results",
                            "type": "ce_section"
                        },
                        {
                            "content": [
                                "Dichloromethane was at one time used as a paints stripper during the regular maintenance on civil aircraft. Dichloromethane is a representative example of an aggressive solvent for an epoxy resin. The dielectric permittivity of dichloromethane was measured to be 9, potentially making it a system which should be easily investigated using dielectric methods."
                            ],
                            "name": "Dichloromethane",
                            "type": "ce_section"
                        },
                        {
                            "content": [
                                "Because of the high volatility of the dichloromethane the ageing studies were only carried out at room temperature. The dielectric permittivity and loss are shown as a function of ageing time in Fig. 10 . The dielectric permittivity increases initially reflecting the ingress of dichloromethane that is a very effective plasticizer of the epoxy resin and this occurs for the first 7 days. The apparent lack of a further increase in the dielectric permittivity is indicative of significant changes occurring to the adhesive. If it is assumed that further solvent ingresses will be taking place as time increases and the lack of increase in the dielectric permittivity indicates swelling of the adhesive and an increase in thickness of the bond line. If the adhesive bond line were to increase steadily with time the permittivity and hence capacitance of the joint could appear to remain constant. After a period of 100 h the dielectric permittivity decreases indicative of the creation of air filled voids and the extraction of lower molar mass un-reacted monomer from the bond line and this continues up to 150 days, whereupon the study was stopped because the joints failed. The fact that both the 10 kHz and 30 MHz exhibit almost parallel decreases in their permittivity indicate that void formation is the principle cause of the decrease (Fig. 11 ). The TDR traces for the joints (Fig. 12 ) show the expected initial shift of the peaks to longer times as the dielectric permittivity increase with ingress of solvent. The effective permittivity ε¯ of a material is related to the time difference between two neighbouring peaks and is given by ε¯=(c2l/Δt)2, where c is the speed of light, l is the physical length of the joint structure and Δt is the time between two neighbouring peaks in the time domain trace . At approximately 16 days void creation begins and is marked by a drop in the permittivity and a subsequent significant disruption of the pulse train at about 26 days and decrease in the permittivity, Fig. 13 . This creation of voids continues and leads to weakening of the interfacial strength."
                            ],
                            "name": "Dielectric results",
                            "type": "ce_section"
                        },
                        {
                            "content": [
                                "The shear strength and the cleavage energy were measured as a function of the ageing time (Table 5 ). Visual inspection of the joints indicates that the failure initially occurs cohesively, but as ageing progresses, adhesive failure becomes the dominant failure mode (Fig. 14 ). It is immediately apparent that solvent ingress, creation of voids and weakening of the adhesive–substrate interface. The degradation in the adhesive bond is very evident after 9 days leading to a loss of ∼75% of the shear strength after 50 days immersion. The cleavage strength decreases in a parallel manner to the shear strength, and a rapid decrease in cleavage load is apparent after 50 days."
                            ],
                            "name": "Mechanical results: shear joints",
                            "type": "ce_section"
                        },
                        {
                            "content": [
                                "Urea is a potential media for exposure can occur as a consequence of spillage form waste disposal systems. Urea has been shown to inhibit corrosion of aluminium and it is therefore of interest to examine what effects might be seen if this were used as an ageing media."
                            ],
                            "name": "Urea",
                            "type": "ce_section"
                        },
                        {
                            "content": [
                                "The ageing behaviour for the urea solution follows a similar pattern to that of joints aged in de-ionized water (Fig. 15 ) except that the profile shows little change after the initial changes. The low frequency changes are associated with the combined effect of increased ionic conduction, electrode polarization and plasticization. The values for the permittivity at low frequencies are almost 10 times greater than those for joints aged in de-ionized water and are possibly a consequence of interaction of the urea with the oxide layer increasing the blocking nature of the electrode. Increase in the dielectric permittivity at 3 MHz is consistent with an increase in the amount of ‘free’ water present in the adhesive. Fig. 16 shows the absence of a plateau region and implies that saturation of the epoxy has not yet been reached, in contrast to the situation with de-ionized water where an apparent plateau was reached after ∼340 days. The urea is changing the way in which the water is interacting with the adhesive and the oxide interface in the joint. The increase in the permittivity at 3 MHz is indicative of an increase in free water in the joint and reflects the creation/presence of micro voids within resin and is consistent with ∼2% moisture being present in this form. The variation at 10 kHz will include both bound water and the creation of hydroxide as a consequence of corrosion. If we assume that the increment is totally due to water uptake this would equate to a further ∼2% absorption, but could be lower if some of the moisture has converted the oxide to hydroxide.",
                                "Time domain measurements on the urea aged joints (Fig. 17 ) shows the expected shift of the peak to longer times consistent with the increase in the dielectric permittivity. The appearance of a shoulder on the long time edge of the first peak is indicative of degradation of the joint at its end, but there is not significant disruption of the pattern which would be indicative of changes in the bond line structure. Disruption at the end for the bond could have an effect on the cleavage data."
                            ],
                            "name": "Dielectric results",
                            "type": "ce_section"
                        },
                        {
                            "content": [
                                "The results of the shear strength and cleavage energy measurements are summarized in Table 6 . Ageing of aluminium bonded joints in urea, like de-ionized water, results in deterioration of the mechanical strength of the joints. There is a steady and continuous decrease in shear strength with exposure time. The loss of the shear strength is less than that observed with de-ionized water, where the loss was 75% after 750 days and with urea is only 57%. This observation is consistent with the urea inhibiting corrosion of the resin substrate interface as well as possibly influencing the ability of the water to plasticize the resin.",
                                "The fracture surfaces indicate that the initial cohesive failure changes to adhesive failure after about ∼100 days exposure. After 200 days ageing, the failure mode becomes slightly more cohesive, accounting for the slight rise in shear strength observed at this point. This observation would be consistent with the stabilizing influence of the slow growth of oxide inhibited by the presence of the urea. Close inspection of the regions of interfacial failure indicate that they have a ‘shiny’ appearance in contrast to the other areas of exposed aluminium. The difference in appearance is consistent with the oxide growth being inhibited by the presence of the urea and it was noticeable that the outer surface of the joints suffered noticeably less corrosion than in the case of the exposure to de-ionized water."
                            ],
                            "name": "Mechanical results",
                            "type": "ce_section"
                        }
                    ],
                    "name": "Aviation fuel",
                    "type": "ce_section"
                },
                {
                    "content": [
                        "To complete the study of potential aggressive environments a study was undertaken with standard sea water. The inclusion of salts into the aqueous phase can in principle enhance cathodic corrosion effects, but its will also influence the nature of the diffusion process for water into the resin matrix.",
                        {
                            "content": [
                                "The dielectric permittivity and loss of a series of joints were measured as a function of ageing time (Fig. 18 ). The ageing behaviour is similar to that for de-ionized water and the aqueous urea solution. The low frequency permittivity and loss increasing with ingress of moisture reflecting the activation of the blocking electrode and interfacial polarization processes that reflect heterogeneity in the joints. Unlike the case of the urea solutions the peaks change with time reflecting changes in the nature of the processes as ageing occurs. A clear additional feature is identified at longer ageing times and can be associated with the development of aggressive corrosion in the joint.",
                                "In a previous paper , the dielectric characteristics associated with filiform corrosion taking place at the adhesive–substrate interface has been associated with a dielectric feature located around 104 Hz. The availability of ionic species that can permeate into the bond line interface will aid filiform corrosion and the observed relaxation feature is associated with the electrolyte located at the edge of the filament.",
                                "Exposure of bonded joints to simulated ocean water has resulted in severe degradation. The dielectric permittivity at low frequencies is related to the migration of charge carriers and is greater in the sea water aged joints aged than those aged in de-ionized water. The dielectric permittivity plotted at 3 MHz and 10 kHz (Fig. 19 ) indicate the various stages in the bond degradation.",
                                "The data presented refer to one joint and indicate the way in which the ingress of moisture occurs and is distributed between free and bound water. If we assume that there is an initial plateau value of the permittivity at approximately 250 days then the amount of free water is ∼1.6 wt% and bound water is ∼2.6 wt%. After ∼250 days the data becomes more erratic. The apparent increase in the permittivity at 10 kHz is a consequence of an additional contribution due to the filiform corrosion becoming effective. There is no increase in the permittivity at 3 MHz which is indicative of the appearance of the extra characteristic processes adding to the low frequency permittivity. The subsequent fluctuations reflect further corrosion and ultimately the large increase reflects large conductivity losses as the interfaces open prior to complete failure. The apparent drop in the permittivity at high frequencies reflects the creation of air voids lowering the permittivity and is a precursor to the bond failure. Time domain data were obtained for the joints aged in sea water (Fig. 20 ). It is evident that the first peak shifts to longer time as the permittivity increases but as saturation is reached the first disruption in the peak pattern is observed. Close inspection of the pattern indicates disruption coincident with the creation of voids and defects. The total disruption of the pulse pattern is very evident prior to the total loss of adhesion of the joints at ∼450 days."
                            ],
                            "name": "Dielectric results",
                            "type": "ce_section"
                        },
                        {
                            "content": [
                                "The shear strength and cleavage energy were measured for the joints aged in sea water and are summarized in Table 7 . As expected the ingress of the sea water leads to a loss of strength of the joints. The initial drop both in the shear strength and cleavage energy reflects the effects of water plasticization of the joint. Once corrosion and void creation has started to occur within the bond line at about 300 days, there is a greater scatter in the data and a more marked reduction in the cleavage energy. The shear strength shows the expected reduction but is not as marked as the drop in the cleavage energy. Inspection of the fracture energy surfaces indicates that the initial fracture was cohesive and after 300 days starts to exhibits a mixed failure mode becoming more adhesive as time progresses."
                            ],
                            "name": "Mechanical measurements",
                            "type": "ce_section"
                        }
                    ],
                    "name": "Sea water",
                    "type": "ce_section"
                }
            ],
            "name": "Results and discussion",
            "type": "ce_section"
        }
    ],
    "Title": "Environmental effects on the ageing of epoxy adhesive joints",
    "abstract": "Adhesive bonded joints are exposed to a range of different environments in aerospace applications. This paper reports dielectric and mechanical analysis of aluminium-epoxy bonded adhesives joints exposed to de-ionized water, aqueous urea solution and salt water at 65 degrees C. The changes observed are the results of plasticization and corrosion. In the case of the aqueous urea solution, passivation of the oxide by the urea reduced the rate of corrosion. Sea water contains mobile ions and a new feature is detected associated with filiform corrosion. The non-polar media aviation fuel and hydraulic fluid are able to plasticize the adhesive and there is a consequent reduction in the strength of the joint. Propylene glycol, although it is polar solvent, produces limited plasticization and degradation of the joints. Dichloromethanc was very aggressive and produced a rapid loss of strength of the joints. (C) 2008 Elsevier Ltd. All rights reserved."
}