{
    "Sections": [
        {
            "name": "Microstructural Observation and Fractography",
            "content": [
                "The as-welded and the postweld aged cross sections were polished with an alumina suspension, etched with Keller’s reagent (150 mL H2O, 3 mL HNO3, 6 mL HF, and 6 mL HCl) and observed using an optical microscopy. The tensile-fractured surfaces were examined using a scanning electron microscope (SEM) for the 1600 rpm-200 mm/min and 800 rpm-315 mm/min welding conditions. It is reported (Ref  that increasing the rotation speeds or decreasing the travel (welding) speeds tends to increase the heat input and welding temperatures. Therefore, the 1600 rpm-200 mm/min welding case is considered as the highest heat input welding condition; 800 rpm-315 mm/min is considered as the lowest heat input welding condition in this study."
            ]
        },
        {
            "name": "Macro and Microstructure",
            "content": [
                "The macrostructures of A1 and PWA1 welds are shown in Fig. 5. These welds are considerably consistent with those found by other authors (Ref . Labels A, B, and C represent the weld nugget (WN) or the stir zone (SZ), the thermomechanically affected zone (TMAZ), and the heat-affected zone (HAZ), respectively. The unaffected zone of the weld is displayed as the base metal (BM). The WN widens near the upper surface in contact with the rotating head-pin fixture. This is because the upper surface experiences significantly high frictional heating and plastic flow due to contact with the shoulder of the tool during FSW. The size and the shape of the weld zone are almost the same for the as-welded and the postweld aged specimens, as seen in Fig. 5.",
                "Figure 6 shows the microstructures of the WNs for each welding. It can be seen that as the rotation speed increases at a constant welding speed, in general the grain sizes of the WNs increase clearly. A similar result was obtained by Xu et al. (Ref . If the microstructures are compared with respect to welding speed, no significant variation is seen in the grain sizes of the WNs. For this reason, it can be concluded that rotation speeds used in this study are more effective for the grain sizes of the WNs than the applied welding speeds. This can be attributed to the high welding temperatures obtained by the high rotation speeds. As presented in Table 3, high rotation speeds generally created high welding temperatures. This result is consistent with the previous study (Ref ."
            ]
        },
        {
            "name": "Mechanical Properties",
            "content": [
                "The horizontal hardness profiles of the as-welded and the postweld aged plates are shown in Fig. 7. Both groups of welds have roughly homogeneous hardness profiles as had been reported earlier by Sato et al. (Ref  and Rodrigues et al. (Ref  for friction stir-welded Al alloys 5083-0, 6063-T4 and 6016-T4, respectively. In contrast, similar research studies (Ref  observed low hardness regions at the WN or at TMAZ. This contradiction can be attributed to many variables including welding process parameters, hardness measurement methods, production, and initial temper condition of the base metal. For instance, Sato et al. (Ref  studied on Al alloy 6063-T5 and T4, and they obtained a low hardness (softened) region for T5 and an homogeneous hardness profile for the T4 initial temper condition.",
                "The reason for the non-softening region or the increase in the hardness of the WN can be explained by the weld temperature during welding. As can be seen in Table 3, the maximum weld temperatures almost reach the solutionizing temperature of 6063 alloy. Thus, during the welding process, the WN region is exposed to solutionizing treatment and in that region the existing second phase particles are dissolved, making the region free of precipitate. After a while, natural aging process may take place in this free precipitate region, causing an increase in hardness. This result is consistent with the previous study (Ref .",
                "The variation in the tensile properties due to the welding parameters (rotation and welding speed) for the as-welded and the postweld aged conditions is presented in Fig. 8. Depending on the welding speed and the postweld aged conditions, the effect of the rotation speed on the tensile properties was different. The yield and the UTS decreased slightly because of the rotation speed for the welds performed at 315 mm/min welding speed. In the case of 200 mm/min welding speed, the strengths increased slightly with the increase of the rotation speed. Xu et al. (Ref  found a similar result; that the tensile, yield strengths and elongation values had increased linearly with increasing rotation speed from 800 to 1100 rpm at a constant welding speed of 140 mm/min. In general, the yield strength and the UTS increased with increase in rotation speed for the postweld aged plates.",
                "It was observed that the high rotation speed (1600 rpm) removed the effect of the welding speed for the as-welded condition. The yield, the UTS, and the percent elongation values were measured equally for both the 200 and 315 mm/min welding speeds at 1600 rpm, as 100 MPa, 140 MPa, and 19%, respectively. At the low rotation speed (800 rpm), the strengths and the percent elongation increased with increasing welding speed. Hence, it can be concluded that the welding speed is not the solely determinant parameter on the tensile property, and the effect of the rotation speed should not be neglected. Ericsson and Sandstrom (Ref  welded the plates of 6082-T6 and 6082-T4 alloys at high rotation speeds (2200 and 2500 rpm) using various welding speeds between 700 and 1400 mm/min. They reported that the welding speed had no considerable effect on the tensile properties.",
                "The tensile-fractured locations and the distances of these locations from the weld centers are given in Table 3. It is observed that all the welds are fractured at the retreating sides except for the A2 weld. A similar observation was also made in previous studies (Ref . This result shows that the tensile properties of the advancing side may be better than the retreating side of the weld, and the properties of these two sides are not the same. Huijie et al. (Ref  reported that the tensile fractures were on the retreating side and the mechanical properties of the retreating side were poorer than that of the advancing side for 6061-T6 Al alloy. In contrast, some previous studies (Ref  reported that tensile fractures occurred in the stir zone or on the advancing side because of localized defects or minimum hardness at the fracture locations.",
                "No visible damage was observed in any of the welded specimens after 180° bending tests, as shown in Fig. 9. This endorses the result of the tensile tests in which the tensile fractures did not occur at the WNs. The variations of the UTS and the maximum bending forces (Fmax) for the as-welded and the postweld aged specimens are presented in Fig. 10. In general, it is observed that the fluctuations of the maximum bending forces and the UTS are almost parallel to each other for both the as-welded and the postweld aged conditions. During bending, while the bottom surfaces of the specimens which correspond to the upper surface of the WN were subjected to tensile stress, the upper surfaces were subjected to compression stress. Therefore, parallel fluctuation between the bending forces and the UTS is an expected result.",
                "The Fmax values increased slightly (9 N enhancement) at the welding speed at 1120 and 1600 rpm rotation speeds for the as-welded condition. On the other hand, the Fmax values decreased after the postweld aging process for the welds, performed at 200 mm/min welding speed. The maximum reduction (147 N) was recorded between A1 and PWA1, welded at an 800 rpm tool rotation speed. In contrast, the postweld aging process caused the Fmax values to increase at a welding speed of 315 mm/min. The maximum rising (167 N) is between A2 and PWA2, welded at 800 rpm. It can be concluded that the postweld aging process is more effective on the Fmax value at the low rotation speed (800 rpm)."
            ]
        }
    ],
    "abstract": "6063-T4 Al alloy was friction stir welded at various tool rotations (800, 1120, and 1600 rpm) and welding speeds (200 and 315 mm/min) using a specially manufactured tool with a height-adjustable and right-hand-threaded pin. The postweld aging process (at 185 A degrees C for 7 h) was applied to a group of the welded plates. In this study, the effects of the welding parameters and the postweld aging treatment on the microstructural and mechanical properties of 6063-T4 Al alloy were studied. The maximum weld temperatures during the welding process were recorded, and the fracture surfaces of tensile specimens were examined using a scanning electron microscope. The homogeneous hardness profiles were obtained for all the weldings with no trace of softening regions. It was observed that the ultimate tensile strengths (UTS) increased slightly (on average by approx. 8%) and the percent elongations decreased (on average by approx. 33%) by the postweld aging treatment. The maximum bending forces (F (max)) of all the welds were less than that of the base metal. It was observed that the F (max) values increased after the postweld aging process at the welding speed of 315 mm/min and decreased at the welding speed of 200 mm/min."
}