{
    "DOI": "10.1016/j.jmbbm.2012.04.007",
    "Journal": "Journal of the Mechanical Behavior of Biomedical Materials",
    "Keywords": [
        "Mg–Dy alloys",
        "Heat treatment",
        "Mechanical properties",
        "Bio-corrosion properties"
    ],
    "Sections": [
        {
            "content": [
                "Specimens for transmission electron microscopy (TEM) were prepared by grinding them mechanically to a thickness of about 120 μm and then thinned by electropolishing. This electropolishing was carried out in a twin jet system using a solution of 2.5% HClO4 and 97.5% ethanol at −45 °C and a voltage of 40 V. The TEM examinations were carried out on a Philips CM 200 instrument operated at 200 kV.",
                "For the phase analysis, X-ray diffraction (XRD) measurements were performed using a diffractometer (Siemens D5000, Germany) with Cu K-α1 radiation (wavelength k=0.15406 nm) and a secondary monochromator. The diffraction patterns were measured from 15° to 90° (2θ) for each specimen. The step size was 0.02° and the step time is 3 s. CaRIne crystallography software (version 3.1) was used to simulate the diffraction peak of β′ phase based on its crystal structure (orthorhombic, a=0.64 nm, b=0.22 nm, c=0.52 nm) ()."
            ],
            "name": "Microstructure analysis",
            "type": "ce_section"
        },
        {
            "content": [
                {
                    "content": [
                        "Table 2 shows the actual composition of experiment alloys, which is close to their nominal content. No Ni is detected by XRF in the alloys, but the detection limit of Ni for the used XRF instrument is 0.004 wt%. Thus it is known that the content of Ni is less than 0.004 wt% in these alloys."
                    ],
                    "name": "Chemical analysis",
                    "type": "ce_section"
                },
                {
                    "content": [
                        "The effect of ageing time on the Vickers hardness of Mg–Dy alloys aged at different temperatures is shown in Fig. 1. At 250 °C, the ageing effect is less noticeable for all alloys (Fig. 1(a)). In contrast, the effect of ageing at 200 °C on hardness is significant for Mg–20Dy alloy while still very weak for both Mg–15Dy and Mg–10Dy alloys (Fig. 1(b)). For Mg–20Dy alloy aged at 200 °C, there is little change of the hardness in the initial period (stage I). And then, the hardness increases apparently with the increase of ageing time up to 168 h (stage II). When the ageing time exceeds 168 h (stage III), the increasing rate of hardness becomes very slow. However, the peak hardness is not observed even after ageing for 480 h."
                    ],
                    "name": "Ageing behavior",
                    "type": "ce_section"
                },
                {
                    "content": [
                        "Optical and scanning electron microscopy (SEM) observations of microstructure for the as cast and T4 conditions were described and published elsewhere (). For the phase analysis, XRD was performed for Mg–20Dy alloy in T4 and T6 conditions. However, due to the small amount of phases in T4 and in 250 °C ageing conditions, only peaks of Mg were detected and they are not shown here. For Mg–20Dy alloy aged at 200 °C for 168 h, β′ phase is identified in the XRD pattern as shown in Fig. 2.",
                        "Fig. 3 presents the precipitates distribution and corresponding diffraction pattern of Mg–20Dy alloy. After aged at 250 °C for 16 h (T6-1), only a few precipitates are formed and distributed unevenly in the matrix (Fig. 3(a)). After ageing at 250 °C for 72 h, these precipitates further grow. In the meantime, some new precipitates are formed, as indicated by arrows (Fig. 3(b)). Due to the small size and small amount of the precipitates, selected area diffraction for them was very difficult to obtain. When aged at 200 °C, based on our previous work on Mg–RE alloys and present study the precipitation sequence can be divided into three stages until peak aged condition as shown in Fig. 1. The β″ phase forms at the stage I where has little change in hardness. A mixture of β″ and β′ phases are the precipitates at the stage II where the hardness increase remarkably. In the third stage, β′ is the dominant phase. Fig. 3(c) shows the TEM microstructure for the specimen aged at 200 °C for 168 h (T6-2), which is close to the peak ageing. The microstructure of the specimen was observed with beam direction parallel to [1 0 1¯ 0]α. Very fine plate-like shape precipitates are homogeneously distributed all over the α-Mg matrix, which have a size of 10–30 nm in length and <10 nm in width (Fig. 3(c)). The selected area diffraction (Fig. 3(d)) indicates that these fine precipitates are the metastable phase β′, which is consistent with the XRD result. Similar precipitates and diffraction pattern were also reported in WE54 and Mg–Gd–Y alloys ()."
                    ],
                    "name": "Microstructure",
                    "type": "ce_section"
                },
                {
                    "content": [
                        "Fig. 4 shows the tensile and compressive properties of alloys in different conditions. In comparison with T4 condition, in T6-1 condition the tensile yield strength (TYS) remains unchanged for Mg–10Dy and Mg–15Dy alloys and increases slightly for Mg–20Dy alloy (Fig. 4(a)). In T6-2 condition, the TYS of Mg–10Dy alloy is slightly increased. With the increase of Dy amount, the increment of TYS increases. A significant improvement from 110 to 167 MPa is obtained for Mg–20Dy alloy (Fig. 4(a)). The elongation remains at the same level in T4, T6-1 and T6-2 conditions for Mg–10Dy alloy, while it reduces by around 35% and 50% for Mg–15Dy and Mg–20Dy alloys after T6-2 (Fig. 4(b)). After T6-2, the ultimate tensile strength (UTS) is significantly increased from 147 to 219 MPa for Mg–20Dy alloy (Fig. 4(c)), while it remains at the same level for Mg–10Dy and Mg–15Dy alloys.",
                        "The results obtained in compression follow a similar trend to that obtained in tension. T6-1 has no effects on the compressive properties for Mg–10Dy and Mg–15Dy alloys, while it contributes to a marginal improvement in compressive yield strength (CYS) for Mg–20Dy alloy (Fig. 4(d)). In T6-2 condition, an increase in Dy content contributes to more increment in CYS and UCS, while it reduces the compressive ductility. For example, after T6-2 the CYS and UCS of Mg–20Dy alloy are increased dramatically from 116 and 175 MPa to 229 and 360 MPa, respectively (Fig. 4(d, f)). But at the same time, its compressive ductility is reduced from 11% to 5% (Fig. 4(e))."
                    ],
                    "name": "Mechanical properties",
                    "type": "ce_section"
                },
                {
                    "content": [
                        "Fig. 5 shows the corrosion rate of Mg–Dy alloys after immersion for 3 day in 0.9 wt% NaCl solution at room temperature. Compared with T4 condition, the corrosion rate slightly changes for all alloys after T6-1. It increases by around 32%, from 3.13 to 4.16 mm/year, for Mg–20Dy alloy. However, it decreases by around 28% and 25%, from 1.34 to 0.97 and from 1.37 to 1.03 mm/year, for Mg–10Dy and Mg–15Dy alloys, respectively. After T6-2, the corrosion rate of Mg–10Dy alloy remains at the same level in comparison with that in T4 condition, while it increases significantly for Mg–15Dy and Mg–20Dy alloys. Especially for Mg–20Dy alloy the corrosion rate increases to 21.53 mm/y, which is about 7 times of that in T4 conditions (3.13 mm/y).",
                        "Fig. 6 shows the corrosion rate of Mg–Dy alloys after immersion in CCM under cell culture conditions for 14 day. After T6-1, there is little change of corrosion rate for all alloys, which is neglectable by taking the deviation into account. After T6-2, the corrosion rate remains the same for Mg–20Dy alloy, while it is even reduced for Mg–10Dy and Mg–15Dy alloys. For example, it reduces from 0.75 to 0.48 mm/y for Mg–10Dy alloy.",
                        "Fig. 7 shows the macro corrosion morphology of Mg–20Dy alloy after removing corrosion products. In 0.9 wt% NaCl solution, very few pitting corrosion occurs in T4 condition (Fig. 7(a)), while serious pitting corrosion occurs all over the surface of the specimen in T6-2 condition (Fig. 7(b)). In CCM, the corrosion morphologies of the specimens are similar in T4 and T6-2 conditions, which are caused by severe localized corrosion (Fig. 7(c and d)).",
                        "Fig. 8 shows the microstructure and composition of corrosion layer for Mg–20Dy alloy in T6-2 condition. After immersion in 0.9 wt% NaCl solution for 1 day, the corrosion layer is non-uniform (Fig. 8(a)) and has a porous microstructure (Fig. 8(b)). The EDX analysis indicates that the layer contains 43.85 wt% O, 54.48 wt% Mg and 1.67 wt% Dy (Fig. 8b). After immersion in CCM for 7 day, the uniform corrosion layer is formed on the surface of specimens regardless of the cracks which are formed due to dehydration during drying (Fig. 8(c)). Even at high magnification, the corrosion layer is still appeared to be dense and have no porous structure. Elements O, Mg, P, Ca and Dy are detected in the corrosion layer by EDX analysis. It is worth noting that Dy content is very high, reaching 70.73 wt%."
                    ],
                    "name": "Corrosion",
                    "type": "ce_section"
                }
            ],
            "name": "Results",
            "type": "ce_section"
        },
        {
            "content": [
                {
                    "content": [
                        "Table 2 shows the actual composition of experiment alloys, which is close to their nominal content. No Ni is detected by XRF in the alloys, but the detection limit of Ni for the used XRF instrument is 0.004 wt%. Thus it is known that the content of Ni is less than 0.004 wt% in these alloys."
                    ],
                    "name": "Chemical analysis",
                    "type": "ce_section"
                },
                {
                    "content": [
                        "The effect of ageing time on the Vickers hardness of Mg–Dy alloys aged at different temperatures is shown in Fig. 1. At 250 °C, the ageing effect is less noticeable for all alloys (Fig. 1(a)). In contrast, the effect of ageing at 200 °C on hardness is significant for Mg–20Dy alloy while still very weak for both Mg–15Dy and Mg–10Dy alloys (Fig. 1(b)). For Mg–20Dy alloy aged at 200 °C, there is little change of the hardness in the initial period (stage I). And then, the hardness increases apparently with the increase of ageing time up to 168 h (stage II). When the ageing time exceeds 168 h (stage III), the increasing rate of hardness becomes very slow. However, the peak hardness is not observed even after ageing for 480 h."
                    ],
                    "name": "Ageing behavior",
                    "type": "ce_section"
                },
                {
                    "content": [
                        "Optical and scanning electron microscopy (SEM) observations of microstructure for the as cast and T4 conditions were described and published elsewhere (). For the phase analysis, XRD was performed for Mg–20Dy alloy in T4 and T6 conditions. However, due to the small amount of phases in T4 and in 250 °C ageing conditions, only peaks of Mg were detected and they are not shown here. For Mg–20Dy alloy aged at 200 °C for 168 h, β′ phase is identified in the XRD pattern as shown in Fig. 2.",
                        "Fig. 3 presents the precipitates distribution and corresponding diffraction pattern of Mg–20Dy alloy. After aged at 250 °C for 16 h (T6-1), only a few precipitates are formed and distributed unevenly in the matrix (Fig. 3(a)). After ageing at 250 °C for 72 h, these precipitates further grow. In the meantime, some new precipitates are formed, as indicated by arrows (Fig. 3(b)). Due to the small size and small amount of the precipitates, selected area diffraction for them was very difficult to obtain. When aged at 200 °C, based on our previous work on Mg–RE alloys and present study the precipitation sequence can be divided into three stages until peak aged condition as shown in Fig. 1. The β″ phase forms at the stage I where has little change in hardness. A mixture of β″ and β′ phases are the precipitates at the stage II where the hardness increase remarkably. In the third stage, β′ is the dominant phase. Fig. 3(c) shows the TEM microstructure for the specimen aged at 200 °C for 168 h (T6-2), which is close to the peak ageing. The microstructure of the specimen was observed with beam direction parallel to [1 0 1¯ 0]α. Very fine plate-like shape precipitates are homogeneously distributed all over the α-Mg matrix, which have a size of 10–30 nm in length and <10 nm in width (Fig. 3(c)). The selected area diffraction (Fig. 3(d)) indicates that these fine precipitates are the metastable phase β′, which is consistent with the XRD result. Similar precipitates and diffraction pattern were also reported in WE54 and Mg–Gd–Y alloys ()."
                    ],
                    "name": "Microstructure",
                    "type": "ce_section"
                },
                {
                    "content": [
                        "Fig. 4 shows the tensile and compressive properties of alloys in different conditions. In comparison with T4 condition, in T6-1 condition the tensile yield strength (TYS) remains unchanged for Mg–10Dy and Mg–15Dy alloys and increases slightly for Mg–20Dy alloy (Fig. 4(a)). In T6-2 condition, the TYS of Mg–10Dy alloy is slightly increased. With the increase of Dy amount, the increment of TYS increases. A significant improvement from 110 to 167 MPa is obtained for Mg–20Dy alloy (Fig. 4(a)). The elongation remains at the same level in T4, T6-1 and T6-2 conditions for Mg–10Dy alloy, while it reduces by around 35% and 50% for Mg–15Dy and Mg–20Dy alloys after T6-2 (Fig. 4(b)). After T6-2, the ultimate tensile strength (UTS) is significantly increased from 147 to 219 MPa for Mg–20Dy alloy (Fig. 4(c)), while it remains at the same level for Mg–10Dy and Mg–15Dy alloys.",
                        "The results obtained in compression follow a similar trend to that obtained in tension. T6-1 has no effects on the compressive properties for Mg–10Dy and Mg–15Dy alloys, while it contributes to a marginal improvement in compressive yield strength (CYS) for Mg–20Dy alloy (Fig. 4(d)). In T6-2 condition, an increase in Dy content contributes to more increment in CYS and UCS, while it reduces the compressive ductility. For example, after T6-2 the CYS and UCS of Mg–20Dy alloy are increased dramatically from 116 and 175 MPa to 229 and 360 MPa, respectively (Fig. 4(d, f)). But at the same time, its compressive ductility is reduced from 11% to 5% (Fig. 4(e))."
                    ],
                    "name": "Mechanical properties",
                    "type": "ce_section"
                },
                {
                    "content": [
                        "Fig. 5 shows the corrosion rate of Mg–Dy alloys after immersion for 3 day in 0.9 wt% NaCl solution at room temperature. Compared with T4 condition, the corrosion rate slightly changes for all alloys after T6-1. It increases by around 32%, from 3.13 to 4.16 mm/year, for Mg–20Dy alloy. However, it decreases by around 28% and 25%, from 1.34 to 0.97 and from 1.37 to 1.03 mm/year, for Mg–10Dy and Mg–15Dy alloys, respectively. After T6-2, the corrosion rate of Mg–10Dy alloy remains at the same level in comparison with that in T4 condition, while it increases significantly for Mg–15Dy and Mg–20Dy alloys. Especially for Mg–20Dy alloy the corrosion rate increases to 21.53 mm/y, which is about 7 times of that in T4 conditions (3.13 mm/y).",
                        "Fig. 6 shows the corrosion rate of Mg–Dy alloys after immersion in CCM under cell culture conditions for 14 day. After T6-1, there is little change of corrosion rate for all alloys, which is neglectable by taking the deviation into account. After T6-2, the corrosion rate remains the same for Mg–20Dy alloy, while it is even reduced for Mg–10Dy and Mg–15Dy alloys. For example, it reduces from 0.75 to 0.48 mm/y for Mg–10Dy alloy.",
                        "Fig. 7 shows the macro corrosion morphology of Mg–20Dy alloy after removing corrosion products. In 0.9 wt% NaCl solution, very few pitting corrosion occurs in T4 condition (Fig. 7(a)), while serious pitting corrosion occurs all over the surface of the specimen in T6-2 condition (Fig. 7(b)). In CCM, the corrosion morphologies of the specimens are similar in T4 and T6-2 conditions, which are caused by severe localized corrosion (Fig. 7(c and d)).",
                        "Fig. 8 shows the microstructure and composition of corrosion layer for Mg–20Dy alloy in T6-2 condition. After immersion in 0.9 wt% NaCl solution for 1 day, the corrosion layer is non-uniform (Fig. 8(a)) and has a porous microstructure (Fig. 8(b)). The EDX analysis indicates that the layer contains 43.85 wt% O, 54.48 wt% Mg and 1.67 wt% Dy (Fig. 8b). After immersion in CCM for 7 day, the uniform corrosion layer is formed on the surface of specimens regardless of the cracks which are formed due to dehydration during drying (Fig. 8(c)). Even at high magnification, the corrosion layer is still appeared to be dense and have no porous structure. Elements O, Mg, P, Ca and Dy are detected in the corrosion layer by EDX analysis. It is worth noting that Dy content is very high, reaching 70.73 wt%."
                    ],
                    "name": "Corrosion",
                    "type": "ce_section"
                }
            ],
            "name": "Results",
            "type": "ce_section"
        },
        {
            "content": [
                {
                    "content": [
                        "When Mg–RE alloys, such as Mg–Gd based alloys, are aged at low temperatures the precipitation sequence is normally given as following () (): β″−β′−β1−β",
                        "The metastable β″ phases can be observed at the beginning of ageing. Further ageing will result in the transformation of these β″ precipitates to β′ phases. After some hours, β′ phase starts to transform to β1 phase. It takes very long time to fully form the β equilibrium phase. For example, it takes more than 2000 h when aged at 250 °C. Since the ageing time at 250 °C is very short in the present work, it cannot meet the requirements for the precipitation of β phase from the considerations of thermodynamics and kinetics. Based on the above analysis as well as the morphology and size of the precipitates (Fig. 3(a and b)), it can be deduced that the precipitates are mainly β′ phases after ageing for 16 h and possibly a few β1 phases are formed after ageing for 72 h.",
                        "It was reported that Mg–RE alloys aged at 200 °C have the similar precipitation sequence to that aged at 250 °C (). In the early stage, β″ precipitates could form. Further ageing would result in the transformation of β″ to β′ precipitates. At peak ageing, the β′ phase becomes dominant, which have the same crystal structure to that of the β′ phase formed during ageing at 250 °C. For the present Mg–20Dy alloy, the marginal increase of hardness in the stage I is attributed to the formation of β″ precipitates. When the ageing time exceeds 24 h, β″ phase starts to transform to β′ phase, and consequently, the hardness increase apparently till 168 h. The β′ precipitates are found to be the main phase in the specimen under near peak aged condition (T6-2). This metastable phase has a base-centered orthorhombic structure (a=0.64 nm, b=2.22 nm, c=0.52 nm) (). The orientation relationship between β′ precipitate and α-Mg matrix was found to be {0 0 1}β//{0 0 0 1}α, {0 1 0}β//{1 0 1¯ 0}α and {1 0 0}β//{1 1 2¯ 0}α which are the same as that observed by Apps (). Similar to other alloys such as Mg–Gd alloys (), the formed β′ phase also has a very strong strengthening effect in Mg–Dy alloys, which plays very important role in age hardening.",
                        "Based on binary Mg–Dy phase diagram ( Fig. 9) (), the solubility of Dy in Mg matrix reduces with the decrease in temperature. Less Dy can be kept in the matrix and more Dy is consumed to form β′ phase in alloys when aged at 200 °C in comparison with that aged at 250 °C. Moreover, the β′ precipitates at 200 °C grow not as fast as those at 250 °C. Therefore, the precipitates in T6-2 condition are denser and smaller than those in the T6-1 condition, and also possess a larger volume fraction as shown in Fig. 3."
                    ],
                    "name": "Microstructure",
                    "type": "ce_section"
                },
                {
                    "content": [
                        "For the Mg–Dy alloys in the T4 condition, the supersaturated solid solution is formed. The atomic size of Dy (178 pm) is 11% larger than that of Mg (160 pm), which can cause strong lattice distortion and thereby induce a solid solution strengthening effect. Due to the fact that very few particles are remaining in alloys in T4 condition, the precipitate strengthening can be ignored. Thus, the main strengthening mechanism is solid solution strengthening. During ageing treatment, the decomposition of the supersaturated α-Mg solid solution occurs in Mg–Dy alloys. Part of the Dy in solid solution precipitates together with Mg as β′ phases (Fig. 3) which is resistant to dislocation movement. Then the strengthening mechanism contributed by Dy is transformed to solid solution strengthening as well as precipitate strengthening. The precipitates in T6-2 condition are denser and smaller than those in T6-1 condition, and also possess a larger volume fraction as shown in Fig. 3. A high density of intrinsically strong, plate-shaped precipitates with prismatic habit planes and large aspect ratios could contribute to significant precipitate strengthening effects (). Therefore, the hardness and the YS are improved significantly after T6-2 treatment, while they are changed only marginally after T6-1 treatment. On the other hand, the ductility is deteriorated apparently by these fine and dense β′ phases."
                    ],
                    "name": "Mechanical properties",
                    "type": "ce_section"
                },
                {
                    "content": [
                        "Generally, the precipitates formed after ageing treatment increase the corrosion rate of Mg–RE alloys in NaCl solution due to the increase of galvanic corrosion (). Only a small amount of precipitates is formed in T6-1 condition for Mg–20Dy alloy (Fig. 3). As a result, its corrosion rate (in NaCl) increases slightly after T6-1 in comparison with T4 condition (Fig. 5). In contrast, large amount of precipitates are formed all over the Mg matrix in T6-2 condition for Mg–20Dy (Fig. 3). Consequently, the corrosion rate (in NaCl) of Mg–20Dy (T6-2) increases significantly. In addition, the amount of precipitates reduces with the decrease of Dy in alloys, which is also revealed by the hardness curve in Fig. 1. This leads to the reduction of galvanic corrosion. Hence, the increment of corrosion rate after T6-2 decreases with the decrease of Dy content in the alloys.",
                        "Although the formation of precipitates in Mg–Dy alloys increases the tendency of galvanic corrosion and increase the corrosion rate in 0.9 wt% NaCl solution, it does not have an adverse influence on the corrosion rate in CCM (Fig. 6). This indicates that the tendency of galvanic corrosion between these nano-scale precipitates and Mg matrix is not sensitive in CCM. This could be attributed to the formation of more protective film and lower Cl− concentration in CCM. In NaCl solution the corrosion film on Mg alloys has a porous structure (Fig. 8(b)), which is mainly a mixture of MgO and Mg(OH)2 (). This corrosion film is easily penetrated by Cl- ions and cannot play an effective role in protection (). Consequently, the galvanic corrosion is able to occur under the corrosion film. In CCM, a dense corrosion film, which contains P, Ca, O and Dy, is formed on Mg–Dy alloys (Fig. 8(c)). This film is more protective than that formed in NaCl solution, and it significantly hinders the penetration of Cl- ions. Moreover, the organics such as proteins would eventually adsorb on the surface of the corrosion layer, which can also significantly reduce the penetration of Cl− (). In addition, the Cl- concentration in CCM (0.118 mol/l) is lower than that in 0.9 wt% NaCl solution (0.154 mol/l). It was reported that the corrosion rate in Hank's solution was only weakly influenced by the microstructures of high purity Mg with single phase or AZ91, ZE41 as well as Mg2Zn0.2Mn alloys with two phases (). In contrast, the corrosion rates of these alloys in 3% NaCl solution are significantly different, which is caused by the different micro-galvanic corrosions (). Base on the above discussion, it can be concluded that nano-scale precipitates formed during ageing treatment have no negative effects on bio-corrosion rate of Mg–Dy alloys."
                    ],
                    "name": "Corrosion properties",
                    "type": "ce_section"
                }
            ],
            "name": "Discussions",
            "type": "ce_section"
        },
        {
            "content": [
                {
                    "content": [
                        "When Mg–RE alloys, such as Mg–Gd based alloys, are aged at low temperatures the precipitation sequence is normally given as following () (): β″−β′−β1−β",
                        "The metastable β″ phases can be observed at the beginning of ageing. Further ageing will result in the transformation of these β″ precipitates to β′ phases. After some hours, β′ phase starts to transform to β1 phase. It takes very long time to fully form the β equilibrium phase. For example, it takes more than 2000 h when aged at 250 °C. Since the ageing time at 250 °C is very short in the present work, it cannot meet the requirements for the precipitation of β phase from the considerations of thermodynamics and kinetics. Based on the above analysis as well as the morphology and size of the precipitates (Fig. 3(a and b)), it can be deduced that the precipitates are mainly β′ phases after ageing for 16 h and possibly a few β1 phases are formed after ageing for 72 h.",
                        "It was reported that Mg–RE alloys aged at 200 °C have the similar precipitation sequence to that aged at 250 °C (). In the early stage, β″ precipitates could form. Further ageing would result in the transformation of β″ to β′ precipitates. At peak ageing, the β′ phase becomes dominant, which have the same crystal structure to that of the β′ phase formed during ageing at 250 °C. For the present Mg–20Dy alloy, the marginal increase of hardness in the stage I is attributed to the formation of β″ precipitates. When the ageing time exceeds 24 h, β″ phase starts to transform to β′ phase, and consequently, the hardness increase apparently till 168 h. The β′ precipitates are found to be the main phase in the specimen under near peak aged condition (T6-2). This metastable phase has a base-centered orthorhombic structure (a=0.64 nm, b=2.22 nm, c=0.52 nm) (). The orientation relationship between β′ precipitate and α-Mg matrix was found to be {0 0 1}β//{0 0 0 1}α, {0 1 0}β//{1 0 1¯ 0}α and {1 0 0}β//{1 1 2¯ 0}α which are the same as that observed by Apps (). Similar to other alloys such as Mg–Gd alloys (), the formed β′ phase also has a very strong strengthening effect in Mg–Dy alloys, which plays very important role in age hardening.",
                        "Based on binary Mg–Dy phase diagram ( Fig. 9) (), the solubility of Dy in Mg matrix reduces with the decrease in temperature. Less Dy can be kept in the matrix and more Dy is consumed to form β′ phase in alloys when aged at 200 °C in comparison with that aged at 250 °C. Moreover, the β′ precipitates at 200 °C grow not as fast as those at 250 °C. Therefore, the precipitates in T6-2 condition are denser and smaller than those in the T6-1 condition, and also possess a larger volume fraction as shown in Fig. 3."
                    ],
                    "name": "Microstructure",
                    "type": "ce_section"
                },
                {
                    "content": [
                        "For the Mg–Dy alloys in the T4 condition, the supersaturated solid solution is formed. The atomic size of Dy (178 pm) is 11% larger than that of Mg (160 pm), which can cause strong lattice distortion and thereby induce a solid solution strengthening effect. Due to the fact that very few particles are remaining in alloys in T4 condition, the precipitate strengthening can be ignored. Thus, the main strengthening mechanism is solid solution strengthening. During ageing treatment, the decomposition of the supersaturated α-Mg solid solution occurs in Mg–Dy alloys. Part of the Dy in solid solution precipitates together with Mg as β′ phases (Fig. 3) which is resistant to dislocation movement. Then the strengthening mechanism contributed by Dy is transformed to solid solution strengthening as well as precipitate strengthening. The precipitates in T6-2 condition are denser and smaller than those in T6-1 condition, and also possess a larger volume fraction as shown in Fig. 3. A high density of intrinsically strong, plate-shaped precipitates with prismatic habit planes and large aspect ratios could contribute to significant precipitate strengthening effects (). Therefore, the hardness and the YS are improved significantly after T6-2 treatment, while they are changed only marginally after T6-1 treatment. On the other hand, the ductility is deteriorated apparently by these fine and dense β′ phases."
                    ],
                    "name": "Mechanical properties",
                    "type": "ce_section"
                },
                {
                    "content": [
                        "Generally, the precipitates formed after ageing treatment increase the corrosion rate of Mg–RE alloys in NaCl solution due to the increase of galvanic corrosion (). Only a small amount of precipitates is formed in T6-1 condition for Mg–20Dy alloy (Fig. 3). As a result, its corrosion rate (in NaCl) increases slightly after T6-1 in comparison with T4 condition (Fig. 5). In contrast, large amount of precipitates are formed all over the Mg matrix in T6-2 condition for Mg–20Dy (Fig. 3). Consequently, the corrosion rate (in NaCl) of Mg–20Dy (T6-2) increases significantly. In addition, the amount of precipitates reduces with the decrease of Dy in alloys, which is also revealed by the hardness curve in Fig. 1. This leads to the reduction of galvanic corrosion. Hence, the increment of corrosion rate after T6-2 decreases with the decrease of Dy content in the alloys.",
                        "Although the formation of precipitates in Mg–Dy alloys increases the tendency of galvanic corrosion and increase the corrosion rate in 0.9 wt% NaCl solution, it does not have an adverse influence on the corrosion rate in CCM (Fig. 6). This indicates that the tendency of galvanic corrosion between these nano-scale precipitates and Mg matrix is not sensitive in CCM. This could be attributed to the formation of more protective film and lower Cl− concentration in CCM. In NaCl solution the corrosion film on Mg alloys has a porous structure (Fig. 8(b)), which is mainly a mixture of MgO and Mg(OH)2 (). This corrosion film is easily penetrated by Cl- ions and cannot play an effective role in protection (). Consequently, the galvanic corrosion is able to occur under the corrosion film. In CCM, a dense corrosion film, which contains P, Ca, O and Dy, is formed on Mg–Dy alloys (Fig. 8(c)). This film is more protective than that formed in NaCl solution, and it significantly hinders the penetration of Cl- ions. Moreover, the organics such as proteins would eventually adsorb on the surface of the corrosion layer, which can also significantly reduce the penetration of Cl− (). In addition, the Cl- concentration in CCM (0.118 mol/l) is lower than that in 0.9 wt% NaCl solution (0.154 mol/l). It was reported that the corrosion rate in Hank's solution was only weakly influenced by the microstructures of high purity Mg with single phase or AZ91, ZE41 as well as Mg2Zn0.2Mn alloys with two phases (). In contrast, the corrosion rates of these alloys in 3% NaCl solution are significantly different, which is caused by the different micro-galvanic corrosions (). Base on the above discussion, it can be concluded that nano-scale precipitates formed during ageing treatment have no negative effects on bio-corrosion rate of Mg–Dy alloys."
                    ],
                    "name": "Corrosion properties",
                    "type": "ce_section"
                }
            ],
            "name": "Discussions",
            "type": "ce_section"
        }
    ],
    "Title": "Influence of ageing treatment on microstructure, mechanical and bio-corrosion properties of Mg–Dy alloys",
    "abstract": "Mg-Dy alloys have shown to be promising for medical applications. In order to investigate the influence of ageing treatment on their mechanical and corrosion properties, three Mg-xDy alloys (x=10, 15, 20 wt%) were prepared. Their microstructure, mechanical and corrosion behavior were investigated. The results indicate that ageing at 250 degrees C has little influence on the mechanical and corrosion properties. In contrast, ageing at 200 degrees C significantly increases the yield strength, and reduces the ductility. After ageing at 200 degrees C, the corrosion rate of Mg-20Dy alloy increases largely in 0.9 wt% NaCl solution, but remains unchanged in cell culture medium. (C) 2012 Elsevier Ltd. All rights reserved."
}