{
    "DOI": "10.1016/S1359-6462(00)00585-6",
    "Journal": "Scripta Materialia",
    "Keywords": [
        "Ruthenium",
        "Ageing",
        "Hardness",
        "Precipitation",
        "Oxidation"
    ],
    "Sections": [
        {
            "content": [
                "The age-hardening behaviour as a function of Ru content and temperature are shown in Fig. 1 and may be summarised as follows:",
                "The alloys were generally harder as Cr and Ru content increased, as would be expected from solution strengthening effects.",
                "At 823 K, alloying with 2 and 4 wt% Ru led to significant hardening in both the Fe-20Cr-5Al and Fe-35Cr-5Al alloys, after incubation times of approximately 3 hours.",
                "At 973 K, rapid hardening to roughly double the initial hardness occurred in the 4 wt% Ru alloys, followed by overaging and a return to the initial hardness after approximately 18 hours. Lower Ru levels effected no hardening over the ageing period.",
                "Apart from an initial slight softening, no distinct hardening occurred during ageing at 1123 K. As the kinetics of ageing would have been expected to accelerate at the higher temperature, measurements were abandoned after several hours.",
                "The hardening behaviour of the alloys at 823 K was consistent with the well-known ‘475 °C embrittlement’ phenomenon, extensively documented in Fe-Cr and Fe-Cr-Al alloy systems . Decomposition of the ferrite into coherent Cr-rich modulated zones occurs after lengthy incubation periods and over extended time periods, and in this case appears to be accelerated by the presence of Ru.",
                "TEM observation of the aged 4 wt% Ru samples confirmed the development of an extensive distribution of precipitates at 973 K. The fine precipitates were characterised by a strong crystallographic orientation, and a plate-like morphology with associated strain fields, indicating at least partial coherency (Fig. 2). The precipitates were too fine to analyse by electron diffraction. TEM-EDS similarly lacked the necessary resolution, but indicated an aluminium-rich stoichiometry of Al:Ru between 2:1 and 3:1, which would indicate one of the lesser aluminides such as RuAl2. This would account for the lesser morphological symmetry observed.",
                "In the second round of testing, compositions of Fe-20Cr-1Al-3.75Ru (∼Fe74.6Cr21.3Al2.1Ru2.1) and Fe-35Cr-1Al-3.75Ru (∼Fe59.1Cr36.9Al2.0Ru2.0) were solutionised and aged as before at 823, 973 and 1123 K. The higher-Cr alloy once again showed a greater initial hardness. Age-hardening was only observed in the alloys aged at 823 K, after incubation periods of about 6 hours in the Fe-20Cr alloy, and 16 hours in the Fe-35Cr alloy (Fig. 3). This behaviour was again characteristic of 475 °C embrittlement. The slower kinetics in the Fe-35Cr could be attributable to the slightly lower Ru level, although the higher Cr content would have been expected to favour accelerated embrittlement .",
                "Finally, 0.5 mm thick coupons of the alloys, polished to a 1200 grit finish, were subjected to static isothermal oxidation tests in air at 1200 °C. The change in mass with time is shown in Fig. 4. In the Fe-20Cr alloys, higher Ru levels led to greater mass losses, attributed to a combination of spalling of the oxide scale, and probably the volatilisation of ruthenium oxides . In the case of the Fe-35Cr alloys, the 4 wt% Ru alloy appeared to reverse the trend, and exhibited relatively stable behaviour. Owing to inconsistencies in the degree of scale spallation, the reproducibility of these results requires evaluation."
            ],
            "name": "Results",
            "type": "ce_section"
        },
        {
            "content": [
                "The objective of developing a precipitation-strengthened Fe-Cr-Al alloy by alloying with Ru was only partially met. The precipitation-strengthening achieved at 973 K was transient in nature, and exhibited rapid over-ageing. No such strengthening was evident at higher temperatures. The instability of the precipitates is put down to the precipitate species, which in this case was not the desired B2 RuAl, but a less coherent lower aluminide. Reducing the Al:Ru ratio had no apparent effect on age-hardening, indicating a high degree of solubility of Al and Ru in the ferritic matrix at these levels. The patent literature points to Ru contents of between 18 and 30 wt% necessary to stabilise the RuAl phase in these systems .",
                "The acceleration by Ru of the so-called ‘475 °C embrittlement’ phenomenon is interesting, and has not to our knowledge been reported to date. Ru is not unique in this respect, as most alloying additions tend to intensify the phenomenon . It is worth noting that Ru was also found, in an earlier study, to accelerate the kinetics of sigma-phase formation .",
                "Additions of 0.2 wt% Ru were previously found to dramatically improve the passivity of Fe-20Cr-5Al and Fe-35Cr-5Al . By contrast, macro-alloying additions of Ru do not appear to benefit the high-temperature oxidation behaviour, although there was some evidence to suggest that, in combination with higher Cr levels, there is a critical Ru content at which the oxidation mechanism is modified, and greater oxidation resistance is achieved. Further work is required to clarify this."
            ],
            "name": "Discussion",
            "type": "ce_section"
        }
    ],
    "Title": "Precipitation strengthening and age-hardening in ferritic Fe-Cr-Al-Ru alloys",
    "abstract": ""
}