{
    "Sections": [
        {
            "name": "Interaction effects analysis",
            "content": [
                "Figure 6a shows the combined effect of TP and TI on UTS simultaneously. It has been observed that UTS is minimum (271 MPa) at TP of 730 °C and TI of 200 °C. However, the maximum (312.7 MPa) UTS was achieved at TI equal to 283 °C and TP equal to 794 °C. Furthermore, it has been revealed that TP has a larger impact on UTS as compared with TI. Figure 6b depicts the collective impact of PS and TP on UTS at once. It has been detected that the lower value of UTS (255 MPa) was obtained at PS of 60 MPa and TP of 730 °C. On the other end, the largest value of UTS (318 MPa) was attained at a squeeze pressure of 116 MPa and at a pouring temperature of 784 °C. It can be observed that UTS has been greatly affected by Ps in comparison with Tp. The combined effects of PS and TI on UTS were mentioned in Fig. 6c. This graph demonstrates that UTS was minimum (268 MPa) when the values of PS and TI were at their lower levels. Opposite to that, higher (319.5 MPa) UTS has been achieved at PS of 114 MPa and TI of 267 °C. Moreover, the influence of PS on UTS was found more dominant in contrast to TI.",
                "The interaction effects on control parameters for MH were portrayed in Fig. 7. The combined effect of TP and TI on micro-hardness (MH) simultaneously has been illustrated by Fig. 7a. It has been perceived that MH was minimum (114.3 HV) at a TP of 730 °C and at a TI of 200 °C. The maximum (129.3 HV) of MH was recorded when TI was set at 245 °C and TP was equals to 790 °C. It has also been observed that TP has a larger influence on MH as compared with TI. Figure 7b describes the combined impact of PS and TP on MH. It has been discerned that the lower value of MH (117.8 HV) was obtained at 60 MPa PS and 730 °C TP. Contrary to that, larger value of MH (131.6 HV) was achieved at 110 MPa PS and 790 °C Tp. Moreover, it has been envisaged from the 3D plot mentioned in Fig. 7b that TP is more influential for MH as compared with PS. The combined effects of PS and TI on MH were shown in Fig. 7c. The plot revealed that greater (131 HV) MH was materialized at 114 MPa of PS and 246 °C of TI. The impact of PS on MH was also found slightly more significant than that of TI."
            ]
        },
        {
            "name": "Analysis of variance",
            "content": [
                "ANOVA has been performed after thoroughly discussing the parametric and interaction effects to evaluate their significance towards the selected responses. Statistical significance of process parameters, interaction, and quadratic terms has been gauged at a confidence interval of 95%. Results of ANOVA are tabulated in Tables 4 and 5. According to the said defined criterion of 95%, any of the control variables having a p value lower than 0.05 would be rated as significant for the selected response. It has been revealed that all the input parameters are significant for UTS as their p values are less than 0.05 as mentioned in Table 4. It is important to mention all the quadratic terms are significantly affecting UTS, but in the case of interactions, only one interaction term (TP × PS) has been found significant for UTS. In Table 5, the ANOVA results for MH were introduced. It has been revealed that pouring temperature, insert preheating temperature, and squeeze pressure are the significant input parameters for MH. The p value of all the parameters was lower than the set alpha value of 0.05. In addition to the input parameters, all the interactions and quadratic terms are also observed significant for the MH. It is pertinent to mention that the model developed for MH is statistically significant as its p value (0.0001) is far less than the alpha value.",
                "The above discussion explains the main, interaction, and quadratic effects of input parameters (TP, TI, and PS) on the responses (UTS and MH). These input parameters must be carefully controlled to attain optimum results. The summary of the main, interaction, and quadratic factors influencing UTS and MH are presented in Table 6. It is evident from Table 6 that the main factors TP, TI, and PS and quadratic terms are significantly influencing both the responses. However, only one interaction term (TP × PS) has proved significant for UTS. But in the case of MH, all the interaction terms are rated as significant.",
                "Microstructures of the interface of 2026-2026 aged overcast joints were made at different conditions as shown in Fig. 8a–f. When the pouring temperature and insert preheating were low, poor melting of Zn coating occurred which causes the inadequate wettability between solid insert and 2026 squeeze casted material. This poor bonding was evidenced in optical micrographs shown in Fig. 8a, b. On the other end, at high temperature, severely undesired melting of Zn coating occurs that results in less strong local metallic bonding as highlighted in Fig. 8c, d. It has been observed that complete local metallic boning obtained among the 2026 Al solid insert and 2026 squeeze casted material at 780 °C TP, 300 °C TI, and 120 MPa PS as evidenced in Fig. 8e, f. The formation of this complete bonding is attributed to the appropriate melting of the Zn coating. Such an apt melting of the coated layer facilitates the appreciable diffusion of the insert material to the melt. Thus, a strong intermetallic bond is achieved between the solid insert and squeeze casted material. It is worthy to note that the strength of intermetallic bonding in case of overcasting is not only dependent on the physical properties of the material of melt, solid insert, and interface temperature , rather Zn coating also holds a pivotal role in governing the strength of bonding as evidenced in this research. Furthermore, the quality of the interface bond also seemed to have a close relationship with the squeeze pressure. A low value of squeeze pressure yields a poor intermetallic bonding between solid insert and squeeze casted material. The low squeeze pressure has also been cited as a source of inherent defects formation in the casted parts . Contrarily, at a high squeeze pressure, a strong and compact intermettalic bonding is achieved with minimum defects as shown in Fig. 8e–f. The mechanical properties of such castings obtained at high squeeze pressure are notably better in contrast to that achieved at low squeeze pressure as depicted in Fig. 8a, b, c, d."
            ]
        },
        {
            "name": "Scanning electron microscopic analysis",
            "content": [
                "In addition to comprehensively discussing the effects of control parameters on the responses, microstructural characterization of a flat and fractured surface of samples has been carried out with a scanning electron microscope (SEM: VEGA3). Fractured samples after UTS testing have been shown in Fig. 9. Some of the samples were broken at the joint interface while others were broken away from the joint interface which depicts that the overcast joint has more strength than the casted material. SEM images of a flat surface and fractured surface of samples obtained under different experimental conditions are shown in Figs. 10a–f and 11a–f. Two magnification ranges (× 500 and × 1000) have been selected for fractography. SEM images in Figs. 10a, c, e and 11a, c, e have been taken at × 500 magnification, whereas Figs. 10b, d, f and 11b, d, f are at × 1000.",
                "Figure 10a and b show the flat surface of sample no. 7. Macro cracks in SEM images have been observed because of low squeeze pressure (60 MPa). This inherent defect is the primary cause of low UTS and MH. Figure 10c and d represent the SEM micrograph of sample no. 8. It has been examined in SEM images that Zn coating completely melts out at high pouring temperature (830 °C). Thus, poor intermetallic bonding between Al melt and solid insert occurred. Figure 10e and f illustrates the flat surface of samples no. 3. Macro cracks and shrinkage cavities were removed due to high squeeze pressure and Zn coating at solid insert had made the thick intermetallic bonding with melt due to controlled pouring temperature.",
                "In addition to SEM analysis of as-casted samples, fractography of fractured samples has also been done to envisage the type of fracture as highlighted in Fig. 11, which shows the fractographic images of sample no. 7. During trial no. 7, the values of UTS and MH were found minimum, i.e., 255 MPa and 118.2 HV, respectively and their microstructure was shown in Fig. 11a, b. There, brittle fracture having cluster-like morphology was observed. Because at low squeeze pressure and pouring temperature, poor metallic bonding occurs between solid insert and pouring material. The poor metallic bonding is attributed to the interdendritic porosity and improper melting of Zn coating into Al melt that yields inherent defects .",
                "Figure 11c and d represents the fracture structure of sample no. 8 which provided an approximately average value of UTS (277.3 MPa) and MH (124.6 HV), respectively. Once again brittle-type fracture has been noted but having comparably a flatter morphology. This flatness is predominantly owing to the rise in squeeze pressure. As in experiment 8, the value of PS was 90 MPa which is lightly higher to 60 MPa obtained for the case of the 7th experimental run. It has already been testified that the increase in PS tends to reduce the macro cracks and subsequently falter morphology. Though in the 8th experimental trial, the greater value of PS improves the bonding but still the strength of the bond is compromised because of high pouring temperature, i.e., 830 °C. This high pouring temperature causes severe melting of Zn coating from the solid insert and therefore improper metallic binding has been noticed . Figure 10e and f represents the fracture structure of sample no. 3. The values of UTS and MH have been noted as maximum, i.e., 315.9 MPa and 130 HV, respectively. Furthermore, brittle fracture has been revealed with more flatter-face morphology. The depiction of such morphology is an indication of thick metallic bonding between solid insert and Al melt . The same has also been witnessed in the SEM images described in Fig. 11e, f. The formation of this thick metallic bonding is due to the high squeeze pressure (120 MPa). It has cited in another work conducted in the same field that increment in squeeze pressure reduces the inherent defects like macro cracks and shrinkage cavities . So, the current finding is validated by the already existing literature in the field. Insert temperature, whose effect on UTS and MH has not been explored yet, shows a significant impact of both the selected responses. Higher value of insert temperature results in better UTS and MH as it ensures an appropriate bond formation between the melt and the insert. The thick metallic boding at a larger TI is also evidenced in SEM micrographs provided in Fig. 11e, f."
            ]
        },
        {
            "name": "EDX analysis",
            "content": [
                "Samples have been examined using EDX to evaluate the impact of the insert preheating on the aged A2026-A2026 overcast joints. EDX images (Fig. 12) have been taken for three different samples (run number 1, 4, 6). Figure 12a demonstrates that at low TI (200 °C) poor melting of Zn coating (9.7 wt%) from solid insert was the main reason of weak intermetallic bonding between solid insert and squeeze casted, while the sample’s UTS and MH were 270 MPa and 113.9 HV, respectively. From Fig. 12b, a strong intermetallic bonding among the solid insert material and squeeze casted material which was due to proper melting of Zn coating (18.6 wt%) from solid insert during pouring of melt has been observed at TI (250 °C), while the sample has higher UTS (310.2 MPa) and MH (129.4 HV), respectively. Figure 12c depicts the weak bonding of solid insert and squeeze casted material due to the severe melting of Zn coating (38 wt%), while the sample has lower UTS (297.9 MPa) and MH (116.9 HV) compared with run no. 4."
            ]
        }
    ],
    "abstract": "Squeeze overcasting has emerged as an attractive option for casting of Al alloys in terms of mechanical properties. The attainment of the desired magnitude of these properties is challenging in overcasting due to the involvement of a number of process parameters. In this study, the effects of insert preheat temperature (T-I) along with pouring temperature (T-P), and squeeze pressure (P-S) on the mechanical properties of squeeze overcast AA2026-AA2026 joint were investigated. Experimental results revealed that the squeeze pressure is the most prominent factor affecting the ultimate tensile strength (UTS) while micro-hardness (MH) is significantly influenced by the pouring temperature. Maximum values of UTS (315 MPa) and MH (130 HV) were achieved at a P-S of 120 MPa, T-P of 780 degrees C, and T-I of 250 degrees C. Energy dispersive X-ray (EDX) analysis witnessed that T-I has also a significant role in determining the quality of bond between the substrate and the melt. Scanning electron microscopy (SEM) depicts that the morphology of the fractured surface has a sound influence on both selected responses. Both the strength and hardness are noticed better if the fractured surface possesses the flat-faced morphology. Furthermore, an empirical regression model was developed using response surface methodology (RSM) design and validated through eight confirmatory experiments. RSM integrated multi-objective optimization genetic algorithm (MO-GA) was deployed to optimize the UTS and MH. The comparative results obtained from RSM and MO-GA demonstrated that the deviation in experimental and predicted values is less than 5%."
}