{
    "DOI": "10.1016/j.engfailanal.2022.106602",
    "Journal": "Engineering Failure Analysis",
    "Keywords": [
        "Hydrogen embrittlement",
        "Welding simulated heat treatment",
        "High-strength low-alloy steels"
    ],
    "Sections": [
        {
            "content": [
                {
                    "content": [
                        "Fig. 2 reveals the optical micrographs of the base materials S690QL and X80 and the welding simulated specimens with cooling times t8/5 of 10 s and 20 s. The S690QL base material in Fig. 2 (a) shows refined martensitic-bainitic microstructure in tempered condition. Its prior austenite grain size (PAGS) was estimated to be ∼ 12 μm based on the average linear intercept method. After welding simulated cycles, as shown in Fig. 2 (b) and (c), the PAGS substantially coarsened, which was frequently beyond 100 μm. The sizes of their subunits (Packets/Blocks) also raised accordingly. In addition, the volume fraction of granular bainite (GB), as indicated by the lighter color, is larger for the specimen at 20 s cooling time condition compared to 10 s condition. The base material S690QL has a Vickers hardness of 295 HV1. After heat treatment, the hardness was raised to 419 HV1 for the 10 s cooling time and 391 HV1 for the 20 s cooling time, respectively.",
                        "Fig. 3 shows phase distribution (PD) maps, RD-inverse pole figure (RD-IPF) maps from S690QL steel. As revealed in the PD maps, both base material and welding simulated specimens have complete bcc lattice structure. The LAGBs (defined as 2°<GB < 15°, indicated in red color) and HAGBs (defined as GB ≥ 15°, indicated in black color) are differentiated in PD and calculated as the grain boundary length per area in Table 2 . The results reveal that both the LAGBs and HAGBs per area reduced sharply from 19853 mm/mm2 and 16036 mm/mm2 to 1345 mm/mm2 and 8535 mm/mm2 in the S690QL_10s specimen, and further to 512 mm/mm2 and 3082 mm/mm2 in the S690QL_20s specimen. In addition, the fraction of HAGBs raised from 52.7 % to 86.4 % and 83.6 % respectively after heat treatment. The LAGBs mainly exist inside the lath blocks, while the PAGB and lath packet boundaries are principle HAGBs. The lath blocks aligned along preferable grain orientation, while the lath packets consist of blocks in different grain orientations. After heat treatment, in addition to the distinct coarsening of PAGS, the lath laminar also coarsened with some thicker ones approaching 10 μm.",
                        "As LOM image of the X80 base material, Fig. 2 (d) reveals a ferritic-bainitic dominated microstructure according to thermomechanical processing. Its prior austenite grain size (PAGS) was estimated to be ∼ 11 μm based on the average linear intercept method. After the welding simulated heat treatment, the microstructure consists of substantial amount of lath microstructure, which is assumed to be mainly lath bainite, see Fig. 2 (e) and (f). The PAGS from X80_10s and X80_20s specimens coarsened approaching the size of 100 μm, however, comparably finer than S690QL_10s and S690QL_20s specimens. Fig. 4 reveals the PD and RD-IPF maps of X80 specimens. A small fraction of 1.3 % retained austenite was detected in the PD of X80 base material. The heat treatment X80 revealed fully bcc lattice structure. The area-specific analysis of LAGBs and HAGBs reveals that there were no obvious changes of the total GB length per area, as listed in Table 2. However, the fraction of HAGBs increased from 67.6 % in the base material to 84.4 % and 82.5 % in the X80_10s and X80_20s specimens. The hardness increased from 216 HV1 to 317 HV1 and 352 HV1 for the base, X80_10s and X80_20s specimens, respectively. The X80_20s specimen has comparably thicker lath lamellar than X80_10s specimen."
                    ],
                    "name": "Microstructure and hardness",
                    "type": "ce_section"
                },
                {
                    "content": [
                        "Stress–strain curves from the uncharged and in-situ hydrogen charged specimens of S690QL steel are shown in Fig. 5 (a). The corresponding data of mechanical properties from two repeated tests is listed in Table 3 . The measured diffusive hydrogen contents according to TDA method are indicated at each stress–strain curve. For the uncharged specimens, the base material has the yield strength of 796 ± 9 MPa and tensile strength of 854 ± 10 MPa, which slightly reduced to 792 ± 5 MPa and 847 ± 8 MPa respectively in hydrogen charged condition. It shows the highest total elongation of 12.9 ± 0.2 % and the welding simulated specimen with 10 s cooling time has the poorest total elongation of only 7.6 ± 0.3 %. The measured area reductions are 69.5 % and 65.3 % for S690QL_10s and S690QL_20s specimens, respectively. Both heat-treated specimens obtain higher tensile strength than the base material. However, the tensile strength of S690QL_10s is lower than that of S690QL_20s, although its hardness is higher. In the in-situ hydrogen charged condition, the base material failed shortly after reaching its ultimate tensile strength. The total elongation has been reduced from 12.9 ± 0.2 % to 6.3 ± 0.1 % due to the charged 3 ppm diffusive hydrogen. Both heat-treated specimens failed in their elastic region during hydrogen charging, indicating very high susceptibility to HE. The area reduction approaches 0.1 % and 6.1 % for the S690QL_10s and S690QL_20s specimens in hydrogen charged condition. Fig. 5 (b) displays the SEM images of the fracture heads from the failed SSRT specimens. The uncharged specimens revealed strong necking behavior, whereas the hydrogen charged specimens revealed abrupt failure. In addition, delamination cracks through the gauge cross section had been observed in the S690QL_10s specimens tested in air, which are assumed due to the martensitic transformation induced internal stresses at the high cooling rate. This also serves to explain the controversy between the high hardness and the limited tensile strength of the uncharged S690QL_10s specimens.",
                        "The stress–strain curves from SSRT of X80 steel are shown in Fig. 6 (a), and the corresponding data is listed in Table 4 . The X80 base material showed a yield strength of 535 ± 5 MPa, tensile strength of 643 ± 5 MPa, total elongation of 15.5 ± 0.2 % and area reduction of 83.8 %. Its strength is higher than S690QL base material. After heat treatment, the yield and tensile strength of X80 had been raised to 616 ± 10 MPa and 706 ± 6 MPa for the X80_10s specimens and further up to 750 ± 29 MPa and 842 ± 42 MPa for the X80_20s specimens. The total elongation of X80_20s specimens reached 10.1 ± 0.3 %, which was also higher than the elongation of the X80_10s specimens with 8.9 ± 0.6 %. The area reductions approach 81.0 % and 85.3 % for X80_10s and X80_20s respectively. Fig. 6 (b) reveals the SEM images of the fracture heads, which exhibited strong necking behavior in the uncharged conditions. In the hydrogen charged condition, the X80_Base specimens failed as soon as approaching their original ultimate tensile strength. The total elongation decreased from 15.5 ± 0.2 % to 5.3 ± 1.2 % by 2 ppm diffusive hydrogen. The X80_10s and X80_20s specimens failed after yielding, however, before reaching their original ultimate tensile strengths. Their total elongations declined to 1.5 ± 0.1 % and 1.1 ± 0.2 %. The corresponding area reductions were 20.4 % and 15.4 %, respectively."
                    ],
                    "name": "Slow strain rate test with in-situ hydrogen charging",
                    "type": "ce_section"
                },
                {
                    "content": [
                        "Fig. 7 shows the representative hydrogen desorption rate curves from the fractured SSRT specimens according to TDA. The curves reveal a low temperature desorption peak and a high temperature desorption peak. The integrated hydrogen contents below each desorption peak are indicated in the diagram. Table 5 further lists the averaged diffusive and trapped hydrogen contents from the repeated tests. Hydrogen effusion within the low temperature desorption peak is regarded as diffusive hydrogen with high mobility and released from low energy trapping sites, such as interstitials, dislocations and grain boundaries [37]. The S690QL specimens obtained their maximum desorption rate within a temperature range from 142 to 196 °C, which was 146 to 162 °C for the X80 specimens. In-situ charging of ∼ 5.9 h during SSRT resulted in 3.0 ppm diffusive hydrogen for S690QL base material specimen. The S690QL_10s and S690QL_20s specimens obtained 2.4 ppm and 2.1 ppm hydrogen, respectively, during the ∼ 2.3 h and ∼ 3.1 h testing period. For the X80 base material specimen, the diffusive hydrogen in the fractured in-situ hydrogen charged specimen was 2.0 ppm after the ∼ 5.8 h testing period. The heat-treated specimens X80_10s and X80_20s obtained 1.1 ppm and 1.8 ppm diffusive hydrogen, respectively.",
                        "Effusion within the high temperature desorption peak is assigned to trapped hydrogen, which is associated with high energy trapping sites, such as precipitates or inclusions [37]. As revealed in Fig. 7, the desorption rates increase continuously and do not reach their maximum values until the defined end of TDA (900 °C). The high temperature desorption peak initiated at a temperature above 650 °C for S690QL specimens. However, they initiated at different temperatures in hydrogen charged X80 specimens, which was ∼ 560 °C for X80_Base, ∼610 °C for X80_10s and ∼ 370 °C for X80_20s. The trapped hydrogen content measured until end of TDA was 0.3 ppm for the uncharged S690QL. In hydrogen charged S690QL specimens, the trapped hydrogen contents were between 0.5 and 0.6 ppm. The trapped hydrogen content in the uncharged X80 was 0.8 ppm. The X80_20s obtained a trapped hydrogen content as high as 2.0 ppm. In comparison, the X80_Base and X80_10s obtained the trapped hydrogen content of 1.2 ppm and 0.8 ppm, respectively."
                    ],
                    "name": "Thermal desorption analysis of hydrogen content",
                    "type": "ce_section"
                },
                {
                    "content": [
                        "The fracture surfaces of the uncharged and in-situ hydrogen charged SSRT specimens were analysed via SEM. Fig. 8 reveals the fracture surfaces of S690QL_base specimen. The specimen tested in air displayed an overall ductile fracture (a), in which the fibrous zone in the center (b) was surrounded by the shear lip zone (c). The fibrous zone consists of fine dimples with sizes below micrometer with dispersed large dimples, Fig. 8 (b). The shear lip zone had shallower dimples with similar size, Fig. 8 (c). Fig. 8 (d) shows the overall fracture surface of the hydrogen charged specimen. The dashed line differentiates the brittle dominated from the ductile dominated fracture regions. The brittle fracture initiated from the surface region due to high hydrogen concentration during the electro-chemical reaction. Fig. 8 (f) reveals the quasi-cleavage fracture mode with many micro-cracks (marked by arrows) at the subsurface region. Fig. 8 (e) reveals the ductile dominated feature with a few embedded flat brittle facets.",
                        "Fig. 9 shows the fracture surfaces from S690QL_10s SSRT specimens. Fig. 9 (a) reveals several delamination cracks throughout the cross section in a specimen tested in air. These cracks are assumed originating from the internal stresses during rapid cooling. Fig. 9 (b) and (c) display magnified images of the corresponding positions in (a), which reveals the ductile fracture mode. Fig. 9 (d) shows the overall fracture surface from in-situ hydrogen charged condition. It demonstrated a large fraction of cleavage dominated region. The SSRT specimens failed in the elastic regime. In the ductile fracture region, fine dimples with parabolic shape can be observed, as shown in Fig. 9 (e). Cleavage fracture with river pattern and micro-cracks is observed in Fig. 9 (f). The brittle facets are larger than those of the hydrogen charged S690QL base material.",
                        "Fig. 10 shows the fracture surfaces of the S690QL_20s specimens. Fig. 10 (a) reveals the necking behavior of the uncharged specimen as an overview. Fig. 10 (b) reveals large dimples with sizes over 20 µm in the fibrous zone. The shear lip zone in Fig. 10 (c) has shallow, however, more homogenous and finer dimples. In Fig. 10 (d), the hydrogen charged specimen reveals a smaller fraction of cleavage dominated region compared to the S690QL_10s specimen. The ductile fracture dominated region in Fig. 10 (e) and the brittle fracture dominated region in Fig. 10 (f) display similar features as the S690QL_10s comparative specimen.",
                        "Fig. 11 shows the fracture surfaces of X80 base material in air and hydrogen charged conditions. Fig. 11 (a) reveals a pure ductile fracture mode in the specimen tested in air. Both the fibrous zone in Fig. 11 (b) and shear lip zone in Fig. 11 (c) reveal homogenous dimple sizes. In the hydrogen charged specimen, several cleavage regions are observed, as shown in Fig. 11 (d). The dashed line marks the transitions from brittle to ductile dominated fracture regions. Fig. 11 (e) shows that the ductile dominated fracture region also contains some brittle facets at the hollow dimples. Fig. 11 (f) reveals the cleavage fracture surface with river line pattern and micro-cracks.",
                        "Fig. 12 shows the fracture surfaces of X80_10s specimens. Fig. 12 (a), (b) and (c) reveal an entire ductile fracture mode for the uncharged specimen. Fig. 13 (d) shows that the brittle fracture first initiates from the surface region in the hydrogen charged specimen. The dashed line differentiates the cleavage dominated fracture region in (g) from the ductile dominated regions in (f) and (e). Brittle facets in (f) are found embedded in the ductile dimples. The cleavage dominated region exhibits brittle facets in sizes comparable to the hydrogen charged X80 base material specimen, which are mostly below 10 µm.",
                        "Fig. 13 displays the fracture surfaces of X80_20s specimens. Fig. 13 (a), (b) and (c) reveal an overall ductile fracture mode for the uncharged specimen. Large ductile dimples are found both in the center and in the surface region, which have a size of 20–40 µm. Fig. 13 (d) reveals the overall fracture surface of the hydrogen charged specimen. It has a large cleavage dominated fraction region. As shown in Fig. 14 (f), the fracture pattern is rougher, and the brittle facets are larger compared to the X80_10s specimen."
                    ],
                    "name": "Fracture surface analysis",
                    "type": "ce_section"
                }
            ],
            "name": "Results",
            "type": "ce_section"
        },
        {
            "content": [
                {
                    "content": [
                        "Fig. 2 reveals the optical micrographs of the base materials S690QL and X80 and the welding simulated specimens with cooling times t8/5 of 10 s and 20 s. The S690QL base material in Fig. 2 (a) shows refined martensitic-bainitic microstructure in tempered condition. Its prior austenite grain size (PAGS) was estimated to be ∼ 12 μm based on the average linear intercept method. After welding simulated cycles, as shown in Fig. 2 (b) and (c), the PAGS substantially coarsened, which was frequently beyond 100 μm. The sizes of their subunits (Packets/Blocks) also raised accordingly. In addition, the volume fraction of granular bainite (GB), as indicated by the lighter color, is larger for the specimen at 20 s cooling time condition compared to 10 s condition. The base material S690QL has a Vickers hardness of 295 HV1. After heat treatment, the hardness was raised to 419 HV1 for the 10 s cooling time and 391 HV1 for the 20 s cooling time, respectively.",
                        "Fig. 3 shows phase distribution (PD) maps, RD-inverse pole figure (RD-IPF) maps from S690QL steel. As revealed in the PD maps, both base material and welding simulated specimens have complete bcc lattice structure. The LAGBs (defined as 2°<GB < 15°, indicated in red color) and HAGBs (defined as GB ≥ 15°, indicated in black color) are differentiated in PD and calculated as the grain boundary length per area in Table 2 . The results reveal that both the LAGBs and HAGBs per area reduced sharply from 19853 mm/mm2 and 16036 mm/mm2 to 1345 mm/mm2 and 8535 mm/mm2 in the S690QL_10s specimen, and further to 512 mm/mm2 and 3082 mm/mm2 in the S690QL_20s specimen. In addition, the fraction of HAGBs raised from 52.7 % to 86.4 % and 83.6 % respectively after heat treatment. The LAGBs mainly exist inside the lath blocks, while the PAGB and lath packet boundaries are principle HAGBs. The lath blocks aligned along preferable grain orientation, while the lath packets consist of blocks in different grain orientations. After heat treatment, in addition to the distinct coarsening of PAGS, the lath laminar also coarsened with some thicker ones approaching 10 μm.",
                        "As LOM image of the X80 base material, Fig. 2 (d) reveals a ferritic-bainitic dominated microstructure according to thermomechanical processing. Its prior austenite grain size (PAGS) was estimated to be ∼ 11 μm based on the average linear intercept method. After the welding simulated heat treatment, the microstructure consists of substantial amount of lath microstructure, which is assumed to be mainly lath bainite, see Fig. 2 (e) and (f). The PAGS from X80_10s and X80_20s specimens coarsened approaching the size of 100 μm, however, comparably finer than S690QL_10s and S690QL_20s specimens. Fig. 4 reveals the PD and RD-IPF maps of X80 specimens. A small fraction of 1.3 % retained austenite was detected in the PD of X80 base material. The heat treatment X80 revealed fully bcc lattice structure. The area-specific analysis of LAGBs and HAGBs reveals that there were no obvious changes of the total GB length per area, as listed in Table 2. However, the fraction of HAGBs increased from 67.6 % in the base material to 84.4 % and 82.5 % in the X80_10s and X80_20s specimens. The hardness increased from 216 HV1 to 317 HV1 and 352 HV1 for the base, X80_10s and X80_20s specimens, respectively. The X80_20s specimen has comparably thicker lath lamellar than X80_10s specimen."
                    ],
                    "name": "Microstructure and hardness",
                    "type": "ce_section"
                },
                {
                    "content": [
                        "Stress–strain curves from the uncharged and in-situ hydrogen charged specimens of S690QL steel are shown in Fig. 5 (a). The corresponding data of mechanical properties from two repeated tests is listed in Table 3 . The measured diffusive hydrogen contents according to TDA method are indicated at each stress–strain curve. For the uncharged specimens, the base material has the yield strength of 796 ± 9 MPa and tensile strength of 854 ± 10 MPa, which slightly reduced to 792 ± 5 MPa and 847 ± 8 MPa respectively in hydrogen charged condition. It shows the highest total elongation of 12.9 ± 0.2 % and the welding simulated specimen with 10 s cooling time has the poorest total elongation of only 7.6 ± 0.3 %. The measured area reductions are 69.5 % and 65.3 % for S690QL_10s and S690QL_20s specimens, respectively. Both heat-treated specimens obtain higher tensile strength than the base material. However, the tensile strength of S690QL_10s is lower than that of S690QL_20s, although its hardness is higher. In the in-situ hydrogen charged condition, the base material failed shortly after reaching its ultimate tensile strength. The total elongation has been reduced from 12.9 ± 0.2 % to 6.3 ± 0.1 % due to the charged 3 ppm diffusive hydrogen. Both heat-treated specimens failed in their elastic region during hydrogen charging, indicating very high susceptibility to HE. The area reduction approaches 0.1 % and 6.1 % for the S690QL_10s and S690QL_20s specimens in hydrogen charged condition. Fig. 5 (b) displays the SEM images of the fracture heads from the failed SSRT specimens. The uncharged specimens revealed strong necking behavior, whereas the hydrogen charged specimens revealed abrupt failure. In addition, delamination cracks through the gauge cross section had been observed in the S690QL_10s specimens tested in air, which are assumed due to the martensitic transformation induced internal stresses at the high cooling rate. This also serves to explain the controversy between the high hardness and the limited tensile strength of the uncharged S690QL_10s specimens.",
                        "The stress–strain curves from SSRT of X80 steel are shown in Fig. 6 (a), and the corresponding data is listed in Table 4 . The X80 base material showed a yield strength of 535 ± 5 MPa, tensile strength of 643 ± 5 MPa, total elongation of 15.5 ± 0.2 % and area reduction of 83.8 %. Its strength is higher than S690QL base material. After heat treatment, the yield and tensile strength of X80 had been raised to 616 ± 10 MPa and 706 ± 6 MPa for the X80_10s specimens and further up to 750 ± 29 MPa and 842 ± 42 MPa for the X80_20s specimens. The total elongation of X80_20s specimens reached 10.1 ± 0.3 %, which was also higher than the elongation of the X80_10s specimens with 8.9 ± 0.6 %. The area reductions approach 81.0 % and 85.3 % for X80_10s and X80_20s respectively. Fig. 6 (b) reveals the SEM images of the fracture heads, which exhibited strong necking behavior in the uncharged conditions. In the hydrogen charged condition, the X80_Base specimens failed as soon as approaching their original ultimate tensile strength. The total elongation decreased from 15.5 ± 0.2 % to 5.3 ± 1.2 % by 2 ppm diffusive hydrogen. The X80_10s and X80_20s specimens failed after yielding, however, before reaching their original ultimate tensile strengths. Their total elongations declined to 1.5 ± 0.1 % and 1.1 ± 0.2 %. The corresponding area reductions were 20.4 % and 15.4 %, respectively."
                    ],
                    "name": "Slow strain rate test with in-situ hydrogen charging",
                    "type": "ce_section"
                },
                {
                    "content": [
                        "Fig. 7 shows the representative hydrogen desorption rate curves from the fractured SSRT specimens according to TDA. The curves reveal a low temperature desorption peak and a high temperature desorption peak. The integrated hydrogen contents below each desorption peak are indicated in the diagram. Table 5 further lists the averaged diffusive and trapped hydrogen contents from the repeated tests. Hydrogen effusion within the low temperature desorption peak is regarded as diffusive hydrogen with high mobility and released from low energy trapping sites, such as interstitials, dislocations and grain boundaries [37]. The S690QL specimens obtained their maximum desorption rate within a temperature range from 142 to 196 °C, which was 146 to 162 °C for the X80 specimens. In-situ charging of ∼ 5.9 h during SSRT resulted in 3.0 ppm diffusive hydrogen for S690QL base material specimen. The S690QL_10s and S690QL_20s specimens obtained 2.4 ppm and 2.1 ppm hydrogen, respectively, during the ∼ 2.3 h and ∼ 3.1 h testing period. For the X80 base material specimen, the diffusive hydrogen in the fractured in-situ hydrogen charged specimen was 2.0 ppm after the ∼ 5.8 h testing period. The heat-treated specimens X80_10s and X80_20s obtained 1.1 ppm and 1.8 ppm diffusive hydrogen, respectively.",
                        "Effusion within the high temperature desorption peak is assigned to trapped hydrogen, which is associated with high energy trapping sites, such as precipitates or inclusions [37]. As revealed in Fig. 7, the desorption rates increase continuously and do not reach their maximum values until the defined end of TDA (900 °C). The high temperature desorption peak initiated at a temperature above 650 °C for S690QL specimens. However, they initiated at different temperatures in hydrogen charged X80 specimens, which was ∼ 560 °C for X80_Base, ∼610 °C for X80_10s and ∼ 370 °C for X80_20s. The trapped hydrogen content measured until end of TDA was 0.3 ppm for the uncharged S690QL. In hydrogen charged S690QL specimens, the trapped hydrogen contents were between 0.5 and 0.6 ppm. The trapped hydrogen content in the uncharged X80 was 0.8 ppm. The X80_20s obtained a trapped hydrogen content as high as 2.0 ppm. In comparison, the X80_Base and X80_10s obtained the trapped hydrogen content of 1.2 ppm and 0.8 ppm, respectively."
                    ],
                    "name": "Thermal desorption analysis of hydrogen content",
                    "type": "ce_section"
                },
                {
                    "content": [
                        "The fracture surfaces of the uncharged and in-situ hydrogen charged SSRT specimens were analysed via SEM. Fig. 8 reveals the fracture surfaces of S690QL_base specimen. The specimen tested in air displayed an overall ductile fracture (a), in which the fibrous zone in the center (b) was surrounded by the shear lip zone (c). The fibrous zone consists of fine dimples with sizes below micrometer with dispersed large dimples, Fig. 8 (b). The shear lip zone had shallower dimples with similar size, Fig. 8 (c). Fig. 8 (d) shows the overall fracture surface of the hydrogen charged specimen. The dashed line differentiates the brittle dominated from the ductile dominated fracture regions. The brittle fracture initiated from the surface region due to high hydrogen concentration during the electro-chemical reaction. Fig. 8 (f) reveals the quasi-cleavage fracture mode with many micro-cracks (marked by arrows) at the subsurface region. Fig. 8 (e) reveals the ductile dominated feature with a few embedded flat brittle facets.",
                        "Fig. 9 shows the fracture surfaces from S690QL_10s SSRT specimens. Fig. 9 (a) reveals several delamination cracks throughout the cross section in a specimen tested in air. These cracks are assumed originating from the internal stresses during rapid cooling. Fig. 9 (b) and (c) display magnified images of the corresponding positions in (a), which reveals the ductile fracture mode. Fig. 9 (d) shows the overall fracture surface from in-situ hydrogen charged condition. It demonstrated a large fraction of cleavage dominated region. The SSRT specimens failed in the elastic regime. In the ductile fracture region, fine dimples with parabolic shape can be observed, as shown in Fig. 9 (e). Cleavage fracture with river pattern and micro-cracks is observed in Fig. 9 (f). The brittle facets are larger than those of the hydrogen charged S690QL base material.",
                        "Fig. 10 shows the fracture surfaces of the S690QL_20s specimens. Fig. 10 (a) reveals the necking behavior of the uncharged specimen as an overview. Fig. 10 (b) reveals large dimples with sizes over 20 µm in the fibrous zone. The shear lip zone in Fig. 10 (c) has shallow, however, more homogenous and finer dimples. In Fig. 10 (d), the hydrogen charged specimen reveals a smaller fraction of cleavage dominated region compared to the S690QL_10s specimen. The ductile fracture dominated region in Fig. 10 (e) and the brittle fracture dominated region in Fig. 10 (f) display similar features as the S690QL_10s comparative specimen.",
                        "Fig. 11 shows the fracture surfaces of X80 base material in air and hydrogen charged conditions. Fig. 11 (a) reveals a pure ductile fracture mode in the specimen tested in air. Both the fibrous zone in Fig. 11 (b) and shear lip zone in Fig. 11 (c) reveal homogenous dimple sizes. In the hydrogen charged specimen, several cleavage regions are observed, as shown in Fig. 11 (d). The dashed line marks the transitions from brittle to ductile dominated fracture regions. Fig. 11 (e) shows that the ductile dominated fracture region also contains some brittle facets at the hollow dimples. Fig. 11 (f) reveals the cleavage fracture surface with river line pattern and micro-cracks.",
                        "Fig. 12 shows the fracture surfaces of X80_10s specimens. Fig. 12 (a), (b) and (c) reveal an entire ductile fracture mode for the uncharged specimen. Fig. 13 (d) shows that the brittle fracture first initiates from the surface region in the hydrogen charged specimen. The dashed line differentiates the cleavage dominated fracture region in (g) from the ductile dominated regions in (f) and (e). Brittle facets in (f) are found embedded in the ductile dimples. The cleavage dominated region exhibits brittle facets in sizes comparable to the hydrogen charged X80 base material specimen, which are mostly below 10 µm.",
                        "Fig. 13 displays the fracture surfaces of X80_20s specimens. Fig. 13 (a), (b) and (c) reveal an overall ductile fracture mode for the uncharged specimen. Large ductile dimples are found both in the center and in the surface region, which have a size of 20–40 µm. Fig. 13 (d) reveals the overall fracture surface of the hydrogen charged specimen. It has a large cleavage dominated fraction region. As shown in Fig. 14 (f), the fracture pattern is rougher, and the brittle facets are larger compared to the X80_10s specimen."
                    ],
                    "name": "Fracture surface analysis",
                    "type": "ce_section"
                }
            ],
            "name": "Results",
            "type": "ce_section"
        },
        {
            "content": [
                {
                    "content": [
                        "Evident changes of microstructure and mechanical properties were observed for the investigated high-strength low-alloy steels S690QL and X80 after the welding simulated heat treatment. For S690QL, a microstructure dominated by lath martensite formed at the cooling time t8/5 of 10 s. A comparatively high hardness of 419 HV1 was obtained. By raising the cooling time t8/5 from 10 s to 20 s, the fraction of bainite increased, which is in accordance with other studies [26,29,36]. The hardness of S690QL_20s specimen is 28 HV1 lower than that of S690QL_10s specimen. Dilatometric measurements (Bahr DIL 805 dilatometer) were performed at a heating rate of 400 °C/s from RT to 1200 °C, holding for 1 s, and subsequent cooling with the cooling times t8/5 of 10 s and 20 s, respectively. The peak temperature slightly differs from the welding simulated heat treatment due to the temperature limit of the dilatometer. The temperature-dependent phase transformations of the investigated specimens can thus be represented by their length change during cooling, as described by the dilatometry curves in Fig. 14 (a). Fig. 14 (a) reveals a bainitic transformation start temperature (Bs) of 435 °C for the S690QL_10s specimens, which quickly moves to martensitic transformation as indicated by the turning point. The transformation finished at Mf of ∼ 240 °C. For the S690QL_20s dilatometer specimen, the bainitic transformation starts at ∼ 540 °C. The following transformation finished at ∼ 340 °C.",
                        "The X80 base material contains mainly polygonal ferrite and granular bainite, as observed in Fig. 2 and Fig. 4. The X80 steel has a lower carbon content of 0.07 % compared to S690QL steel (0.16 %). Because of the carbon-related lowering of the transformation temperatures, the X80 steel is supposed to possess higher bainitic and martensitic transformation temperatures compared to S690QL, which is confirmed by the dilatometry measurements. A schematic sketch of the continuous cooling transformation (CCT) diagrams for the investigated steels is presented in Fig. 14 (b) by referring to experimental CCT diagrams from published work [38]. X80 should also have a shorter incubation time before transformation, as indicated in the CCT diagram. The heat-treated X80 specimens revealed a lath bainitic microstructure. However, the hardness was much lower due to its low carbon content. As learnt from the dilatometer measurements, the X80_10s obtained a Bs temperature of 595 °C and a transformation finish temperature of 380 °C. The bainitic transformation of X80_20s started at ∼ 597 °C and finished at about 394 °C. A diffusion-controlled transformation would occur at high transformation temperatures, where granular bainite formed between the lath bainitic blocks, as revealed in Fig. 4. The fraction of granular bainite raises with the raising of cooling time, which is evidenced by LOM and EBSD observations. Yang et al. reported that a higher fraction of granular bainite is generated in welding conditions with higher heat input, which in turn reduces the material hardness [26]. A reduction of 28 HV1 hardness was observed in S690QL_20s compared to S690QL_10s. However, the increments of 35 HV1 hardness and yield strength of 134 MPa were observed in X80_20s compared to X80_10s. The X80 steel contains microalloying elements (Nb + Ti = 0.05 %), which were reported effective in grain refinement and promoting precipitation formation [15]. It is supposed that the X80 steel did not endure obvious changes in grain size by raising the cooling time t8/5 from 10 s to 20 s. However, precipitation formation might be facilitated at the longer cooling time regime. The precipitation formation contributes to the raised hardness in X80_20s.",
                        "The measured yield and tensile strengths of uncharged specimens during SSRT, as summarized in Fig. 5 and Table 3, are in accordance with the hardness values except for the specimens of type S690QL_10s. They exhibited reduced yield strength and tensile strength compared to S690QL_20s specimens. As observed from the fracture head images in Fig. 5 (b) and Fig. 9 (a), large scale delamination cracks formed across the cross section of the fracture head of S690QL_10s specimens. These cracks were assumed triggering the local mechanical instability and inducing material failure before reaching their maximum strain hardenability [39,40]. The EBSD data revealed that the fraction of HAGBs in the heat-treated specimens overwhelmingly increased compared to the unaffected base material condition, indicating a reduced lattice coherency and grain boundary energy [13]. In contrast to S690QL, the X80 steel revealed prominent necking not only in the unaffected base material condition but also in both heat treatment conditions. The fracture surfaces revealed fine and homogenous ductile dimples in the uncharged condition, as revealed from Fig. 11 to Fig. 13. The X80_20s specimens achieved both raised yield and tensile strengths and improved ductility compared to the X80_10s condition."
                    ],
                    "name": "Effects of welding simulated heat treatment on microstructure and mechanical properties",
                    "type": "ce_section"
                },
                {
                    "content": [
                        "As revealed by SSRT, both the base material specimens and the heat-treated specimens experienced hydrogen embrittlement (HE) during the cathodic in-situ hydrogen charging. HE sensitivity is usually defined by the losses of tensile strength (σm-loss%) and total elongation (εt-loss%) by comparing the tensile strength and total elongation in the uncharged condition (σm,εt) to the charged condition (σmH, εt(H)) as described in equations (1) and (2). σm-loss%=σm-σmHσm×100% εt-loss%=εt-εtHεt×100%",
                        "In addition, the loss of area reduction Aloss% related to the fracture cross section is defined as the area reduction caused by HE in comparison to the fracture surface area in the uncharged condition: At-loss%=At-AtHAt×100%",
                        "The calculated strength and ductility losses are presented in Table 6 . The results reveal that hydrogen has minor effect on tensile strength, but prominent effect on ductility, represented by both losses of total elongation and area reduction. In both base materials, the loss of total elongation was more than half of their original values. The X80_base specimens show higher total elongation than the S690QL_base specimens. Under the influence of hydrogen, X80_base specimens reveal a higher elongation loss and obtained less area reduction loss compared to S690QL_base specimens.",
                        "The heat-treated specimens from both high-strength low-alloy steels revealed higher HE sensitivity than the base material. For S690QL, the heat-treated specimens obtain raised ratio of HAGB, which raised the incoherence sites for hydrogen enrichment and subsequent crack nucleation [13]. Although the total grain boundary areas declined after the heat treatment, as revealed in Table 2, the quenched martensite/bainite induces high dislocation density as indicated by its high hardness. Both the grain boundaries and the raised dislocation densities captured hydrogen effectively [41]. The measured contents of diffusive hydrogen approach those of the base material, although they failed in the elastic deformation regime and therefore had much shorter hydrogen charging time. In the S690QL_10s specimens, the macroscopic delamination cracks presumably provide additional hydrogen enrichment and crack initiation sites. The fracture surfaces from the heat-treated specimens revealed brittle dominated fracture surfaces after in-situ hydrogen charging.",
                        "Compared to S690QL, the X80 reveals negligible changes in tensile strength in air and in hydrogen charged condition. Rhode et al. [28] reported that the martensitic HAZ was likely to exhibit strength loss in the presence of hydrogen, but the strength of the bainitic HAZ was hardly affected by hydrogen. The X80 heat-treated specimens obtained higher fraction of bainitic microstructure after welding simulated heat treatment. The heat-treated X80 shows overall better HE resistance than the S690QL heat-treated specimens, which is in consistence with the reported better HE resistance in bainitic steels compared to martensitic steels [31,32,36]. Precipitates such as NbC [15] or Cu-assisted precipitates [42] are regarded as effective hydrogen traps to impede hydrogen diffusivity and raise HE resistance. Huo [43] reported that NbC is a main precipitate type and has the equilibrium precipitation temperature of 1135 °C in a microalloyed X80 steel, which exist in welding simulated X80 steel and hinder the grain growth. In current research, X80_20s was found having 136 MPa higher tensile strength and comparably strength and ductility losses compared to X80_10s. As discussed in section 4.1, (Nb,Ti)C precipitates were assumed promoted during the slower cooling process, which improved both strength and did not obviously deteriorated ductility and HE resistance."
                    ],
                    "name": "Hydrogen embrittlement sensitivity",
                    "type": "ce_section"
                },
                {
                    "content": [
                        "As described in Fig. 8 (a) and Fig. 10 (a), the uncharged S690QL base material specimens and the uncharged S690QL_20s specimens show a fully ductile fracture surface consisting of two zones: a fibrous zone in the center and a shear lip zone in the surrounding. Due to a multiaxial stress state in the center, dimples in the fibrous zone developed deeper than those in the shear lip zone. For uncharged S690QL_10s specimens, an evident delamination was observed throughout the ductile fracture surface. This delamination could be caused by expanding the existing hot rolling defects by high residual stress developed in the fast-cooling process. With in-situ hydrogen charging, the S690QL specimens showed quasi-cleavage features and micro-cracks on their fracture surface. Quasi-cleavage patterns have been observed in both quenched martensitic steel [44] and tempered martensitic steel [21,45] in the presence of hydrogen. The hydrogen-related fracture was reported propagating parallel to martensite lath boundaries [21] or (0 1 1) planes within laths [22,44], which could be favored by hydrogen enhanced decohesion according to the HEDE theory. The HEDE mechanism involves a reduction of interatomic cohesive strength at specific boundaries or crystallographic planes [46]. The heat treatment process raised the fraction of HAGBs, which are assumed as quick diffusion paths for hydrogen ingression and crack initiation sites. Besides of brittle fracture on the fracture surface, hydrogen-induced cracks were observed on the external surface of S690QL base material, which experienced plastic deformation during in-situ hydrogen charging. The heat-treated specimens failed in the elastic region and did not reveal surface cracks.",
                        "Compared to S690QL, the X80 specimens presented an oval fracture surface, indicating an anisotropy during plastic deformation. The ductile fracture developed through voids coalescence in the center region and subsequent shear fracture at surrounding edges. With in-situ hydrogen charging, X80 base material exhibited two types of damage: quasi-cleavage features on the fracture surface and external surface cracks, as shown in Fig. 6 (b). The quasi-cleavage features were predominant in the edge region of hydrogen-charged specimens. Surface-absorbed hydrogen and its interaction with dislocation may play key roles [47]. During the tensile loading, the surface-absorbed hydrogen could further enhance dislocation nucleation via adsorption-induced dislocation emission (AIDE) mechanism [46]. Then, the dislocation emission and movement were facilitated, which transported the diffusive hydrogen from specimen surface to inside, contributing to the cracking process (the formation of quasi-cleavage fracture). Besides, the absorbed hydrogen reduces the material surface energy and facilitates the formation of external surface cracks [18]. Current work also indicates that the good mechanical performance and HE resistance could be managed by promoting precipitation formation, which could both hinder hydrogen diffusivity and raise the material strength."
                    ],
                    "name": "Hydrogen embrittlement mechanisms",
                    "type": "ce_section"
                }
            ],
            "name": "Discussion",
            "type": "ce_section"
        }
    ],
    "Title": "Impact of welding simulated heat treatment on hydrogen embrittlement behavior of high-strength fine-grained steels",
    "abstract": "Hydrogen embrittlement (HE) sensitivity of S690QL structural steel and X80 pipeline steel in both as delivered and welding simulated heat treatment conditions have been investigated by slow strain rate test (SSRT) with in-situ hydrogen charging. Both investigated steel grades show low strength losses, however, high ductility losses, represented by losses in total elongation and area reduction after in-situ hydrogen charging at a constant current density. The resulting diffusive hydrogen contents after charging are associated with the material microstructure, which are 2-3 ppm for S690QL and 1-2 ppm for X80. The lath martensite dominated microstructure in heat- treated S690QL specimens revealed extremely high HE sensitivity as demonstrated by fracture occurring within the elastic deformation regime. Hydrogen induced damage was found associated with the brittle nature of the quenched lath martensite, the severe grain coarsening, and the large fraction of high angle grain boundaries. The X80 pipeline steel reveals a transition from granular bainite dominated microstructure to lath bainite/martensite dominated microstructure after welding simulated heat treatment. The uptake of diffusive hydrogen during the in-situ charging process of X80 specimens was less compared to S690QL specimens, which was also desorbed at higher temperatures as characterized by hydrogen thermal desorption analysis. The results sug-gest a controlled bainitic/martensitic microstructure transformation with designed precipitation hardening would contribute to both strength enhancement and the suppression of hydrogen mobility."
}