{
    "DOI": "10.1016/j.jmrt.2021.07.118",
    "Journal": "Journal of Materials Research and Technology",
    "Keywords": [
        "Hydrogen induced crack",
        "Corrosion behavior",
        "API X65 pipeline steel",
        "Heat treatment",
        "Microstructure"
    ],
    "Sections": [
        {
            "content": [
                {
                    "content": [
                        "Fig. 2 shows the microstructure of the API X65 steel formed at different heat treatment temperatures. Two phases with the black and white colors can be seen in this figure. The brighter phase is ferrite and the darker one is pearlite. Also, to calculate the percentage of the pearlite phase, the metallography images were analyzed by ImageJ software. The results of this analysis are shown in Fig. 2. The results of ImageJ software shows that the pearlite of the samples heat treated at 850 °C, 950 °C, 1050 °C and 1150 °C were 15.62 ± 0.75%, 12.22 ± 0.47%, 3.91 ± 0.21% and 2.18 ± 0.17%, respectively. Some islands of martensite/austenite can also be seen in the microstructure, which is typical of these microalloyed steels [,]. FE-SEM images (with high magnification) together with the EDS analysis was used to better recognize the phases. Fig. 3 shows the results of such analyses. The results indicate that the bright and dark regions are enriched with Fe, hence for the presence of stable phases of ferrite and pearlite in the API X65 pipeline steel. As can be seen in Fig. 2, the steel that is heat treated at 850 °C and 950 °C is fine grained. Such a grain refinement is expected to have a different effect on the corrosion behavior and sensitivity to HIC [].",
                        "Controlling the ferrite grain size, and as a result, strengthening the microalloyed steels is done using the addition of the microalloying elements together with the application of deformation below the no-recrystallization temperature []. The alloying elements added are usually titanium, vanadium, molybdenum, and niobium which are combined with carbon or nitrogen to form carbides/nitrides or carbonitrides. The Nb carbonitrides usually limit the austenite recrystallization and grain growth during the hot rolling of the microalloyed steels []. The resultant ferrite from the pancaked austenite transformation is very fine grained []. It is clearly seen in Fig. 2 that the amount of pearlite is reduced with increasing the heat treatment temperature. On the other hand, the stability of the ferrite phase and the ferrite grain size has increased. In a sense, with increasing the heat treatment temperature from 850 °C to 1150 °C, the highest amount of ferrite and the lowest amount of pearlite were attained. In fact, the results of this study are well-matched with the results of Godefroid et al. [], who identified the phases in the pipeline steels in the same way as this research."
                    ],
                    "name": "Microstructural evolution",
                    "type": "ce_section"
                },
                {
                    "content": [
                        "A voltage is created at the interface of the pipeline steel-electrolyte when the steel is immersed in an H2S containing electrolyte. This is due to the nature of the electrochemistry of the corrosion process in the pipeline steels. Therefore, it is important to measure such a potential, i.e. open circuit potential. OCP is a potential where electrochemical reactions reach an equilibrium state. It is the pipeline potential under the condition of applying no external current or potential. Enough time should be given to the electrochemical cell prior to the corrosion experiments to achieve this equilibrium in the electrochemical reactions. A stable condition without much fluctuation of the potential is acquired under this circumstance. In fact, such a stable condition is obtained after a few minutes in some cells and after a few hours in others [,]. Usually, the corrosion current density is predictable based on the OCP. For this reason, first of all, OCP of the pipeline steel in the electrolyte is designed to make sure of the steel surface stability in the desired environment. Other corrosion tests are conducted based on the OCP of the pipeline steel in the H2S environment. The variation of potential versus time was recorded for the API X65 pipeline steel immersed in the designed electrolyte. Depending on the chemical composition of the steel, microstructure and corrosion resistance of the steel, a certain time is needed for the oxide layer to form on the surface of the steel and to transform it an electrical double layer. Thus, the variation of the OCP of pipeline steel during the immersion time is highly dependent on the mentioned parameters. Even the time to reach a constant value during the OCP test can be predicated on the microstructural evolution and phase equilibrium of the pipeline steel, i.e. the metallurgical effect on corrosion resistant [,].",
                        "In Fig. 4 the variation of potential versus immersion time (OCP) is shown for the API X65 pipeline steel at different temperatures. Region one of the OCP curves starts at about the starting time of immersion up until 20 min after immersion. It is seen in this figure that, in such a condition, the voltage is rapidly decreasing linearly for all four heat treated samples. This phenomenon shows that no oxide film has started to form on the surface of the API X65 pipeline steel. With increasing the immersion time, the fluctuation of the potential decreases in a way that the lowest value of potential fluctuation for the OCP is observed after about 70 min of immersion. As can be also seen in the OCP curves, with decreasing the heat treatment temperature, the OCP shifted towards very negative values. This is indicative of the higher activity of the pipeline steel immersed in the H2Scontaining environment. In fact, this condition is suggestive of the effect of reducing the heat treatment temperature, and as a result increasing the amount of pearlite, on the excitation of the pipeline steel in terms of corrosion susceptibility in the H2S environment. In a sense, this phenomenon is distinguished in the OCP curves in changing the potential of the surface of the steel towards more negative values. The main reason is the very different electrochemical behavior of the pearlite and ferrite phases of the microstructure of the steel. Indeed, a micro galvanic peel is formed and corrosion reaction is intensified on the surface of the steel due to the higher reaction tendency of the pearlite, and lower reaction tendency of ferrite, inside the corrosion cell []."
                    ],
                    "name": "Open circuit potential (OCP)",
                    "type": "ce_section"
                },
                {
                    "content": [
                        "Fig. 5 shows the potentiodynamic polarization curves of the steel in H2S containing environment at different temperatures. As well, the electrochemical parameters extracted from these potentiodynamic polarization curves are provided in Table 3 . It is important to mention that the possibility of measuring very low rates of corrosion is remote for the pipeline steel in the Tafel extrapolation technique. Such corrosion rates can be deduced from the intersection of the linear portion of the Tafel curves [,]. Electrochemical parameters such as corrosion potential (Ecorr), corrosion current density (Icorr) and polarization resistance or resistance against corrosion (Rp) were calculated from the extrapolation of the Tafel curves (Fig. 5) for the API X65 pipeline steel. The results of the potentiodynamic polarization test show that with increasing the heat treatment temperature, the corrosion resistance increases and corrosion current density decreases. It is also seen in the curves of Fig. 6 that current density was reduced in both anodic and cathodic branches as the amount of pearlite phase reduced. This is indicative of the effect of microstructural changes and phase equilibrium on both the cathodic and anodic corrosion reaction of the steel in the H2S environment. There are two plausible reasons for this phenomenon:",
                        "The grain boundaries area increases with the reduction of ferrite grains at lower heat treatment temperatures. And since grain boundaries are high energy regions which increase the tendency for corrosion reactions, such an increase in the area increases the current density and corrosion rate as such.",
                        "Pearlite and ferrite phases show two different electrochemical behaviors. The number of micro-galvanic peel increases with increasing the amount of pearlite at lower heat treatment temperature. Therefore, as the amount of pearlite in the phase equilibrium increases, the susceptibility for the micro-galvanic localization corrosion increases.",
                        "Overall, the results reduced from the potentiodynamic polarization test are well matched with the results of the OCP test. It is obvious from both tests that the corrosion resistant of the steel was substantially reduced with increasing the amount of pearlite and the reduction of ferrite grain size; i.e. lower heat treatment temperature. In a sense, the corrosion potential of the pipeline steel moved towards very negative values under such a scenario."
                    ],
                    "name": "Potentiodynamic polarization",
                    "type": "ce_section"
                },
                {
                    "content": [
                        "The Nyquist curves together with the Bode and Bode-Phase curves resulting from the EIS test for the pipeline steel of this study is shown in Fig. 6. The EIS test was conducted to assess the reactions on the interface of steel/electrolyte, and also to evaluate the reactions on the surface of the steel in the H2S environment. The results of Fig. 6 show that all samples have a single impedance resistance ring and no sign of passive layer is observed on the surface of the steel. In fact, it is seen in the EIS test results that the diameter of the Nyquist plots was substantially increased with increasing the heat treatment temperature (increasing the diameter of the ferrite grains and reducing the amount of pearlite). This is indicative of the effect of ferrite grain boundaries, and reducing pearlite in the microstructure, on the corrosion response of the steel surface in the H2S environment. In fact, the Nyquist curves obtained from this study were in the form of a defected half circle. Such a half circle Nyquist curves of Fig. 7 a could be due to the surface irregularity. They could also be due to the control of the corrosion response by the charge transfer on the surface of the API X65 pipeline steel [,]. This is suggestive of the fact that the corrosion resistance of the steel increases with increasing the heat treatment temperature in a way that proper compatibility is observed between the OCP, potentiodynamic polarization, and Nyquist curves.",
                        "The results of EIS tests in the form of Bode and Bode-Phase curves are shown in Figs 6b and c, respectively. Commonly, the Bode curves should be linear with the slope of minus one for the pipeline steel, which provides acceptable protection properties. However, the slope of the Bode curve changes with the hydrogen atoms/molecules attack as well as the diffusion of the corrosive ions such as Cl−/oxygen into the surface layer of the pipeline steels. With such an attack, the corrosion starts at the interface of the H2Scontaining electrolyte and the pipeline. Therefore, the protective behavior of pipeline steel in an environment containing H2S can be assessed by the deviation of the slope of the Bode curves from the negative value, and by their comparison with the Nyquist plots [,].",
                        "In Fig. 6b the effect of heat treatment temperature on the Bode curves of the API X65 pipeline steel is shown. The following remarks can be made from the curves:",
                        "All the Bode curves for the heat treated API X65 pipeline steel at different temperatures contain a negative slope. The presence of only one negative slope in these curves is indicative of the fact that only on impedance ring or one constant phase element is formed in the impedance response of this pipeline steel [,]. In a sense, the Bode curves presented in Fig. 6b endorse the results of the Nyquist plots and the fact that no passive layer was formed on the surface of the API X65 steel.",
                        "It can be observed in the Bode curves that increasing the heat treatment temperature, which reduces pearlite and increases the stability of the ferrite, increases the impedance resistance of the pipeline steel. In fact, similar to the Nyquist curves, the Bode curves are suggesting that increasing the heat treatment temperature enhances the corrosion resistance of the steel in the H2S containing environment.",
                        "The Bode-Phase curves are depicted in Fig. 6c. It can be clearly seen in the Bode-Phase curves of the heat treated steel that only one peak exists. This confirms that only one constant phase element is present in the impedance result of the API X65 pipeline steel at each temperature. It is also seen in these curves that the highest peak corresponds for the sample that was heat treated at 1150 °C. In a sense, the higher the peak height of the Bode-Phase curve, the higher the corrosion resistance of the steel, and the better the protection properties created in the API X65 pipeline steel [,]. In fact, the highest peak is seen in the range of −70 °C to −90 °C for the sample heat treated at 1150 °C. Overall, the results of the EIS tests, in the form of Nyquist plots, Bode curves and Bode-Phase curves are compatible with one another. They are also well matched with the results of Bordbar et al. [], who reported that the corrosion resistance of an API X70 steel increases as the amount of ferrite increases in its microstructure."
                    ],
                    "name": "Electrochemical impedance spectroscopy (EIS)",
                    "type": "ce_section"
                },
                {
                    "content": [
                        "The amount of diffusible hydrogen atoms into the API X65 pipeline steel was assessed based on the modified JIS Z3113 method. Table 4 provides the results of such analysis. The tensile test was also performed on the charged samples after hydrogen charging of the cathode. The stress–strain curves result of this test is shown in Fig. 7. As well, the fracture surfaces of the tensile test specimens were analyzed by FE-SEM, the results of which are depicted in Fig. 8 . It can be observed from Table 4 that, with increasing the amount of pearlite and reducing ferrite packet size (through reducing the heat treatment temperature), the highest amount of diffused hydrogen followed in the sample heat treated at 850 °C. On the other hand, the amount of pearlite was reduced, and the ferrite grain size increased with increasing the heat treatment temperature. On the other hand, the amount of hydrogen atoms diffused into the pipeline steel was reduced as such. This phenomenon is due to the decreased amount of grain boundaries areas. Such areas are the preferential locations for the entrapment of the hydrogen atoms. Additionally, it is well known that pearlite itself consists of lamellar morphology of cementite and ferrite. The free spaces within this lamellar morphology (between layers) can be favorable locations for the diffusion and entrapment of the hydrogen atoms/molecules in the heat treated samples.",
                        "Moreover, it can be observed in Table 4 that hydrogen diffused in the steel is at almost the saturated level (about 4–5 ppm). This amount of hydrogen is relatively high for the pipeline steels. It can be deduced from this analysis that most of the dislocations are surrounded by hydrogen atoms and their movement within the crystal structure of the steel is very limited. This was due to the fact micro-cracks are formed in the crystal structure when the agglomeration of the hydrogen atoms/molecule is increased in the pipeline steel. In fact, the formation and the growth of the micro-crack were much faster than the dislocation pinning by the hydrogen atoms, hence for this to be the dominant mechanism.",
                        "Fig. 7 and Table 5 show the results of the tensile tests, together with the standard deviations, that were performed on the hydrogen charged and non-charged samples. These results clearly show that the sensitivity to HIC was significantly increased at the presence of hydrogen, increasing the trapped hydrogen and increasing the diffusion of hydrogen into the structure of the pipeline steel. In fact, the strength and elongation percentage were substantially reduced with increasing the trapped hydrogen and the hydrogen diffusion as well. In the hydrogen charged samples, the highest sensitivity to HIC was related to the sample heat treated at 850 °C. Under the hydrogen charged condition, this sample showed yield strength of ~325 MPa and percentage elongation of 0.0067%. This is while, under the non-charged condition, the yield strength of this sample was ~574 and its elongation percentage was 0.2059%. On the other hand, it is seen in the tensile test results that the lowest sensitivity to HIC in the charged samples is for the sample heat treated at 1150 °C. Under the hydrogen charged condition, this sample showed yield strength of ~407 MPa and elongation percentage of 0.0117%. This is while, under the non-charged condition, the yield strength of this sample was ~481 MPa and its percentage elongation was 0.3003%. The reason for this phenomenon is, as observed in the metallographic analysis, the increased ferrite grain size and the reduced pearlite percentage by increasing the heat treatment temperature from 850 °C to 1150 °C. Therefore, under the condition of non-charged hydrogen, the sample heat treated at 850 °C has the highest yield strength and the lowest elongation percentage due to its small ferrite grain size and high elongation percentage. In a sense, the grain boundaries act as a barrier for the movement of dislocations and lead to dislocation pile up, hence for the increased strength. And due to the presence of this low amount of grain boundaries and lower pearlite in the hydrogen charged sample heat treated at 1150 °C, this sample shows the highest yield strength. Overall, the yield strength and elongation percentage obtained in Table 5 are compatible with the amount of diffused hydrogen into the different samples of this study. In fact, the presence of hydrogen, increased hydrogen trapping and also increased hydrogen diffusion into the microstructure lead to the reduction of yield strength in the API X65 pipeline steel. Therefore, it can be concluded that the strength and plastic deformability of the sample was reduced by diffusing hydrogen into the API X65 pipeline steel. On the other hand, it can be said that a higher amount of hydrogen was entrapped in the steel microstructure with reducing the heat treatment temperature. In a sense, such hydrogen entrapment increased internal stress of the steel causing an earlier fracture.",
                        "The fracture surfaces of the tensile test specimens were analyzed by FE-SEM technique to characterize hydrogen cracking and to define the fracture mode. Fig. 8 shows the results of this analysis. It is visibly seen in the fracture surfaces of different samples that all hydrogen charged samples were broken by a completely brittle fracture mode. This fracture morphology was predicted from the very small plastic strain observed in the stress–strain curves of the samples in Fig. 7. Commonly, a soft fracture with dimple characteristic is envisaged if the steel is ferritic and free of hydrogen as well. However, since the hydrogen atoms/molecules that cause HIC phenomenon have diffused into the APIX65 pipeline steel structure, the condition was suitable for the nucleation and growth of the hydrogen crack during the tensile stress. It is important to note that, due to the presence of different amounts of pearlite and grain boundaries, the concentration of hydrogen is not the same throughout the sample. Therefore, the concentration of hydrogen increases, after applying tensile stress, in the areas of the structure that contain pearlite and grain boundaries. The continuous increment of hydrogen concentration in these preferential locations leads to the creation of micro-cracks in the microstructure. Eventually, the growth and coalescence of these micro-cracks during the application of tensile stress cause earlier fracture of the pipeline steel [,].",
                        "The theory of the interaction of hydrogen and dislocations was first proposed by Morton and Vaughan in 1956. This damage mechanism is explained by the formation of Cottrell atmosphere around the dislocations. Based on this theory, the interaction of some hydrogen atoms with the dislocations in the crystal leads to the reduction of dislocations motion and as result creates microscopic work hardening [,]. This phenomenon lowers and even eliminates plastic deformability in steels. Among the different microstructures of the pipeline steels, the pearlitic microstructure is more prone to the hydrogen cracks compared to the ferritic one due to its higher hardness and more brittleness. Hydrogen atoms are agglomerated in the free spaces between the pearlite layers, ferrite grain boundaries, or in the free space between the inclusions and the matrix. Therefore, when hydrogen atoms are trapped in these locations and are transformed into atomic/molecule gas, they cause hydrogen cracking due to the exertion of very high pressure in those regions. This phenomenon is shown in Fig. 9 . In fact, it can be deduced from Fig. 9 that the hydrogen induced crack advances where a higher percentage of pearlite exists, or where a high percentage of grain boundaries exist in the microstructure. This is due to the fact that pearlite, as a hard phase, provides a higher possibility for the easier advancement of the hydrogen induced crack. Moreover, since the pearlite structure itself consists of two phases of ferrite and cementite, the free spaces between the layers of these two phases can act as the preferential locations for the entrapment of hydrogen atoms/molecules. Hence, for the increased sensitivity to HIC of the pipeline steel.",
                        "The pipeline steel carrying crude oil or natural gas is often used in acidic environments containing H2S. When the corrosion conditions are provided, particularly at the presence of moisture, such H2S containing environments cause severe corrosion on the surface of the steels [,]. During such corrosion reactions and the damages that the corrosive agents create on the surface of the pipeline steels, hydrogen atoms can move freely inside the electrolyte (environment). Ultimately, these hydrogen atoms can be agglomerated locally on the surface of the steel. Subsequently, over time, these hydrogen atoms can diffuse into the steel structure based on what is shown in Fig. 8. In fact, the reactions that occur for the pipeline steel in the H2S containing environments, which leads to hydrogen damage, as follows: H2S→ 2H+ + S2− Fe + 2H+→ Fe2+ + 2H Fe2+ +S2−→FeS H2S + Fe →FeS + 2H",
                        "On the other hand, the diffusion of hydrogen atoms into the crystal structure of the API X65 pipeline steel occurs in three steps. In the first stage, physical adsorption is happening. During this stage, van der Waals forces act on the interface and produce atomic absorption. In the second stage, chemical absorption is happening, where a chemical reaction occurs between the atoms on the surface of the pipeline steel and the absorber. In the third and final stage, the diffusion of the hydrogen atoms is happening. In this last stage, the products of the second stage diffuse into the crystal structure of the pipeline steel. The hydrogen atoms diffused into the crystal structure of the steel agglomerate in structural defects such as grain boundaries, inclusions, segregation locations of the alloying elements, dislocations, solidification cracks or micro-voids. They combine with each other in these locations and create hydrogen molecules gas or hydrogen damage. This process produces a substantial amount of pressure. When such pressure exceeds the yield strength of the API X65 pipeline steel, hydrogen crack starts to form in the crystal structure. As explained above, in the first stage the diffusion of hydrogen atoms into the crystal structure is occurring. Such atoms get agglomerated in the grain boundaries and the pearlite layers. In the next step, the hydrogen atoms are combined and create hydrogen molecules. Such a transformation coincides with increased pressure and the microstructure of the steel experiences stress level higher than its yield strength. Ultimately, the nucleation and growth of the hydrogen crack are due to the exerted pressure resulting from the changes of the hydrogen atoms to the hydrogen molecules.",
                        "Several hypotheses were proposed for the nucleation and growth of the HIC crack. However, a theory proposed by Zapffi and Tetelman [,], regarding the nucleation and growth of hydrogen crack in the HIC process, has gained widespread acceptance among the many theories in the field. This hypothesis is known as the internal pressure theory and is one of the most acceptable explanations concerning HIC. Based on this theory, hydrogen atoms agglomerate on structural defects such as MnS inclusions, oxide compounds inclusions, carbides, nitrides, and on phases such as pearlite (lamellae) in the dominant matrix phase of the alloys. Then, hydrogen cracks nucleate and growth when the hydrogen pressure, resulting from the transformation of hydrogen atoms to hydrogen molecules, increases. This process is schematically explained in Fig. 9. In this figure, the diffusion and absorption mechanism of hydrogen into the microstructure of the pipeline steel, together with the different preferential locations for the entrapment of hydrogen atoms are shown. As well, the process of increased hydrogen pressure in structural defects is depicted."
                    ],
                    "name": "Sensitivity to HIC",
                    "type": "ce_section"
                }
            ],
            "name": "Results and discussion",
            "type": "ce_section"
        },
        {
            "content": [
                {
                    "content": [
                        "Fig. 2 shows the microstructure of the API X65 steel formed at different heat treatment temperatures. Two phases with the black and white colors can be seen in this figure. The brighter phase is ferrite and the darker one is pearlite. Also, to calculate the percentage of the pearlite phase, the metallography images were analyzed by ImageJ software. The results of this analysis are shown in Fig. 2. The results of ImageJ software shows that the pearlite of the samples heat treated at 850 °C, 950 °C, 1050 °C and 1150 °C were 15.62 ± 0.75%, 12.22 ± 0.47%, 3.91 ± 0.21% and 2.18 ± 0.17%, respectively. Some islands of martensite/austenite can also be seen in the microstructure, which is typical of these microalloyed steels [,]. FE-SEM images (with high magnification) together with the EDS analysis was used to better recognize the phases. Fig. 3 shows the results of such analyses. The results indicate that the bright and dark regions are enriched with Fe, hence for the presence of stable phases of ferrite and pearlite in the API X65 pipeline steel. As can be seen in Fig. 2, the steel that is heat treated at 850 °C and 950 °C is fine grained. Such a grain refinement is expected to have a different effect on the corrosion behavior and sensitivity to HIC [].",
                        "Controlling the ferrite grain size, and as a result, strengthening the microalloyed steels is done using the addition of the microalloying elements together with the application of deformation below the no-recrystallization temperature []. The alloying elements added are usually titanium, vanadium, molybdenum, and niobium which are combined with carbon or nitrogen to form carbides/nitrides or carbonitrides. The Nb carbonitrides usually limit the austenite recrystallization and grain growth during the hot rolling of the microalloyed steels []. The resultant ferrite from the pancaked austenite transformation is very fine grained []. It is clearly seen in Fig. 2 that the amount of pearlite is reduced with increasing the heat treatment temperature. On the other hand, the stability of the ferrite phase and the ferrite grain size has increased. In a sense, with increasing the heat treatment temperature from 850 °C to 1150 °C, the highest amount of ferrite and the lowest amount of pearlite were attained. In fact, the results of this study are well-matched with the results of Godefroid et al. [], who identified the phases in the pipeline steels in the same way as this research."
                    ],
                    "name": "Microstructural evolution",
                    "type": "ce_section"
                },
                {
                    "content": [
                        "A voltage is created at the interface of the pipeline steel-electrolyte when the steel is immersed in an H2S containing electrolyte. This is due to the nature of the electrochemistry of the corrosion process in the pipeline steels. Therefore, it is important to measure such a potential, i.e. open circuit potential. OCP is a potential where electrochemical reactions reach an equilibrium state. It is the pipeline potential under the condition of applying no external current or potential. Enough time should be given to the electrochemical cell prior to the corrosion experiments to achieve this equilibrium in the electrochemical reactions. A stable condition without much fluctuation of the potential is acquired under this circumstance. In fact, such a stable condition is obtained after a few minutes in some cells and after a few hours in others [,]. Usually, the corrosion current density is predictable based on the OCP. For this reason, first of all, OCP of the pipeline steel in the electrolyte is designed to make sure of the steel surface stability in the desired environment. Other corrosion tests are conducted based on the OCP of the pipeline steel in the H2S environment. The variation of potential versus time was recorded for the API X65 pipeline steel immersed in the designed electrolyte. Depending on the chemical composition of the steel, microstructure and corrosion resistance of the steel, a certain time is needed for the oxide layer to form on the surface of the steel and to transform it an electrical double layer. Thus, the variation of the OCP of pipeline steel during the immersion time is highly dependent on the mentioned parameters. Even the time to reach a constant value during the OCP test can be predicated on the microstructural evolution and phase equilibrium of the pipeline steel, i.e. the metallurgical effect on corrosion resistant [,].",
                        "In Fig. 4 the variation of potential versus immersion time (OCP) is shown for the API X65 pipeline steel at different temperatures. Region one of the OCP curves starts at about the starting time of immersion up until 20 min after immersion. It is seen in this figure that, in such a condition, the voltage is rapidly decreasing linearly for all four heat treated samples. This phenomenon shows that no oxide film has started to form on the surface of the API X65 pipeline steel. With increasing the immersion time, the fluctuation of the potential decreases in a way that the lowest value of potential fluctuation for the OCP is observed after about 70 min of immersion. As can be also seen in the OCP curves, with decreasing the heat treatment temperature, the OCP shifted towards very negative values. This is indicative of the higher activity of the pipeline steel immersed in the H2Scontaining environment. In fact, this condition is suggestive of the effect of reducing the heat treatment temperature, and as a result increasing the amount of pearlite, on the excitation of the pipeline steel in terms of corrosion susceptibility in the H2S environment. In a sense, this phenomenon is distinguished in the OCP curves in changing the potential of the surface of the steel towards more negative values. The main reason is the very different electrochemical behavior of the pearlite and ferrite phases of the microstructure of the steel. Indeed, a micro galvanic peel is formed and corrosion reaction is intensified on the surface of the steel due to the higher reaction tendency of the pearlite, and lower reaction tendency of ferrite, inside the corrosion cell []."
                    ],
                    "name": "Open circuit potential (OCP)",
                    "type": "ce_section"
                },
                {
                    "content": [
                        "Fig. 5 shows the potentiodynamic polarization curves of the steel in H2S containing environment at different temperatures. As well, the electrochemical parameters extracted from these potentiodynamic polarization curves are provided in Table 3 . It is important to mention that the possibility of measuring very low rates of corrosion is remote for the pipeline steel in the Tafel extrapolation technique. Such corrosion rates can be deduced from the intersection of the linear portion of the Tafel curves [,]. Electrochemical parameters such as corrosion potential (Ecorr), corrosion current density (Icorr) and polarization resistance or resistance against corrosion (Rp) were calculated from the extrapolation of the Tafel curves (Fig. 5) for the API X65 pipeline steel. The results of the potentiodynamic polarization test show that with increasing the heat treatment temperature, the corrosion resistance increases and corrosion current density decreases. It is also seen in the curves of Fig. 6 that current density was reduced in both anodic and cathodic branches as the amount of pearlite phase reduced. This is indicative of the effect of microstructural changes and phase equilibrium on both the cathodic and anodic corrosion reaction of the steel in the H2S environment. There are two plausible reasons for this phenomenon:",
                        "The grain boundaries area increases with the reduction of ferrite grains at lower heat treatment temperatures. And since grain boundaries are high energy regions which increase the tendency for corrosion reactions, such an increase in the area increases the current density and corrosion rate as such.",
                        "Pearlite and ferrite phases show two different electrochemical behaviors. The number of micro-galvanic peel increases with increasing the amount of pearlite at lower heat treatment temperature. Therefore, as the amount of pearlite in the phase equilibrium increases, the susceptibility for the micro-galvanic localization corrosion increases.",
                        "Overall, the results reduced from the potentiodynamic polarization test are well matched with the results of the OCP test. It is obvious from both tests that the corrosion resistant of the steel was substantially reduced with increasing the amount of pearlite and the reduction of ferrite grain size; i.e. lower heat treatment temperature. In a sense, the corrosion potential of the pipeline steel moved towards very negative values under such a scenario."
                    ],
                    "name": "Potentiodynamic polarization",
                    "type": "ce_section"
                },
                {
                    "content": [
                        "The Nyquist curves together with the Bode and Bode-Phase curves resulting from the EIS test for the pipeline steel of this study is shown in Fig. 6. The EIS test was conducted to assess the reactions on the interface of steel/electrolyte, and also to evaluate the reactions on the surface of the steel in the H2S environment. The results of Fig. 6 show that all samples have a single impedance resistance ring and no sign of passive layer is observed on the surface of the steel. In fact, it is seen in the EIS test results that the diameter of the Nyquist plots was substantially increased with increasing the heat treatment temperature (increasing the diameter of the ferrite grains and reducing the amount of pearlite). This is indicative of the effect of ferrite grain boundaries, and reducing pearlite in the microstructure, on the corrosion response of the steel surface in the H2S environment. In fact, the Nyquist curves obtained from this study were in the form of a defected half circle. Such a half circle Nyquist curves of Fig. 7 a could be due to the surface irregularity. They could also be due to the control of the corrosion response by the charge transfer on the surface of the API X65 pipeline steel [,]. This is suggestive of the fact that the corrosion resistance of the steel increases with increasing the heat treatment temperature in a way that proper compatibility is observed between the OCP, potentiodynamic polarization, and Nyquist curves.",
                        "The results of EIS tests in the form of Bode and Bode-Phase curves are shown in Figs 6b and c, respectively. Commonly, the Bode curves should be linear with the slope of minus one for the pipeline steel, which provides acceptable protection properties. However, the slope of the Bode curve changes with the hydrogen atoms/molecules attack as well as the diffusion of the corrosive ions such as Cl−/oxygen into the surface layer of the pipeline steels. With such an attack, the corrosion starts at the interface of the H2Scontaining electrolyte and the pipeline. Therefore, the protective behavior of pipeline steel in an environment containing H2S can be assessed by the deviation of the slope of the Bode curves from the negative value, and by their comparison with the Nyquist plots [,].",
                        "In Fig. 6b the effect of heat treatment temperature on the Bode curves of the API X65 pipeline steel is shown. The following remarks can be made from the curves:",
                        "All the Bode curves for the heat treated API X65 pipeline steel at different temperatures contain a negative slope. The presence of only one negative slope in these curves is indicative of the fact that only on impedance ring or one constant phase element is formed in the impedance response of this pipeline steel [,]. In a sense, the Bode curves presented in Fig. 6b endorse the results of the Nyquist plots and the fact that no passive layer was formed on the surface of the API X65 steel.",
                        "It can be observed in the Bode curves that increasing the heat treatment temperature, which reduces pearlite and increases the stability of the ferrite, increases the impedance resistance of the pipeline steel. In fact, similar to the Nyquist curves, the Bode curves are suggesting that increasing the heat treatment temperature enhances the corrosion resistance of the steel in the H2S containing environment.",
                        "The Bode-Phase curves are depicted in Fig. 6c. It can be clearly seen in the Bode-Phase curves of the heat treated steel that only one peak exists. This confirms that only one constant phase element is present in the impedance result of the API X65 pipeline steel at each temperature. It is also seen in these curves that the highest peak corresponds for the sample that was heat treated at 1150 °C. In a sense, the higher the peak height of the Bode-Phase curve, the higher the corrosion resistance of the steel, and the better the protection properties created in the API X65 pipeline steel [,]. In fact, the highest peak is seen in the range of −70 °C to −90 °C for the sample heat treated at 1150 °C. Overall, the results of the EIS tests, in the form of Nyquist plots, Bode curves and Bode-Phase curves are compatible with one another. They are also well matched with the results of Bordbar et al. [], who reported that the corrosion resistance of an API X70 steel increases as the amount of ferrite increases in its microstructure."
                    ],
                    "name": "Electrochemical impedance spectroscopy (EIS)",
                    "type": "ce_section"
                },
                {
                    "content": [
                        "The amount of diffusible hydrogen atoms into the API X65 pipeline steel was assessed based on the modified JIS Z3113 method. Table 4 provides the results of such analysis. The tensile test was also performed on the charged samples after hydrogen charging of the cathode. The stress–strain curves result of this test is shown in Fig. 7. As well, the fracture surfaces of the tensile test specimens were analyzed by FE-SEM, the results of which are depicted in Fig. 8 . It can be observed from Table 4 that, with increasing the amount of pearlite and reducing ferrite packet size (through reducing the heat treatment temperature), the highest amount of diffused hydrogen followed in the sample heat treated at 850 °C. On the other hand, the amount of pearlite was reduced, and the ferrite grain size increased with increasing the heat treatment temperature. On the other hand, the amount of hydrogen atoms diffused into the pipeline steel was reduced as such. This phenomenon is due to the decreased amount of grain boundaries areas. Such areas are the preferential locations for the entrapment of the hydrogen atoms. Additionally, it is well known that pearlite itself consists of lamellar morphology of cementite and ferrite. The free spaces within this lamellar morphology (between layers) can be favorable locations for the diffusion and entrapment of the hydrogen atoms/molecules in the heat treated samples.",
                        "Moreover, it can be observed in Table 4 that hydrogen diffused in the steel is at almost the saturated level (about 4–5 ppm). This amount of hydrogen is relatively high for the pipeline steels. It can be deduced from this analysis that most of the dislocations are surrounded by hydrogen atoms and their movement within the crystal structure of the steel is very limited. This was due to the fact micro-cracks are formed in the crystal structure when the agglomeration of the hydrogen atoms/molecule is increased in the pipeline steel. In fact, the formation and the growth of the micro-crack were much faster than the dislocation pinning by the hydrogen atoms, hence for this to be the dominant mechanism.",
                        "Fig. 7 and Table 5 show the results of the tensile tests, together with the standard deviations, that were performed on the hydrogen charged and non-charged samples. These results clearly show that the sensitivity to HIC was significantly increased at the presence of hydrogen, increasing the trapped hydrogen and increasing the diffusion of hydrogen into the structure of the pipeline steel. In fact, the strength and elongation percentage were substantially reduced with increasing the trapped hydrogen and the hydrogen diffusion as well. In the hydrogen charged samples, the highest sensitivity to HIC was related to the sample heat treated at 850 °C. Under the hydrogen charged condition, this sample showed yield strength of ~325 MPa and percentage elongation of 0.0067%. This is while, under the non-charged condition, the yield strength of this sample was ~574 and its elongation percentage was 0.2059%. On the other hand, it is seen in the tensile test results that the lowest sensitivity to HIC in the charged samples is for the sample heat treated at 1150 °C. Under the hydrogen charged condition, this sample showed yield strength of ~407 MPa and elongation percentage of 0.0117%. This is while, under the non-charged condition, the yield strength of this sample was ~481 MPa and its percentage elongation was 0.3003%. The reason for this phenomenon is, as observed in the metallographic analysis, the increased ferrite grain size and the reduced pearlite percentage by increasing the heat treatment temperature from 850 °C to 1150 °C. Therefore, under the condition of non-charged hydrogen, the sample heat treated at 850 °C has the highest yield strength and the lowest elongation percentage due to its small ferrite grain size and high elongation percentage. In a sense, the grain boundaries act as a barrier for the movement of dislocations and lead to dislocation pile up, hence for the increased strength. And due to the presence of this low amount of grain boundaries and lower pearlite in the hydrogen charged sample heat treated at 1150 °C, this sample shows the highest yield strength. Overall, the yield strength and elongation percentage obtained in Table 5 are compatible with the amount of diffused hydrogen into the different samples of this study. In fact, the presence of hydrogen, increased hydrogen trapping and also increased hydrogen diffusion into the microstructure lead to the reduction of yield strength in the API X65 pipeline steel. Therefore, it can be concluded that the strength and plastic deformability of the sample was reduced by diffusing hydrogen into the API X65 pipeline steel. On the other hand, it can be said that a higher amount of hydrogen was entrapped in the steel microstructure with reducing the heat treatment temperature. In a sense, such hydrogen entrapment increased internal stress of the steel causing an earlier fracture.",
                        "The fracture surfaces of the tensile test specimens were analyzed by FE-SEM technique to characterize hydrogen cracking and to define the fracture mode. Fig. 8 shows the results of this analysis. It is visibly seen in the fracture surfaces of different samples that all hydrogen charged samples were broken by a completely brittle fracture mode. This fracture morphology was predicted from the very small plastic strain observed in the stress–strain curves of the samples in Fig. 7. Commonly, a soft fracture with dimple characteristic is envisaged if the steel is ferritic and free of hydrogen as well. However, since the hydrogen atoms/molecules that cause HIC phenomenon have diffused into the APIX65 pipeline steel structure, the condition was suitable for the nucleation and growth of the hydrogen crack during the tensile stress. It is important to note that, due to the presence of different amounts of pearlite and grain boundaries, the concentration of hydrogen is not the same throughout the sample. Therefore, the concentration of hydrogen increases, after applying tensile stress, in the areas of the structure that contain pearlite and grain boundaries. The continuous increment of hydrogen concentration in these preferential locations leads to the creation of micro-cracks in the microstructure. Eventually, the growth and coalescence of these micro-cracks during the application of tensile stress cause earlier fracture of the pipeline steel [,].",
                        "The theory of the interaction of hydrogen and dislocations was first proposed by Morton and Vaughan in 1956. This damage mechanism is explained by the formation of Cottrell atmosphere around the dislocations. Based on this theory, the interaction of some hydrogen atoms with the dislocations in the crystal leads to the reduction of dislocations motion and as result creates microscopic work hardening [,]. This phenomenon lowers and even eliminates plastic deformability in steels. Among the different microstructures of the pipeline steels, the pearlitic microstructure is more prone to the hydrogen cracks compared to the ferritic one due to its higher hardness and more brittleness. Hydrogen atoms are agglomerated in the free spaces between the pearlite layers, ferrite grain boundaries, or in the free space between the inclusions and the matrix. Therefore, when hydrogen atoms are trapped in these locations and are transformed into atomic/molecule gas, they cause hydrogen cracking due to the exertion of very high pressure in those regions. This phenomenon is shown in Fig. 9 . In fact, it can be deduced from Fig. 9 that the hydrogen induced crack advances where a higher percentage of pearlite exists, or where a high percentage of grain boundaries exist in the microstructure. This is due to the fact that pearlite, as a hard phase, provides a higher possibility for the easier advancement of the hydrogen induced crack. Moreover, since the pearlite structure itself consists of two phases of ferrite and cementite, the free spaces between the layers of these two phases can act as the preferential locations for the entrapment of hydrogen atoms/molecules. Hence, for the increased sensitivity to HIC of the pipeline steel.",
                        "The pipeline steel carrying crude oil or natural gas is often used in acidic environments containing H2S. When the corrosion conditions are provided, particularly at the presence of moisture, such H2S containing environments cause severe corrosion on the surface of the steels [,]. During such corrosion reactions and the damages that the corrosive agents create on the surface of the pipeline steels, hydrogen atoms can move freely inside the electrolyte (environment). Ultimately, these hydrogen atoms can be agglomerated locally on the surface of the steel. Subsequently, over time, these hydrogen atoms can diffuse into the steel structure based on what is shown in Fig. 8. In fact, the reactions that occur for the pipeline steel in the H2S containing environments, which leads to hydrogen damage, as follows: H2S→ 2H+ + S2− Fe + 2H+→ Fe2+ + 2H Fe2+ +S2−→FeS H2S + Fe →FeS + 2H",
                        "On the other hand, the diffusion of hydrogen atoms into the crystal structure of the API X65 pipeline steel occurs in three steps. In the first stage, physical adsorption is happening. During this stage, van der Waals forces act on the interface and produce atomic absorption. In the second stage, chemical absorption is happening, where a chemical reaction occurs between the atoms on the surface of the pipeline steel and the absorber. In the third and final stage, the diffusion of the hydrogen atoms is happening. In this last stage, the products of the second stage diffuse into the crystal structure of the pipeline steel. The hydrogen atoms diffused into the crystal structure of the steel agglomerate in structural defects such as grain boundaries, inclusions, segregation locations of the alloying elements, dislocations, solidification cracks or micro-voids. They combine with each other in these locations and create hydrogen molecules gas or hydrogen damage. This process produces a substantial amount of pressure. When such pressure exceeds the yield strength of the API X65 pipeline steel, hydrogen crack starts to form in the crystal structure. As explained above, in the first stage the diffusion of hydrogen atoms into the crystal structure is occurring. Such atoms get agglomerated in the grain boundaries and the pearlite layers. In the next step, the hydrogen atoms are combined and create hydrogen molecules. Such a transformation coincides with increased pressure and the microstructure of the steel experiences stress level higher than its yield strength. Ultimately, the nucleation and growth of the hydrogen crack are due to the exerted pressure resulting from the changes of the hydrogen atoms to the hydrogen molecules.",
                        "Several hypotheses were proposed for the nucleation and growth of the HIC crack. However, a theory proposed by Zapffi and Tetelman [,], regarding the nucleation and growth of hydrogen crack in the HIC process, has gained widespread acceptance among the many theories in the field. This hypothesis is known as the internal pressure theory and is one of the most acceptable explanations concerning HIC. Based on this theory, hydrogen atoms agglomerate on structural defects such as MnS inclusions, oxide compounds inclusions, carbides, nitrides, and on phases such as pearlite (lamellae) in the dominant matrix phase of the alloys. Then, hydrogen cracks nucleate and growth when the hydrogen pressure, resulting from the transformation of hydrogen atoms to hydrogen molecules, increases. This process is schematically explained in Fig. 9. In this figure, the diffusion and absorption mechanism of hydrogen into the microstructure of the pipeline steel, together with the different preferential locations for the entrapment of hydrogen atoms are shown. As well, the process of increased hydrogen pressure in structural defects is depicted."
                    ],
                    "name": "Sensitivity to HIC",
                    "type": "ce_section"
                }
            ],
            "name": "Results and discussion",
            "type": "ce_section"
        },
        {
            "content": [
                {
                    "content": [
                        "Fig. 2 shows the microstructure of the API X65 steel formed at different heat treatment temperatures. Two phases with the black and white colors can be seen in this figure. The brighter phase is ferrite and the darker one is pearlite. Also, to calculate the percentage of the pearlite phase, the metallography images were analyzed by ImageJ software. The results of this analysis are shown in Fig. 2. The results of ImageJ software shows that the pearlite of the samples heat treated at 850 °C, 950 °C, 1050 °C and 1150 °C were 15.62 ± 0.75%, 12.22 ± 0.47%, 3.91 ± 0.21% and 2.18 ± 0.17%, respectively. Some islands of martensite/austenite can also be seen in the microstructure, which is typical of these microalloyed steels [,]. FE-SEM images (with high magnification) together with the EDS analysis was used to better recognize the phases. Fig. 3 shows the results of such analyses. The results indicate that the bright and dark regions are enriched with Fe, hence for the presence of stable phases of ferrite and pearlite in the API X65 pipeline steel. As can be seen in Fig. 2, the steel that is heat treated at 850 °C and 950 °C is fine grained. Such a grain refinement is expected to have a different effect on the corrosion behavior and sensitivity to HIC [].",
                        "Controlling the ferrite grain size, and as a result, strengthening the microalloyed steels is done using the addition of the microalloying elements together with the application of deformation below the no-recrystallization temperature []. The alloying elements added are usually titanium, vanadium, molybdenum, and niobium which are combined with carbon or nitrogen to form carbides/nitrides or carbonitrides. The Nb carbonitrides usually limit the austenite recrystallization and grain growth during the hot rolling of the microalloyed steels []. The resultant ferrite from the pancaked austenite transformation is very fine grained []. It is clearly seen in Fig. 2 that the amount of pearlite is reduced with increasing the heat treatment temperature. On the other hand, the stability of the ferrite phase and the ferrite grain size has increased. In a sense, with increasing the heat treatment temperature from 850 °C to 1150 °C, the highest amount of ferrite and the lowest amount of pearlite were attained. In fact, the results of this study are well-matched with the results of Godefroid et al. [], who identified the phases in the pipeline steels in the same way as this research."
                    ],
                    "name": "Microstructural evolution",
                    "type": "ce_section"
                },
                {
                    "content": [
                        "A voltage is created at the interface of the pipeline steel-electrolyte when the steel is immersed in an H2S containing electrolyte. This is due to the nature of the electrochemistry of the corrosion process in the pipeline steels. Therefore, it is important to measure such a potential, i.e. open circuit potential. OCP is a potential where electrochemical reactions reach an equilibrium state. It is the pipeline potential under the condition of applying no external current or potential. Enough time should be given to the electrochemical cell prior to the corrosion experiments to achieve this equilibrium in the electrochemical reactions. A stable condition without much fluctuation of the potential is acquired under this circumstance. In fact, such a stable condition is obtained after a few minutes in some cells and after a few hours in others [,]. Usually, the corrosion current density is predictable based on the OCP. For this reason, first of all, OCP of the pipeline steel in the electrolyte is designed to make sure of the steel surface stability in the desired environment. Other corrosion tests are conducted based on the OCP of the pipeline steel in the H2S environment. The variation of potential versus time was recorded for the API X65 pipeline steel immersed in the designed electrolyte. Depending on the chemical composition of the steel, microstructure and corrosion resistance of the steel, a certain time is needed for the oxide layer to form on the surface of the steel and to transform it an electrical double layer. Thus, the variation of the OCP of pipeline steel during the immersion time is highly dependent on the mentioned parameters. Even the time to reach a constant value during the OCP test can be predicated on the microstructural evolution and phase equilibrium of the pipeline steel, i.e. the metallurgical effect on corrosion resistant [,].",
                        "In Fig. 4 the variation of potential versus immersion time (OCP) is shown for the API X65 pipeline steel at different temperatures. Region one of the OCP curves starts at about the starting time of immersion up until 20 min after immersion. It is seen in this figure that, in such a condition, the voltage is rapidly decreasing linearly for all four heat treated samples. This phenomenon shows that no oxide film has started to form on the surface of the API X65 pipeline steel. With increasing the immersion time, the fluctuation of the potential decreases in a way that the lowest value of potential fluctuation for the OCP is observed after about 70 min of immersion. As can be also seen in the OCP curves, with decreasing the heat treatment temperature, the OCP shifted towards very negative values. This is indicative of the higher activity of the pipeline steel immersed in the H2Scontaining environment. In fact, this condition is suggestive of the effect of reducing the heat treatment temperature, and as a result increasing the amount of pearlite, on the excitation of the pipeline steel in terms of corrosion susceptibility in the H2S environment. In a sense, this phenomenon is distinguished in the OCP curves in changing the potential of the surface of the steel towards more negative values. The main reason is the very different electrochemical behavior of the pearlite and ferrite phases of the microstructure of the steel. Indeed, a micro galvanic peel is formed and corrosion reaction is intensified on the surface of the steel due to the higher reaction tendency of the pearlite, and lower reaction tendency of ferrite, inside the corrosion cell []."
                    ],
                    "name": "Open circuit potential (OCP)",
                    "type": "ce_section"
                },
                {
                    "content": [
                        "Fig. 5 shows the potentiodynamic polarization curves of the steel in H2S containing environment at different temperatures. As well, the electrochemical parameters extracted from these potentiodynamic polarization curves are provided in Table 3 . It is important to mention that the possibility of measuring very low rates of corrosion is remote for the pipeline steel in the Tafel extrapolation technique. Such corrosion rates can be deduced from the intersection of the linear portion of the Tafel curves [,]. Electrochemical parameters such as corrosion potential (Ecorr), corrosion current density (Icorr) and polarization resistance or resistance against corrosion (Rp) were calculated from the extrapolation of the Tafel curves (Fig. 5) for the API X65 pipeline steel. The results of the potentiodynamic polarization test show that with increasing the heat treatment temperature, the corrosion resistance increases and corrosion current density decreases. It is also seen in the curves of Fig. 6 that current density was reduced in both anodic and cathodic branches as the amount of pearlite phase reduced. This is indicative of the effect of microstructural changes and phase equilibrium on both the cathodic and anodic corrosion reaction of the steel in the H2S environment. There are two plausible reasons for this phenomenon:",
                        "The grain boundaries area increases with the reduction of ferrite grains at lower heat treatment temperatures. And since grain boundaries are high energy regions which increase the tendency for corrosion reactions, such an increase in the area increases the current density and corrosion rate as such.",
                        "Pearlite and ferrite phases show two different electrochemical behaviors. The number of micro-galvanic peel increases with increasing the amount of pearlite at lower heat treatment temperature. Therefore, as the amount of pearlite in the phase equilibrium increases, the susceptibility for the micro-galvanic localization corrosion increases.",
                        "Overall, the results reduced from the potentiodynamic polarization test are well matched with the results of the OCP test. It is obvious from both tests that the corrosion resistant of the steel was substantially reduced with increasing the amount of pearlite and the reduction of ferrite grain size; i.e. lower heat treatment temperature. In a sense, the corrosion potential of the pipeline steel moved towards very negative values under such a scenario."
                    ],
                    "name": "Potentiodynamic polarization",
                    "type": "ce_section"
                },
                {
                    "content": [
                        "The Nyquist curves together with the Bode and Bode-Phase curves resulting from the EIS test for the pipeline steel of this study is shown in Fig. 6. The EIS test was conducted to assess the reactions on the interface of steel/electrolyte, and also to evaluate the reactions on the surface of the steel in the H2S environment. The results of Fig. 6 show that all samples have a single impedance resistance ring and no sign of passive layer is observed on the surface of the steel. In fact, it is seen in the EIS test results that the diameter of the Nyquist plots was substantially increased with increasing the heat treatment temperature (increasing the diameter of the ferrite grains and reducing the amount of pearlite). This is indicative of the effect of ferrite grain boundaries, and reducing pearlite in the microstructure, on the corrosion response of the steel surface in the H2S environment. In fact, the Nyquist curves obtained from this study were in the form of a defected half circle. Such a half circle Nyquist curves of Fig. 7 a could be due to the surface irregularity. They could also be due to the control of the corrosion response by the charge transfer on the surface of the API X65 pipeline steel [,]. This is suggestive of the fact that the corrosion resistance of the steel increases with increasing the heat treatment temperature in a way that proper compatibility is observed between the OCP, potentiodynamic polarization, and Nyquist curves.",
                        "The results of EIS tests in the form of Bode and Bode-Phase curves are shown in Figs 6b and c, respectively. Commonly, the Bode curves should be linear with the slope of minus one for the pipeline steel, which provides acceptable protection properties. However, the slope of the Bode curve changes with the hydrogen atoms/molecules attack as well as the diffusion of the corrosive ions such as Cl−/oxygen into the surface layer of the pipeline steels. With such an attack, the corrosion starts at the interface of the H2Scontaining electrolyte and the pipeline. Therefore, the protective behavior of pipeline steel in an environment containing H2S can be assessed by the deviation of the slope of the Bode curves from the negative value, and by their comparison with the Nyquist plots [,].",
                        "In Fig. 6b the effect of heat treatment temperature on the Bode curves of the API X65 pipeline steel is shown. The following remarks can be made from the curves:",
                        "All the Bode curves for the heat treated API X65 pipeline steel at different temperatures contain a negative slope. The presence of only one negative slope in these curves is indicative of the fact that only on impedance ring or one constant phase element is formed in the impedance response of this pipeline steel [,]. In a sense, the Bode curves presented in Fig. 6b endorse the results of the Nyquist plots and the fact that no passive layer was formed on the surface of the API X65 steel.",
                        "It can be observed in the Bode curves that increasing the heat treatment temperature, which reduces pearlite and increases the stability of the ferrite, increases the impedance resistance of the pipeline steel. In fact, similar to the Nyquist curves, the Bode curves are suggesting that increasing the heat treatment temperature enhances the corrosion resistance of the steel in the H2S containing environment.",
                        "The Bode-Phase curves are depicted in Fig. 6c. It can be clearly seen in the Bode-Phase curves of the heat treated steel that only one peak exists. This confirms that only one constant phase element is present in the impedance result of the API X65 pipeline steel at each temperature. It is also seen in these curves that the highest peak corresponds for the sample that was heat treated at 1150 °C. In a sense, the higher the peak height of the Bode-Phase curve, the higher the corrosion resistance of the steel, and the better the protection properties created in the API X65 pipeline steel [,]. In fact, the highest peak is seen in the range of −70 °C to −90 °C for the sample heat treated at 1150 °C. Overall, the results of the EIS tests, in the form of Nyquist plots, Bode curves and Bode-Phase curves are compatible with one another. They are also well matched with the results of Bordbar et al. [], who reported that the corrosion resistance of an API X70 steel increases as the amount of ferrite increases in its microstructure."
                    ],
                    "name": "Electrochemical impedance spectroscopy (EIS)",
                    "type": "ce_section"
                },
                {
                    "content": [
                        "The amount of diffusible hydrogen atoms into the API X65 pipeline steel was assessed based on the modified JIS Z3113 method. Table 4 provides the results of such analysis. The tensile test was also performed on the charged samples after hydrogen charging of the cathode. The stress–strain curves result of this test is shown in Fig. 7. As well, the fracture surfaces of the tensile test specimens were analyzed by FE-SEM, the results of which are depicted in Fig. 8 . It can be observed from Table 4 that, with increasing the amount of pearlite and reducing ferrite packet size (through reducing the heat treatment temperature), the highest amount of diffused hydrogen followed in the sample heat treated at 850 °C. On the other hand, the amount of pearlite was reduced, and the ferrite grain size increased with increasing the heat treatment temperature. On the other hand, the amount of hydrogen atoms diffused into the pipeline steel was reduced as such. This phenomenon is due to the decreased amount of grain boundaries areas. Such areas are the preferential locations for the entrapment of the hydrogen atoms. Additionally, it is well known that pearlite itself consists of lamellar morphology of cementite and ferrite. The free spaces within this lamellar morphology (between layers) can be favorable locations for the diffusion and entrapment of the hydrogen atoms/molecules in the heat treated samples.",
                        "Moreover, it can be observed in Table 4 that hydrogen diffused in the steel is at almost the saturated level (about 4–5 ppm). This amount of hydrogen is relatively high for the pipeline steels. It can be deduced from this analysis that most of the dislocations are surrounded by hydrogen atoms and their movement within the crystal structure of the steel is very limited. This was due to the fact micro-cracks are formed in the crystal structure when the agglomeration of the hydrogen atoms/molecule is increased in the pipeline steel. In fact, the formation and the growth of the micro-crack were much faster than the dislocation pinning by the hydrogen atoms, hence for this to be the dominant mechanism.",
                        "Fig. 7 and Table 5 show the results of the tensile tests, together with the standard deviations, that were performed on the hydrogen charged and non-charged samples. These results clearly show that the sensitivity to HIC was significantly increased at the presence of hydrogen, increasing the trapped hydrogen and increasing the diffusion of hydrogen into the structure of the pipeline steel. In fact, the strength and elongation percentage were substantially reduced with increasing the trapped hydrogen and the hydrogen diffusion as well. In the hydrogen charged samples, the highest sensitivity to HIC was related to the sample heat treated at 850 °C. Under the hydrogen charged condition, this sample showed yield strength of ~325 MPa and percentage elongation of 0.0067%. This is while, under the non-charged condition, the yield strength of this sample was ~574 and its elongation percentage was 0.2059%. On the other hand, it is seen in the tensile test results that the lowest sensitivity to HIC in the charged samples is for the sample heat treated at 1150 °C. Under the hydrogen charged condition, this sample showed yield strength of ~407 MPa and elongation percentage of 0.0117%. This is while, under the non-charged condition, the yield strength of this sample was ~481 MPa and its percentage elongation was 0.3003%. The reason for this phenomenon is, as observed in the metallographic analysis, the increased ferrite grain size and the reduced pearlite percentage by increasing the heat treatment temperature from 850 °C to 1150 °C. Therefore, under the condition of non-charged hydrogen, the sample heat treated at 850 °C has the highest yield strength and the lowest elongation percentage due to its small ferrite grain size and high elongation percentage. In a sense, the grain boundaries act as a barrier for the movement of dislocations and lead to dislocation pile up, hence for the increased strength. And due to the presence of this low amount of grain boundaries and lower pearlite in the hydrogen charged sample heat treated at 1150 °C, this sample shows the highest yield strength. Overall, the yield strength and elongation percentage obtained in Table 5 are compatible with the amount of diffused hydrogen into the different samples of this study. In fact, the presence of hydrogen, increased hydrogen trapping and also increased hydrogen diffusion into the microstructure lead to the reduction of yield strength in the API X65 pipeline steel. Therefore, it can be concluded that the strength and plastic deformability of the sample was reduced by diffusing hydrogen into the API X65 pipeline steel. On the other hand, it can be said that a higher amount of hydrogen was entrapped in the steel microstructure with reducing the heat treatment temperature. In a sense, such hydrogen entrapment increased internal stress of the steel causing an earlier fracture.",
                        "The fracture surfaces of the tensile test specimens were analyzed by FE-SEM technique to characterize hydrogen cracking and to define the fracture mode. Fig. 8 shows the results of this analysis. It is visibly seen in the fracture surfaces of different samples that all hydrogen charged samples were broken by a completely brittle fracture mode. This fracture morphology was predicted from the very small plastic strain observed in the stress–strain curves of the samples in Fig. 7. Commonly, a soft fracture with dimple characteristic is envisaged if the steel is ferritic and free of hydrogen as well. However, since the hydrogen atoms/molecules that cause HIC phenomenon have diffused into the APIX65 pipeline steel structure, the condition was suitable for the nucleation and growth of the hydrogen crack during the tensile stress. It is important to note that, due to the presence of different amounts of pearlite and grain boundaries, the concentration of hydrogen is not the same throughout the sample. Therefore, the concentration of hydrogen increases, after applying tensile stress, in the areas of the structure that contain pearlite and grain boundaries. The continuous increment of hydrogen concentration in these preferential locations leads to the creation of micro-cracks in the microstructure. Eventually, the growth and coalescence of these micro-cracks during the application of tensile stress cause earlier fracture of the pipeline steel [,].",
                        "The theory of the interaction of hydrogen and dislocations was first proposed by Morton and Vaughan in 1956. This damage mechanism is explained by the formation of Cottrell atmosphere around the dislocations. Based on this theory, the interaction of some hydrogen atoms with the dislocations in the crystal leads to the reduction of dislocations motion and as result creates microscopic work hardening [,]. This phenomenon lowers and even eliminates plastic deformability in steels. Among the different microstructures of the pipeline steels, the pearlitic microstructure is more prone to the hydrogen cracks compared to the ferritic one due to its higher hardness and more brittleness. Hydrogen atoms are agglomerated in the free spaces between the pearlite layers, ferrite grain boundaries, or in the free space between the inclusions and the matrix. Therefore, when hydrogen atoms are trapped in these locations and are transformed into atomic/molecule gas, they cause hydrogen cracking due to the exertion of very high pressure in those regions. This phenomenon is shown in Fig. 9 . In fact, it can be deduced from Fig. 9 that the hydrogen induced crack advances where a higher percentage of pearlite exists, or where a high percentage of grain boundaries exist in the microstructure. This is due to the fact that pearlite, as a hard phase, provides a higher possibility for the easier advancement of the hydrogen induced crack. Moreover, since the pearlite structure itself consists of two phases of ferrite and cementite, the free spaces between the layers of these two phases can act as the preferential locations for the entrapment of hydrogen atoms/molecules. Hence, for the increased sensitivity to HIC of the pipeline steel.",
                        "The pipeline steel carrying crude oil or natural gas is often used in acidic environments containing H2S. When the corrosion conditions are provided, particularly at the presence of moisture, such H2S containing environments cause severe corrosion on the surface of the steels [,]. During such corrosion reactions and the damages that the corrosive agents create on the surface of the pipeline steels, hydrogen atoms can move freely inside the electrolyte (environment). Ultimately, these hydrogen atoms can be agglomerated locally on the surface of the steel. Subsequently, over time, these hydrogen atoms can diffuse into the steel structure based on what is shown in Fig. 8. In fact, the reactions that occur for the pipeline steel in the H2S containing environments, which leads to hydrogen damage, as follows: H2S→ 2H+ + S2− Fe + 2H+→ Fe2+ + 2H Fe2+ +S2−→FeS H2S + Fe →FeS + 2H",
                        "On the other hand, the diffusion of hydrogen atoms into the crystal structure of the API X65 pipeline steel occurs in three steps. In the first stage, physical adsorption is happening. During this stage, van der Waals forces act on the interface and produce atomic absorption. In the second stage, chemical absorption is happening, where a chemical reaction occurs between the atoms on the surface of the pipeline steel and the absorber. In the third and final stage, the diffusion of the hydrogen atoms is happening. In this last stage, the products of the second stage diffuse into the crystal structure of the pipeline steel. The hydrogen atoms diffused into the crystal structure of the steel agglomerate in structural defects such as grain boundaries, inclusions, segregation locations of the alloying elements, dislocations, solidification cracks or micro-voids. They combine with each other in these locations and create hydrogen molecules gas or hydrogen damage. This process produces a substantial amount of pressure. When such pressure exceeds the yield strength of the API X65 pipeline steel, hydrogen crack starts to form in the crystal structure. As explained above, in the first stage the diffusion of hydrogen atoms into the crystal structure is occurring. Such atoms get agglomerated in the grain boundaries and the pearlite layers. In the next step, the hydrogen atoms are combined and create hydrogen molecules. Such a transformation coincides with increased pressure and the microstructure of the steel experiences stress level higher than its yield strength. Ultimately, the nucleation and growth of the hydrogen crack are due to the exerted pressure resulting from the changes of the hydrogen atoms to the hydrogen molecules.",
                        "Several hypotheses were proposed for the nucleation and growth of the HIC crack. However, a theory proposed by Zapffi and Tetelman [,], regarding the nucleation and growth of hydrogen crack in the HIC process, has gained widespread acceptance among the many theories in the field. This hypothesis is known as the internal pressure theory and is one of the most acceptable explanations concerning HIC. Based on this theory, hydrogen atoms agglomerate on structural defects such as MnS inclusions, oxide compounds inclusions, carbides, nitrides, and on phases such as pearlite (lamellae) in the dominant matrix phase of the alloys. Then, hydrogen cracks nucleate and growth when the hydrogen pressure, resulting from the transformation of hydrogen atoms to hydrogen molecules, increases. This process is schematically explained in Fig. 9. In this figure, the diffusion and absorption mechanism of hydrogen into the microstructure of the pipeline steel, together with the different preferential locations for the entrapment of hydrogen atoms are shown. As well, the process of increased hydrogen pressure in structural defects is depicted."
                    ],
                    "name": "Sensitivity to HIC",
                    "type": "ce_section"
                }
            ],
            "name": "Results and discussion",
            "type": "ce_section"
        }
    ],
    "Title": "Sensitivity to hydrogen induced cracking, and corrosion performance of an API X65 pipeline steel in H2S containing environment: influence of heat treatment and its subsequent microstructural changes",
    "abstract": "In this investigation, the effect of microstructural changes and phase equilibria on corrosion behavior and hydrogen induced cracking (HIC) sensitivity of an API X65 pipeline steel was studied. For this purpose, heat treatment was performed at 850 degrees C, 950 degrees C, 1050 degrees C and 1150 degrees C to engineer the desired microstructure of this pipeline steel. Then, the microstructural evolution was performed by optical microscopy, and Field Emission Scanning Electron Mi-croscopy (FE-SEM) equipped with Energy Dispersive X-Ray Spectroscopy (EDS). Corrosion properties were evaluated in H2S environment by open circuit potential (OCP), Potentiody-namic polarization and Electrochemical Impedance Spectroscopy (EIS). As well, HIC sensi-tivity of the API X65 pipeline steel was assessed by hydrogen charging of the cathode and immediately conducting the tensile test. Microscopy analyses showed that the microstruc-ture of the steel is ferritic-pearlitic together with the islands of martensite/austenite con-stituents. Increasing the heat treatment temperature reduced the amount of pearlite and increased ferrite grain size. It also stabilized the ferrite content. Corrosion results indicated that no active layer was formed on the surface of this pipeline steel. Also, increasing the heat treatment temperature increased the corrosion resistance and reduced sensitivity to micro-galvanic localized corrosion. As well, results suggested that the sensitivity to HIC in the API X65 pipeline was substantially increased with increasing the amount of pearlite and reducing the amount of ferrite; i.e. at lower heat treatment temperature. (c) 2021 The Authors. Published by Elsevier B.V. This is an open access article under the CC BY-NC-ND license (http://creativecommons.org/licenses/by-nc-nd/4.0/)."
}